id_tipologia,regiao,tipologia_pndr,pib_2021_mil,pib_pc_2021,pop_2021,pop_2022,massa_total,massa_obj4,massa_com_agr,massa_com_min,massa_com,razao_dependencia_com,q_pib_2021,q_pib_pc_2021,q_pop_2021,jenks_pib_2021,jenks_pib_pc_2021,jenks_pop_2021,cruz_q_pib_pop,cruz_q_pibpc_pop,cruz_j_pib_pop,cruz_j_pibpc_pop,flag_dep_q_pib_pop,flag_dep_q_pibpc_pop,flag_dep_j_pib_pop,flag_dep_j_pibpc_pop
,,,0,,0,0,48190178.96970081,2720914.255615234,25068856.66670704,0,25068856.66670704,9.21339458418128,1,,1,4,,4,QPIB1_QPOP1,,JPIB4_JPOP4,,Acima ou igual à média simples do grupo,,Acima ou igual à média simples do grupo,
430007,4,Alta Renda,790978,30363.83877159309,26050,24448,447338580.0470552,235042278.3111022,11827070.58233643,60.68000030517578,11827131.26233673,.0503191653319593,1,3,1,1,1,1,QPIB1_QPOP1,QPIBPC3_QPOP1,JPIB1_JPOP1,JPIBPC1_JPOP1,Abaixo da média simples do grupo,Abaixo da média simples do grupo,Abaixo da média simples do grupo,Abaixo da média simples do grupo
420001,4,Alta Renda,2076411,45424.75552930367,45711,52226,1078332792.975682,284026167.7232432,569769.3983459473,30528886.6526828,31098656.05102875,.1094922214397212,2,4,2,1,1,1,QPIB2_QPOP2,QPIBPC4_QPOP2,JPIB1_JPOP1,JPIBPC1_JPOP1,Abaixo da média simples do grupo,Abaixo da média simples do grupo,Abaixo da média simples do grupo,Abaixo da média simples do grupo
150019,1,Baixa Renda e Baixo Dinamismo,1012160,13230.84967320261,76500,74739,275040912.6696026,31000018.36480713,9216079.972991943,61474.44921875,9277554.422210693,.2992757718086731,2,1,2,1,1,1,QPIB2_QPOP2,QPIBPC1_QPOP2,JPIB1_JPOP1,JPIBPC1_JPOP1,Abaixo da média simples do grupo,Acima ou igual à média simples do grupo,Abaixo da média simples do grupo,Abaixo da média simples do grupo
420022,4,Alta Renda,8181629,40825.47341633193,200405,200988,6454581468.315443,3563655098.724889,24930072.45896721,12012457.13918304,36942529.59815025,.010366471663144,4,4,3,1,1,1,QPIB4_QPOP3,QPIBPC4_QPOP3,JPIB1_JPOP1,JPIBPC1_JPOP1,Abaixo da média simples do grupo,Abaixo da média simples do grupo,Abaixo da média simples do grupo,Abaixo da média simples do grupo
2211001,2,Média Renda e Médio Dinamismo,20567753,23610.53739642715,871126,861509,15565610962.28719,5121696816.519103,4293030.26676178,8894526.053497314,13187556.32025909,.0025748412670045,4,2,4,1,1,1,QPIB4_QPOP4,QPIBPC2_QPOP4,JPIB1_JPOP1,JPIBPC1_JPOP1,Abaixo da média simples do grupo,Abaixo da média simples do grupo,Abaixo da média simples do grupo,Abaixo da média simples do grupo
3118601,3,Alta Renda,29629378,43970.35240832887,673849,618967,21013713752.1516,7065992140.113731,1035317.916259766,85198645.46523666,86233963.38149643,.0122040842491099,4,4,4,1,1,1,QPIB4_QPOP4,QPIBPC4_QPOP4,JPIB1_JPOP1,JPIBPC1_JPOP1,Abaixo da média simples do grupo,Abaixo da média simples do grupo,Abaixo da média simples do grupo,Abaixo da média simples do grupo
2919207,2,Alta Renda,6062376,29620.39194992891,204669,202495,8455982902.823136,2105774072.470336,380759.7604980469,58546609.36849975,58927369.1289978,.0279837091259599,3,3,3,1,1,1,QPIB3_QPOP3,QPIBPC3_QPOP3,JPIB1_JPOP1,JPIBPC1_JPOP1,Abaixo da média simples do grupo,Abaixo da média simples do grupo,Abaixo da média simples do grupo,Abaixo da média simples do grupo
1713205,1,Média Renda e Médio Dinamismo,615160,34896.75516224189,17628,18412,160988173.2237413,30750479.77019501,31414359.31432892,187743.9485778809,31602103.2629068,1.027694640834099,1,3,1,1,1,1,QPIB1_QPOP1,QPIBPC3_QPOP1,JPIB1_JPOP1,JPIBPC1_JPOP1,Abaixo da média simples do grupo,Acima ou igual à média simples do grupo,Acima ou igual à média simples do grupo,Acima ou igual à média simples do grupo
2929503,2,Média Renda e Baixo Dinamismo,733726,16468.24078646137,44554,40899,539961806.4412982,117206707.2714167,8446157.727722168,270039615.8066807,278485773.5344028,2.376022499203145,1,2,2,1,1,1,QPIB1_QPOP2,QPIBPC2_QPOP2,JPIB1_JPOP1,JPIBPC1_JPOP1,Acima ou igual à média simples do grupo,Acima ou igual à média simples do grupo,Acima ou igual à média simples do grupo,Acima ou igual à média simples do grupo
290033,2,Baixa Renda e Baixo Dinamismo,2087335,10905.61650992685,191400,179640,794093345.8915814,206163950.8186569,2114071.770263672,146465072.5181427,148579144.2884064,.7206844052920655,2,1,3,1,1,1,QPIB2_QPOP3,QPIBPC1_QPOP3,JPIB1_JPOP1,JPIBPC1_JPOP1,Acima ou igual à média simples do grupo,Acima ou igual à média simples do grupo,Acima ou igual à média simples do grupo,Abaixo da média simples do grupo
230007,2,Média Renda e Alto Dinamismo,6572968,16527.61908593498,397696,377186,2596675095.812801,1541105631.78302,7651393.644821167,1955843.87940979,9607237.524230957,.0062339902769128,3,2,4,1,1,1,QPIB3_QPOP4,QPIBPC2_QPOP4,JPIB1_JPOP1,JPIBPC1_JPOP1,Abaixo da média simples do grupo,Abaixo da média simples do grupo,Abaixo da média simples do grupo,Abaixo da média simples do grupo
350040,3,Alta Renda,34170196,55345.49188691897,617398,610059,22438417373.25197,9696181281.49045,210232423.1634752,28249029.16469574,238481452.3281709,.024595399508817,4,4,4,1,1,1,QPIB4_QPOP4,QPIBPC4_QPOP4,JPIB1_JPOP1,JPIBPC1_JPOP1,Abaixo da média simples do grupo,Abaixo da média simples do grupo,Abaixo da média simples do grupo,Abaixo da média simples do grupo
350017,3,Média Renda e Alto Dinamismo,1592540,28060.40102900236,56754,56167,816001846.9839749,367265212.5045035,38883220.37847137,5880864.362854004,44764084.74132538,.1218849028364658,2,3,2,1,1,1,QPIB2_QPOP2,QPIBPC3_QPOP2,JPIB1_JPOP1,JPIBPC1_JPOP1,Abaixo da média simples do grupo,Abaixo da média simples do grupo,Abaixo da média simples do grupo,Abaixo da média simples do grupo
1100809,1,Média Renda e Médio Dinamismo,618520,22036.48282741912,28068,22294,136809377.0571062,30031099.39883255,27464262.7016983,3423365.469451904,30887628.1711502,1.02852139247193,1,2,1,1,1,1,QPIB1_QPOP1,QPIBPC2_QPOP1,JPIB1_JPOP1,JPIBPC1_JPOP1,Abaixo da média simples do grupo,Abaixo da média simples do grupo,Acima ou igual à média simples do grupo,Acima ou igual à média simples do grupo
230008,2,Média Renda e Alto Dinamismo,2807711,18206.47148461563,154215,152755,1006896033.890808,611206348.5732427,37441.8603515625,12464473.62182617,12501915.48217773,.0204544921880496,3,2,3,1,1,1,QPIB3_QPOP3,QPIBPC2_QPOP3,JPIB1_JPOP1,JPIBPC1_JPOP1,Abaixo da média simples do grupo,Abaixo da média simples do grupo,Abaixo da média simples do grupo,Abaixo da média simples do grupo
2303501,2,Média Renda e Médio Dinamismo,983022,13520.50724837015,72706,72689,417374522.5130669,229437057.2266693,0,74392.1396484375,74392.1396484375,.0003242376822108,2,1,2,1,1,1,QPIB2_QPOP2,QPIBPC1_QPOP2,JPIB1_JPOP1,JPIBPC1_JPOP1,Abaixo da média simples do grupo,Abaixo da média simples do grupo,Abaixo da média simples do grupo,Abaixo da média simples do grupo
2925204,2,Média Renda e Baixo Dinamismo,1676680,41500.95294670924,40401,32109,853022587.5619241,122539693.0992794,2076608.836288452,77431891.04343629,79508499.87972474,.6488387384429666,2,4,1,1,1,1,QPIB2_QPOP1,QPIBPC4_QPOP1,JPIB1_JPOP1,JPIBPC1_JPOP1,Acima ou igual à média simples do grupo,Abaixo da média simples do grupo,Abaixo da média simples do grupo,Abaixo da média simples do grupo
290008,2,Média Renda e Baixo Dinamismo,8790652,19186.5673433486,458167,429117,4340146583.528913,1149145453.717267,499701366.0405598,23990095.32086181,523691461.3614216,.4557225194316171,4,2,4,1,1,1,QPIB4_QPOP4,QPIBPC2_QPOP4,JPIB1_JPOP1,JPIBPC1_JPOP1,Acima ou igual à média simples do grupo,Acima ou igual à média simples do grupo,Abaixo da média simples do grupo,Abaixo da média simples do grupo
220009,2,Média Renda e Médio Dinamismo,4011408,13509.15336431602,296940,285293,1048759548.657849,320479067.5012708,129867.5581054688,3120600.79260254,3250468.350708008,.0101425293578499,3,1,4,1,1,1,QPIB3_QPOP4,QPIBPC1_QPOP4,JPIB1_JPOP1,JPIBPC1_JPOP1,Abaixo da média simples do grupo,Abaixo da média simples do grupo,Abaixo da média simples do grupo,Abaixo da média simples do grupo
350045,3,Alta Renda,10418544,37873.6327052896,275087,260834,7223530621.692542,3444186090.615534,88778880.98165131,20120299.21401978,108899180.1956711,.0316182625823824,4,3,4,1,1,1,QPIB4_QPOP4,QPIBPC3_QPOP4,JPIB1_JPOP1,JPIBPC1_JPOP1,Abaixo da média simples do grupo,Abaixo da média simples do grupo,Abaixo da média simples do grupo,Abaixo da média simples do grupo
3104502,3,Média Renda e Médio Dinamismo,301123,16869.63585434174,17850,17162,189310958.9820474,32684868.76168761,28807770.64429855,0,28807770.64429855,.8813794191539268,1,2,1,1,1,1,QPIB1_QPOP1,QPIBPC2_QPOP1,JPIB1_JPOP1,JPIBPC1_JPOP1,Abaixo da média simples do grupo,Abaixo da média simples do grupo,Acima ou igual à média simples do grupo,Acima ou igual à média simples do grupo
430004,4,Média Renda e Baixo Dinamismo,851158,25297.44991975272,33646,28596,665542299.1781771,532771916.5866003,1507721.354959717,20926.75,1528648.104959717,.0028692355159288,1,3,1,1,1,1,QPIB1_QPOP1,QPIBPC3_QPOP1,JPIB1_JPOP1,JPIBPC1_JPOP1,Abaixo da média simples do grupo,Abaixo da média simples do grupo,Abaixo da média simples do grupo,Abaixo da média simples do grupo
510012,5,Média Renda e Alto Dinamismo,3865853,71530.26181885466,54045,53228,1258212354.586531,130925687.4658995,586200523.5962729,2025955.72479248,588226479.3210654,4.492827119768023,3,4,2,1,1,1,QPIB3_QPOP2,QPIBPC4_QPOP2,JPIB1_JPOP1,JPIBPC1_JPOP1,Acima ou igual à média simples do grupo,Acima ou igual à média simples do grupo,Acima ou igual à média simples do grupo,Acima ou igual à média simples do grupo
350035,3,Média Renda e Médio Dinamismo,4679574,36800.67631330607,127160,111344,1835803099.315112,674526971.6858988,82172767.88392808,24174429.06130981,106347196.9452379,.1576618896045564,3,3,3,1,1,1,QPIB3_QPOP3,QPIBPC3_QPOP3,JPIB1_JPOP1,JPIBPC1_JPOP1,Abaixo da média simples do grupo,Abaixo da média simples do grupo,Abaixo da média simples do grupo,Abaixo da média simples do grupo
430013,4,Alta Renda,3635264,37036.70799669903,98153,93263,1410108108.970793,631674835.6370739,64611962.57554466,3378543.393356323,67990505.96890098,.1076352929277756,3,3,2,1,1,1,QPIB3_QPOP2,QPIBPC3_QPOP2,JPIB1_JPOP1,JPIBPC1_JPOP1,Abaixo da média simples do grupo,Abaixo da média simples do grupo,Abaixo da média simples do grupo,Abaixo da média simples do grupo
2402600,2,Baixa Renda e Médio Dinamismo,904769,12182.48774707815,74268,77893,278942302.2839251,77324216.34388828,6202322.5809021,3900612.931137085,10102935.51203918,.1306568108897197,1,1,2,1,1,1,QPIB1_QPOP2,QPIBPC1_QPOP2,JPIB1_JPOP1,JPIBPC1_JPOP1,Abaixo da média simples do grupo,Abaixo da média simples do grupo,Abaixo da média simples do grupo,Abaixo da média simples do grupo
280006,2,Baixa Renda e Médio Dinamismo,4941633,28063.26914230872,176089,169248,543176202.183593,222043157.3440116,13797775.98397827,76850.8603515625,13874626.84432983,.0624861716537108,3,3,3,1,1,1,QPIB3_QPOP3,QPIBPC3_QPOP3,JPIB1_JPOP1,JPIBPC1_JPOP1,Abaixo da média simples do grupo,Abaixo da média simples do grupo,Abaixo da média simples do grupo,Abaixo da média simples do grupo
310045,3,Média Renda e Baixo Dinamismo,3789882,28077.15159911395,134981,125228,1890325725.396704,888302704.345144,34740434.25040817,44591430.80394195,79331865.05435012,.0893072425270094,3,3,3,1,1,1,QPIB3_QPOP3,QPIBPC3_QPOP3,JPIB1_JPOP1,JPIBPC1_JPOP1,Abaixo da média simples do grupo,Abaixo da média simples do grupo,Abaixo da média simples do grupo,Abaixo da média simples do grupo
290030,2,Baixa Renda e Médio Dinamismo,4341178,13335.64135015912,325532,310397,1593365220.886185,357900228.6983725,5133002.332214356,335941007.1511917,341074009.4834061,.9529862853785795,3,1,4,1,1,1,QPIB3_QPOP4,QPIBPC1_QPOP4,JPIB1_JPOP1,JPIBPC1_JPOP1,Acima ou igual à média simples do grupo,Acima ou igual à média simples do grupo,Acima ou igual à média simples do grupo,Acima ou igual à média simples do grupo
1600600,1,Média Renda e Baixo Dinamismo,2307553,18488.82283186975,124808,107172,672220730.8565255,122432335.4718451,884399.2595825195,4161221.532135009,5045620.791717529,.0412115048877577,2,2,2,1,1,1,QPIB2_QPOP2,QPIBPC2_QPOP2,JPIB1_JPOP1,JPIBPC1_JPOP1,Abaixo da média simples do grupo,Abaixo da média simples do grupo,Abaixo da média simples do grupo,Abaixo da média simples do grupo
510004,5,Média Renda e Médio Dinamismo,2554610,22170.62269472771,115225,107037,1224807647.60702,284072001.1375853,299764179.0916669,2394587.935913086,302158767.02758,1.063669653529968,2,2,2,1,1,1,QPIB2_QPOP2,QPIBPC2_QPOP2,JPIB1_JPOP1,JPIBPC1_JPOP1,Acima ou igual à média simples do grupo,Acima ou igual à média simples do grupo,Acima ou igual à média simples do grupo,Acima ou igual à média simples do grupo
1720655,1,Média Renda e Alto Dinamismo,226551,41553.7417461482,5452,5108,37111601.08279037,3117540.341506958,10128475.44355392,0,10128475.44355392,3.248867483350037,1,4,1,1,1,1,QPIB1_QPOP1,QPIBPC4_QPOP1,JPIB1_JPOP1,JPIBPC1_JPOP1,Acima ou igual à média simples do grupo,Acima ou igual à média simples do grupo,Acima ou igual à média simples do grupo,Acima ou igual à média simples do grupo
3124104,3,Média Renda e Médio Dinamismo,897776,12381.06796116505,72512,85409,461931494.6015682,119006886.5431483,12218890.52705384,16203382.96045731,28422273.48751114,.2388288132990194,1,1,2,1,1,1,QPIB1_QPOP2,QPIBPC1_QPOP2,JPIB1_JPOP1,JPIBPC1_JPOP1,Abaixo da média simples do grupo,Acima ou igual à média simples do grupo,Abaixo da média simples do grupo,Abaixo da média simples do grupo
2905701,2,Média Renda e Baixo Dinamismo,25988748,84049.40363768078,309208,299797,9581750302.823828,5596562724.379349,1879894.260528564,35437694.73275757,37317588.99328613,.006667947958615,4,4,4,1,1,1,QPIB4_QPOP4,QPIBPC4_QPOP4,JPIB1_JPOP1,JPIBPC1_JPOP1,Abaixo da média simples do grupo,Abaixo da média simples do grupo,Abaixo da média simples do grupo,Abaixo da média simples do grupo
2500601,2,Baixa Renda e Alto Dinamismo,2586880,130223.0052856783,19865,21618,293716103.6278019,106840978.3193607,11156667.24960327,29170.34973144531,11185837.59933472,.1046961360265617,2,4,1,1,1,1,QPIB2_QPOP1,QPIBPC4_QPOP1,JPIB1_JPOP1,JPIBPC1_JPOP1,Abaixo da média simples do grupo,Abaixo da média simples do grupo,Abaixo da média simples do grupo,Abaixo da média simples do grupo
430036,4,Alta Renda,41304004,49086.35032610143,841456,778407,31833183892.20153,16186853268.65443,95313077.78145409,46408086.9591217,141721164.7405758,.0087553252252565,4,4,4,1,1,1,QPIB4_QPOP4,QPIBPC4_QPOP4,JPIB1_JPOP1,JPIBPC1_JPOP1,Abaixo da média simples do grupo,Abaixo da média simples do grupo,Abaixo da média simples do grupo,Abaixo da média simples do grupo
260016,2,Baixa Renda e Médio Dinamismo,3574685,10578.74535381993,337912,319248,974173389.1448421,402749820.1989416,21399.19024658203,6424872.820503235,6446272.010749817,.016005648388783,3,1,4,1,1,1,QPIB3_QPOP4,QPIBPC1_QPOP4,JPIB1_JPOP1,JPIBPC1_JPOP1,Abaixo da média simples do grupo,Abaixo da média simples do grupo,Abaixo da média simples do grupo,Abaixo da média simples do grupo
1301902,1,Baixa Renda e Médio Dinamismo,2150473,20668.48317090518,104046,103130,490633008.7370701,83126903.17115402,3180552.788482666,0,3180552.788482666,.0382614131785238,2,2,2,1,1,1,QPIB2_QPOP2,QPIBPC2_QPOP2,JPIB1_JPOP1,JPIBPC1_JPOP1,Abaixo da média simples do grupo,Abaixo da média simples do grupo,Abaixo da média simples do grupo,Abaixo da média simples do grupo
430012,4,Média Renda e Médio Dinamismo,4936562,41843.42710867373,117977,110971,1407859090.199641,512053836.8733641,156255337.1235275,4222458.374542236,160477795.4980698,.3134002402519981,3,4,2,1,1,1,QPIB3_QPOP2,QPIBPC4_QPOP2,JPIB1_JPOP1,JPIBPC1_JPOP1,Abaixo da média simples do grupo,Abaixo da média simples do grupo,Abaixo da média simples do grupo,Abaixo da média simples do grupo
330007,3,Alta Renda,6231829,28247.53076626703,220615,198518,3366945588.311943,1668178223.536369,6317339.244323731,4987719.990463257,11305059.23478699,.0067768893486821,3,3,3,1,1,1,QPIB3_QPOP3,QPIBPC3_QPOP3,JPIB1_JPOP1,JPIBPC1_JPOP1,Abaixo da média simples do grupo,Abaixo da média simples do grupo,Abaixo da média simples do grupo,Abaixo da média simples do grupo
320004,3,Média Renda e Baixo Dinamismo,13372874,36653.27478840503,364848,330858,8530530461.286216,3976304908.71762,183720582.3233716,146957657.6765041,330678239.9998758,.0831621939441564,4,3,4,1,1,1,QPIB4_QPOP4,QPIBPC3_QPOP4,JPIB1_JPOP1,JPIBPC1_JPOP1,Abaixo da média simples do grupo,Abaixo da média simples do grupo,Abaixo da média simples do grupo,Abaixo da média simples do grupo
110006,1,Média Renda e Médio Dinamismo,5824083,35991.34217860696,161819,151080,3087352136.768785,720389830.0321825,329685037.5527444,4604265.697845459,334289303.2505898,.4640394537991409,3,3,3,1,1,1,QPIB3_QPOP3,QPIBPC3_QPOP3,JPIB1_JPOP1,JPIBPC1_JPOP1,Abaixo da média simples do grupo,Abaixo da média simples do grupo,Abaixo da média simples do grupo,Abaixo da média simples do grupo
2707701,2,Baixa Renda e Médio Dinamismo,1203783,15910.00766567101,75662,93904,912697990.3528495,114064431.3681259,18944579.3009262,17160814.08911896,36105393.39004517,.3165350754567864,2,2,2,1,1,1,QPIB2_QPOP2,QPIBPC2_QPOP2,JPIB1_JPOP1,JPIBPC1_JPOP1,Abaixo da média simples do grupo,Acima ou igual à média simples do grupo,Abaixo da média simples do grupo,Abaixo da média simples do grupo
120004,1,Baixa Renda e Baixo Dinamismo,2791685,17297.3282773833,161394,153006,624773142.9585949,160793838.6356697,4264872.905593873,628051.5427246094,4892924.448318481,.0304298006057619,3,2,3,1,1,1,QPIB3_QPOP3,QPIBPC2_QPOP3,JPIB1_JPOP1,JPIBPC1_JPOP1,Abaixo da média simples do grupo,Abaixo da média simples do grupo,Abaixo da média simples do grupo,Abaixo da média simples do grupo
130010,1,Baixa Renda e Médio Dinamismo,2615254,10165.52453287829,257267,231745,318492761.7728176,64330001.92494965,232741.2314453125,0,232741.2314453125,.0036179266979789,2,1,4,1,1,1,QPIB2_QPOP4,QPIBPC1_QPOP4,JPIB1_JPOP1,JPIBPC1_JPOP1,Abaixo da média simples do grupo,Abaixo da média simples do grupo,Abaixo da média simples do grupo,Abaixo da média simples do grupo
230012,2,Baixa Renda e Médio Dinamismo,2252940,11669.99906761839,193054,185722,755018298.767415,343044555.7661617,3593292.772705079,1176991.093688965,4770283.866394044,.0139057267815838,2,1,3,1,1,1,QPIB2_QPOP3,QPIBPC1_QPOP3,JPIB1_JPOP1,JPIBPC1_JPOP1,Abaixo da média simples do grupo,Abaixo da média simples do grupo,Abaixo da média simples do grupo,Abaixo da média simples do grupo
520018,5,Média Renda e Alto Dinamismo,4456334,27071.90892467697,164611,165149,2500084997.090413,520228255.1221786,411095150.5039823,316679891.3222351,727775041.8262174,1.398953314550928,3,3,3,1,1,1,QPIB3_QPOP3,QPIBPC3_QPOP3,JPIB1_JPOP1,JPIBPC1_JPOP1,Acima ou igual à média simples do grupo,Acima ou igual à média simples do grupo,Acima ou igual à média simples do grupo,Acima ou igual à média simples do grupo
350031,3,Alta Renda,63839481,41606.6942743405,1534356,1433341,48822646841.47791,18423970896.53812,834160912.73513,81502723.09573936,915663635.8308693,.0496995811040346,4,4,4,1,1,1,QPIB4_QPOP4,QPIBPC4_QPOP4,JPIB1_JPOP1,JPIBPC1_JPOP1,Abaixo da média simples do grupo,Abaixo da média simples do grupo,Abaixo da média simples do grupo,Abaixo da média simples do grupo
310004,3,Média Renda e Médio Dinamismo,6107048,32610.05473234548,187275,178160,2548824789.008871,747617830.0655279,282096072.2980184,23786401.00907135,305882473.3070897,.4091428280680244,3,3,3,1,1,1,QPIB3_QPOP3,QPIBPC3_QPOP3,JPIB1_JPOP1,JPIBPC1_JPOP1,Abaixo da média simples do grupo,Abaixo da média simples do grupo,Abaixo da média simples do grupo,Abaixo da média simples do grupo
2602902,2,Média Renda e Médio Dinamismo,10188899,48335.35266323839,210796,202961,3788841544.493104,1441249838.204244,28079319.32044924,521970.7142333984,28601290.03468264,.0198447828242736,4,4,3,1,1,1,QPIB4_QPOP3,QPIBPC4_QPOP3,JPIB1_JPOP1,JPIBPC1_JPOP1,Abaixo da média simples do grupo,Abaixo da média simples do grupo,Abaixo da média simples do grupo,Abaixo da média simples do grupo
430008,4,Alta Renda,2066936,28684.73569535229,72057,74941,1130982324.962739,378170523.793128,756880.4527359009,3306425.288673401,4063305.741409302,.0107446389545476,2,3,2,1,1,1,QPIB2_QPOP2,QPIBPC3_QPOP2,JPIB1_JPOP1,JPIBPC1_JPOP1,Abaixo da média simples do grupo,Abaixo da média simples do grupo,Abaixo da média simples do grupo,Abaixo da média simples do grupo
430043,4,Alta Renda,2716585,43408.40816848295,62582,60049,1456810860.030953,859320256.3260725,2249935.91501224,2428706.790374756,4678642.705386996,.0054445856139712,2,4,2,1,1,1,QPIB2_QPOP2,QPIBPC4_QPOP2,JPIB1_JPOP1,JPIBPC1_JPOP1,Abaixo da média simples do grupo,Abaixo da média simples do grupo,Abaixo da média simples do grupo,Abaixo da média simples do grupo
290012,2,Média Renda e Médio Dinamismo,5115332,14864.36097566646,344134,344289,2163377625.577399,833040639.304533,20168823.57839966,128836273.0028076,149005096.5812073,.1788689405424503,3,1,4,1,1,1,QPIB3_QPOP4,QPIBPC1_QPOP4,JPIB1_JPOP1,JPIBPC1_JPOP1,Abaixo da média simples do grupo,Acima ou igual à média simples do grupo,Abaixo da média simples do grupo,Abaixo da média simples do grupo
150014,1,Média Renda e Médio Dinamismo,2498733,25625.66532320093,97509,94651,1228397214.808491,179664260.3896949,257523864.8924845,119216336.7524681,376740201.6449527,2.096912323173215,2,3,2,1,1,1,QPIB2_QPOP2,QPIBPC3_QPOP2,JPIB1_JPOP1,JPIBPC1_JPOP1,Acima ou igual à média simples do grupo,Acima ou igual à média simples do grupo,Acima ou igual à média simples do grupo,Acima ou igual à média simples do grupo
210007,2,Baixa Renda e Médio Dinamismo,1454490,7316.164080380272,198805,172570,198714798.1998209,37961347.67045166,9798529.133995056,0,9798529.133995056,.2581185794313102,2,1,3,1,1,1,QPIB2_QPOP3,QPIBPC1_QPOP3,JPIB1_JPOP1,JPIBPC1_JPOP1,Acima ou igual à média simples do grupo,Acima ou igual à média simples do grupo,Abaixo da média simples do grupo,Abaixo da média simples do grupo
410014,4,Alta Renda,30758415,38418.62849919812,800612,808533,22855223749.62792,9520457228.67219,142512801.8829918,23977390.57095337,166490192.4539452,.017487625694335,4,3,4,1,1,1,QPIB4_QPOP4,QPIBPC3_QPOP4,JPIB1_JPOP1,JPIBPC1_JPOP1,Abaixo da média simples do grupo,Abaixo da média simples do grupo,Abaixo da média simples do grupo,Abaixo da média simples do grupo
1502400,1,Média Renda e Baixo Dinamismo,3871178,18822.55296182664,205667,191676,2384918566.129397,918876327.0983667,12200684.68618011,0,12200684.68618011,.0132778311143432,3,2,3,1,1,1,QPIB3_QPOP3,QPIBPC2_QPOP3,JPIB1_JPOP1,JPIBPC1_JPOP1,Abaixo da média simples do grupo,Abaixo da média simples do grupo,Abaixo da média simples do grupo,Abaixo da média simples do grupo
290003,2,Média Renda e Médio Dinamismo,4370881,14802.59619748169,295278,283558,2382127252.404486,1194699816.534516,13237825.86889648,715147.0233154297,13952972.89221191,.0116790617183533,3,1,4,1,1,1,QPIB3_QPOP4,QPIBPC1_QPOP4,JPIB1_JPOP1,JPIBPC1_JPOP1,Abaixo da média simples do grupo,Abaixo da média simples do grupo,Abaixo da média simples do grupo,Abaixo da média simples do grupo
210015,2,Baixa Renda e Médio Dinamismo,2408792,9956.68941457547,241927,220359,627235071.6135248,163746397.3662987,26811921.99116516,1180201.487060547,27992123.4782257,.1709480265120439,2,1,3,1,1,1,QPIB2_QPOP3,QPIBPC1_QPOP3,JPIB1_JPOP1,JPIBPC1_JPOP1,Abaixo da média simples do grupo,Abaixo da média simples do grupo,Abaixo da média simples do grupo,Abaixo da média simples do grupo
2906501,2,Baixa Renda e Médio Dinamismo,5539779,63081.06353905716,87820,72318,1747760806.687807,943437702.9879856,685417.0610351563,26053257.77124023,26738674.83227539,.0283417492724646,3,4,2,1,1,1,QPIB3_QPOP2,QPIBPC4_QPOP2,JPIB1_JPOP1,JPIBPC1_JPOP1,Abaixo da média simples do grupo,Abaixo da média simples do grupo,Abaixo da média simples do grupo,Abaixo da média simples do grupo
290016,2,Média Renda e Alto Dinamismo,5908206,12291.27304273294,480683,463249,2082773092.194988,717826100.6562144,20877186.78191376,150319952.8774109,171197139.6593246,.2384938907944717,3,1,4,1,1,1,QPIB3_QPOP4,QPIBPC1_QPOP4,JPIB1_JPOP1,JPIBPC1_JPOP1,Acima ou igual à média simples do grupo,Acima ou igual à média simples do grupo,Abaixo da média simples do grupo,Abaixo da média simples do grupo
250011,2,Baixa Renda e Médio Dinamismo,1492871,12482.3033637405,119599,113189,378857234.8750468,157757016.1927387,38168.93017578125,0,38168.93017578125,.0002419475919166,2,1,2,1,1,1,QPIB2_QPOP2,QPIBPC1_QPOP2,JPIB1_JPOP1,JPIBPC1_JPOP1,Abaixo da média simples do grupo,Abaixo da média simples do grupo,Abaixo da média simples do grupo,Abaixo da média simples do grupo
250005,2,Média Renda e Médio Dinamismo,14805866,15642.57150735702,946511,934969,8190173818.577797,3374167176.000573,17839503.89178467,20649822.06284332,38489325.95462799,.011407059563732,4,2,4,1,1,1,QPIB4_QPOP4,QPIBPC2_QPOP4,JPIB1_JPOP1,JPIBPC1_JPOP1,Abaixo da média simples do grupo,Abaixo da média simples do grupo,Abaixo da média simples do grupo,Abaixo da média simples do grupo
2401701,2,Baixa Renda e Médio Dinamismo,101436,9826.213310084278,10323,9922,12738184.43717957,2113103.60055542,0,0,0,0,1,1,1,1,1,1,QPIB1_QPOP1,QPIBPC1_QPOP1,JPIB1_JPOP1,JPIBPC1_JPOP1,Abaixo da média simples do grupo,Abaixo da média simples do grupo,Abaixo da média simples do grupo,Abaixo da média simples do grupo
310005,3,Média Renda e Médio Dinamismo,15179063,96138.77646671353,157887,148101,3736683946.214436,1026492694.247305,18105856.33216858,1014986496.857933,1033092353.190102,1.006429328703246,4,4,3,1,1,1,QPIB4_QPOP3,QPIBPC4_QPOP3,JPIB1_JPOP1,JPIBPC1_JPOP1,Acima ou igual à média simples do grupo,Acima ou igual à média simples do grupo,Acima ou igual à média simples do grupo,Acima ou igual à média simples do grupo
1600402,1,Baixa Renda e Baixo Dinamismo,356722,15876.89157913477,22468,21760,56038983.97416401,2638915.043945313,108988.490234375,6190351.652587891,6299340.142822266,2.387094710485424,1,2,1,1,1,1,QPIB1_QPOP1,QPIBPC2_QPOP1,JPIB1_JPOP1,JPIBPC1_JPOP1,Acima ou igual à média simples do grupo,Acima ou igual à média simples do grupo,Acima ou igual à média simples do grupo,Acima ou igual à média simples do grupo
350046,3,Alta Renda,15591877,61286.656525516,254409,239343,9279021957.68815,4121660359.05425,60157700.87534957,97162864.77225113,157320565.6476007,.0381692211251728,4,4,4,1,1,1,QPIB4_QPOP4,QPIBPC4_QPOP4,JPIB1_JPOP1,JPIBPC1_JPOP1,Abaixo da média simples do grupo,Abaixo da média simples do grupo,Abaixo da média simples do grupo,Abaixo da média simples do grupo
1718204,1,Média Renda e Alto Dinamismo,2822042,52632.36226640308,53618,64212,886640945.4856304,323940866.5174972,58987798.80369736,1945203.262695313,60933002.06639268,.1880991513094612,3,4,2,1,1,1,QPIB3_QPOP2,QPIBPC4_QPOP2,JPIB1_JPOP1,JPIBPC1_JPOP1,Abaixo da média simples do grupo,Abaixo da média simples do grupo,Abaixo da média simples do grupo,Abaixo da média simples do grupo
310027,3,Alta Renda,20917401,27762.67791823061,753436,709391,14155461034.06391,5801271888.965443,88813000.39455155,23047015.39472198,111860015.7892735,.0192819812500155,4,3,4,1,1,1,QPIB4_QPOP4,QPIBPC3_QPOP4,JPIB1_JPOP1,JPIBPC1_JPOP1,Abaixo da média simples do grupo,Abaixo da média simples do grupo,Abaixo da média simples do grupo,Abaixo da média simples do grupo
3132206,3,Média Renda e Alto Dinamismo,355826,26337.9718726869,13510,13774,209613639.1631994,103704872.0198567,2678844.656066895,181770.6232910156,2860615.279357911,.0275841937185958,1,3,1,1,1,1,QPIB1_QPOP1,QPIBPC3_QPOP1,JPIB1_JPOP1,JPIBPC1_JPOP1,Abaixo da média simples do grupo,Abaixo da média simples do grupo,Abaixo da média simples do grupo,Abaixo da média simples do grupo
520011,5,Alta Renda,15584307,65131.63569798641,239274,235174,6090935578.890019,1561099951.606465,994176421.1380979,13035691.32479858,1007212112.462896,.6451938656627432,4,4,3,1,1,1,QPIB4_QPOP3,QPIBPC4_QPOP3,JPIB1_JPOP1,JPIBPC1_JPOP1,Acima ou igual à média simples do grupo,Acima ou igual à média simples do grupo,Abaixo da média simples do grupo,Abaixo da média simples do grupo
230011,2,Média Renda e Médio Dinamismo,11262516,13092.17341975802,860248,856893,5474727579.431282,2562238425.369283,500821.9364013672,8340072.549850464,8840894.486251831,.0034504573808262,4,1,4,1,1,1,QPIB4_QPOP4,QPIBPC1_QPOP4,JPIB1_JPOP1,JPIBPC1_JPOP1,Abaixo da média simples do grupo,Abaixo da média simples do grupo,Abaixo da média simples do grupo,Abaixo da média simples do grupo
270001,2,Baixa Renda e Alto Dinamismo,809827,21893.13327926466,36990,26727,46548643.71376419,3996387.75213623,11055498.36245346,0,11055498.36245346,2.766372796669655,1,2,1,1,1,1,QPIB1_QPOP1,QPIBPC2_QPOP1,JPIB1_JPOP1,JPIBPC1_JPOP1,Acima ou igual à média simples do grupo,Acima ou igual à média simples do grupo,Acima ou igual à média simples do grupo,Acima ou igual à média simples do grupo
230002,2,Baixa Renda e Médio Dinamismo,2925923,11767.99230998174,248634,240366,964885263.9541996,601382596.6370122,46035.72265625,937837.9716644287,983873.6943206787,.001636019565286,3,1,3,1,1,1,QPIB3_QPOP3,QPIBPC1_QPOP3,JPIB1_JPOP1,JPIBPC1_JPOP1,Abaixo da média simples do grupo,Abaixo da média simples do grupo,Abaixo da média simples do grupo,Abaixo da média simples do grupo
1715507,1,Média Renda e Médio Dinamismo,28651,25490.21352313167,1124,1164,4431493.645233154,1001020.833587646,3049829.091125488,0,3049829.091125488,3.046718898142148,1,3,1,1,1,1,QPIB1_QPOP1,QPIBPC3_QPOP1,JPIB1_JPOP1,JPIBPC1_JPOP1,Acima ou igual à média simples do grupo,Acima ou igual à média simples do grupo,Acima ou igual à média simples do grupo,Acima ou igual à média simples do grupo
170009,1,Baixa Renda e Médio Dinamismo,2059454,14366.21231357339,143354,132722,322002334.2323539,59175016.84031391,46521015.5896492,1998700.467651367,48519716.05730057,.8199358217038266,2,1,3,1,1,1,QPIB2_QPOP3,QPIBPC1_QPOP3,JPIB1_JPOP1,JPIBPC1_JPOP1,Acima ou igual à média simples do grupo,Acima ou igual à média simples do grupo,Acima ou igual à média simples do grupo,Acima ou igual à média simples do grupo
350049,3,Alta Renda,57062391,50739.895572316,1124606,1083892,37238400296.34394,18862225287.7582,56406919.57554413,37448339.763237,93855259.33878113,.004975831743442,4,4,4,1,1,1,QPIB4_QPOP4,QPIBPC4_QPOP4,JPIB1_JPOP1,JPIBPC1_JPOP1,Abaixo da média simples do grupo,Abaixo da média simples do grupo,Abaixo da média simples do grupo,Abaixo da média simples do grupo
420005,4,Alta Renda,11346542,39459.50777084949,287549,294073,6350221208.629089,2639235149.044595,182487882.0317805,17227606.22287369,199715488.2546542,.0756717294883524,4,3,4,1,1,1,QPIB4_QPOP4,QPIBPC3_QPOP4,JPIB1_JPOP1,JPIBPC1_JPOP1,Abaixo da média simples do grupo,Abaixo da média simples do grupo,Abaixo da média simples do grupo,Abaixo da média simples do grupo
310006,3,Média Renda e Médio Dinamismo,14905725,19369.00148915103,769566,736849,8548128161.358109,3379410165.708213,276366318.0485616,44181004.81424713,320547322.8628087,.0948530385910207,4,2,4,1,1,1,QPIB4_QPOP4,QPIBPC2_QPOP4,JPIB1_JPOP1,JPIBPC1_JPOP1,Abaixo da média simples do grupo,Abaixo da média simples do grupo,Abaixo da média simples do grupo,Abaixo da média simples do grupo
220017,2,Média Renda e Alto Dinamismo,2555601,19803.95210972917,129045,126693,791542543.761044,215362159.5464721,14507170.75322723,1031259.53692627,15538430.2901535,.0721502343906453,2,2,3,1,1,1,QPIB2_QPOP3,QPIBPC2_QPOP3,JPIB1_JPOP1,JPIBPC1_JPOP1,Abaixo da média simples do grupo,Abaixo da média simples do grupo,Abaixo da média simples do grupo,Abaixo da média simples do grupo
410017,4,Média Renda e Médio Dinamismo,6150032,29960.98758695949,205268,200815,3867552094.156781,1736639553.043718,317605360.7714996,6512574.697555542,324117935.4690552,.18663512235512,3,3,3,1,1,1,QPIB3_QPOP3,QPIBPC3_QPOP3,JPIB1_JPOP1,JPIBPC1_JPOP1,Abaixo da média simples do grupo,Abaixo da média simples do grupo,Abaixo da média simples do grupo,Abaixo da média simples do grupo
120001,1,Média Renda e Baixo Dinamismo,12411940,23834.32643506881,520759,453309,5702749943.454333,1517365774.223917,136503769.7066479,913514.3639450073,137417284.0705929,.0905630576390702,4,2,4,1,1,1,QPIB4_QPOP4,QPIBPC2_QPOP4,JPIB1_JPOP1,JPIBPC1_JPOP1,Abaixo da média simples do grupo,Abaixo da média simples do grupo,Abaixo da média simples do grupo,Abaixo da média simples do grupo
410021,4,Alta Renda,41458260,37229.1412422986,1113597,1065916,29139452278.52371,13693753482.57825,243292683.9150121,20635649.97683716,263928333.8918493,.0192736297047869,4,3,4,1,1,1,QPIB4_QPOP4,QPIBPC3_QPOP4,JPIB1_JPOP1,JPIBPC1_JPOP1,Abaixo da média simples do grupo,Abaixo da média simples do grupo,Abaixo da média simples do grupo,Abaixo da média simples do grupo
320005,3,Média Renda e Médio Dinamismo,8116845,24840.08336291636,326764,300191,4263805370.215998,1586301670.533673,19750884.34762263,170889243.7015782,190640128.0492008,.120178987131158,4,2,4,1,1,1,QPIB4_QPOP4,QPIBPC2_QPOP4,JPIB1_JPOP1,JPIBPC1_JPOP1,Abaixo da média simples do grupo,Abaixo da média simples do grupo,Abaixo da média simples do grupo,Abaixo da média simples do grupo
1707553,1,Média Renda e Médio Dinamismo,80842,21140.69037656904,3824,3461,22133581.23726273,4332644.256195068,1625148.84753418,0,1625148.84753418,.3750939960534371,1,2,1,1,1,1,QPIB1_QPOP1,QPIBPC2_QPOP1,JPIB1_JPOP1,JPIBPC1_JPOP1,Abaixo da média simples do grupo,Abaixo da média simples do grupo,Abaixo da média simples do grupo,Abaixo da média simples do grupo
240005,2,Baixa Renda e Alto Dinamismo,3083110,41379.02803688145,74509,70917,419646414.5817285,169002801.9597902,1386478.297019958,20526058.00485992,21912536.30187988,.1296578284370302,3,4,2,1,1,1,QPIB3_QPOP2,QPIBPC4_QPOP2,JPIB1_JPOP1,JPIBPC1_JPOP1,Abaixo da média simples do grupo,Abaixo da média simples do grupo,Abaixo da média simples do grupo,Abaixo da média simples do grupo
110004,1,Média Renda e Médio Dinamismo,8110878,25911.44420697521,313023,289321,3563894942.464768,917831396.0892684,130075634.2076695,7840470.354202271,137916104.5618718,.1502630059829181,4,3,4,1,1,1,QPIB4_QPOP4,QPIBPC3_QPOP4,JPIB1_JPOP1,JPIBPC1_JPOP1,Acima ou igual à média simples do grupo,Acima ou igual à média simples do grupo,Abaixo da média simples do grupo,Abaixo da média simples do grupo
2203305,2,Média Renda e Alto Dinamismo,184629,13319.07372673496,13862,16342,51457527.69082904,29952633.87711215,0,143913.3515625,143913.3515625,.0048046977154977,1,1,1,1,1,1,QPIB1_QPOP1,QPIBPC1_QPOP1,JPIB1_JPOP1,JPIBPC1_JPOP1,Abaixo da média simples do grupo,Abaixo da média simples do grupo,Abaixo da média simples do grupo,Abaixo da média simples do grupo
310009,3,Baixa Renda e Médio Dinamismo,1548030,10235.78886119137,151237,142575,470880145.1175804,133480499.3024895,38399792.53627014,861127.4477539063,39260919.98402405,.294132252944695,2,1,3,1,1,1,QPIB2_QPOP3,QPIBPC1_QPOP3,JPIB1_JPOP1,JPIBPC1_JPOP1,Acima ou igual à média simples do grupo,Acima ou igual à média simples do grupo,Abaixo da média simples do grupo,Abaixo da média simples do grupo
410028,4,Média Renda e Alto Dinamismo,9937613,52030.20466290046,190997,180653,4474917059.402027,741702248.2533878,267252946.4390616,4444842.631492615,271697789.0705543,.3663165235245911,4,4,3,1,1,1,QPIB4_QPOP3,QPIBPC4_QPOP3,JPIB1_JPOP1,JPIBPC1_JPOP1,Acima ou igual à média simples do grupo,Acima ou igual à média simples do grupo,Abaixo da média simples do grupo,Abaixo da média simples do grupo
310028,3,Média Renda e Médio Dinamismo,7421450,20924.23635820256,354682,352032,2764695785.176266,952211395.3783284,11124261.8253479,30467130.50756836,41591392.33291626,.0436787382873016,4,2,4,1,1,1,QPIB4_QPOP4,QPIBPC2_QPOP4,JPIB1_JPOP1,JPIBPC1_JPOP1,Abaixo da média simples do grupo,Abaixo da média simples do grupo,Abaixo da média simples do grupo,Abaixo da média simples do grupo
250009,2,Média Renda e Médio Dinamismo,3691046,13683.86984358838,269737,253497,1199601999.015517,432623877.6800909,433143.9567871094,7668720.067836761,8101864.024623871,.0187272696737624,3,1,4,1,1,1,QPIB3_QPOP4,QPIBPC1_QPOP4,JPIB1_JPOP1,JPIBPC1_JPOP1,Abaixo da média simples do grupo,Abaixo da média simples do grupo,Abaixo da média simples do grupo,Abaixo da média simples do grupo
240008,2,Média Renda e Alto Dinamismo,1888676,16282.95298773181,115991,111003,643594179.7601031,198689126.260554,251857.7198486328,47909167.43421936,48161025.15406799,.2423938645284055,2,2,2,1,1,1,QPIB2_QPOP2,QPIBPC2_QPOP2,JPIB1_JPOP1,JPIBPC1_JPOP1,Abaixo da média simples do grupo,Abaixo da média simples do grupo,Abaixo da média simples do grupo,Abaixo da média simples do grupo
1300300,1,Baixa Renda e Alto Dinamismo,484469,11814.87623460554,41005,41538,37395137.66004944,9112784.340354919,569156.5,0,569156.5,.0624569263073149,1,1,1,1,1,1,QPIB1_QPOP1,QPIBPC1_QPOP1,JPIB1_JPOP1,JPIBPC1_JPOP1,Abaixo da média simples do grupo,Abaixo da média simples do grupo,Abaixo da média simples do grupo,Abaixo da média simples do grupo
430009,4,Alta Renda,31190545,36921.98103860345,844769,787037,13278458823.51201,5687870347.329231,361871458.9736085,43797037.55617905,405668496.5297875,.0713216848763565,4,3,4,1,1,1,QPIB4_QPOP4,QPIBPC3_QPOP4,JPIB1_JPOP1,JPIBPC1_JPOP1,Abaixo da média simples do grupo,Abaixo da média simples do grupo,Abaixo da média simples do grupo,Abaixo da média simples do grupo
310025,3,Média Renda e Médio Dinamismo,4049941,17234.52487339887,234990,225076,2124675870.38112,824351482.9785271,10484738.38357925,12803431.14928913,23288169.53286839,.0282502913062328,3,2,3,1,1,1,QPIB3_QPOP3,QPIBPC2_QPOP3,JPIB1_JPOP1,JPIBPC1_JPOP1,Abaixo da média simples do grupo,Abaixo da média simples do grupo,Abaixo da média simples do grupo,Abaixo da média simples do grupo
420004,4,Alta Renda,6321081,31067.4717270462,203463,218227,3749168433.279999,1581923086.633739,11583260.45111847,18081881.08467865,29665141.53579712,.0187525814538324,3,3,3,1,1,1,QPIB3_QPOP3,QPIBPC3_QPOP3,JPIB1_JPOP1,JPIBPC1_JPOP1,Abaixo da média simples do grupo,Abaixo da média simples do grupo,Abaixo da média simples do grupo,Abaixo da média simples do grupo
2101103,2,Baixa Renda e Médio Dinamismo,92262,7541.441883276116,12234,11775,8112886.949729919,1303284.017089844,601805.125,61921.5234375,663726.6484375,.5092724530755487,1,1,1,1,1,1,QPIB1_QPOP1,QPIBPC1_QPOP1,JPIB1_JPOP1,JPIBPC1_JPOP1,Abaixo da média simples do grupo,Abaixo da média simples do grupo,Abaixo da média simples do grupo,Abaixo da média simples do grupo
2305233,2,Baixa Renda e Baixo Dinamismo,1765192,25329.92767764895,69688,74680,1293160386.826595,992929284.0861713,410109.0742797852,384258.0700683594,794367.1443481445,.0008000238859701,2,3,2,1,1,1,QPIB2_QPOP2,QPIBPC3_QPOP2,JPIB1_JPOP1,JPIBPC1_JPOP1,Abaixo da média simples do grupo,Abaixo da média simples do grupo,Abaixo da média simples do grupo,Abaixo da média simples do grupo
310007,3,Média Renda e Alto Dinamismo,3947169,17794.30804879588,221822,209723,2122982063.366573,885583846.9874239,78343782.21230698,82147374.20815277,160491156.4204597,.1812263818569162,3,2,3,1,1,1,QPIB3_QPOP3,QPIBPC2_QPOP3,JPIB1_JPOP1,JPIBPC1_JPOP1,Abaixo da média simples do grupo,Abaixo da média simples do grupo,Abaixo da média simples do grupo,Abaixo da média simples do grupo
210011,2,Baixa Renda e Alto Dinamismo,4312404,19961.32161934474,216038,196659,346047045.1802102,22602495.08126831,9685489.603191376,93166296.41828156,102851786.0214729,4.550461603980649,3,2,3,1,1,1,QPIB3_QPOP3,QPIBPC2_QPOP3,JPIB1_JPOP1,JPIBPC1_JPOP1,Acima ou igual à média simples do grupo,Acima ou igual à média simples do grupo,Acima ou igual à média simples do grupo,Acima ou igual à média simples do grupo
430023,4,Alta Renda,4643309,67842.97653487624,68442,70474,1806731232.226809,1067914431.71795,4948324.181396484,2854316.301513672,7802640.482910156,.0073064285406819,3,4,2,1,1,1,QPIB3_QPOP2,QPIBPC4_QPOP2,JPIB1_JPOP1,JPIBPC1_JPOP1,Abaixo da média simples do grupo,Abaixo da média simples do grupo,Abaixo da média simples do grupo,Abaixo da média simples do grupo
2702207,2,Baixa Renda e Alto Dinamismo,94744,16107.44644678681,5882,5555,3288761.530250549,1110845.178413391,0,0,0,0,1,2,1,1,1,1,QPIB1_QPOP1,QPIBPC2_QPOP1,JPIB1_JPOP1,JPIBPC1_JPOP1,Abaixo da média simples do grupo,Abaixo da média simples do grupo,Abaixo da média simples do grupo,Abaixo da média simples do grupo
220001,2,Baixa Renda e Médio Dinamismo,485580,8769.730901210041,55370,52300,58686793.03581178,11147875.67118394,381703.5195312501,0,381703.5195312501,.0342400230133453,1,1,2,1,1,1,QPIB1_QPOP2,QPIBPC1_QPOP2,JPIB1_JPOP1,JPIBPC1_JPOP1,Abaixo da média simples do grupo,Abaixo da média simples do grupo,Abaixo da média simples do grupo,Abaixo da média simples do grupo
350011,3,Alta Renda,8295205,30448.27041947467,272436,253554,6425039373.145501,2897541281.037627,196589865.7905505,30189448.93971252,226779314.7302631,.0782661203877834,4,3,4,1,1,1,QPIB4_QPOP4,QPIBPC3_QPOP4,JPIB1_JPOP1,JPIBPC1_JPOP1,Abaixo da média simples do grupo,Abaixo da média simples do grupo,Abaixo da média simples do grupo,Abaixo da média simples do grupo
2414803,2,Baixa Renda e Médio Dinamismo,124852,9762.452107279694,12789,10707,23148230.68666506,9871898.442390442,895553.4404296875,0,895553.4404296875,.0907174486909362,1,1,1,1,1,1,QPIB1_QPOP1,QPIBPC1_QPOP1,JPIB1_JPOP1,JPIBPC1_JPOP1,Abaixo da média simples do grupo,Abaixo da média simples do grupo,Abaixo da média simples do grupo,Abaixo da média simples do grupo
210018,2,Baixa Renda e Alto Dinamismo,975118,11666.46327602503,83583,78904,237259906.9441848,26544306.03279877,27965381.58661842,458314.0917205811,28423695.678339,1.070801988314105,2,1,2,1,1,1,QPIB2_QPOP2,QPIBPC1_QPOP2,JPIB1_JPOP1,JPIBPC1_JPOP1,Acima ou igual à média simples do grupo,Acima ou igual à média simples do grupo,Acima ou igual à média simples do grupo,Acima ou igual à média simples do grupo
2927408,2,Alta Renda,54219916,18694.46636732028,2900319,2406396,56474740812.13398,25185816532.35136,20230513.69303894,647264285.7971497,667494799.4901886,.026502805602224,4,2,4,1,1,1,QPIB4_QPOP4,QPIBPC2_QPOP4,JPIB1_JPOP1,JPIBPC1_JPOP1,Abaixo da média simples do grupo,Abaixo da média simples do grupo,Abaixo da média simples do grupo,Abaixo da média simples do grupo
350034,3,Média Renda e Médio Dinamismo,6862989,40988.73002221745,167436,147795,4614622821.879041,1651725815.770872,338086151.9828869,0,338086151.9828869,.2046866064299538,3,4,3,1,1,1,QPIB3_QPOP3,QPIBPC4_QPOP3,JPIB1_JPOP1,JPIBPC1_JPOP1,Abaixo da média simples do grupo,Abaixo da média simples do grupo,Abaixo da média simples do grupo,Abaixo da média simples do grupo
500004,5,Média Renda e Médio Dinamismo,4955020,44515.89718710976,111309,106933,1942529807.321485,308633829.5980282,722500622.1604462,4901129.207611085,727401751.3680573,2.356843876497408,3,4,2,1,1,1,QPIB3_QPOP2,QPIBPC4_QPOP2,JPIB1_JPOP1,JPIBPC1_JPOP1,Acima ou igual à média simples do grupo,Acima ou igual à média simples do grupo,Acima ou igual à média simples do grupo,Acima ou igual à média simples do grupo
280001,2,Baixa Renda e Baixo Dinamismo,5096946,20418.90240726868,249619,220453,1863807969.167372,625571683.6682503,189935673.0914257,284800978.043129,474736651.1345547,.758884494820444,3,2,3,1,1,1,QPIB3_QPOP3,QPIBPC2_QPOP3,JPIB1_JPOP1,JPIBPC1_JPOP1,Acima ou igual à média simples do grupo,Acima ou igual à média simples do grupo,Acima ou igual à média simples do grupo,Acima ou igual à média simples do grupo
510015,5,Alta Renda,11183684,100319.1934051542,111481,125025,2903517432.928323,415470557.3798161,1124136491.492081,7066236.88420105,1131202728.376282,2.722702507514042,4,4,2,1,1,1,QPIB4_QPOP2,QPIBPC4_QPOP2,JPIB1_JPOP1,JPIBPC1_JPOP1,Acima ou igual à média simples do grupo,Acima ou igual à média simples do grupo,Acima ou igual à média simples do grupo,Acima ou igual à média simples do grupo
310029,3,Média Renda e Baixo Dinamismo,6767771,23443.36407030476,288686,266227,4306563215.390893,2694336334.114492,21078006.92201233,17195641.15093994,38273648.07295227,.0142052228551975,3,2,4,1,1,1,QPIB3_QPOP4,QPIBPC2_QPOP4,JPIB1_JPOP1,JPIBPC1_JPOP1,Abaixo da média simples do grupo,Abaixo da média simples do grupo,Abaixo da média simples do grupo,Abaixo da média simples do grupo
2412203,2,Baixa Renda e Médio Dinamismo,878699,19716.80204640309,44566,47167,425397541.7448891,185605756.921475,2322462.292602539,38277.5,2360739.792602539,.0127191086729131,1,2,2,1,1,1,QPIB1_QPOP2,QPIBPC2_QPOP2,JPIB1_JPOP1,JPIBPC1_JPOP1,Abaixo da média simples do grupo,Abaixo da média simples do grupo,Abaixo da média simples do grupo,Abaixo da média simples do grupo
330005,3,Alta Renda,15714469,78426.47176252172,200372,193588,5868682469.33056,2041587648.988595,9890604.228733063,7953470.071891785,17844074.30062485,.0087402930309971,4,4,3,1,1,1,QPIB4_QPOP3,QPIBPC4_QPOP3,JPIB1_JPOP1,JPIBPC1_JPOP1,Abaixo da média simples do grupo,Abaixo da média simples do grupo,Abaixo da média simples do grupo,Abaixo da média simples do grupo
2109205,2,Baixa Renda e Baixo Dinamismo,82623,6385.578483654069,12939,11324,3595203.257083893,617409.4186134338,0,577535.263458252,577535.263458252,.9354169956708297,1,1,1,1,1,1,QPIB1_QPOP1,QPIBPC1_QPOP1,JPIB1_JPOP1,JPIBPC1_JPOP1,Abaixo da média simples do grupo,Abaixo da média simples do grupo,Acima ou igual à média simples do grupo,Acima ou igual à média simples do grupo
350009,3,Alta Renda,27217885,40730.58113677381,668242,633251,22057966763.7836,7113099163.214439,663220115.0721142,21250805.87332153,684470920.9454358,.0962268211422095,4,4,4,1,1,1,QPIB4_QPOP4,QPIBPC4_QPOP4,JPIB1_JPOP1,JPIBPC1_JPOP1,Abaixo da média simples do grupo,Abaixo da média simples do grupo,Abaixo da média simples do grupo,Abaixo da média simples do grupo
2303956,2,Baixa Renda e Médio Dinamismo,208605,10283.20023661639,20286,20136,51755587.12478638,31338670.90921021,0,143915.2705078125,143915.2705078125,.0045922582653471,1,1,1,1,1,1,QPIB1_QPOP1,QPIBPC1_QPOP1,JPIB1_JPOP1,JPIBPC1_JPOP1,Abaixo da média simples do grupo,Abaixo da média simples do grupo,Abaixo da média simples do grupo,Abaixo da média simples do grupo
410010,4,Alta Renda,13492082,49997.15404825519,269857,279215,6844132908.805162,3072815923.293668,381957461.1283321,8201099.550178528,390158560.6785106,.1269710162984024,4,4,4,1,1,1,QPIB4_QPOP4,QPIBPC4_QPOP4,JPIB1_JPOP1,JPIBPC1_JPOP1,Acima ou igual à média simples do grupo,Abaixo da média simples do grupo,Abaixo da média simples do grupo,Abaixo da média simples do grupo
420003,4,Alta Renda,12261871,37272.16382659234,328982,327546,8933795122.88311,4111687816.135664,11170637.47470474,42544823.911129,53715461.38583374,.0130640904144123,4,3,4,1,1,1,QPIB4_QPOP4,QPIBPC3_QPOP4,JPIB1_JPOP1,JPIBPC1_JPOP1,Abaixo da média simples do grupo,Abaixo da média simples do grupo,Abaixo da média simples do grupo,Abaixo da média simples do grupo
2607208,2,Baixa Renda e Médio Dinamismo,11682256,117882.3220754584,99101,98439,3624014995.526686,1461208055.704313,8258031.049694061,5981409.469573974,14239440.51926804,.0097449781115561,4,4,2,1,1,1,QPIB4_QPOP2,QPIBPC4_QPOP2,JPIB1_JPOP1,JPIBPC1_JPOP1,Abaixo da média simples do grupo,Abaixo da média simples do grupo,Abaixo da média simples do grupo,Abaixo da média simples do grupo
2111201,2,Média Renda e Alto Dinamismo,2033705,11276.74734536583,180345,244350,1027647275.694725,251307965.5624521,0,219245.541015625,219245.541015625,.0008724177943382,2,1,3,1,1,1,QPIB2_QPOP3,QPIBPC1_QPOP3,JPIB1_JPOP1,JPIBPC1_JPOP1,Abaixo da média simples do grupo,Abaixo da média simples do grupo,Abaixo da média simples do grupo,Abaixo da média simples do grupo
270006,2,Baixa Renda e Alto Dinamismo,1305397,16811.94379692712,77647,66560,183621776.073584,79468552.43407249,19050218.73396301,63433.33984375,19113652.07380676,.2405184376507115,2,2,2,1,1,1,QPIB2_QPOP2,QPIBPC2_QPOP2,JPIB1_JPOP1,JPIBPC1_JPOP1,Abaixo da média simples do grupo,Abaixo da média simples do grupo,Abaixo da média simples do grupo,Abaixo da média simples do grupo
350029,3,Alta Renda,4237730,37744.87187480516,112273,115381,2463890714.752264,708044625.2843504,64351446.48637009,1375606.817260742,65727053.30363083,.0928289700345298,3,3,2,1,1,1,QPIB3_QPOP2,QPIBPC3_QPOP2,JPIB1_JPOP1,JPIBPC1_JPOP1,Abaixo da média simples do grupo,Abaixo da média simples do grupo,Abaixo da média simples do grupo,Abaixo da média simples do grupo
310037,3,Média Renda e Médio Dinamismo,5206276,21709.55111231574,239815,221503,2642702507.984452,1356736002.379981,22568808.82884979,8222005.108129889,30790813.93697968,.0226947717779778,3,2,3,1,1,1,QPIB3_QPOP3,QPIBPC2_QPOP3,JPIB1_JPOP1,JPIBPC1_JPOP1,Abaixo da média simples do grupo,Abaixo da média simples do grupo,Abaixo da média simples do grupo,Abaixo da média simples do grupo
2503001,2,Baixa Renda e Baixo Dinamismo,392056,17756.96363059921,22079,21193,251671005.0047626,20179153.92608261,4270601.686767578,442104.1606445313,4712705.847412109,.2335432825714606,1,2,1,1,1,1,QPIB1_QPOP1,QPIBPC2_QPOP1,JPIB1_JPOP1,JPIBPC1_JPOP1,Abaixo da média simples do grupo,Abaixo da média simples do grupo,Abaixo da média simples do grupo,Abaixo da média simples do grupo
410006,4,Alta Renda,23703949,44707.0553709313,530206,545162,15163936522.12567,6654745444.381251,195901241.5484805,32283290.8357544,228184532.3842349,.0342889948670984,4,4,4,1,1,1,QPIB4_QPOP4,QPIBPC4_QPOP4,JPIB1_JPOP1,JPIBPC1_JPOP1,Abaixo da média simples do grupo,Abaixo da média simples do grupo,Abaixo da média simples do grupo,Abaixo da média simples do grupo
270005,2,Baixa Renda e Alto Dinamismo,4223316,33326.09467595698,126727,113553,546661587.752642,97545444.67929657,14022205.21316528,331390.8866577148,14353596.099823,.1471477847788156,3,3,3,1,1,1,QPIB3_QPOP3,QPIBPC3_QPOP3,JPIB1_JPOP1,JPIBPC1_JPOP1,Abaixo da média simples do grupo,Abaixo da média simples do grupo,Abaixo da média simples do grupo,Abaixo da média simples do grupo
2203255,2,Baixa Renda e Médio Dinamismo,38152,8525.586592178772,4475,4402,5426393.053771974,22500,3339280.858055115,0,3339280.858055115,148.4124825802273,1,1,1,1,1,1,QPIB1_QPOP1,QPIBPC1_QPOP1,JPIB1_JPOP1,JPIBPC1_JPOP1,Acima ou igual à média simples do grupo,Acima ou igual à média simples do grupo,Acima ou igual à média simples do grupo,Acima ou igual à média simples do grupo
310039,3,Média Renda e Alto Dinamismo,5364875,28143.01601540164,190629,185941,2554215416.227595,1068766284.3261,82165952.81668045,83567233.90400696,165733186.7206874,.1550696248106187,3,3,3,1,1,1,QPIB3_QPOP3,QPIBPC3_QPOP3,JPIB1_JPOP1,JPIBPC1_JPOP1,Abaixo da média simples do grupo,Abaixo da média simples do grupo,Abaixo da média simples do grupo,Abaixo da média simples do grupo
170002,1,Média Renda e Alto Dinamismo,1033565,31838.24661922804,32463,30703,199871080.1711597,67741295.28138733,61703365.30049896,14447484.7116394,76150850.01213837,1.124142219244834,2,3,1,1,1,1,QPIB2_QPOP1,QPIBPC3_QPOP1,JPIB1_JPOP1,JPIBPC1_JPOP1,Acima ou igual à média simples do grupo,Acima ou igual à média simples do grupo,Acima ou igual à média simples do grupo,Acima ou igual à média simples do grupo
250006,2,Baixa Renda e Médio Dinamismo,925368,9708.422510386505,95316,87584,194557685.222765,31911455.96886826,49247.89990234375,16487975.56299973,16537223.46290207,.5182221544211342,1,1,2,1,1,1,QPIB1_QPOP2,QPIBPC1_QPOP2,JPIB1_JPOP1,JPIBPC1_JPOP1,Acima ou igual à média simples do grupo,Acima ou igual à média simples do grupo,Abaixo da média simples do grupo,Abaixo da média simples do grupo
240004,2,Baixa Renda e Médio Dinamismo,1171776,11448.49148038143,102352,92005,232499980.7984991,74928079.22700882,68014,3484975.2890625,3552989.2890625,.0474186623455013,2,1,2,1,1,1,QPIB2_QPOP2,QPIBPC1_QPOP2,JPIB1_JPOP1,JPIBPC1_JPOP1,Abaixo da média simples do grupo,Abaixo da média simples do grupo,Abaixo da média simples do grupo,Abaixo da média simples do grupo
290032,2,Baixa Renda e Médio Dinamismo,2138577,10882.95582345667,196507,196212,766833979.3906494,281617312.3156946,4200564.885009766,104135615.405935,108336180.2909448,.3846928990271001,2,1,3,1,1,1,QPIB2_QPOP3,QPIBPC1_QPOP3,JPIB1_JPOP1,JPIBPC1_JPOP1,Acima ou igual à média simples do grupo,Acima ou igual à média simples do grupo,Abaixo da média simples do grupo,Abaixo da média simples do grupo
410003,4,Média Renda e Médio Dinamismo,5641239,31494.71574445754,179117,162031,2801946286.362371,963641372.5293384,73574299.80901742,103049867.0232697,176624166.8322871,.1832882770160532,3,3,3,1,1,1,QPIB3_QPOP3,QPIBPC3_QPOP3,JPIB1_JPOP1,JPIBPC1_JPOP1,Abaixo da média simples do grupo,Abaixo da média simples do grupo,Abaixo da média simples do grupo,Abaixo da média simples do grupo
260007,2,Baixa Renda e Médio Dinamismo,2121698,13331.43575243481,159150,139972,1374227595.425469,220898157.4249959,50595166.45875748,5507740.033569336,56102906.49232681,.2539763443313287,2,1,3,1,1,1,QPIB2_QPOP3,QPIBPC1_QPOP3,JPIB1_JPOP1,JPIBPC1_JPOP1,Acima ou igual à média simples do grupo,Acima ou igual à média simples do grupo,Abaixo da média simples do grupo,Abaixo da média simples do grupo
170001,1,Média Renda e Alto Dinamismo,671135,25367.96945872392,26456,22572,105706376.9496094,20204225.8187349,48924332.47369386,0,48924332.47369386,2.421490083937168,1,3,1,1,1,1,QPIB1_QPOP1,QPIBPC3_QPOP1,JPIB1_JPOP1,JPIBPC1_JPOP1,Acima ou igual à média simples do grupo,Acima ou igual à média simples do grupo,Acima ou igual à média simples do grupo,Acima ou igual à média simples do grupo
290009,2,Média Renda e Médio Dinamismo,8264612,21305.4883864814,387910,391975,4869239399.737467,1992118818.259554,96769647.99251936,27134957.55986404,123904605.5523834,.0621973972720335,4,2,4,1,1,1,QPIB4_QPOP4,QPIBPC2_QPOP4,JPIB1_JPOP1,JPIBPC1_JPOP1,Abaixo da média simples do grupo,Abaixo da média simples do grupo,Abaixo da média simples do grupo,Abaixo da média simples do grupo
2109601,2,Baixa Renda e Médio Dinamismo,400307,9257.151446476886,43243,38325,122913251.9010944,25611742.69915771,358883.018951416,4046816.789627075,4405699.808578491,.172018743914813,1,1,2,1,1,1,QPIB1_QPOP2,QPIBPC1_QPOP2,JPIB1_JPOP1,JPIBPC1_JPOP1,Abaixo da média simples do grupo,Abaixo da média simples do grupo,Abaixo da média simples do grupo,Abaixo da média simples do grupo
410005,4,Média Renda e Alto Dinamismo,2335429,32388.38115578238,72107,78417,765713093.3207102,151144337.2668408,59617319.02498627,2161104.267822266,61778423.29280853,.4087379283270175,2,3,2,1,1,1,QPIB2_QPOP2,QPIBPC3_QPOP2,JPIB1_JPOP1,JPIBPC1_JPOP1,Acima ou igual à média simples do grupo,Abaixo da média simples do grupo,Abaixo da média simples do grupo,Abaixo da média simples do grupo
310070,3,Média Renda e Alto Dinamismo,1178976,29262.24869694713,40290,39225,485217788.7267084,162308910.1141655,88255724.67179108,197744.3759765625,88453469.04776764,.54496989096625,2,3,1,1,1,1,QPIB2_QPOP1,QPIBPC3_QPOP1,JPIB1_JPOP1,JPIBPC1_JPOP1,Acima ou igual à média simples do grupo,Abaixo da média simples do grupo,Abaixo da média simples do grupo,Abaixo da média simples do grupo
1721000,1,Alta Renda,8983888,28670.54945125084,313349,301544,6498886266.212179,2266253097.008469,24748985.74248123,17339526.70559311,42088512.44807434,.0185718499419295,4,3,4,1,1,1,QPIB4_QPOP4,QPIBPC3_QPOP4,JPIB1_JPOP1,JPIBPC1_JPOP1,Abaixo da média simples do grupo,Abaixo da média simples do grupo,Abaixo da média simples do grupo,Abaixo da média simples do grupo
140003,1,Média Renda e Médio Dinamismo,1285753,21901.5603175144,58706,58872,208539994.2174325,107105465.8960857,3509788.136558533,833564.083984375,4343352.220542908,.0405521061339377,2,2,2,1,1,1,QPIB2_QPOP2,QPIBPC2_QPOP2,JPIB1_JPOP1,JPIBPC1_JPOP1,Abaixo da média simples do grupo,Abaixo da média simples do grupo,Abaixo da média simples do grupo,Abaixo da média simples do grupo
170006,1,Média Renda e Alto Dinamismo,3085508,33730.24618479164,91476,85492,681223280.5197966,139666287.5364096,100295881.5984879,669402.0570373535,100965283.6555252,.7229037546315861,3,3,2,1,1,1,QPIB3_QPOP2,QPIBPC3_QPOP2,JPIB1_JPOP1,JPIBPC1_JPOP1,Acima ou igual à média simples do grupo,Acima ou igual à média simples do grupo,Acima ou igual à média simples do grupo,Abaixo da média simples do grupo
410015,4,Alta Renda,14291952,46243.44219064968,309059,323026,5884418772.023934,2242526356.06097,284933743.7792108,28707802.97749328,313641546.7567041,.139860807392079,4,4,4,1,1,1,QPIB4_QPOP4,QPIBPC4_QPOP4,JPIB1_JPOP1,JPIBPC1_JPOP1,Acima ou igual à média simples do grupo,Abaixo da média simples do grupo,Abaixo da média simples do grupo,Abaixo da média simples do grupo
430028,4,Alta Renda,9068493,61147.58774147871,148305,146209,4206481397.202837,2125392504.20254,86579501.25280549,7655050.131278992,94234551.38408448,.044337481758195,4,4,3,1,1,1,QPIB4_QPOP3,QPIBPC4_QPOP3,JPIB1_JPOP1,JPIBPC1_JPOP1,Abaixo da média simples do grupo,Abaixo da média simples do grupo,Abaixo da média simples do grupo,Abaixo da média simples do grupo
1716109,1,Média Renda e Médio Dinamismo,1285136,24468.99335503894,52521,52167,724042929.0480568,157891667.6914413,15926772.85636139,0,15926772.85636139,.1008715221596505,2,2,2,1,1,1,QPIB2_QPOP2,QPIBPC2_QPOP2,JPIB1_JPOP1,JPIBPC1_JPOP1,Abaixo da média simples do grupo,Abaixo da média simples do grupo,Abaixo da média simples do grupo,Abaixo da média simples do grupo
1400308,1,Baixa Renda e Médio Dinamismo,370938,20070.23049453522,18482,17952,38225297.35362221,3451164.646324158,10687687.7755127,3221475.211738586,13909162.98725128,4.030280908813191,1,2,1,1,1,1,QPIB1_QPOP1,QPIBPC2_QPOP1,JPIB1_JPOP1,JPIBPC1_JPOP1,Acima ou igual à média simples do grupo,Acima ou igual à média simples do grupo,Acima ou igual à média simples do grupo,Acima ou igual à média simples do grupo
240007,2,Média Renda e Médio Dinamismo,2901640,15686.57555574777,184976,172193,1265316441.590474,548261355.3670367,1539335.847290039,48637907.33802032,50177243.18531036,.0915206638113659,3,2,3,1,1,1,QPIB3_QPOP3,QPIBPC2_QPOP3,JPIB1_JPOP1,JPIBPC1_JPOP1,Abaixo da média simples do grupo,Abaixo da média simples do grupo,Abaixo da média simples do grupo,Abaixo da média simples do grupo
2601052,2,Baixa Renda e Médio Dinamismo,154357,7372.802827665266,20936,19243,24524571.00139137,7915322.924944835,622213.9707641602,0,622213.9707641602,.0786087916644913,1,1,1,1,1,1,QPIB1_QPOP1,QPIBPC1_QPOP1,JPIB1_JPOP1,JPIBPC1_JPOP1,Abaixo da média simples do grupo,Abaixo da média simples do grupo,Abaixo da média simples do grupo,Abaixo da média simples do grupo
420024,4,Alta Renda,2154164,45714.61313187046,47122,48123,922414701.3438261,355797022.9542682,4249140.794792175,5880547.360481263,10129688.15527344,.0284704129089226,2,4,2,1,1,1,QPIB2_QPOP2,QPIBPC4_QPOP2,JPIB1_JPOP1,JPIBPC1_JPOP1,Abaixo da média simples do grupo,Abaixo da média simples do grupo,Abaixo da média simples do grupo,Abaixo da média simples do grupo
520002,5,Alta Renda,19276464,36208.70408042512,532371,528399,11931945285.29688,6198419916.332504,172269396.1062317,13599021.68891525,185868417.7951469,.0299864191687616,4,3,4,1,1,1,QPIB4_QPOP4,QPIBPC3_QPOP4,JPIB1_JPOP1,JPIBPC1_JPOP1,Abaixo da média simples do grupo,Abaixo da média simples do grupo,Abaixo da média simples do grupo,Abaixo da média simples do grupo
330009,3,Média Renda e Alto Dinamismo,7939100,51529.50950548131,154069,146447,2467371192.375028,1151590655.571388,21148920.88730621,18595665.86933136,39744586.75663757,.034512772888833,4,4,3,1,1,1,QPIB4_QPOP3,QPIBPC4_QPOP3,JPIB1_JPOP1,JPIBPC1_JPOP1,Abaixo da média simples do grupo,Abaixo da média simples do grupo,Abaixo da média simples do grupo,Abaixo da média simples do grupo
310056,3,Alta Renda,12101793,66637.26067827782,181607,177234,5147046272.461048,2185015295.413423,220535923.5007739,53059755.47621704,273595678.976991,.1252145371939945,4,4,3,1,1,1,QPIB4_QPOP3,QPIBPC4_QPOP3,JPIB1_JPOP1,JPIBPC1_JPOP1,Abaixo da média simples do grupo,Abaixo da média simples do grupo,Abaixo da média simples do grupo,Abaixo da média simples do grupo
310001,3,Média Renda e Médio Dinamismo,70211,14189.77364591754,4948,5114,42940889.29769898,11179689.91924286,466769.32421875,0,466769.32421875,.0417515447736463,1,1,1,1,1,1,QPIB1_QPOP1,QPIBPC1_QPOP1,JPIB1_JPOP1,JPIBPC1_JPOP1,Abaixo da média simples do grupo,Abaixo da média simples do grupo,Abaixo da média simples do grupo,Abaixo da média simples do grupo
310032,3,Média Renda e Baixo Dinamismo,3236153,17528.43903522313,184623,169647,2565991962.857101,996348919.4706712,19366276.08392105,11177186.36293793,30543462.44685898,.0306553877361414,3,2,3,1,1,1,QPIB3_QPOP3,QPIBPC2_QPOP3,JPIB1_JPOP1,JPIBPC1_JPOP1,Abaixo da média simples do grupo,Abaixo da média simples do grupo,Abaixo da média simples do grupo,Abaixo da média simples do grupo
2603454,2,Média Renda e Médio Dinamismo,1877946,11741.19853699709,159945,147533,820238064.5245675,268868449.2567434,71185.80126953125,54899.669921875,126085.4711914063,.0004689485565895,2,1,3,1,1,1,QPIB2_QPOP3,QPIBPC1_QPOP3,JPIB1_JPOP1,JPIBPC1_JPOP1,Abaixo da média simples do grupo,Abaixo da média simples do grupo,Abaixo da média simples do grupo,Abaixo da média simples do grupo
430033,4,Alta Renda,3457643,54056.92353391805,63963,62293,874275794.6603004,357214192.2264794,24103055.22519302,1479426.019897461,25582481.24509048,.0716166429044644,3,4,2,1,1,1,QPIB3_QPOP2,QPIBPC4_QPOP2,JPIB1_JPOP1,JPIBPC1_JPOP1,Abaixo da média simples do grupo,Abaixo da média simples do grupo,Abaixo da média simples do grupo,Abaixo da média simples do grupo
290005,2,Média Renda e Baixo Dinamismo,10155303,23340.48044790321,435094,393022,3263202782.304386,1747663310.224667,30104072.7379837,5645358.102401733,35749430.84038544,.0204555595069337,4,2,4,1,1,1,QPIB4_QPOP4,QPIBPC2_QPOP4,JPIB1_JPOP1,JPIBPC1_JPOP1,Abaixo da média simples do grupo,Abaixo da média simples do grupo,Abaixo da média simples do grupo,Abaixo da média simples do grupo
2109452,2,Média Renda e Médio Dinamismo,265396,8402.330146267333,31586,30768,69809567.85888672,18516379.00600433,93207.48095703125,8120.39990234375,101327.880859375,.005472337805708,1,1,1,1,1,1,QPIB1_QPOP1,QPIBPC1_QPOP1,JPIB1_JPOP1,JPIBPC1_JPOP1,Abaixo da média simples do grupo,Abaixo da média simples do grupo,Abaixo da média simples do grupo,Abaixo da média simples do grupo
220004,2,Baixa Renda e Médio Dinamismo,836170,9970.072017932942,83868,81354,150211470.8952599,47551786.21974564,1433175.174560547,0,1433175.174560547,.0301392500365302,1,1,2,1,1,1,QPIB1_QPOP2,QPIBPC1_QPOP2,JPIB1_JPOP1,JPIBPC1_JPOP1,Abaixo da média simples do grupo,Abaixo da média simples do grupo,Abaixo da média simples do grupo,Abaixo da média simples do grupo
320001,3,Média Renda e Baixo Dinamismo,6878426,102140.1778952527,67343,66014,1037950712.524447,292312563.645277,5036340.173217773,224482818.4127503,229519158.585968,.785184036306051,3,4,2,1,1,1,QPIB3_QPOP2,QPIBPC4_QPOP2,JPIB1_JPOP1,JPIBPC1_JPOP1,Acima ou igual à média simples do grupo,Acima ou igual à média simples do grupo,Acima ou igual à média simples do grupo,Acima ou igual à média simples do grupo
3106200,3,Alta Renda,92084333,36386.88766472215,2530701,2304445,114040523212.1025,46572817770.73302,25519279.88639069,656191425.5807781,681710705.4671688,.0146375233043246,4,3,4,1,1,1,QPIB4_QPOP4,QPIBPC3_QPOP4,JPIB1_JPOP1,JPIBPC1_JPOP1,Abaixo da média simples do grupo,Abaixo da média simples do grupo,Abaixo da média simples do grupo,Abaixo da média simples do grupo
510010,5,Alta Renda,3743955,34238.8978307788,109348,110680,1809060783.084324,318506301.7163931,349461453.5877801,8251546.955993652,357713000.5437738,1.12309551998218,3,3,2,1,1,1,QPIB3_QPOP2,QPIBPC3_QPOP2,JPIB1_JPOP1,JPIBPC1_JPOP1,Acima ou igual à média simples do grupo,Acima ou igual à média simples do grupo,Acima ou igual à média simples do grupo,Acima ou igual à média simples do grupo
250002,2,Baixa Renda e Médio Dinamismo,4153900,12935.25986360664,321130,303768,1035893964.095344,445040446.1558281,7609319.04472351,3975054.492962644,11584373.53768615,.0260299342177766,3,1,4,1,1,1,QPIB3_QPOP4,QPIBPC1_QPOP4,JPIB1_JPOP1,JPIBPC1_JPOP1,Abaixo da média simples do grupo,Abaixo da média simples do grupo,Abaixo da média simples do grupo,Abaixo da média simples do grupo
1600303,1,Média Renda e Baixo Dinamismo,11746296,22487.10364750544,522357,439909,5055142486.837414,1636319214.322155,6924824.106502533,2888478.922851563,9813303.029354095,.0059971813222393,4,2,4,1,1,1,QPIB4_QPOP4,QPIBPC2_QPOP4,JPIB1_JPOP1,JPIBPC1_JPOP1,Abaixo da média simples do grupo,Abaixo da média simples do grupo,Abaixo da média simples do grupo,Abaixo da média simples do grupo
220015,2,Baixa Renda e Alto Dinamismo,2668378,22106.0575935315,120708,117614,409040759.6473919,95650457.09074593,137382093.0689229,841869.49609375,138223962.5650166,1.445094636964256,2,2,2,1,1,1,QPIB2_QPOP2,QPIBPC2_QPOP2,JPIB1_JPOP1,JPIBPC1_JPOP1,Acima ou igual à média simples do grupo,Acima ou igual à média simples do grupo,Acima ou igual à média simples do grupo,Acima ou igual à média simples do grupo
210010,2,Baixa Renda e Médio Dinamismo,4135882,9921.537018512256,416859,382456,959732812.4989257,256140210.8415837,50133241.89160919,488163.2305908203,50621405.12220001,.1976316211963614,3,1,4,1,1,1,QPIB3_QPOP4,QPIBPC1_QPOP4,JPIB1_JPOP1,JPIBPC1_JPOP1,Abaixo da média simples do grupo,Acima ou igual à média simples do grupo,Abaixo da média simples do grupo,Abaixo da média simples do grupo
210022,2,Média Renda e Alto Dinamismo,11622213,50643.87835582533,229489,232973,2842721571.557594,712141911.697821,722314384.0808787,1294907.114807129,723609291.1956859,1.016102660592642,4,4,3,1,1,1,QPIB4_QPOP3,QPIBPC4_QPOP3,JPIB1_JPOP1,JPIBPC1_JPOP1,Acima ou igual à média simples do grupo,Acima ou igual à média simples do grupo,Acima ou igual à média simples do grupo,Acima ou igual à média simples do grupo
1301100,1,Baixa Renda e Médio Dinamismo,379542,9776.970633693973,38820,30706,23944237.64832878,2419068.84262085,235293.3608398438,0,235293.3608398438,.0972660871382743,1,1,1,1,1,1,QPIB1_QPOP1,QPIBPC1_QPOP1,JPIB1_JPOP1,JPIBPC1_JPOP1,Abaixo da média simples do grupo,Abaixo da média simples do grupo,Abaixo da média simples do grupo,Abaixo da média simples do grupo
510011,5,Média Renda e Alto Dinamismo,3379523,34241.74231985085,98696,89959,1450672989.223923,245818471.6480577,237063851.3122788,93439560.74847984,330503412.0607587,1.344501940171306,3,3,2,1,1,1,QPIB3_QPOP2,QPIBPC3_QPOP2,JPIB1_JPOP1,JPIBPC1_JPOP1,Acima ou igual à média simples do grupo,Acima ou igual à média simples do grupo,Acima ou igual à média simples do grupo,Acima ou igual à média simples do grupo
270009,2,Baixa Renda e Médio Dinamismo,1903988,11771.9783107352,161739,148657,320928466.5079174,81330628.31123137,924512.8601074219,563184.4819335938,1487697.342041016,.0182919691256777,2,1,3,1,1,1,QPIB2_QPOP3,QPIBPC1_QPOP3,JPIB1_JPOP1,JPIBPC1_JPOP1,Abaixo da média simples do grupo,Abaixo da média simples do grupo,Abaixo da média simples do grupo,Abaixo da média simples do grupo
310017,3,Média Renda e Médio Dinamismo,1171410,10738.50666911124,109085,94996,571745511.9037693,149359073.2542787,6721663.868415833,145914336.5337896,152636000.4022055,1.021939926892476,2,1,2,1,1,1,QPIB2_QPOP2,QPIBPC1_QPOP2,JPIB1_JPOP1,JPIBPC1_JPOP1,Acima ou igual à média simples do grupo,Acima ou igual à média simples do grupo,Acima ou igual à média simples do grupo,Acima ou igual à média simples do grupo
290017,2,Baixa Renda e Alto Dinamismo,2695033,11524.77046958054,233847,216965,784877294.870666,197504759.0045109,27754920.81709289,15285740.64712524,43040661.46421814,.2179221487176171,2,1,3,1,1,1,QPIB2_QPOP3,QPIBPC1_QPOP3,JPIB1_JPOP1,JPIBPC1_JPOP1,Abaixo da média simples do grupo,Acima ou igual à média simples do grupo,Abaixo da média simples do grupo,Abaixo da média simples do grupo
420013,4,Alta Renda,1963902,46524.73230361035,42212,45288,1272451963.201402,780764283.9449763,8313732.659584045,1235712.578796387,9549445.238380432,.0122308940543871,2,4,1,1,1,1,QPIB2_QPOP1,QPIBPC4_QPOP1,JPIB1_JPOP1,JPIBPC1_JPOP1,Abaixo da média simples do grupo,Abaixo da média simples do grupo,Abaixo da média simples do grupo,Abaixo da média simples do grupo
150002,1,Baixa Renda e Médio Dinamismo,2684169,11396.0031587528,235536,224119,201662412.198321,53137356.29802734,256081.68359375,0,256081.68359375,.0048192402000108,2,1,3,1,1,1,QPIB2_QPOP3,QPIBPC1_QPOP3,JPIB1_JPOP1,JPIBPC1_JPOP1,Abaixo da média simples do grupo,Abaixo da média simples do grupo,Abaixo da média simples do grupo,Abaixo da média simples do grupo
220010,2,Baixa Renda e Alto Dinamismo,1276917,15911.54004311473,80251,77849,187304199.060925,44203276.696064,101414.109375,1479282.049316406,1580696.158691406,.0357597055430996,2,2,2,1,1,1,QPIB2_QPOP2,QPIBPC2_QPOP2,JPIB1_JPOP1,JPIBPC1_JPOP1,Abaixo da média simples do grupo,Abaixo da média simples do grupo,Abaixo da média simples do grupo,Abaixo da média simples do grupo
430016,4,Média Renda e Alto Dinamismo,4492246,32697.51361108685,137388,143587,1686548787.40196,478594786.9108347,140461484.0140569,3145254.360481263,143606738.3745382,.3000591362506693,3,3,3,1,1,1,QPIB3_QPOP3,QPIBPC3_QPOP3,JPIB1_JPOP1,JPIBPC1_JPOP1,Abaixo da média simples do grupo,Abaixo da média simples do grupo,Abaixo da média simples do grupo,Abaixo da média simples do grupo
350036,3,Alta Renda,24139809,38249.52227331354,631114,593148,18248351274.28428,10384799856.24138,172342307.3656417,23479575.04256439,195821882.4082061,.0188565870425047,4,3,4,1,1,1,QPIB4_QPOP4,QPIBPC3_QPOP4,JPIB1_JPOP1,JPIBPC1_JPOP1,Abaixo da média simples do grupo,Abaixo da média simples do grupo,Abaixo da média simples do grupo,Abaixo da média simples do grupo
150016,1,Média Renda e Alto Dinamismo,5388593,21146.2493868341,254825,267289,1953724387.321894,345611170.985837,52864770.99565078,118286253.1080628,171151024.1037136,.4952126507239757,3,2,4,1,1,1,QPIB3_QPOP4,QPIBPC2_QPOP4,JPIB1_JPOP1,JPIBPC1_JPOP1,Acima ou igual à média simples do grupo,Acima ou igual à média simples do grupo,Abaixo da média simples do grupo,Abaixo da média simples do grupo
1400159,1,Baixa Renda e Alto Dinamismo,514019,40470.75033461932,12701,13844,54912901.70131683,27020336.43000794,16272111.04541015,0,16272111.04541015,.6022171888037211,1,4,1,1,1,1,QPIB1_QPOP1,QPIBPC4_QPOP1,JPIB1_JPOP1,JPIBPC1_JPOP1,Abaixo da média simples do grupo,Abaixo da média simples do grupo,Abaixo da média simples do grupo,Abaixo da média simples do grupo
2312403,2,Baixa Renda e Alto Dinamismo,7061584,143219.5675982639,49306,54052,1763837489.931758,525291411.728399,0,352326.0625,352326.0625,.0006707249626274,3,4,2,1,1,1,QPIB3_QPOP2,QPIBPC4_QPOP2,JPIB1_JPOP1,JPIBPC1_JPOP1,Abaixo da média simples do grupo,Abaixo da média simples do grupo,Abaixo da média simples do grupo,Abaixo da média simples do grupo
520010,5,Alta Renda,20546044,54403.69221970084,377659,341510,8972317832.539965,3242379358.670701,1218984796.739511,16036703.98274994,1235021500.722261,.380899754194275,4,4,4,1,1,1,QPIB4_QPOP4,QPIBPC4_QPOP4,JPIB1_JPOP1,JPIBPC1_JPOP1,Acima ou igual à média simples do grupo,Acima ou igual à média simples do grupo,Abaixo da média simples do grupo,Abaixo da média simples do grupo
2403608,2,Média Renda e Alto Dinamismo,510379,17429.78621678847,29282,61543,167397208.8540354,37087205.89877176,529857.679977417,3624.1298828125,533481.8098602295,.0143845241757049,1,2,1,1,1,1,QPIB1_QPOP1,QPIBPC2_QPOP1,JPIB1_JPOP1,JPIBPC1_JPOP1,Abaixo da média simples do grupo,Abaixo da média simples do grupo,Abaixo da média simples do grupo,Abaixo da média simples do grupo
130005,1,Baixa Renda e Alto Dinamismo,2699420,14700.88169782653,183623,217929,218016112.3182919,56021514.37386703,0,0,0,0,2,1,3,1,1,1,QPIB2_QPOP3,QPIBPC1_QPOP3,JPIB1_JPOP1,JPIBPC1_JPOP1,Abaixo da média simples do grupo,Abaixo da média simples do grupo,Abaixo da média simples do grupo,Abaixo da média simples do grupo
410019,4,Média Renda e Médio Dinamismo,2368284,34639.73438254179,68369,63660,1526166647.289095,395040061.8263202,40146565.2126379,477918.7802124023,40624483.9928503,.1028363650133057,2,3,2,1,1,1,QPIB2_QPOP2,QPIBPC3_QPOP2,JPIB1_JPOP1,JPIBPC1_JPOP1,Abaixo da média simples do grupo,Abaixo da média simples do grupo,Abaixo da média simples do grupo,Abaixo da média simples do grupo
210009,2,Baixa Renda e Médio Dinamismo,4786760,10140.92503770995,472024,402221,1018497772.628683,217587729.2112083,69080360.49700524,236362.8587646484,69316723.35576989,.3185690829489995,3,1,4,1,1,1,QPIB3_QPOP4,QPIBPC1_QPOP4,JPIB1_JPOP1,JPIBPC1_JPOP1,Acima ou igual à média simples do grupo,Acima ou igual à média simples do grupo,Abaixo da média simples do grupo,Abaixo da média simples do grupo
150013,1,Média Renda e Baixo Dinamismo,3796522,18059.41281680493,210224,137132,1295958341.044439,277612252.9485714,168334265.2687753,265578799.8500672,433913065.1188425,1.563018420513399,3,2,3,1,1,1,QPIB3_QPOP3,QPIBPC2_QPOP3,JPIB1_JPOP1,JPIBPC1_JPOP1,Acima ou igual à média simples do grupo,Acima ou igual à média simples do grupo,Acima ou igual à média simples do grupo,Acima ou igual à média simples do grupo
130007,1,Baixa Renda e Alto Dinamismo,1276331,11293.86519896293,113011,98926,34928887.81492233,3628443.952575683,180872.1588134766,0,180872.1588134766,.0498484091741538,2,1,2,1,1,1,QPIB2_QPOP2,QPIBPC1_QPOP2,JPIB1_JPOP1,JPIBPC1_JPOP1,Abaixo da média simples do grupo,Abaixo da média simples do grupo,Abaixo da média simples do grupo,Abaixo da média simples do grupo
2919926,2,Média Renda e Baixo Dinamismo,467772,21502.80408200791,21754,18369,242693269.6727791,59658956.21058273,0,0,0,0,1,2,1,1,1,1,QPIB1_QPOP1,QPIBPC2_QPOP1,JPIB1_JPOP1,JPIBPC1_JPOP1,Abaixo da média simples do grupo,Abaixo da média simples do grupo,Abaixo da média simples do grupo,Abaixo da média simples do grupo
2107506,2,Média Renda e Médio Dinamismo,1127480,9000.758392208518,125265,145287,472600239.8111461,111599923.5553861,0,0,0,0,2,1,3,1,1,1,QPIB2_QPOP3,QPIBPC1_QPOP3,JPIB1_JPOP1,JPIBPC1_JPOP1,Abaixo da média simples do grupo,Abaixo da média simples do grupo,Abaixo da média simples do grupo,Abaixo da média simples do grupo
2600054,2,Baixa Renda e Baixo Dinamismo,1443077,14330.74142485452,100698,96695,816074817.8388946,431268813.300333,0,0,0,0,2,1,2,1,1,1,QPIB2_QPOP2,QPIBPC1_QPOP2,JPIB1_JPOP1,JPIBPC1_JPOP1,Abaixo da média simples do grupo,Abaixo da média simples do grupo,Abaixo da média simples do grupo,Abaixo da média simples do grupo
2313500,2,Baixa Renda e Alto Dinamismo,1039052,18340.63509434628,56653,58387,192501478.9749308,79557655.65697694,0,0,0,0,2,2,2,1,1,1,QPIB2_QPOP2,QPIBPC2_QPOP2,JPIB1_JPOP1,JPIBPC1_JPOP1,Abaixo da média simples do grupo,Abaixo da média simples do grupo,Abaixo da média simples do grupo,Abaixo da média simples do grupo
3109006,3,Alta Renda,4252684,103200.4465152398,41208,38702,1262164759.746899,163004306.7097112,3071863.61958313,552253743.4477149,555325607.0672981,3.406815551544037,3,4,1,1,1,1,QPIB3_QPOP1,QPIBPC4_QPOP1,JPIB1_JPOP1,JPIBPC1_JPOP1,Abaixo da média simples do grupo,Acima ou igual à média simples do grupo,Acima ou igual à média simples do grupo,Acima ou igual à média simples do grupo
210005,2,Baixa Renda e Médio Dinamismo,2035648,7614.681369981895,267332,244034,203216827.2132203,24537535.51047514,1638433.632324219,0,1638433.632324219,.0667725424839331,2,1,4,1,1,1,QPIB2_QPOP4,QPIBPC1_QPOP4,JPIB1_JPOP1,JPIBPC1_JPOP1,Abaixo da média simples do grupo,Abaixo da média simples do grupo,Abaixo da média simples do grupo,Abaixo da média simples do grupo
170008,1,Média Renda e Médio Dinamismo,835140,16071.51104610884,51964,46528,274640941.0466027,129921371.7644992,15826700.03897858,461189.8283081055,16287889.86728668,.1253672867371719,1,2,2,1,1,1,QPIB1_QPOP2,QPIBPC2_QPOP2,JPIB1_JPOP1,JPIBPC1_JPOP1,Abaixo da média simples do grupo,Abaixo da média simples do grupo,Abaixo da média simples do grupo,Abaixo da média simples do grupo
240006,2,Baixa Renda e Médio Dinamismo,944546,13686.29553423943,69014,63592,167329232.1539021,44979976.88844681,2593125.101119995,457151.0843505859,3050276.185470581,.0678140896567257,1,1,2,1,1,1,QPIB1_QPOP2,QPIBPC1_QPOP2,JPIB1_JPOP1,JPIBPC1_JPOP1,Abaixo da média simples do grupo,Abaixo da média simples do grupo,Abaixo da média simples do grupo,Abaixo da média simples do grupo
150007,1,Baixa Renda e Baixo Dinamismo,7843703,21251.52199063099,369089,288541,2974787847.574849,625091291.5520561,361587301.5363555,377909866.1950836,739497167.7314391,1.183022668409476,4,2,4,1,1,1,QPIB4_QPOP4,QPIBPC2_QPOP4,JPIB1_JPOP1,JPIBPC1_JPOP1,Acima ou igual à média simples do grupo,Acima ou igual à média simples do grupo,Acima ou igual à média simples do grupo,Acima ou igual à média simples do grupo
410004,4,Média Renda e Alto Dinamismo,13405033,37748.42797403658,355115,339104,6015165081.911168,1740664499.871446,302118269.5290769,10944993.25245667,313063262.7815336,.1798527302674665,4,3,4,1,1,1,QPIB4_QPOP4,QPIBPC3_QPOP4,JPIB1_JPOP1,JPIBPC1_JPOP1,Acima ou igual à média simples do grupo,Acima ou igual à média simples do grupo,Abaixo da média simples do grupo,Abaixo da média simples do grupo
520014,5,Média Renda e Alto Dinamismo,3160209,31152.25148850598,101444,101473,958129645.7744665,219459679.6576229,151151608.467535,5353137.308425903,156504745.775961,.7131366728508974,3,3,2,1,1,1,QPIB3_QPOP2,QPIBPC3_QPOP2,JPIB1_JPOP1,JPIBPC1_JPOP1,Acima ou igual à média simples do grupo,Acima ou igual à média simples do grupo,Acima ou igual à média simples do grupo,Abaixo da média simples do grupo
2303709,2,Média Renda e Alto Dinamismo,8414843,22809.52135704953,368918,354973,2965780669.332638,1232882890.330598,3776463.996276856,42550103.57058525,46326567.56686211,.0375758053990348,4,2,4,1,1,1,QPIB4_QPOP4,QPIBPC2_QPOP4,JPIB1_JPOP1,JPIBPC1_JPOP1,Abaixo da média simples do grupo,Abaixo da média simples do grupo,Abaixo da média simples do grupo,Abaixo da média simples do grupo
310048,3,Média Renda e Médio Dinamismo,1930862,21058.12938969594,91692,86516,1165737213.584365,528742718.011662,27045875.59538269,14053003.6889801,41098879.28436279,.0777294473934605,2,2,2,1,1,1,QPIB2_QPOP2,QPIBPC2_QPOP2,JPIB1_JPOP1,JPIBPC1_JPOP1,Abaixo da média simples do grupo,Abaixo da média simples do grupo,Abaixo da média simples do grupo,Abaixo da média simples do grupo
1303536,1,Média Renda e Médio Dinamismo,988809,25956.39847749049,38095,30646,564579779.5325165,22105066.72379303,139556531.8482437,11152060.70349121,150708592.551735,6.817830248370981,2,3,1,1,1,1,QPIB2_QPOP1,QPIBPC3_QPOP1,JPIB1_JPOP1,JPIBPC1_JPOP1,Acima ou igual à média simples do grupo,Acima ou igual à média simples do grupo,Acima ou igual à média simples do grupo,Acima ou igual à média simples do grupo
430006,4,Média Renda e Médio Dinamismo,1020494,27262.60953195127,37432,34171,446002664.4677451,70062097.86518265,17813680.65810013,36949836.51702882,54763517.17512894,.7816425548733626,2,3,1,1,1,1,QPIB2_QPOP1,QPIBPC3_QPOP1,JPIB1_JPOP1,JPIBPC1_JPOP1,Acima ou igual à média simples do grupo,Abaixo da média simples do grupo,Acima ou igual à média simples do grupo,Acima ou igual à média simples do grupo
160001,1,Baixa Renda e Médio Dinamismo,85683,14953.40314136126,5730,5599,1712154.713317871,253324.7817382813,239613.8131713867,0,239613.8131713867,.9458759286288073,1,1,1,1,1,1,QPIB1_QPOP1,QPIBPC1_QPOP1,JPIB1_JPOP1,JPIBPC1_JPOP1,Abaixo da média simples do grupo,Abaixo da média simples do grupo,Acima ou igual à média simples do grupo,Acima ou igual à média simples do grupo
260004,2,Baixa Renda e Médio Dinamismo,2530096,10871.79927896494,232721,209116,722744412.3656671,279680369.8189244,30982693.42294098,4351207.432617188,35333900.85555817,.1263367210163326,2,1,3,1,1,1,QPIB2_QPOP3,QPIBPC1_QPOP3,JPIB1_JPOP1,JPIBPC1_JPOP1,Abaixo da média simples do grupo,Abaixo da média simples do grupo,Abaixo da média simples do grupo,Abaixo da média simples do grupo
290025,2,Baixa Renda e Médio Dinamismo,2068268,10054.58328471979,205704,192283,544486553.0728524,186760183.9074231,6129196.197128296,3997941.682128906,10127137.8792572,.0542253582502211,2,1,3,1,1,1,QPIB2_QPOP3,QPIBPC1_QPOP3,JPIB1_JPOP1,JPIBPC1_JPOP1,Abaixo da média simples do grupo,Abaixo da média simples do grupo,Abaixo da média simples do grupo,Abaixo da média simples do grupo
310042,3,Média Renda e Médio Dinamismo,7216813,27471.37642128183,262703,248604,3625244469.457557,1949265055.03399,31974654.35234237,8178288.425140977,40152942.77748335,.0205990163696764,3,3,4,1,1,1,QPIB3_QPOP4,QPIBPC3_QPOP4,JPIB1_JPOP1,JPIBPC1_JPOP1,Abaixo da média simples do grupo,Abaixo da média simples do grupo,Abaixo da média simples do grupo,Abaixo da média simples do grupo
170003,1,Média Renda e Alto Dinamismo,2861846,44147.25800231392,64825,60781,651731712.6536224,196538522.995717,299285999.636054,141538.0305786133,299427537.6666327,1.523505586093968,3,4,2,1,1,1,QPIB3_QPOP2,QPIBPC4_QPOP2,JPIB1_JPOP1,JPIBPC1_JPOP1,Acima ou igual à média simples do grupo,Acima ou igual à média simples do grupo,Acima ou igual à média simples do grupo,Acima ou igual à média simples do grupo
310012,3,Média Renda e Médio Dinamismo,1052546,10873.18443833805,96802,91630,282270572.6226118,106863374.4779105,13781416.63168335,3358385.984832764,17139802.61651611,.1603898688419112,2,1,2,1,1,1,QPIB2_QPOP2,QPIBPC1_QPOP2,JPIB1_JPOP1,JPIBPC1_JPOP1,Abaixo da média simples do grupo,Abaixo da média simples do grupo,Abaixo da média simples do grupo,Abaixo da média simples do grupo
170005,1,Média Renda e Médio Dinamismo,8443095,25329.23434153132,333334,300122,3992404625.702966,1147299397.125449,376793821.0368824,8180865.553955078,384974686.5908375,.3355485826588848,4,3,4,1,1,1,QPIB4_QPOP4,QPIBPC3_QPOP4,JPIB1_JPOP1,JPIBPC1_JPOP1,Acima ou igual à média simples do grupo,Acima ou igual à média simples do grupo,Abaixo da média simples do grupo,Abaixo da média simples do grupo
430041,4,Alta Renda,13493695,45671.82491732922,295449,291817,8999936187.23485,5006766112.513102,17619697.53321457,51259031.93416763,68878729.46738219,.0137571294363517,4,4,4,1,1,1,QPIB4_QPOP4,QPIBPC4_QPOP4,JPIB1_JPOP1,JPIBPC1_JPOP1,Abaixo da média simples do grupo,Abaixo da média simples do grupo,Abaixo da média simples do grupo,Abaixo da média simples do grupo
420014,4,Alta Renda,4884355,45365.80721862055,107666,100431,3207587986.385422,1563778571.735003,92129748.2257086,7563981.661231995,99693729.8869406,.0637518199116458,3,4,2,1,1,1,QPIB3_QPOP2,QPIBPC4_QPOP2,JPIB1_JPOP1,JPIBPC1_JPOP1,Abaixo da média simples do grupo,Abaixo da média simples do grupo,Abaixo da média simples do grupo,Abaixo da média simples do grupo
170007,1,Média Renda e Médio Dinamismo,1704592,24689.91888760139,69040,62987,473311636.0926025,114653737.7610128,79806032.1856451,3714062.160903931,83520094.34654903,.7284550506381263,2,2,2,1,1,1,QPIB2_QPOP2,QPIBPC2_QPOP2,JPIB1_JPOP1,JPIBPC1_JPOP1,Acima ou igual à média simples do grupo,Acima ou igual à média simples do grupo,Acima ou igual à média simples do grupo,Abaixo da média simples do grupo
2205508,2,Baixa Renda e Médio Dinamismo,366611,9291.405834199255,39457,42559,80292735.43885422,25761748.2500267,664829.8576660156,0,664829.8576660156,.0258068610566958,1,1,1,1,1,1,QPIB1_QPOP1,QPIBPC1_QPOP1,JPIB1_JPOP1,JPIBPC1_JPOP1,Abaixo da média simples do grupo,Abaixo da média simples do grupo,Abaixo da média simples do grupo,Abaixo da média simples do grupo
350020,3,Alta Renda,3411309,24829.56423003297,137389,127007,2259841297.531927,570987636.5879114,59082063.39436127,6745851.864906312,65827915.25926758,.1152878119264365,3,2,3,1,1,1,QPIB3_QPOP3,QPIBPC2_QPOP3,JPIB1_JPOP1,JPIBPC1_JPOP1,Abaixo da média simples do grupo,Abaixo da média simples do grupo,Abaixo da média simples do grupo,Abaixo da média simples do grupo
230006,2,Baixa Renda e Médio Dinamismo,4225592,12450.80631616787,339383,324440,1515280909.046431,966334048.6385379,3810615.122978211,3759347.84967041,7569962.972648621,.0078336916548826,3,1,4,1,1,1,QPIB3_QPOP4,QPIBPC1_QPOP4,JPIB1_JPOP1,JPIBPC1_JPOP1,Abaixo da média simples do grupo,Abaixo da média simples do grupo,Abaixo da média simples do grupo,Abaixo da média simples do grupo
510009,5,Média Renda e Médio Dinamismo,4132460,26532.13742271417,155753,127634,2067685136.266032,398767015.0169469,233854079.5243301,136616063.0846558,370470142.6089859,.9290390846224871,3,3,3,1,1,1,QPIB3_QPOP3,QPIBPC3_QPOP3,JPIB1_JPOP1,JPIBPC1_JPOP1,Acima ou igual à média simples do grupo,Acima ou igual à média simples do grupo,Acima ou igual à média simples do grupo,Acima ou igual à média simples do grupo
410026,4,Média Renda e Médio Dinamismo,1643107,27406.12803149081,59954,57158,681691260.1983151,216931883.0845742,76684561.16098404,26878792.66577148,103563353.8267555,.4774003357836513,2,3,2,1,1,1,QPIB2_QPOP2,QPIBPC3_QPOP2,JPIB1_JPOP1,JPIBPC1_JPOP1,Acima ou igual à média simples do grupo,Abaixo da média simples do grupo,Abaixo da média simples do grupo,Abaixo da média simples do grupo
210006,2,Baixa Renda e Médio Dinamismo,934056,7484.543021522781,124798,118414,196265103.3010516,67009667.11484313,0,414900.2778320313,414900.2778320313,.0061916480964002,1,1,2,1,1,1,QPIB1_QPOP2,QPIBPC1_QPOP2,JPIB1_JPOP1,JPIBPC1_JPOP1,Abaixo da média simples do grupo,Abaixo da média simples do grupo,Abaixo da média simples do grupo,Abaixo da média simples do grupo
130008,1,Baixa Renda e Alto Dinamismo,1657270,12265.53479972764,135116,136222,172225698.6033478,12620967.5657692,53368997.16717148,0,53368997.16717148,4.228597917636662,2,1,3,1,1,1,QPIB2_QPOP3,QPIBPC1_QPOP3,JPIB1_JPOP1,JPIBPC1_JPOP1,Acima ou igual à média simples do grupo,Acima ou igual à média simples do grupo,Acima ou igual à média simples do grupo,Acima ou igual à média simples do grupo
2205557,2,Baixa Renda e Médio Dinamismo,73483,8534.610917537746,8610,8251,5535595.012947083,521986.6157226563,20904,0,20904,.0400470038318124,1,1,1,1,1,1,QPIB1_QPOP1,QPIBPC1_QPOP1,JPIB1_JPOP1,JPIBPC1_JPOP1,Abaixo da média simples do grupo,Abaixo da média simples do grupo,Abaixo da média simples do grupo,Abaixo da média simples do grupo
430001,4,Média Renda e Médio Dinamismo,2905354,38956.73044690864,74579,69243,805039616.2352883,318972070.7657282,115468594.7040646,1542637.61882019,117011232.3228848,.3668384885296893,3,3,2,1,1,1,QPIB3_QPOP2,QPIBPC3_QPOP2,JPIB1_JPOP1,JPIBPC1_JPOP1,Abaixo da média simples do grupo,Abaixo da média simples do grupo,Abaixo da média simples do grupo,Abaixo da média simples do grupo
2700508,2,Baixa Renda e Médio Dinamismo,255659,15780.44565150299,16201,16324,46489207.56730987,30082348.94208908,881424.271484375,0,881424.271484375,.0293003805381417,1,2,1,1,1,1,QPIB1_QPOP1,QPIBPC2_QPOP1,JPIB1_JPOP1,JPIBPC1_JPOP1,Abaixo da média simples do grupo,Abaixo da média simples do grupo,Abaixo da média simples do grupo,Abaixo da média simples do grupo
2407104,2,Média Renda e Baixo Dinamismo,1561057,18846.97203844111,82828,82175,803546568.3099617,368198676.2481502,1888990.385925293,10115221.72473526,12004212.11066055,.0326025401095419,2,2,2,1,1,1,QPIB2_QPOP2,QPIBPC2_QPOP2,JPIB1_JPOP1,JPIBPC1_JPOP1,Abaixo da média simples do grupo,Abaixo da média simples do grupo,Abaixo da média simples do grupo,Abaixo da média simples do grupo
310024,3,Média Renda e Baixo Dinamismo,27407818,42097.22299020059,651060,594661,11536596378.70084,4105634750.702145,162171403.330533,137463401.0270369,299634804.3575699,.0729813591689632,4,4,4,1,1,1,QPIB4_QPOP4,QPIBPC4_QPOP4,JPIB1_JPOP1,JPIBPC1_JPOP1,Abaixo da média simples do grupo,Abaixo da média simples do grupo,Abaixo da média simples do grupo,Abaixo da média simples do grupo
310016,3,Média Renda e Alto Dinamismo,2095403,16565.76013914144,126490,125632,991761400.2668993,398004362.2933269,42788848.60452057,56706070.84053802,99494919.44505858,.2499844948225251,2,2,3,1,1,1,QPIB2_QPOP3,QPIBPC2_QPOP3,JPIB1_JPOP1,JPIBPC1_JPOP1,Acima ou igual à média simples do grupo,Abaixo da média simples do grupo,Abaixo da média simples do grupo,Abaixo da média simples do grupo
520001,5,Média Renda e Alto Dinamismo,100001,25987.78586278586,3848,3716,19218564.21066849,4926194.523765564,4543869.417053223,0,4543869.417053223,.9223893606174338,1,3,1,1,1,1,QPIB1_QPOP1,QPIBPC3_QPOP1,JPIB1_JPOP1,JPIBPC1_JPOP1,Abaixo da média simples do grupo,Acima ou igual à média simples do grupo,Acima ou igual à média simples do grupo,Acima ou igual à média simples do grupo
270010,2,Baixa Renda e Médio Dinamismo,1476162,10062.72836341823,146696,136901,330802569.2001963,116936382.0846062,68034.1201171875,0,68034.1201171875,.0005818045582081,2,1,3,1,1,1,QPIB2_QPOP3,QPIBPC1_QPOP3,JPIB1_JPOP1,JPIBPC1_JPOP1,Abaixo da média simples do grupo,Abaixo da média simples do grupo,Abaixo da média simples do grupo,Abaixo da média simples do grupo
2916104,2,Média Renda e Baixo Dinamismo,230210,10258.91265597148,22440,19666,91409761.43230057,43700640.16685104,0,135943.4372558594,135943.4372558594,.0031107882341499,1,1,1,1,1,1,QPIB1_QPOP1,QPIBPC1_QPOP1,JPIB1_JPOP1,JPIBPC1_JPOP1,Abaixo da média simples do grupo,Abaixo da média simples do grupo,Abaixo da média simples do grupo,Abaixo da média simples do grupo
1301159,1,Baixa Renda e Baixo Dinamismo,407836,12964.04844400648,31459,19570,5302322.886962891,211292.6994628906,0,0,0,0,1,1,1,1,1,1,QPIB1_QPOP1,QPIBPC1_QPOP1,JPIB1_JPOP1,JPIBPC1_JPOP1,Abaixo da média simples do grupo,Abaixo da média simples do grupo,Abaixo da média simples do grupo,Abaixo da média simples do grupo
410002,4,Média Renda e Médio Dinamismo,14513223,47970.6191496113,302544,300659,5785331125.50696,1331353458.975553,1057802.8984375,15721868.81008911,16779671.70852661,.0126034687448352,4,4,4,1,1,1,QPIB4_QPOP4,QPIBPC4_QPOP4,JPIB1_JPOP1,JPIBPC1_JPOP1,Abaixo da média simples do grupo,Abaixo da média simples do grupo,Abaixo da média simples do grupo,Abaixo da média simples do grupo
220013,2,Baixa Renda e Médio Dinamismo,1250930,11198.61419465731,111704,112666,253889728.4805405,56196135.75946999,139706.6884765625,0,139706.6884765625,.002486055074579,2,1,2,1,1,1,QPIB2_QPOP2,QPIBPC1_QPOP2,JPIB1_JPOP1,JPIBPC1_JPOP1,Abaixo da média simples do grupo,Abaixo da média simples do grupo,Abaixo da média simples do grupo,Abaixo da média simples do grupo
210013,2,Baixa Renda e Médio Dinamismo,2880214,10294.93512528148,279770,254899,862080185.4777739,196124215.9837399,58428005.60683918,4363605.370521545,62791610.97736073,.3201624575649884,3,1,4,1,1,1,QPIB3_QPOP4,QPIBPC1_QPOP4,JPIB1_JPOP1,JPIBPC1_JPOP1,Acima ou igual à média simples do grupo,Acima ou igual à média simples do grupo,Abaixo da média simples do grupo,Abaixo da média simples do grupo
150011,1,Baixa Renda e Baixo Dinamismo,9071105,22457.01009080736,403932,315392,1243090377.042953,222392197.8506277,97921926.63849258,274566.8310546875,98196493.46954727,.4415464859765544,4,2,4,1,1,1,QPIB4_QPOP4,QPIBPC2_QPOP4,JPIB1_JPOP1,JPIBPC1_JPOP1,Acima ou igual à média simples do grupo,Acima ou igual à média simples do grupo,Abaixo da média simples do grupo,Abaixo da média simples do grupo
520013,5,Alta Renda,2123971,35159.84373189425,60409,61504,723960447.4076068,348935162.9028704,53064652.53122711,18576559.5595932,71641212.09082031,.2053138224729801,2,3,2,1,1,1,QPIB2_QPOP2,QPIBPC3_QPOP2,JPIB1_JPOP1,JPIBPC1_JPOP1,Abaixo da média simples do grupo,Abaixo da média simples do grupo,Abaixo da média simples do grupo,Abaixo da média simples do grupo
420009,4,Alta Renda,6879076,41582.75051229818,165431,171390,3983743011.389804,2079920266.642619,25300498.40821838,13106185.92046881,38406684.32868719,.0184654599239435,3,4,3,1,1,1,QPIB3_QPOP3,QPIBPC4_QPOP3,JPIB1_JPOP1,JPIBPC1_JPOP1,Abaixo da média simples do grupo,Abaixo da média simples do grupo,Abaixo da média simples do grupo,Abaixo da média simples do grupo
290020,2,Baixa Renda e Médio Dinamismo,4868965,11879.49387966223,409863,396522,1494723579.443002,492544194.7162721,1950533.076965332,35116739.62252426,37067272.69948959,.0752567446680435,3,1,4,1,1,1,QPIB3_QPOP4,QPIBPC1_QPOP4,JPIB1_JPOP1,JPIBPC1_JPOP1,Abaixo da média simples do grupo,Abaixo da média simples do grupo,Abaixo da média simples do grupo,Abaixo da média simples do grupo
420023,4,Alta Renda,2005176,36199.08652717852,55393,59625,1565995302.281666,833043657.0693283,5632136.946716309,3366852.24010849,8998989.186824799,.0108025421122388,2,3,2,1,1,1,QPIB2_QPOP2,QPIBPC3_QPOP2,JPIB1_JPOP1,JPIBPC1_JPOP1,Abaixo da média simples do grupo,Abaixo da média simples do grupo,Abaixo da média simples do grupo,Abaixo da média simples do grupo
220005,2,Baixa Renda e Médio Dinamismo,856761,9157.734405062209,93556,92940,108902894.4748175,26751735.36473846,732686.2485351563,0,732686.2485351563,.0273883633545849,1,1,2,1,1,1,QPIB1_QPOP2,QPIBPC1_QPOP2,JPIB1_JPOP1,JPIBPC1_JPOP1,Abaixo da média simples do grupo,Abaixo da média simples do grupo,Abaixo da média simples do grupo,Abaixo da média simples do grupo
290018,2,Média Renda e Alto Dinamismo,27312072,52997.33772130677,515348,521606,7665799763.482162,2516067438.554896,1489231370.996345,10469824.75527954,1499701195.751625,.5960496816464421,4,4,4,1,1,1,QPIB4_QPOP4,QPIBPC4_QPOP4,JPIB1_JPOP1,JPIBPC1_JPOP1,Acima ou igual à média simples do grupo,Acima ou igual à média simples do grupo,Abaixo da média simples do grupo,Abaixo da média simples do grupo
330014,3,Alta Renda,32679803,60801.44339180329,537484,505710,36795070686.08937,8392929220.171297,51244262.91589738,15998941712.46475,16050185975.38065,1.912346161195563,4,4,4,1,1,1,QPIB4_QPOP4,QPIBPC4_QPOP4,JPIB1_JPOP1,JPIBPC1_JPOP1,Acima ou igual à média simples do grupo,Acima ou igual à média simples do grupo,Acima ou igual à média simples do grupo,Acima ou igual à média simples do grupo
410020,4,Média Renda e Alto Dinamismo,1713462,28223.71932136386,60710,60413,878768800.3829772,371430458.7791325,52805258.9922905,8910967.691589355,61716226.68387985,.1661582275366889,2,3,2,1,1,1,QPIB2_QPOP2,QPIBPC3_QPOP2,JPIB1_JPOP1,JPIBPC1_JPOP1,Abaixo da média simples do grupo,Abaixo da média simples do grupo,Abaixo da média simples do grupo,Abaixo da média simples do grupo
420012,4,Alta Renda,2766433,52104.43741289034,53094,55407,1427629908.561011,852942803.4122026,2548729.034252167,1360838.335266114,3909567.36951828,.0045836219660662,2,4,2,1,1,1,QPIB2_QPOP2,QPIBPC4_QPOP2,JPIB1_JPOP1,JPIBPC1_JPOP1,Abaixo da média simples do grupo,Abaixo da média simples do grupo,Abaixo da média simples do grupo,Abaixo da média simples do grupo
2501807,2,Média Renda e Médio Dinamismo,1176644,12065.79230714015,97519,82667,566038695.04494,180458061.3226825,0,0,0,0,2,1,2,1,1,1,QPIB2_QPOP2,QPIBPC1_QPOP2,JPIB1_JPOP1,JPIBPC1_JPOP1,Abaixo da média simples do grupo,Abaixo da média simples do grupo,Abaixo da média simples do grupo,Abaixo da média simples do grupo
2201606,2,Baixa Renda e Médio Dinamismo,87624,8361.866590323503,10479,9929,8340331.104043731,871338.3330993654,248171.2699279785,165608.1624755859,413779.4324035644,.4748780315124481,1,1,1,1,1,1,QPIB1_QPOP1,QPIBPC1_QPOP1,JPIB1_JPOP1,JPIBPC1_JPOP1,Abaixo da média simples do grupo,Abaixo da média simples do grupo,Abaixo da média simples do grupo,Abaixo da média simples do grupo
160004,1,Média Renda e Médio Dinamismo,1417737,26118.95725865881,54280,41769,225716141.8971298,8208980.154525757,52661346.11578655,56815635.14855432,109476981.2643409,13.33624630630691,2,3,2,1,1,1,QPIB2_QPOP2,QPIBPC3_QPOP2,JPIB1_JPOP1,JPIBPC1_JPOP1,Acima ou igual à média simples do grupo,Acima ou igual à média simples do grupo,Acima ou igual à média simples do grupo,Acima ou igual à média simples do grupo
310064,3,Alta Renda,6189078,43086.52701489109,143643,141726,3200057501.536995,1623340330.833831,125744215.9412575,4388943.045901794,130133158.9871593,.0801638180949501,3,4,3,1,1,1,QPIB3_QPOP3,QPIBPC4_QPOP3,JPIB1_JPOP1,JPIBPC1_JPOP1,Abaixo da média simples do grupo,Abaixo da média simples do grupo,Abaixo da média simples do grupo,Abaixo da média simples do grupo
3112505,3,Média Renda e Baixo Dinamismo,115679,11689.47049312854,9896,10637,47159923.48828674,18106347.60358047,1899373.746704102,1145201.364929199,3044575.111633301,.1681496002557272,1,1,1,1,1,1,QPIB1_QPOP1,QPIBPC1_QPOP1,JPIB1_JPOP1,JPIBPC1_JPOP1,Abaixo da média simples do grupo,Abaixo da média simples do grupo,Abaixo da média simples do grupo,Abaixo da média simples do grupo
350053,3,Média Renda e Médio Dinamismo,4229037,25509.3193553057,165784,148452,2934285681.054146,798718361.7369905,40999697.64990234,19349981.76007416,60349679.4099765,.0755581470278619,3,3,3,1,1,1,QPIB3_QPOP3,QPIBPC3_QPOP3,JPIB1_JPOP1,JPIBPC1_JPOP1,Abaixo da média simples do grupo,Abaixo da média simples do grupo,Abaixo da média simples do grupo,Abaixo da média simples do grupo
150020,1,Baixa Renda e Médio Dinamismo,3978817,9488.419732242079,419334,405204,371696967.1068497,88058613.78744698,14415036.35862732,0,14415036.35862732,.1636981975825995,3,1,4,1,1,1,QPIB3_QPOP4,QPIBPC1_QPOP4,JPIB1_JPOP1,JPIBPC1_JPOP1,Abaixo da média simples do grupo,Acima ou igual à média simples do grupo,Abaixo da média simples do grupo,Abaixo da média simples do grupo
220008,2,Baixa Renda e Médio Dinamismo,1335121,9109.101453230538,146570,144910,212440647.3868764,57227966.75893143,87461.54052734375,314522.2078247071,401983.7483520508,.0070242535445192,2,1,3,1,1,1,QPIB2_QPOP3,QPIBPC1_QPOP3,JPIB1_JPOP1,JPIBPC1_JPOP1,Abaixo da média simples do grupo,Abaixo da média simples do grupo,Abaixo da média simples do grupo,Abaixo da média simples do grupo
350041,3,Alta Renda,17897640,36868.37080051993,485447,491728,12648142480.20335,6101141769.688519,64816252.40018844,25293013.27770233,90109265.67789078,.0147692463278871,4,3,4,1,1,1,QPIB4_QPOP4,QPIBPC3_QPOP4,JPIB1_JPOP1,JPIBPC1_JPOP1,Abaixo da média simples do grupo,Abaixo da média simples do grupo,Abaixo da média simples do grupo,Abaixo da média simples do grupo
430011,4,Alta Renda,19512571,40225.13832655788,485084,457547,8040420245.5371,3101264912.97505,151148446.3330003,26635362.05059433,177783808.3835946,.0573262244188763,4,4,4,1,1,1,QPIB4_QPOP4,QPIBPC4_QPOP4,JPIB1_JPOP1,JPIBPC1_JPOP1,Abaixo da média simples do grupo,Abaixo da média simples do grupo,Abaixo da média simples do grupo,Abaixo da média simples do grupo
1504422,1,Média Renda e Médio Dinamismo,2122461,15627.9342031632,135812,110516,1247751794.229526,420529979.6433895,0,0,0,0,2,2,3,1,1,1,QPIB2_QPOP3,QPIBPC2_QPOP3,JPIB1_JPOP1,JPIBPC1_JPOP1,Abaixo da média simples do grupo,Abaixo da média simples do grupo,Abaixo da média simples do grupo,Abaixo da média simples do grupo
280003,2,Baixa Renda e Médio Dinamismo,2264515,14114.49211226697,160439,147891,585067770.4645307,225028215.155983,25269746.93406678,15158719.12335205,40428466.05741883,.1796595419351969,2,1,3,1,1,1,QPIB2_QPOP3,QPIBPC1_QPOP3,JPIB1_JPOP1,JPIBPC1_JPOP1,Abaixo da média simples do grupo,Abaixo da média simples do grupo,Abaixo da média simples do grupo,Abaixo da média simples do grupo
310061,3,Média Renda e Baixo Dinamismo,2560725,33254.87318675896,77003,74242,1016177808.053452,406933960.8410155,75215866.92302872,3296331.59487915,78512198.51790787,.1929359701403288,2,3,2,1,1,1,QPIB2_QPOP2,QPIBPC3_QPOP2,JPIB1_JPOP1,JPIBPC1_JPOP1,Abaixo da média simples do grupo,Abaixo da média simples do grupo,Abaixo da média simples do grupo,Abaixo da média simples do grupo
2511202,2,Baixa Renda e Baixo Dinamismo,511573,17882.790925298,28607,29574,278550969.8731251,50820174.72171021,13297265.55984497,11268078.06448364,24565343.62432861,.4833777876374435,1,2,1,1,1,1,QPIB1_QPOP1,QPIBPC2_QPOP1,JPIB1_JPOP1,JPIBPC1_JPOP1,Abaixo da média simples do grupo,Abaixo da média simples do grupo,Abaixo da média simples do grupo,Abaixo da média simples do grupo
2706901,2,Baixa Renda e Baixo Dinamismo,625363,17710.64854148966,35310,35361,387594515.0996999,76836576.65158844,9210737.489536285,42856631.7111969,52067369.20073318,.6776378057136776,1,2,1,1,1,1,QPIB1_QPOP1,QPIBPC2_QPOP1,JPIB1_JPOP1,JPIBPC1_JPOP1,Abaixo da média simples do grupo,Abaixo da média simples do grupo,Abaixo da média simples do grupo,Abaixo da média simples do grupo
2611606,2,Alta Renda,45167887,27192.91072878845,1661017,1478148,49664626882.98398,21002940581.83612,45359620.45454025,16612113.48339844,61971733.93793869,.002950621780625,4,3,4,1,1,1,QPIB4_QPOP4,QPIBPC3_QPOP4,JPIB1_JPOP1,JPIBPC1_JPOP1,Abaixo da média simples do grupo,Abaixo da média simples do grupo,Abaixo da média simples do grupo,Abaixo da média simples do grupo
310008,3,Média Renda e Médio Dinamismo,2418872,12494.10901803193,193601,182003,961771088.0256048,275413346.5516481,65461602.3177042,24374860.8473587,89836463.1650629,.3261877621033006,2,1,3,1,1,1,QPIB2_QPOP3,QPIBPC1_QPOP3,JPIB1_JPOP1,JPIBPC1_JPOP1,Acima ou igual à média simples do grupo,Acima ou igual à média simples do grupo,Abaixo da média simples do grupo,Abaixo da média simples do grupo
260017,2,Baixa Renda e Baixo Dinamismo,2312902,11838.9365492107,195364,180202,728239105.2760395,242406175.7991529,108286.9306640625,3852244.016155243,3960530.946819305,.0163384077726668,2,1,3,1,1,1,QPIB2_QPOP3,QPIBPC1_QPOP3,JPIB1_JPOP1,JPIBPC1_JPOP1,Abaixo da média simples do grupo,Abaixo da média simples do grupo,Abaixo da média simples do grupo,Abaixo da média simples do grupo
2101251,2,Baixa Renda e Baixo Dinamismo,558941,32038.34689900264,17446,16953,85797839.03597069,15354692.17333984,182398.9798583984,27363172.16409874,27545571.14395714,1.793951375448878,1,3,1,1,1,1,QPIB1_QPOP1,QPIBPC3_QPOP1,JPIB1_JPOP1,JPIBPC1_JPOP1,Abaixo da média simples do grupo,Acima ou igual à média simples do grupo,Acima ou igual à média simples do grupo,Acima ou igual à média simples do grupo
230005,2,Baixa Renda e Baixo Dinamismo,1537857,9733.08734644279,158003,144768,401721201.4993916,228054276.6146889,0,882987.2084960939,882987.2084960939,.0038718292048868,2,1,3,1,1,1,QPIB2_QPOP3,QPIBPC1_QPOP3,JPIB1_JPOP1,JPIBPC1_JPOP1,Abaixo da média simples do grupo,Abaixo da média simples do grupo,Abaixo da média simples do grupo,Abaixo da média simples do grupo
3129806,3,Média Renda e Baixo Dinamismo,2924760,15892.84355811552,184030,170297,1340584292.667463,445891623.5741493,438295.1346435547,768324.5189971924,1206619.653640747,.0027060828009479,3,2,3,1,1,1,QPIB3_QPOP3,QPIBPC2_QPOP3,JPIB1_JPOP1,JPIBPC1_JPOP1,Abaixo da média simples do grupo,Abaixo da média simples do grupo,Abaixo da média simples do grupo,Abaixo da média simples do grupo
420008,4,Alta Renda,9653720,53008.04972600182,182118,181055,5835180243.887753,2942628494.517527,51592236.31053833,19493092.83989716,71085329.15043548,.0241570858444673,4,4,3,1,1,1,QPIB4_QPOP3,QPIBPC4_QPOP3,JPIB1_JPOP1,JPIBPC1_JPOP1,Abaixo da média simples do grupo,Abaixo da média simples do grupo,Abaixo da média simples do grupo,Abaixo da média simples do grupo
350016,3,Média Renda e Alto Dinamismo,5270365,40974.01789670909,128627,125165,2701706613.205846,1203855057.796716,156229270.784088,3121529.725219727,159350800.5093077,.1323670980798552,3,4,3,1,1,1,QPIB3_QPOP3,QPIBPC4_QPOP3,JPIB1_JPOP1,JPIBPC1_JPOP1,Abaixo da média simples do grupo,Abaixo da média simples do grupo,Abaixo da média simples do grupo,Abaixo da média simples do grupo
320007,3,Média Renda e Médio Dinamismo,27394574,60895.37036831213,449863,419716,6635934060.147313,2125394788.757504,35574895.00061249,104016659.3600311,139591554.3606436,.0656779413871849,4,4,4,1,1,1,QPIB4_QPOP4,QPIBPC4_QPOP4,JPIB1_JPOP1,JPIBPC1_JPOP1,Abaixo da média simples do grupo,Abaixo da média simples do grupo,Abaixo da média simples do grupo,Abaixo da média simples do grupo
350015,3,Alta Renda,8158974,33718.80927879787,241971,224050,5579379765.38402,2680565778.201016,382915584.156008,9837134.916213989,392752719.072222,.1465185903163349,4,3,3,1,1,1,QPIB4_QPOP3,QPIBPC3_QPOP3,JPIB1_JPOP1,JPIBPC1_JPOP1,Abaixo da média simples do grupo,Abaixo da média simples do grupo,Abaixo da média simples do grupo,Abaixo da média simples do grupo
2304400,2,Alta Renda,60624818,22425.4715651565,2703391,2421147,59922599069.12187,23581361371.07923,1138389.902832031,7972158.667897949,9110548.57072998,.0003863453185491,4,2,4,1,1,1,QPIB4_QPOP4,QPIBPC2_QPOP4,JPIB1_JPOP1,JPIBPC1_JPOP1,Abaixo da média simples do grupo,Abaixo da média simples do grupo,Abaixo da média simples do grupo,Abaixo da média simples do grupo
270002,2,Baixa Renda e Alto Dinamismo,4719371,22219.88850909159,212394,193111,1351436543.594336,464687845.7784768,52952842.14285278,249634.8923339844,53202477.03518677,.1144907867044776,3,2,3,1,1,1,QPIB3_QPOP3,QPIBPC2_QPOP3,JPIB1_JPOP1,JPIBPC1_JPOP1,Abaixo da média simples do grupo,Abaixo da média simples do grupo,Abaixo da média simples do grupo,Abaixo da média simples do grupo
2921005,2,Média Renda e Baixo Dinamismo,1152807,24196.77602166111,47643,42529,1260140303.029925,710532026.5872605,4534193.278190613,243157023.4101714,247691216.6883621,.3485996512754561,2,2,2,1,1,1,QPIB2_QPOP2,QPIBPC2_QPOP2,JPIB1_JPOP1,JPIBPC1_JPOP1,Abaixo da média simples do grupo,Acima ou igual à média simples do grupo,Abaixo da média simples do grupo,Abaixo da média simples do grupo
290002,2,Baixa Renda e Baixo Dinamismo,8957467,17650.38995534923,507494,462940,3250804671.87702,1080381569.201835,54763777.45744133,75408216.9291687,130171994.38661,.1204870557749134,4,2,4,1,1,1,QPIB4_QPOP4,QPIBPC2_QPOP4,JPIB1_JPOP1,JPIBPC1_JPOP1,Abaixo da média simples do grupo,Abaixo da média simples do grupo,Abaixo da média simples do grupo,Abaixo da média simples do grupo
2211100,2,Baixa Renda e Baixo Dinamismo,392973,8801.384129543774,44649,46077,385546947.8027713,25990469.34952164,17984138.79199982,13937,17998075.79199982,.6924875249446421,1,1,2,1,1,1,QPIB1_QPOP2,QPIBPC1_QPOP2,JPIB1_JPOP1,JPIBPC1_JPOP1,Acima ou igual à média simples do grupo,Acima ou igual à média simples do grupo,Acima ou igual à média simples do grupo,Abaixo da média simples do grupo
290027,2,Baixa Renda e Médio Dinamismo,1594715,12326.29951690821,129375,115999,263579736.8991518,88651251.22030354,325445.9030761719,1252961.497619629,1578407.400695801,.0178046827198566,2,1,3,1,1,1,QPIB2_QPOP3,QPIBPC1_QPOP3,JPIB1_JPOP1,JPIBPC1_JPOP1,Abaixo da média simples do grupo,Abaixo da média simples do grupo,Abaixo da média simples do grupo,Abaixo da média simples do grupo
410023,4,Alta Renda,6510733,27789.68013453642,234286,225554,4168319039.097682,1993462993.87324,95577012.02221085,10593985.35311127,106170997.3753221,.0532595777807919,3,3,3,1,1,1,QPIB3_QPOP3,QPIBPC3_QPOP3,JPIB1_JPOP1,JPIBPC1_JPOP1,Abaixo da média simples do grupo,Abaixo da média simples do grupo,Abaixo da média simples do grupo,Abaixo da média simples do grupo
260005,2,Média Renda e Alto Dinamismo,4806858,22665.1986740915,212081,203574,2312452207.539732,1059238403.555108,4801612.522140503,11254371.06140137,16055983.58354187,.0151580451857234,3,2,3,1,1,1,QPIB3_QPOP3,QPIBPC2_QPOP3,JPIB1_JPOP1,JPIBPC1_JPOP1,Abaixo da média simples do grupo,Abaixo da média simples do grupo,Abaixo da média simples do grupo,Abaixo da média simples do grupo
430010,4,Média Renda e Alto Dinamismo,9594282,49107.7636508814,195372,187589,2832604720.591686,1006396594.234245,184753565.1109028,79939717.28464508,264693282.3955478,.2630109083357438,4,4,3,1,1,1,QPIB4_QPOP3,QPIBPC4_QPOP3,JPIB1_JPOP1,JPIBPC1_JPOP1,Acima ou igual à média simples do grupo,Abaixo da média simples do grupo,Abaixo da média simples do grupo,Abaixo da média simples do grupo
310051,3,Alta Renda,9500105,33889.4893802216,280326,270742,5719086359.005517,2338078448.841475,36510232.69459534,118969282.0171127,155479514.7117081,.0664988442918794,4,3,4,1,1,1,QPIB4_QPOP4,QPIBPC3_QPOP4,JPIB1_JPOP1,JPIBPC1_JPOP1,Abaixo da média simples do grupo,Abaixo da média simples do grupo,Abaixo da média simples do grupo,Abaixo da média simples do grupo
230013,2,Baixa Renda e Médio Dinamismo,2674423,10195.73554752428,262308,255145,572684979.5598593,171260290.9852207,75428.62109375,2427550.243972778,2502978.865066528,.014615056710855,2,1,4,1,1,1,QPIB2_QPOP4,QPIBPC1_QPOP4,JPIB1_JPOP1,JPIBPC1_JPOP1,Abaixo da média simples do grupo,Abaixo da média simples do grupo,Abaixo da média simples do grupo,Abaixo da média simples do grupo
330003,3,Média Renda e Alto Dinamismo,544157,24989.98851894374,21775,21320,268643739.6426411,35557907.55804062,20581107.54877472,162005.4750366211,20743113.02381134,.5833614643930517,1,2,1,1,1,1,QPIB1_QPOP1,QPIBPC2_QPOP1,JPIB1_JPOP1,JPIBPC1_JPOP1,Abaixo da média simples do grupo,Abaixo da média simples do grupo,Abaixo da média simples do grupo,Abaixo da média simples do grupo
260011,2,Baixa Renda e Médio Dinamismo,4099402,10790.56924607666,379906,374461,1124873443.77681,494784157.2530895,2256987.83581543,2938619.315677643,5195607.151493073,.0105007548752929,3,1,4,1,1,1,QPIB3_QPOP4,QPIBPC1_QPOP4,JPIB1_JPOP1,JPIBPC1_JPOP1,Abaixo da média simples do grupo,Abaixo da média simples do grupo,Abaixo da média simples do grupo,Abaixo da média simples do grupo
1501501,1,Baixa Renda e Baixo Dinamismo,1519764,23460.38900895338,64780,63393,1066415709.863087,327602479.8161764,2392109.871520996,30690.34033203125,2422800.211853027,.0073955490605947,2,2,2,1,1,1,QPIB2_QPOP2,QPIBPC2_QPOP2,JPIB1_JPOP1,JPIBPC1_JPOP1,Abaixo da média simples do grupo,Abaixo da média simples do grupo,Abaixo da média simples do grupo,Abaixo da média simples do grupo
310022,3,Média Renda e Médio Dinamismo,925763,14201.21492889905,65189,60050,332022032.8103704,149087927.8158205,3777570.624210358,5424040.983337402,9201611.60754776,.061719360798382,1,1,2,1,1,1,QPIB1_QPOP2,QPIBPC1_QPOP2,JPIB1_JPOP1,JPIBPC1_JPOP1,Abaixo da média simples do grupo,Abaixo da média simples do grupo,Abaixo da média simples do grupo,Abaixo da média simples do grupo
2933208,2,Média Renda e Baixo Dinamismo,544736,12328.52778092113,44185,42467,187600028.1663609,25483475.5488739,595910.4537963867,11152639.59558105,11748550.04937744,.4610262060544015,1,1,2,1,1,1,QPIB1_QPOP2,QPIBPC1_QPOP2,JPIB1_JPOP1,JPIBPC1_JPOP1,Acima ou igual à média simples do grupo,Acima ou igual à média simples do grupo,Abaixo da média simples do grupo,Abaixo da média simples do grupo
520006,5,Alta Renda,2616479,46753.73014313028,55963,57184,951620417.2600857,566762519.8247602,76285228.94732451,4305653.530090332,80590882.47741485,.1421951516877529,2,4,2,1,1,1,QPIB2_QPOP2,QPIBPC4_QPOP2,JPIB1_JPOP1,JPIBPC1_JPOP1,Abaixo da média simples do grupo,Abaixo da média simples do grupo,Abaixo da média simples do grupo,Abaixo da média simples do grupo
250010,2,Baixa Renda e Médio Dinamismo,1295618,10473.11028300285,123709,117868,214472648.5718994,88004869.29051399,281723.4982910156,299488.1007080079,581211.5989990236,.0066043118259784,2,1,2,1,1,1,QPIB2_QPOP2,QPIBPC1_QPOP2,JPIB1_JPOP1,JPIBPC1_JPOP1,Abaixo da média simples do grupo,Abaixo da média simples do grupo,Abaixo da média simples do grupo,Abaixo da média simples do grupo
350043,3,Alta Renda,15575858,46434.94100180661,335434,327169,11080804742.12581,4942392778.219882,119985298.9693256,18460010.14516617,138445309.1144917,.0280117981971388,4,4,4,1,1,1,QPIB4_QPOP4,QPIBPC4_QPOP4,JPIB1_JPOP1,JPIBPC1_JPOP1,Abaixo da média simples do grupo,Abaixo da média simples do grupo,Abaixo da média simples do grupo,Abaixo da média simples do grupo
410029,4,Média Renda e Alto Dinamismo,5869975,37343.65854899865,157188,146519,2466640630.687854,901672448.3343872,78760481.88478898,7705434.196903229,86465916.0816922,.0958950406452102,3,3,3,1,1,1,QPIB3_QPOP3,QPIBPC3_QPOP3,JPIB1_JPOP1,JPIBPC1_JPOP1,Abaixo da média simples do grupo,Abaixo da média simples do grupo,Abaixo da média simples do grupo,Abaixo da média simples do grupo
310036,3,Média Renda e Baixo Dinamismo,1651557,28768.25933216046,57409,51948,550617851.8259351,135850548.5852872,11631080.80931091,2212049.87411499,13843130.6834259,.1018997039583919,2,3,2,1,1,1,QPIB2_QPOP2,QPIBPC3_QPOP2,JPIB1_JPOP1,JPIBPC1_JPOP1,Abaixo da média simples do grupo,Abaixo da média simples do grupo,Abaixo da média simples do grupo,Abaixo da média simples do grupo
310067,3,Média Renda e Médio Dinamismo,4397554,30475.7132857925,144297,140806,2155325585.970751,872639686.1476407,109387635.0743387,15020392.37336349,124408027.4477022,.1425651725707256,3,3,3,1,1,1,QPIB3_QPOP3,QPIBPC3_QPOP3,JPIB1_JPOP1,JPIBPC1_JPOP1,Abaixo da média simples do grupo,Abaixo da média simples do grupo,Abaixo da média simples do grupo,Abaixo da média simples do grupo
3105004,3,Média Renda e Alto Dinamismo,194700,25025.70694087404,7780,7473,40611164.25389099,22191937.61626434,4676972.300697327,133076.6650390625,4810048.965736389,.2167475886472902,1,2,1,1,1,1,QPIB1_QPOP1,QPIBPC2_QPOP1,JPIB1_JPOP1,JPIBPC1_JPOP1,Abaixo da média simples do grupo,Abaixo da média simples do grupo,Abaixo da média simples do grupo,Abaixo da média simples do grupo
430042,4,Média Renda e Baixo Dinamismo,1710885,26824.78833490122,63780,54118,403812343.7947007,131460925.2074586,3472195.185272217,458087.169921875,3930282.355194092,.0298969625308183,2,3,2,1,1,1,QPIB2_QPOP2,QPIBPC3_QPOP2,JPIB1_JPOP1,JPIBPC1_JPOP1,Abaixo da média simples do grupo,Abaixo da média simples do grupo,Abaixo da média simples do grupo,Abaixo da média simples do grupo
420011,4,Alta Renda,5695840,43058.64031871546,132281,129256,2994681621.027308,1422380907.600825,79065751.38008249,4285169.111495972,83350920.49157846,.058599577684271,3,4,3,1,1,1,QPIB3_QPOP3,QPIBPC4_QPOP3,JPIB1_JPOP1,JPIBPC1_JPOP1,Abaixo da média simples do grupo,Abaixo da média simples do grupo,Abaixo da média simples do grupo,Abaixo da média simples do grupo
520017,5,Média Renda e Médio Dinamismo,3366625,37858.72523221555,88926,90218,1591543311.283054,311146136.8404752,162573959.2901537,319074099.2389049,481648058.5290586,1.547980198050795,3,3,2,1,1,1,QPIB3_QPOP2,QPIBPC3_QPOP2,JPIB1_JPOP1,JPIBPC1_JPOP1,Acima ou igual à média simples do grupo,Acima ou igual à média simples do grupo,Acima ou igual à média simples do grupo,Acima ou igual à média simples do grupo
220006,2,Média Renda e Médio Dinamismo,3957819,14042.78668748226,281840,290176,1684996000.960408,757862759.2630229,1311330.850097656,1526715.188720703,2838046.038818359,.0037448020820791,3,1,4,1,1,1,QPIB3_QPOP4,QPIBPC1_QPOP4,JPIB1_JPOP1,JPIBPC1_JPOP1,Abaixo da média simples do grupo,Abaixo da média simples do grupo,Abaixo da média simples do grupo,Abaixo da média simples do grupo
2307650,2,Média Renda e Médio Dinamismo,9676792,41893.41345362923,230986,234328,4881597845.891938,2588744774.952388,978118.2097167969,17718666.0899353,18696784.2996521,.0072223358905653,4,4,3,1,1,1,QPIB4_QPOP3,QPIBPC4_QPOP3,JPIB1_JPOP1,JPIBPC1_JPOP1,Abaixo da média simples do grupo,Abaixo da média simples do grupo,Abaixo da média simples do grupo,Abaixo da média simples do grupo
310068,3,Média Renda e Médio Dinamismo,4675797,32570.33296182781,143560,139974,2985457207.075157,1271877856.843112,52625722.4088707,40641299.02547547,93267021.43434617,.0733301715510964,3,3,3,1,1,1,QPIB3_QPOP3,QPIBPC3_QPOP3,JPIB1_JPOP1,JPIBPC1_JPOP1,Abaixo da média simples do grupo,Abaixo da média simples do grupo,Abaixo da média simples do grupo,Abaixo da média simples do grupo
2107100,2,Baixa Renda e Médio Dinamismo,140593,7133.803531560788,19708,18541,14337657.83594513,4672375.705841064,0,0,0,0,1,1,1,1,1,1,QPIB1_QPOP1,QPIBPC1_QPOP1,JPIB1_JPOP1,JPIBPC1_JPOP1,Abaixo da média simples do grupo,Abaixo da média simples do grupo,Abaixo da média simples do grupo,Abaixo da média simples do grupo
210017,2,Baixa Renda e Alto Dinamismo,1845186,12093.47411470929,152577,143575,337966419.6187205,60212521.28813934,36261573.41175507,522243.697265625,36783817.1090207,.6108997982827596,2,1,3,1,1,1,QPIB2_QPOP3,QPIBPC1_QPOP3,JPIB1_JPOP1,JPIBPC1_JPOP1,Acima ou igual à média simples do grupo,Acima ou igual à média simples do grupo,Abaixo da média simples do grupo,Abaixo da média simples do grupo
500009,5,Média Renda e Alto Dinamismo,2811668,30292.27089573143,92818,87691,658387759.1611531,127167051.32138,193837393.7669373,826495.5225219727,194663889.2894592,1.53077300500976,3,3,2,1,1,1,QPIB3_QPOP2,QPIBPC3_QPOP2,JPIB1_JPOP1,JPIBPC1_JPOP1,Acima ou igual à média simples do grupo,Acima ou igual à média simples do grupo,Acima ou igual à média simples do grupo,Acima ou igual à média simples do grupo
3110004,3,Média Renda e Alto Dinamismo,986451,21745.23851512212,45364,38616,364459189.8050554,143272339.7031381,1957999.653579712,35155528.12599183,37113527.77957153,.2590418210275003,2,2,2,1,1,1,QPIB2_QPOP2,QPIBPC2_QPOP2,JPIB1_JPOP1,JPIBPC1_JPOP1,Abaixo da média simples do grupo,Abaixo da média simples do grupo,Abaixo da média simples do grupo,Abaixo da média simples do grupo
350006,3,Média Renda e Médio Dinamismo,8382916,32559.56560917254,257464,234517,4785291135.991125,2184398819.246166,547817854.4461617,15959132.90246964,563776987.3486314,.2580925160649878,4,3,4,1,1,1,QPIB4_QPOP4,QPIBPC3_QPOP4,JPIB1_JPOP1,JPIBPC1_JPOP1,Acima ou igual à média simples do grupo,Acima ou igual à média simples do grupo,Abaixo da média simples do grupo,Abaixo da média simples do grupo
210003,2,Baixa Renda e Médio Dinamismo,2395484,8735.341630535064,274229,267950,455194293.439442,98371422.55179739,77720806.0787915,0,77720806.0787915,.7900750447912621,2,1,4,1,1,1,QPIB2_QPOP4,QPIBPC1_QPOP4,JPIB1_JPOP1,JPIBPC1_JPOP1,Acima ou igual à média simples do grupo,Acima ou igual à média simples do grupo,Acima ou igual à média simples do grupo,Acima ou igual à média simples do grupo
280002,2,Baixa Renda e Médio Dinamismo,3851357,15472.14388442966,248922,230830,1234885183.885163,483714702.1628557,15846467.34940124,3113842.3828125,18960309.73221374,.0391972988363505,3,1,3,1,1,1,QPIB3_QPOP3,QPIBPC1_QPOP3,JPIB1_JPOP1,JPIBPC1_JPOP1,Abaixo da média simples do grupo,Abaixo da média simples do grupo,Abaixo da média simples do grupo,Abaixo da média simples do grupo
1501402,1,Alta Renda,27125312,18006.47362621314,1506420,1300936,25605001122.25616,8074581041.070898,14795659.76808929,47151300.34326173,61946960.11135101,.0076718482106082,4,2,4,1,1,1,QPIB4_QPOP4,QPIBPC2_QPOP4,JPIB1_JPOP1,JPIBPC1_JPOP1,Abaixo da média simples do grupo,Abaixo da média simples do grupo,Abaixo da média simples do grupo,Abaixo da média simples do grupo
110001,1,Média Renda e Baixo Dinamismo,1782341,19818.5426928936,89933,72819,436012852.6981436,71728837.48776102,27670707.92899895,45082708.03478818,72753415.96378714,1.014284052438476,2,2,2,1,1,1,QPIB2_QPOP2,QPIBPC2_QPOP2,JPIB1_JPOP1,JPIBPC1_JPOP1,Acima ou igual à média simples do grupo,Acima ou igual à média simples do grupo,Acima ou igual à média simples do grupo,Acima ou igual à média simples do grupo
350010,3,Média Renda e Médio Dinamismo,12034567,33275.9138417298,361660,323205,8348185385.330462,3425699986.954605,217269376.6857584,4408195.633178711,221677572.3189371,.0647101535928735,4,3,4,1,1,1,QPIB4_QPOP4,QPIBPC3_QPOP4,JPIB1_JPOP1,JPIBPC1_JPOP1,Abaixo da média simples do grupo,Abaixo da média simples do grupo,Abaixo da média simples do grupo,Abaixo da média simples do grupo
2304285,2,Alta Renda,2827543,51377.17815935314,55035,74085,3904242641.410307,2443159208.764339,0,6130131.495117188,6130131.495117188,.002509100296504,3,4,2,1,1,1,QPIB3_QPOP2,QPIBPC4_QPOP2,JPIB1_JPOP1,JPIBPC1_JPOP1,Abaixo da média simples do grupo,Abaixo da média simples do grupo,Abaixo da média simples do grupo,Abaixo da média simples do grupo
310054,3,Média Renda e Médio Dinamismo,1429295,19201.92113924901,74435,72496,749988960.8828394,359948950.7278304,45224880.89976883,1368303.025512695,46593183.92528152,.129443866501259,2,2,2,1,1,1,QPIB2_QPOP2,QPIBPC2_QPOP2,JPIB1_JPOP1,JPIBPC1_JPOP1,Abaixo da média simples do grupo,Abaixo da média simples do grupo,Abaixo da média simples do grupo,Abaixo da média simples do grupo
1713601,1,Média Renda e Alto Dinamismo,289757,35413.95746761183,8182,5686,50201933.75098801,16046025.97368622,19253166.08050919,8511039.56237793,27764205.64288712,1.730285473077101,1,3,1,1,1,1,QPIB1_QPOP1,QPIBPC3_QPOP1,JPIB1_JPOP1,JPIBPC1_JPOP1,Abaixo da média simples do grupo,Acima ou igual à média simples do grupo,Acima ou igual à média simples do grupo,Acima ou igual à média simples do grupo
120003,1,Baixa Renda e Baixo Dinamismo,1004935,15760.71955082965,63762,59452,180137288.1684647,19889796.60260773,19528450.42473603,0,19528450.42473603,.9818325855667963,2,2,2,1,1,1,QPIB2_QPOP2,QPIBPC2_QPOP2,JPIB1_JPOP1,JPIBPC1_JPOP1,Acima ou igual à média simples do grupo,Acima ou igual à média simples do grupo,Acima ou igual à média simples do grupo,Acima ou igual à média simples do grupo
2708907,2,Média Renda e Alto Dinamismo,236569,16847.2439823387,14042,24278,53139686.99212646,7827784.53225708,1410553.957427979,0,1410553.957427979,.1801983628465124,1,2,1,1,1,1,QPIB1_QPOP1,QPIBPC2_QPOP1,JPIB1_JPOP1,JPIBPC1_JPOP1,Abaixo da média simples do grupo,Abaixo da média simples do grupo,Abaixo da média simples do grupo,Abaixo da média simples do grupo
350012,3,Alta Renda,9050664,54075.13801591664,167372,153326,4297761835.176575,1728848168.387482,223318822.9816971,6289925.887954713,229608748.8696518,.1328102450337271,4,4,3,1,1,1,QPIB4_QPOP3,QPIBPC4_QPOP3,JPIB1_JPOP1,JPIBPC1_JPOP1,Abaixo da média simples do grupo,Abaixo da média simples do grupo,Abaixo da média simples do grupo,Abaixo da média simples do grupo
290023,2,Baixa Renda e Médio Dinamismo,5049039,16881.67538216688,299084,292776,1773857054.918385,290253353.1671611,6367907.137084961,719753095.2562561,726121002.3933411,2.501679978784457,3,2,4,1,1,1,QPIB3_QPOP4,QPIBPC2_QPOP4,JPIB1_JPOP1,JPIBPC1_JPOP1,Acima ou igual à média simples do grupo,Acima ou igual à média simples do grupo,Acima ou igual à média simples do grupo,Acima ou igual à média simples do grupo
1302603,1,Média Renda e Baixo Dinamismo,82264073,36466.13927992471,2255903,2057266,43619117456.81918,17795383793.02594,2202117.888549805,227773146.1572552,229975264.045805,.0129233101528236,4,3,4,1,1,1,QPIB4_QPOP4,QPIBPC3_QPOP4,JPIB1_JPOP1,JPIBPC1_JPOP1,Abaixo da média simples do grupo,Abaixo da média simples do grupo,Abaixo da média simples do grupo,Abaixo da média simples do grupo
130002,1,Baixa Renda e Médio Dinamismo,822868,8117.550730499463,101369,84329,62116177.79084778,5573455.765869141,0,2131429.115722656,2131429.115722656,.3824250528325983,1,1,2,1,1,1,QPIB1_QPOP2,QPIBPC1_QPOP2,JPIB1_JPOP1,JPIBPC1_JPOP1,Acima ou igual à média simples do grupo,Acima ou igual à média simples do grupo,Abaixo da média simples do grupo,Abaixo da média simples do grupo
350022,3,Alta Renda,11867056,36890.87291718478,321680,305962,7329397032.558686,2858920709.734694,245062945.6134109,6170895.108665467,251233840.7220764,.0878771628281327,4,3,4,1,1,1,QPIB4_QPOP4,QPIBPC3_QPOP4,JPIB1_JPOP1,JPIBPC1_JPOP1,Abaixo da média simples do grupo,Abaixo da média simples do grupo,Abaixo da média simples do grupo,Abaixo da média simples do grupo
250013,2,Baixa Renda e Médio Dinamismo,597034,9438.228180280443,63257,58229,81090706.84008026,35634127.4362793,46064.22003173828,0,46064.22003173828,.0012926995368165,1,1,2,1,1,1,QPIB1_QPOP2,QPIBPC1_QPOP2,JPIB1_JPOP1,JPIBPC1_JPOP1,Abaixo da média simples do grupo,Abaixo da média simples do grupo,Abaixo da média simples do grupo,Abaixo da média simples do grupo
230010,2,Baixa Renda e Médio Dinamismo,1162976,10007.5380776181,116210,106834,197452345.2028992,57848688.75727272,399864.3076171875,1384619.410522461,1784483.718139648,.0308474358965536,2,1,2,1,1,1,QPIB2_QPOP2,QPIBPC1_QPOP2,JPIB1_JPOP1,JPIBPC1_JPOP1,Abaixo da média simples do grupo,Abaixo da média simples do grupo,Abaixo da média simples do grupo,Abaixo da média simples do grupo
290024,2,Média Renda e Médio Dinamismo,4620671,23396.75024811132,197492,188654,1070174337.246609,360009814.2836373,281797.895111084,774467.9375,1056265.832611084,.0029339917710657,3,2,3,1,1,1,QPIB3_QPOP3,QPIBPC2_QPOP3,JPIB1_JPOP1,JPIBPC1_JPOP1,Abaixo da média simples do grupo,Abaixo da média simples do grupo,Abaixo da média simples do grupo,Abaixo da média simples do grupo
290029,2,Média Renda e Médio Dinamismo,22741588,18312.61001695852,1241854,1210406,13152421015.39538,5519765037.463196,58676306.41897015,30815656.47045898,89491962.88942912,.0162130022350658,4,2,4,1,1,1,QPIB4_QPOP4,QPIBPC2_QPOP4,JPIB1_JPOP1,JPIBPC1_JPOP1,Abaixo da média simples do grupo,Abaixo da média simples do grupo,Abaixo da média simples do grupo,Abaixo da média simples do grupo
150003,1,Baixa Renda e Médio Dinamismo,4786584,11407.19380569146,419611,378576,1949240381.54485,1065114837.350222,52050655.95475174,3851400.172393799,55902056.12714554,.0524845342181299,3,1,4,1,1,1,QPIB3_QPOP4,QPIBPC1_QPOP4,JPIB1_JPOP1,JPIBPC1_JPOP1,Abaixo da média simples do grupo,Abaixo da média simples do grupo,Abaixo da média simples do grupo,Abaixo da média simples do grupo
1709807,1,Média Renda e Baixo Dinamismo,46881,22452.58620689655,2088,1585,7092471.513793945,114704.3969726563,5939873.305053711,164212.9697265625,6104086.274780273,53.21580022983245,1,2,1,1,1,1,QPIB1_QPOP1,QPIBPC2_QPOP1,JPIB1_JPOP1,JPIBPC1_JPOP1,Acima ou igual à média simples do grupo,Acima ou igual à média simples do grupo,Acima ou igual à média simples do grupo,Acima ou igual à média simples do grupo
1400100,1,Média Renda e Baixo Dinamismo,11914935,27290.83971039256,436591,402749,4868521092.008788,1307176381.128922,26356043.24927521,5894404.695396423,32250447.94467163,.024671841084536,4,3,4,1,1,1,QPIB4_QPOP4,QPIBPC3_QPOP4,JPIB1_JPOP1,JPIBPC1_JPOP1,Abaixo da média simples do grupo,Abaixo da média simples do grupo,Abaixo da média simples do grupo,Abaixo da média simples do grupo
500008,5,Média Renda e Alto Dinamismo,5950247,50894.65671054545,116913,111365,1405537306.262569,338189575.7060475,172440641.7457142,3532179.616714478,175972821.3624287,.5203378046027748,3,4,2,1,1,1,QPIB3_QPOP2,QPIBPC4_QPOP2,JPIB1_JPOP1,JPIBPC1_JPOP1,Acima ou igual à média simples do grupo,Abaixo da média simples do grupo,Abaixo da média simples do grupo,Abaixo da média simples do grupo
1712009,1,Média Renda e Médio Dinamismo,60704,18975.92997811816,3199,3334,10692909.52894974,3076546.124774933,688567.7610168457,0,688567.7610168457,.2238119414079054,1,2,1,1,1,1,QPIB1_QPOP1,QPIBPC2_QPOP1,JPIB1_JPOP1,JPIBPC1_JPOP1,Abaixo da média simples do grupo,Abaixo da média simples do grupo,Abaixo da média simples do grupo,Abaixo da média simples do grupo
2404200,2,Baixa Renda e Alto Dinamismo,494281,18303.99200118501,27004,26741,188676362.3214696,52675477.66766103,1064169.40335083,0,1064169.40335083,.0202023683594265,1,2,1,1,1,1,QPIB1_QPOP1,QPIBPC2_QPOP1,JPIB1_JPOP1,JPIBPC1_JPOP1,Abaixo da média simples do grupo,Abaixo da média simples do grupo,Abaixo da média simples do grupo,Abaixo da média simples do grupo
230018,2,Baixa Renda e Médio Dinamismo,1466437,9942.080570584008,147498,142415,324190335.4898767,150242119.8244839,30845.9697265625,8711698.118255615,8742544.087982178,.0581897013846411,2,1,3,1,1,1,QPIB2_QPOP3,QPIBPC1_QPOP3,JPIB1_JPOP1,JPIBPC1_JPOP1,Abaixo da média simples do grupo,Abaixo da média simples do grupo,Abaixo da média simples do grupo,Abaixo da média simples do grupo
520021,5,Média Renda e Médio Dinamismo,1961875,15704.04553022541,124928,109210,702640531.2642591,184106755.8092713,129361633.5114076,8110926.036956787,137472559.5483644,.7467002443450882,2,2,3,1,1,1,QPIB2_QPOP3,QPIBPC2_QPOP3,JPIB1_JPOP1,JPIBPC1_JPOP1,Acima ou igual à média simples do grupo,Acima ou igual à média simples do grupo,Acima ou igual à média simples do grupo,Abaixo da média simples do grupo
2504900,2,Baixa Renda e Médio Dinamismo,182347,10361.21370532417,17599,17089,39921696.36614227,9528095.10256958,3842406.242301941,2738606.139266968,6581012.381568909,.6906954969198524,1,1,1,1,1,1,QPIB1_QPOP1,QPIBPC1_QPOP1,JPIB1_JPOP1,JPIBPC1_JPOP1,Abaixo da média simples do grupo,Abaixo da média simples do grupo,Acima ou igual à média simples do grupo,Abaixo da média simples do grupo
2806701,2,Média Renda e Baixo Dinamismo,950671,10323.28157237485,92090,93355,656728482.8322823,290758198.9751911,3142370.292205811,67553.150390625,3209923.442596436,.0110398380988401,1,1,2,1,1,1,QPIB1_QPOP2,QPIBPC1_QPOP2,JPIB1_JPOP1,JPIBPC1_JPOP1,Abaixo da média simples do grupo,Abaixo da média simples do grupo,Abaixo da média simples do grupo,Abaixo da média simples do grupo
350005,3,Média Renda e Alto Dinamismo,9279502,36238.14581950248,256070,249550,3323658898.201474,1494966322.457653,34248922.97723007,70687663.62495804,104936586.6021881,.0701932779526949,4,3,4,1,1,1,QPIB4_QPOP4,QPIBPC3_QPOP4,JPIB1_JPOP1,JPIBPC1_JPOP1,Abaixo da média simples do grupo,Abaixo da média simples do grupo,Abaixo da média simples do grupo,Abaixo da média simples do grupo
130009,1,Baixa Renda e Médio Dinamismo,1983815,12112.53373386575,163782,155494,317532586.8790636,46926304.75979614,11954261.42614746,1105922.340698242,13060183.7668457,.2783126400788954,2,1,3,1,1,1,QPIB2_QPOP3,QPIBPC1_QPOP3,JPIB1_JPOP1,JPIBPC1_JPOP1,Acima ou igual à média simples do grupo,Acima ou igual à média simples do grupo,Abaixo da média simples do grupo,Abaixo da média simples do grupo
210008,2,Baixa Renda e Médio Dinamismo,938770,7128.743697223741,131688,122885,69714421.12099111,16128840.4588623,0,0,0,0,1,1,3,1,1,1,QPIB1_QPOP3,QPIBPC1_QPOP3,JPIB1_JPOP1,JPIBPC1_JPOP1,Acima ou igual à média simples do grupo,Abaixo da média simples do grupo,Abaixo da média simples do grupo,Abaixo da média simples do grupo
430027,4,Alta Renda,11856209,81469.17474060331,145530,138220,3084436474.681629,1186273316.315406,227318703.2488022,5770242.160415649,233088945.4092178,.1964883995984988,4,4,3,1,1,1,QPIB4_QPOP3,QPIBPC4_QPOP3,JPIB1_JPOP1,JPIBPC1_JPOP1,Abaixo da média simples do grupo,Abaixo da média simples do grupo,Abaixo da média simples do grupo,Abaixo da média simples do grupo
1302553,1,Baixa Renda e Baixo Dinamismo,304361,8956.799387893234,33981,17107,9278397.333282471,244727.271484375,0,0,0,0,1,1,1,1,1,1,QPIB1_QPOP1,QPIBPC1_QPOP1,JPIB1_JPOP1,JPIBPC1_JPOP1,Abaixo da média simples do grupo,Abaixo da média simples do grupo,Abaixo da média simples do grupo,Abaixo da média simples do grupo
510018,5,Média Renda e Médio Dinamismo,2302668,44513.20317030737,51730,51819,978388887.0845914,158300562.4916714,261041293.6017876,199416.4636230469,261240710.0654106,1.650282891945853,2,4,2,1,1,1,QPIB2_QPOP2,QPIBPC4_QPOP2,JPIB1_JPOP1,JPIBPC1_JPOP1,Acima ou igual à média simples do grupo,Acima ou igual à média simples do grupo,Acima ou igual à média simples do grupo,Acima ou igual à média simples do grupo
2100204,2,Baixa Renda e Médio Dinamismo,142208,6427.189731537557,22126,18430,9828489.272628786,1023783.204040527,0,0,0,0,1,1,1,1,1,1,QPIB1_QPOP1,QPIBPC1_QPOP1,JPIB1_JPOP1,JPIBPC1_JPOP1,Abaixo da média simples do grupo,Abaixo da média simples do grupo,Abaixo da média simples do grupo,Abaixo da média simples do grupo
2607604,2,Média Renda e Médio Dinamismo,280343,10353.92967942089,27076,21525,41822505.22113037,7882512.65687561,0,0,0,0,1,1,1,1,1,1,QPIB1_QPOP1,QPIBPC1_QPOP1,JPIB1_JPOP1,JPIBPC1_JPOP1,Abaixo da média simples do grupo,Abaixo da média simples do grupo,Abaixo da média simples do grupo,Abaixo da média simples do grupo
510008,5,Alta Renda,32911224,121780.2117290963,270251,305723,11430993267.97606,3397215911.5789,2121811004.758473,18624059.92156875,2140435064.680042,.630055645678772,4,4,4,1,1,1,QPIB4_QPOP4,QPIBPC4_QPOP4,JPIB1_JPOP1,JPIBPC1_JPOP1,Acima ou igual à média simples do grupo,Acima ou igual à média simples do grupo,Abaixo da média simples do grupo,Abaixo da média simples do grupo
2705507,2,Baixa Renda e Alto Dinamismo,571090,20088.99676375405,28428,25158,150354060.1748608,22354627.41996765,16796428.23490524,1733177.566848755,18529605.801754,.8288935196120935,1,2,1,1,1,1,QPIB1_QPOP1,QPIBPC2_QPOP1,JPIB1_JPOP1,JPIBPC1_JPOP1,Abaixo da média simples do grupo,Abaixo da média simples do grupo,Acima ou igual à média simples do grupo,Acima ou igual à média simples do grupo
350050,3,Alta Renda,27618926,43329.10693386799,637422,611083,15096444427.99157,6015079072.031677,54140503.31063843,68920375.5260334,123060878.8366718,.0204587300288151,4,4,4,1,1,1,QPIB4_QPOP4,QPIBPC4_QPOP4,JPIB1_JPOP1,JPIBPC1_JPOP1,Abaixo da média simples do grupo,Abaixo da média simples do grupo,Abaixo da média simples do grupo,Abaixo da média simples do grupo
310021,3,Média Renda e Alto Dinamismo,3208749,16491.40416608847,194571,183099,1028235893.69935,336850374.9755781,88347666.04931974,46077265.5646341,134424931.6139538,.3990642184195275,3,2,3,1,1,1,QPIB3_QPOP3,QPIBPC2_QPOP3,JPIB1_JPOP1,JPIBPC1_JPOP1,Abaixo da média simples do grupo,Acima ou igual à média simples do grupo,Abaixo da média simples do grupo,Abaixo da média simples do grupo
2408102,2,Alta Renda,20775622,23168.770658899,896708,747856,16932931208.38789,6611112439.958962,2133221.92282486,320499024.8917236,322632246.8145485,.0488015065156797,4,2,4,1,1,1,QPIB4_QPOP4,QPIBPC2_QPOP4,JPIB1_JPOP1,JPIBPC1_JPOP1,Abaixo da média simples do grupo,Abaixo da média simples do grupo,Abaixo da média simples do grupo,Abaixo da média simples do grupo
2707909,2,Baixa Renda e Alto Dinamismo,220506,30025.32679738562,7344,6916,45108247.72669983,38582246.87975311,0,0,0,0,1,3,1,1,1,1,QPIB1_QPOP1,QPIBPC3_QPOP1,JPIB1_JPOP1,JPIBPC1_JPOP1,Abaixo da média simples do grupo,Abaixo da média simples do grupo,Abaixo da média simples do grupo,Abaixo da média simples do grupo
130006,1,Baixa Renda e Médio Dinamismo,2099520,9251.391330786415,226941,210204,172368294.1437993,33895298.95130157,0,0,0,0,2,1,3,1,1,1,QPIB2_QPOP3,QPIBPC1_QPOP3,JPIB1_JPOP1,JPIBPC1_JPOP1,Abaixo da média simples do grupo,Abaixo da média simples do grupo,Abaixo da média simples do grupo,Abaixo da média simples do grupo
3117876,3,Média Renda e Baixo Dinamismo,423540,61677.58846657929,6867,7310,718515110.6462499,114947992.9786803,230165.611328125,0,230165.611328125,.002002345629217,1,4,1,1,1,1,QPIB1_QPOP1,QPIBPC4_QPOP1,JPIB1_JPOP1,JPIBPC1_JPOP1,Abaixo da média simples do grupo,Abaixo da média simples do grupo,Abaixo da média simples do grupo,Abaixo da média simples do grupo
330013,3,Média Renda e Baixo Dinamismo,24173902,42190.29867026893,572973,553267,6184303738.070326,2090664982.643466,18374066.17484283,74161790.73089504,92535856.90573788,.044261446799924,4,4,4,1,1,1,QPIB4_QPOP4,QPIBPC4_QPOP4,JPIB1_JPOP1,JPIBPC1_JPOP1,Abaixo da média simples do grupo,Abaixo da média simples do grupo,Abaixo da média simples do grupo,Abaixo da média simples do grupo
430039,4,Média Renda e Médio Dinamismo,5539943,57134.01881110515,96964,94253,2356818118.952855,1340166157.687967,99168169.83145726,4768916.007141113,103937085.8385984,.0775553726993889,3,4,2,1,1,1,QPIB3_QPOP2,QPIBPC4_QPOP2,JPIB1_JPOP1,JPIBPC1_JPOP1,Abaixo da média simples do grupo,Abaixo da média simples do grupo,Abaixo da média simples do grupo,Abaixo da média simples do grupo
270007,2,Baixa Renda e Alto Dinamismo,11814405,20685.65500577792,571140,544000,3418063372.206161,964187818.483716,28253792.45284653,77237439.72500229,105491232.1778488,.1094094222676911,4,2,4,1,1,1,QPIB4_QPOP4,QPIBPC2_QPOP4,JPIB1_JPOP1,JPIBPC1_JPOP1,Abaixo da média simples do grupo,Abaixo da média simples do grupo,Abaixo da média simples do grupo,Abaixo da média simples do grupo
350024,3,Alta Renda,7209111,35440.93268833697,203412,182199,3664881716.831018,1096690741.436159,179807406.7049716,7141405.387001038,186948812.0919726,.1704662992295859,3,3,3,1,1,1,QPIB3_QPOP3,QPIBPC3_QPOP3,JPIB1_JPOP1,JPIBPC1_JPOP1,Abaixo da média simples do grupo,Abaixo da média simples do grupo,Abaixo da média simples do grupo,Abaixo da média simples do grupo
150004,1,Baixa Renda e Médio Dinamismo,3699072,10765.07051435024,343618,316031,747940432.6657076,219486083.6245747,43237929.77398682,1059746.576721191,44297676.35070801,.2018245331056071,3,1,4,1,1,1,QPIB3_QPOP4,QPIBPC1_QPOP4,JPIB1_JPOP1,JPIBPC1_JPOP1,Abaixo da média simples do grupo,Acima ou igual à média simples do grupo,Abaixo da média simples do grupo,Abaixo da média simples do grupo
290001,2,Baixa Renda e Baixo Dinamismo,1966606,13375.90630228667,147026,131994,1407172100.102558,393002383.5009981,18796871.13750244,372072675.2056494,390869546.3431518,.994572966354946,2,1,3,1,1,1,QPIB2_QPOP3,QPIBPC1_QPOP3,JPIB1_JPOP1,JPIBPC1_JPOP1,Acima ou igual à média simples do grupo,Acima ou igual à média simples do grupo,Acima ou igual à média simples do grupo,Acima ou igual à média simples do grupo
170011,1,Média Renda e Médio Dinamismo,1862892,20910.22561454709,89090,76772,487366677.7611067,128153387.5052137,85369491.79524398,39637437.8297261,125006929.6249701,.9754477197872303,2,2,2,1,1,1,QPIB2_QPOP2,QPIBPC2_QPOP2,JPIB1_JPOP1,JPIBPC1_JPOP1,Acima ou igual à média simples do grupo,Acima ou igual à média simples do grupo,Acima ou igual à média simples do grupo,Acima ou igual à média simples do grupo
310030,3,Média Renda e Médio Dinamismo,3761546,20724.08625610173,181506,177507,2384085305.42651,1210409855.945844,50906445.41358948,16204308.7412262,67110754.15481567,.0554446527555525,3,2,3,1,1,1,QPIB3_QPOP3,QPIBPC2_QPOP3,JPIB1_JPOP1,JPIBPC1_JPOP1,Abaixo da média simples do grupo,Abaixo da média simples do grupo,Abaixo da média simples do grupo,Abaixo da média simples do grupo
150001,1,Baixa Renda e Baixo Dinamismo,4422124,14658.37529294383,301679,285262,1197936189.394991,721524730.2268991,39473101.24116516,5531760.013183594,45004861.25434875,.0623746621133776,3,1,4,1,1,1,QPIB3_QPOP4,QPIBPC1_QPOP4,JPIB1_JPOP1,JPIBPC1_JPOP1,Abaixo da média simples do grupo,Abaixo da média simples do grupo,Abaixo da média simples do grupo,Abaixo da média simples do grupo
170004,1,Média Renda e Alto Dinamismo,277509,27607.34182252288,10052,9062,41779050.2971926,10793959.61728289,18762875.33398438,330011.6853027344,19092887.01928711,1.768849217178494,1,3,1,1,1,1,QPIB1_QPOP1,QPIBPC3_QPOP1,JPIB1_JPOP1,JPIBPC1_JPOP1,Abaixo da média simples do grupo,Acima ou igual à média simples do grupo,Acima ou igual à média simples do grupo,Acima ou igual à média simples do grupo
250004,2,Média Renda e Médio Dinamismo,4903993,15216.93786615033,322272,313942,1652129176.976927,537715963.8651013,33517793.39833069,12727427.47109604,46245220.86942673,.0860030647723682,3,1,4,1,1,1,QPIB3_QPOP4,QPIBPC1_QPOP4,JPIB1_JPOP1,JPIBPC1_JPOP1,Abaixo da média simples do grupo,Abaixo da média simples do grupo,Abaixo da média simples do grupo,Abaixo da média simples do grupo
500007,5,Média Renda e Alto Dinamismo,6836645,57916.56430283879,118043,113181,2738180711.910068,449917922.6818924,267090987.2911961,1620090.54309082,268711077.8342869,.5972446623876217,3,4,2,1,1,1,QPIB3_QPOP2,QPIBPC4_QPOP2,JPIB1_JPOP1,JPIBPC1_JPOP1,Acima ou igual à média simples do grupo,Acima ou igual à média simples do grupo,Abaixo da média simples do grupo,Abaixo da média simples do grupo
350044,3,Alta Renda,10372590,32366.7040075389,320471,293948,6943272476.602648,3059912253.095877,271272053.9591591,24477466.36185074,295749520.3210099,.0966529416069968,4,3,4,1,1,1,QPIB4_QPOP4,QPIBPC3_QPOP4,JPIB1_JPOP1,JPIBPC1_JPOP1,Abaixo da média simples do grupo,Acima ou igual à média simples do grupo,Abaixo da média simples do grupo,Abaixo da média simples do grupo
310041,3,Média Renda e Baixo Dinamismo,8194915,30242.32862810222,270975,257947,3861647383.741454,1710083240.136258,101190684.9075323,41053345.50120926,142244030.4087416,.0831795944607981,4,3,4,1,1,1,QPIB4_QPOP4,QPIBPC3_QPOP4,JPIB1_JPOP1,JPIBPC1_JPOP1,Abaixo da média simples do grupo,Abaixo da média simples do grupo,Abaixo da média simples do grupo,Abaixo da média simples do grupo
350028,3,Alta Renda,3726856,33157.37684498973,112399,109565,1854981133.245573,593812164.1319792,176436526.4778486,1071335.509155273,177507861.9870039,.2989293125149781,3,3,2,1,1,1,QPIB3_QPOP2,QPIBPC3_QPOP2,JPIB1_JPOP1,JPIBPC1_JPOP1,Abaixo da média simples do grupo,Abaixo da média simples do grupo,Abaixo da média simples do grupo,Abaixo da média simples do grupo
350018,3,Alta Renda,19522672,35796.65442437067,545377,519668,11192614843.02147,3912357824.541485,476873618.9903396,11022523.14431763,487896142.1346573,.1247064210421083,4,3,4,1,1,1,QPIB4_QPOP4,QPIBPC3_QPOP4,JPIB1_JPOP1,JPIBPC1_JPOP1,Acima ou igual à média simples do grupo,Acima ou igual à média simples do grupo,Abaixo da média simples do grupo,Abaixo da média simples do grupo
430024,4,Alta Renda,1940432,42148.48603327686,46038,45542,649522082.3139986,206417366.1680466,6114554.595321655,3219685.227111816,9334239.822433472,.0452202253895361,2,4,2,1,1,1,QPIB2_QPOP2,QPIBPC4_QPOP2,JPIB1_JPOP1,JPIBPC1_JPOP1,Abaixo da média simples do grupo,Abaixo da média simples do grupo,Abaixo da média simples do grupo,Abaixo da média simples do grupo
260018,2,Baixa Renda e Médio Dinamismo,2375275,14121.89800116529,168198,135448,879309454.48928,313603645.1601183,45021702.4152678,0,45021702.4152678,.1435624333775866,2,1,3,1,1,1,QPIB2_QPOP3,QPIBPC1_QPOP3,JPIB1_JPOP1,JPIBPC1_JPOP1,Abaixo da média simples do grupo,Abaixo da média simples do grupo,Abaixo da média simples do grupo,Abaixo da média simples do grupo
160002,1,Baixa Renda e Alto Dinamismo,1329534,19303.85922118651,68874,46318,96570453.32498166,19557503.80811749,0,0,0,0,2,2,2,1,1,1,QPIB2_QPOP2,QPIBPC2_QPOP2,JPIB1_JPOP1,JPIBPC1_JPOP1,Abaixo da média simples do grupo,Abaixo da média simples do grupo,Abaixo da média simples do grupo,Abaixo da média simples do grupo
410027,4,Alta Renda,28457558,43927.98341522299,647823,632911,15999145344.40173,6335968193.837244,417762740.8461199,51964928.76020813,469727669.606328,.0741366836505294,4,4,4,1,1,1,QPIB4_QPOP4,QPIBPC4_QPOP4,JPIB1_JPOP1,JPIBPC1_JPOP1,Abaixo da média simples do grupo,Abaixo da média simples do grupo,Abaixo da média simples do grupo,Abaixo da média simples do grupo
220018,2,Média Renda e Alto Dinamismo,5226373,88201.38384946418,59255,62921,1023055390.009077,186562242.1976824,564455252.5333726,294982.0428466797,564750234.5762193,3.027141118821925,3,4,2,1,1,1,QPIB3_QPOP2,QPIBPC4_QPOP2,JPIB1_JPOP1,JPIBPC1_JPOP1,Acima ou igual à média simples do grupo,Acima ou igual à média simples do grupo,Acima ou igual à média simples do grupo,Acima ou igual à média simples do grupo
130001,1,Baixa Renda e Médio Dinamismo,713039,8803.711431852136,80993,59896,50127007.4357605,4582218.335449219,0,0,0,0,1,1,2,1,1,1,QPIB1_QPOP2,QPIBPC1_QPOP2,JPIB1_JPOP1,JPIBPC1_JPOP1,Abaixo da média simples do grupo,Abaixo da média simples do grupo,Abaixo da média simples do grupo,Abaixo da média simples do grupo
410013,4,Alta Renda,3864660,46896.66051839627,82408,84571,2237802729.732339,1217774550.991226,11108646.09170532,5260739.913757324,16369386.00546265,.0134420496734297,3,4,2,1,1,1,QPIB3_QPOP2,QPIBPC4_QPOP2,JPIB1_JPOP1,JPIBPC1_JPOP1,Abaixo da média simples do grupo,Abaixo da média simples do grupo,Abaixo da média simples do grupo,Abaixo da média simples do grupo
260003,2,Baixa Renda e Baixo Dinamismo,2380567,9212.257123287141,258413,198341,674793417.5943353,179889949.8490219,61960812.54550889,36796.9423828125,61997609.4878917,.344641874323302,2,1,4,1,1,1,QPIB2_QPOP4,QPIBPC1_QPOP4,JPIB1_JPOP1,JPIBPC1_JPOP1,Acima ou igual à média simples do grupo,Acima ou igual à média simples do grupo,Abaixo da média simples do grupo,Abaixo da média simples do grupo
310047,3,Média Renda e Médio Dinamismo,2943377,24898.29633890506,118216,116908,1910859597.535609,1122121683.03628,21614589.52219132,9469391.632019043,31083981.15421036,.0277010787904055,3,2,2,1,1,1,QPIB3_QPOP2,QPIBPC2_QPOP2,JPIB1_JPOP1,JPIBPC1_JPOP1,Abaixo da média simples do grupo,Abaixo da média simples do grupo,Abaixo da média simples do grupo,Abaixo da média simples do grupo
410025,4,Média Renda e Alto Dinamismo,4000664,30535.69029736826,131016,136312,1341769641.594798,333922148.72685,74016624.69200134,6800960.413513184,80817585.10551453,.2420252307720495,3,3,3,1,1,1,QPIB3_QPOP3,QPIBPC3_QPOP3,JPIB1_JPOP1,JPIBPC1_JPOP1,Abaixo da média simples do grupo,Abaixo da média simples do grupo,Abaixo da média simples do grupo,Abaixo da média simples do grupo
2306256,2,Média Renda e Alto Dinamismo,1003203,25948.70800031039,38661,55889,778717164.5090404,215258359.7946892,0,9343057.012939453,9343057.012939453,.043403921788918,2,3,1,1,1,1,QPIB2_QPOP1,QPIBPC3_QPOP1,JPIB1_JPOP1,JPIBPC1_JPOP1,Abaixo da média simples do grupo,Abaixo da média simples do grupo,Abaixo da média simples do grupo,Abaixo da média simples do grupo
2607752,2,Baixa Renda e Alto Dinamismo,1876862,69144.63601532567,27144,23978,567522196.1758176,90378626.55750275,693344.939453125,1290468.739501953,1983813.678955078,.0219500312686528,2,4,1,1,1,1,QPIB2_QPOP1,QPIBPC4_QPOP1,JPIB1_JPOP1,JPIBPC1_JPOP1,Abaixo da média simples do grupo,Abaixo da média simples do grupo,Abaixo da média simples do grupo,Abaixo da média simples do grupo
150005,1,Baixa Renda e Médio Dinamismo,2918980,8958.130656412366,325847,294351,537503468.4893084,212525393.3577466,14992431.44522095,7736211.390991211,22728642.83621216,.1069455394346818,3,1,4,1,1,1,QPIB3_QPOP4,QPIBPC1_QPOP4,JPIB1_JPOP1,JPIBPC1_JPOP1,Abaixo da média simples do grupo,Abaixo da média simples do grupo,Abaixo da média simples do grupo,Abaixo da média simples do grupo
430040,4,Alta Renda,15833828,41566.56787258451,380927,362089,9158589759.142321,3406863743.925935,92466761.41460778,19676507.16629028,112143268.5808981,.0329168634292573,4,4,4,1,1,1,QPIB4_QPOP4,QPIBPC4_QPOP4,JPIB1_JPOP1,JPIBPC1_JPOP1,Abaixo da média simples do grupo,Abaixo da média simples do grupo,Abaixo da média simples do grupo,Abaixo da média simples do grupo
2910057,2,Média Renda e Baixo Dinamismo,2651001,31670.76040857774,83705,71358,1021384938.850554,231757668.2605791,224461.1091308593,307049.6572265625,531510.7663574218,.0022933902051509,2,3,2,1,1,1,QPIB2_QPOP2,QPIBPC3_QPOP2,JPIB1_JPOP1,JPIBPC1_JPOP1,Abaixo da média simples do grupo,Abaixo da média simples do grupo,Abaixo da média simples do grupo,Abaixo da média simples do grupo
350032,3,Alta Renda,17500328,40524.84010355639,431842,414467,12602888004.7498,5385367312.658723,669470806.487363,8743572.277160645,678214378.7645236,.1259365126628091,4,4,4,1,1,1,QPIB4_QPOP4,QPIBPC4_QPOP4,JPIB1_JPOP1,JPIBPC1_JPOP1,Acima ou igual à média simples do grupo,Abaixo da média simples do grupo,Abaixo da média simples do grupo,Abaixo da média simples do grupo
1304005,1,Baixa Renda e Alto Dinamismo,166594,17934.5462374852,9289,11537,100200824.0269037,2392011.523681641,3676.39990234375,17944744.77441406,17948421.1743164,7.503484409093175,1,2,1,1,1,1,QPIB1_QPOP1,QPIBPC2_QPOP1,JPIB1_JPOP1,JPIBPC1_JPOP1,Acima ou igual à média simples do grupo,Acima ou igual à média simples do grupo,Acima ou igual à média simples do grupo,Acima ou igual à média simples do grupo
420020,4,Alta Renda,48904046,64033.32861961327,763728,835765,28577871283.64919,9601152710.569109,17275050.36166,115156568.837532,132431619.199192,.0137933041158078,4,4,4,1,1,1,QPIB4_QPOP4,QPIBPC4_QPOP4,JPIB1_JPOP1,JPIBPC1_JPOP1,Abaixo da média simples do grupo,Abaixo da média simples do grupo,Abaixo da média simples do grupo,Abaixo da média simples do grupo
310035,3,Média Renda e Médio Dinamismo,1322868,17973.26159615228,73602,71293,815826166.0334044,502559884.9479361,23701127.38905716,1524129.178283691,25225256.56734085,.050193533791409,2,2,2,1,1,1,QPIB2_QPOP2,QPIBPC2_QPOP2,JPIB1_JPOP1,JPIBPC1_JPOP1,Abaixo da média simples do grupo,Abaixo da média simples do grupo,Abaixo da média simples do grupo,Abaixo da média simples do grupo
430029,4,Alta Renda,4502720,39201.81090022636,114860,118542,1752227358.046549,866213757.3867319,17156108.84734344,3345105.825653077,20501214.67299652,.0236676161030348,3,3,2,1,1,1,QPIB3_QPOP2,QPIBPC3_QPOP2,JPIB1_JPOP1,JPIBPC1_JPOP1,Abaixo da média simples do grupo,Abaixo da média simples do grupo,Abaixo da média simples do grupo,Abaixo da média simples do grupo
310018,3,Baixa Renda e Médio Dinamismo,1257272,13500.76240792045,93126,90527,376602371.7953473,122539757.2345106,18024293.03245544,58467700.23562622,76491993.26808167,.624221844357787,2,1,2,1,1,1,QPIB2_QPOP2,QPIBPC1_QPOP2,JPIB1_JPOP1,JPIBPC1_JPOP1,Acima ou igual à média simples do grupo,Acima ou igual à média simples do grupo,Abaixo da média simples do grupo,Abaixo da média simples do grupo
510002,5,Alta Renda,22703947,86826.6255172361,261486,251604,7892548870.074682,1523061364.405105,2537549497.753443,23704955.02029419,2561254452.773737,1.681648889947479,4,4,4,1,1,1,QPIB4_QPOP4,QPIBPC4_QPOP4,JPIB1_JPOP1,JPIBPC1_JPOP1,Acima ou igual à média simples do grupo,Acima ou igual à média simples do grupo,Acima ou igual à média simples do grupo,Acima ou igual à média simples do grupo
2403251,2,Alta Renda,5682353,20853.43682336967,272490,252228,3015558632.355458,846666325.9903021,4810144.967840672,1252021.020065307,6062165.987905979,.007160041449405,3,2,4,1,1,1,QPIB3_QPOP4,QPIBPC2_QPOP4,JPIB1_JPOP1,JPIBPC1_JPOP1,Abaixo da média simples do grupo,Abaixo da média simples do grupo,Abaixo da média simples do grupo,Abaixo da média simples do grupo
430017,4,Média Renda e Médio Dinamismo,4916295,48355.41457657126,101670,98964,1676129106.383823,768334771.0651727,115189661.8428459,1192893.634460449,116382555.4773064,.1514737583930513,3,4,2,1,1,1,QPIB3_QPOP2,QPIBPC4_QPOP2,JPIB1_JPOP1,JPIBPC1_JPOP1,Abaixo da média simples do grupo,Abaixo da média simples do grupo,Abaixo da média simples do grupo,Abaixo da média simples do grupo
320003,3,Média Renda e Baixo Dinamismo,6054152,20217.09961697339,299457,268182,3320000199.139716,958072403.642242,191654347.9504259,157055943.2894592,348710291.2398851,.363970708178438,3,2,4,1,1,1,QPIB3_QPOP4,QPIBPC2_QPOP4,JPIB1_JPOP1,JPIBPC1_JPOP1,Acima ou igual à média simples do grupo,Acima ou igual à média simples do grupo,Abaixo da média simples do grupo,Abaixo da média simples do grupo
150009,1,Média Renda e Alto Dinamismo,16201994,27498.15258917555,589203,528080,6042084149.462708,1040627311.385155,267738413.4582613,754334988.2121849,1022073401.670446,.9821704566930767,4,3,4,1,1,1,QPIB4_QPOP4,QPIBPC3_QPOP4,JPIB1_JPOP1,JPIBPC1_JPOP1,Acima ou igual à média simples do grupo,Acima ou igual à média simples do grupo,Acima ou igual à média simples do grupo,Acima ou igual à média simples do grupo
420018,4,Alta Renda,6167472,43745.27967315904,140986,134823,4645771952.091218,2177195593.359009,27963928.5307991,9946841.687973022,37910770.21877212,.0174126616526367,3,4,3,1,1,1,QPIB3_QPOP3,QPIBPC4_QPOP3,JPIB1_JPOP1,JPIBPC1_JPOP1,Abaixo da média simples do grupo,Abaixo da média simples do grupo,Abaixo da média simples do grupo,Abaixo da média simples do grupo
290026,2,Baixa Renda e Médio Dinamismo,1866816,9841.404396647162,189690,187885,347669876.617631,74597259.10914993,3440561.102813721,1736164.928955079,5176726.0317688,.0693956600227666,2,1,3,1,1,1,QPIB2_QPOP3,QPIBPC1_QPOP3,JPIB1_JPOP1,JPIBPC1_JPOP1,Abaixo da média simples do grupo,Abaixo da média simples do grupo,Abaixo da média simples do grupo,Abaixo da média simples do grupo
410009,4,Alta Renda,10267226,36876.22475073988,278424,292236,5704258251.667518,2461879509.050748,30349280.8460234,5174423.560501099,35523704.40652449,.0144295056991728,4,3,4,1,1,1,QPIB4_QPOP4,QPIBPC3_QPOP4,JPIB1_JPOP1,JPIBPC1_JPOP1,Abaixo da média simples do grupo,Abaixo da média simples do grupo,Abaixo da média simples do grupo,Abaixo da média simples do grupo
290021,2,Baixa Renda e Médio Dinamismo,2198881,9863.460606821811,222932,212814,707068955.8385078,117310528.9979793,20122209.91451263,12740283.3394928,32862493.25400543,.280132512696891,2,1,3,1,1,1,QPIB2_QPOP3,QPIBPC1_QPOP3,JPIB1_JPOP1,JPIBPC1_JPOP1,Acima ou igual à média simples do grupo,Acima ou igual à média simples do grupo,Abaixo da média simples do grupo,Abaixo da média simples do grupo
2200400,2,Baixa Renda e Alto Dinamismo,490136,12048.27806592758,40681,46558,158418901.132328,46923400.78404404,140179.0698242188,234236.3000488281,374415.3698730469,.0079792888754211,1,1,1,1,1,1,QPIB1_QPOP1,QPIBPC1_QPOP1,JPIB1_JPOP1,JPIBPC1_JPOP1,Abaixo da média simples do grupo,Abaixo da média simples do grupo,Abaixo da média simples do grupo,Abaixo da média simples do grupo
520005,5,Média Renda e Alto Dinamismo,4992008,33583.42359312456,148645,152085,1911206484.126343,389722126.9349954,586403333.7277632,3513657.582427979,589916991.3101913,1.513686163907721,3,3,3,1,1,1,QPIB3_QPOP3,QPIBPC3_QPOP3,JPIB1_JPOP1,JPIBPC1_JPOP1,Acima ou igual à média simples do grupo,Acima ou igual à média simples do grupo,Acima ou igual à média simples do grupo,Acima ou igual à média simples do grupo
430035,4,Alta Renda,1422885,37638.4774097979,37804,43587,560535375.1995175,284942689.7127116,8021869.04750061,77169.693359375,8099038.740859985,.0284233954169019,2,3,1,1,1,1,QPIB2_QPOP1,QPIBPC3_QPOP1,JPIB1_JPOP1,JPIBPC1_JPOP1,Abaixo da média simples do grupo,Abaixo da média simples do grupo,Abaixo da média simples do grupo,Abaixo da média simples do grupo
430003,4,Alta Renda,6948164,27997.93687315397,248167,258885,3556304729.573934,1024872130.385859,8333733.819319535,6995241.181983948,15328975.00130348,.0149569634560481,3,3,3,1,1,1,QPIB3_QPOP3,QPIBPC3_QPOP3,JPIB1_JPOP1,JPIBPC1_JPOP1,Abaixo da média simples do grupo,Abaixo da média simples do grupo,Abaixo da média simples do grupo,Abaixo da média simples do grupo
420017,4,Alta Renda,9555796,39463.11507567779,242145,234385,4878133369.118219,1894201455.901274,145717239.9524145,20413556.89483643,166130796.8472509,.0877049251174843,4,3,3,1,1,1,QPIB4_QPOP3,QPIBPC3_QPOP3,JPIB1_JPOP1,JPIBPC1_JPOP1,Abaixo da média simples do grupo,Abaixo da média simples do grupo,Abaixo da média simples do grupo,Abaixo da média simples do grupo
2511905,2,Baixa Renda e Alto Dinamismo,369493,18969.76075572441,19478,16748,81632009.52547073,11104100.82522583,386761.5336914063,6912938.658447266,7299700.192138672,.6573877801573559,1,2,1,1,1,1,QPIB1_QPOP1,QPIBPC2_QPOP1,JPIB1_JPOP1,JPIBPC1_JPOP1,Abaixo da média simples do grupo,Abaixo da média simples do grupo,Abaixo da média simples do grupo,Abaixo da média simples do grupo
350023,3,Média Renda e Médio Dinamismo,7945746,26764.43779747168,296877,272689,5160215820.231782,2525951822.015387,176391105.4891167,18417478.16908264,194808583.6581993,.0771228421541179,4,3,4,1,1,1,QPIB4_QPOP4,QPIBPC3_QPOP4,JPIB1_JPOP1,JPIBPC1_JPOP1,Abaixo da média simples do grupo,Abaixo da média simples do grupo,Abaixo da média simples do grupo,Abaixo da média simples do grupo
430034,4,Média Renda e Alto Dinamismo,2776575,54324.41157480777,51111,50895,616556599.9790657,198140838.0537454,60079536.17716981,1330842.966083527,61410379.14325333,.3099329736689407,2,4,2,1,1,1,QPIB2_QPOP2,QPIBPC4_QPOP2,JPIB1_JPOP1,JPIBPC1_JPOP1,Abaixo da média simples do grupo,Abaixo da média simples do grupo,Abaixo da média simples do grupo,Abaixo da média simples do grupo
220007,2,Baixa Renda e Médio Dinamismo,1968534,10898.57880779303,180623,178950,601660941.1190491,158710967.8104525,5926180.001342773,9134099.822372437,15060279.82371521,.0948912355049187,2,1,3,1,1,1,QPIB2_QPOP3,QPIBPC1_QPOP3,JPIB1_JPOP1,JPIBPC1_JPOP1,Abaixo da média simples do grupo,Abaixo da média simples do grupo,Abaixo da média simples do grupo,Abaixo da média simples do grupo
240003,2,Baixa Renda e Alto Dinamismo,1648846,16721.21937368165,98608,94411,627097255.5617864,244081207.3037412,20759330.99993896,0,20759330.99993896,.0850509190332933,2,2,2,1,1,1,QPIB2_QPOP2,QPIBPC2_QPOP2,JPIB1_JPOP1,JPIBPC1_JPOP1,Abaixo da média simples do grupo,Abaixo da média simples do grupo,Abaixo da média simples do grupo,Abaixo da média simples do grupo
320002,3,Média Renda e Alto Dinamismo,5808604,25027.16164279682,232092,231534,2562041938.264615,1099322189.796983,29374638.6784277,18085504.40652466,47460143.08495235,.0431721869397697,3,2,3,1,1,1,QPIB3_QPOP3,QPIBPC2_QPOP3,JPIB1_JPOP1,JPIBPC1_JPOP1,Abaixo da média simples do grupo,Abaixo da média simples do grupo,Abaixo da média simples do grupo,Abaixo da média simples do grupo
330011,3,Média Renda e Médio Dinamismo,5110574,25327.58116553259,201779,192079,2523734945.388903,1295274282.825721,21423071.21882629,19181950.53289795,40605021.75172424,.0313485894764635,3,3,3,1,1,1,QPIB3_QPOP3,QPIBPC3_QPOP3,JPIB1_JPOP1,JPIBPC1_JPOP1,Abaixo da média simples do grupo,Abaixo da média simples do grupo,Abaixo da média simples do grupo,Abaixo da média simples do grupo
230009,2,Baixa Renda e Médio Dinamismo,4002066,11714.89541071711,341622,300409,1059937964.923718,326918886.140934,516799.7905273438,3532379.587768555,4049179.378295898,.0123858839300899,3,1,4,1,1,1,QPIB3_QPOP4,QPIBPC1_QPOP4,JPIB1_JPOP1,JPIBPC1_JPOP1,Abaixo da média simples do grupo,Abaixo da média simples do grupo,Abaixo da média simples do grupo,Abaixo da média simples do grupo
220011,2,Média Renda e Médio Dinamismo,842339,11916.46271591665,70687,68298,207638148.8571273,44274649.41276932,985778.6079864502,41821.19921875,1027599.8072052,.0232096655949765,1,1,2,1,1,1,QPIB1_QPOP2,QPIBPC1_QPOP2,JPIB1_JPOP1,JPIBPC1_JPOP1,Abaixo da média simples do grupo,Abaixo da média simples do grupo,Abaixo da média simples do grupo,Abaixo da média simples do grupo
520016,5,Média Renda e Médio Dinamismo,4257846,31327.50121400297,135914,130992,1551159038.146416,354731034.8717254,315512681.6690334,170579794.1839564,486092475.8529899,1.370312794956794,3,3,3,1,1,1,QPIB3_QPOP3,QPIBPC3_QPOP3,JPIB1_JPOP1,JPIBPC1_JPOP1,Acima ou igual à média simples do grupo,Acima ou igual à média simples do grupo,Acima ou igual à média simples do grupo,Acima ou igual à média simples do grupo
2202737,2,Baixa Renda e Médio Dinamismo,36310,8978.733926805144,4044,4099,3123816.277145386,499402.1578979492,0,0,0,0,1,1,1,1,1,1,QPIB1_QPOP1,QPIBPC1_QPOP1,JPIB1_JPOP1,JPIBPC1_JPOP1,Abaixo da média simples do grupo,Abaixo da média simples do grupo,Abaixo da média simples do grupo,Abaixo da média simples do grupo
2404606,2,Baixa Renda e Médio Dinamismo,133977,9547.281408109457,14033,11609,17354693.32323456,5344174.212219238,751034.7509765625,274075.3681640625,1025110.119140625,.1918182451456676,1,1,1,1,1,1,QPIB1_QPOP1,QPIBPC1_QPOP1,JPIB1_JPOP1,JPIBPC1_JPOP1,Abaixo da média simples do grupo,Abaixo da média simples do grupo,Abaixo da média simples do grupo,Abaixo da média simples do grupo
420010,4,Alta Renda,7650582,54420.77933163563,140582,150399,5049573343.090159,2652420250.233739,11457528.16595459,5515371.483886719,16972899.64984131,.0063990235515453,4,4,3,1,1,1,QPIB4_QPOP3,QPIBPC4_QPOP3,JPIB1_JPOP1,JPIBPC1_JPOP1,Abaixo da média simples do grupo,Abaixo da média simples do grupo,Abaixo da média simples do grupo,Abaixo da média simples do grupo
310043,3,Média Renda e Baixo Dinamismo,5760768,24848.56902538443,231835,226474,3519464059.052881,1490127415.128802,64862869.08677078,26817814.46524812,91680683.5520189,.0615253988492617,3,2,3,1,1,1,QPIB3_QPOP3,QPIBPC2_QPOP3,JPIB1_JPOP1,JPIBPC1_JPOP1,Abaixo da média simples do grupo,Abaixo da média simples do grupo,Abaixo da média simples do grupo,Abaixo da média simples do grupo
430037,4,Alta Renda,14181326,57538.43719443171,246467,240888,10637845365.24822,7119270515.458816,1663234.680953979,24522872.29427368,26186106.97522766,.003678200865997,4,4,3,1,1,1,QPIB4_QPOP3,QPIBPC4_QPOP3,JPIB1_JPOP1,JPIBPC1_JPOP1,Abaixo da média simples do grupo,Abaixo da média simples do grupo,Abaixo da média simples do grupo,Abaixo da média simples do grupo
520022,5,Média Renda e Médio Dinamismo,36798,10400.7914075749,3538,2696,4935257.390289307,1459196.975372314,339259.4538574219,0,339259.4538574219,.2324973664167991,1,1,1,1,1,1,QPIB1_QPOP1,QPIBPC1_QPOP1,JPIB1_JPOP1,JPIBPC1_JPOP1,Abaixo da média simples do grupo,Abaixo da média simples do grupo,Abaixo da média simples do grupo,Abaixo da média simples do grupo
2508604,2,Baixa Renda e Alto Dinamismo,206817,15498.87589928058,13344,12554,82666347.47460556,65265051.91365433,2565083.417541504,0,2565083.417541504,.0393025569172167,1,1,1,1,1,1,QPIB1_QPOP1,QPIBPC1_QPOP1,JPIB1_JPOP1,JPIBPC1_JPOP1,Abaixo da média simples do grupo,Abaixo da média simples do grupo,Abaixo da média simples do grupo,Abaixo da média simples do grupo
250012,2,Baixa Renda e Médio Dinamismo,837668,12418.35917810656,67454,64690,131972282.1910934,41567726.1248436,468908.8986816406,592120.6836090088,1061029.582290649,.0255253217148318,1,1,2,1,1,1,QPIB1_QPOP2,QPIBPC1_QPOP2,JPIB1_JPOP1,JPIBPC1_JPOP1,Abaixo da média simples do grupo,Abaixo da média simples do grupo,Abaixo da média simples do grupo,Abaixo da média simples do grupo
2507507,2,Alta Renda,19073676,23097.32185672975,825796,827822,15191424086.54845,5467338505.415474,7341133.762252808,976215.7602310181,8317349.522483826,.0015212794148826,4,2,4,1,1,1,QPIB4_QPOP4,QPIBPC2_QPOP4,JPIB1_JPOP1,JPIBPC1_JPOP1,Abaixo da média simples do grupo,Abaixo da média simples do grupo,Abaixo da média simples do grupo,Abaixo da média simples do grupo
220014,2,Baixa Renda e Alto Dinamismo,1308511,26680.89227820484,49043,48502,223141538.3503971,34099579.09261703,21000,41774120.29882813,41795120.29882813,1.225678480819643,2,3,2,1,1,1,QPIB2_QPOP2,QPIBPC3_QPOP2,JPIB1_JPOP1,JPIBPC1_JPOP1,Acima ou igual à média simples do grupo,Acima ou igual à média simples do grupo,Acima ou igual à média simples do grupo,Acima ou igual à média simples do grupo
220019,2,Baixa Renda e Médio Dinamismo,565110,11079.5020096069,51005,47386,125194974.4143379,67135660.94600207,1588056.899108887,0,1588056.899108887,.0236544464853959,1,1,2,1,1,1,QPIB1_QPOP2,QPIBPC1_QPOP2,JPIB1_JPOP1,JPIBPC1_JPOP1,Abaixo da média simples do grupo,Abaixo da média simples do grupo,Abaixo da média simples do grupo,Abaixo da média simples do grupo
430018,4,Alta Renda,13390410,64878.53211364782,206392,202641,5393755670.791121,2812999271.383121,142165258.0128162,9381737.543838501,151546995.5566547,.0538738125879929,4,4,3,1,1,1,QPIB4_QPOP3,QPIBPC4_QPOP3,JPIB1_JPOP1,JPIBPC1_JPOP1,Abaixo da média simples do grupo,Abaixo da média simples do grupo,Abaixo da média simples do grupo,Abaixo da média simples do grupo
330001,3,Média Renda e Alto Dinamismo,44770325,324707.3520985792,137879,130527,1560850933.040198,592556170.1026014,5057605.67796112,407100.0356445313,5464705.713605652,.0092222577188918,4,4,3,1,1,1,QPIB4_QPOP3,QPIBPC4_QPOP3,JPIB1_JPOP1,JPIBPC1_JPOP1,Abaixo da média simples do grupo,Abaixo da média simples do grupo,Abaixo da média simples do grupo,Abaixo da média simples do grupo
420021,4,Alta Renda,8381740,49040.4001989293,170915,170704,6830620011.577673,4353918666.709897,931076.4473876953,5100125.95513916,6031202.402526855,.0013852354313923,4,4,3,1,1,1,QPIB4_QPOP3,QPIBPC4_QPOP3,JPIB1_JPOP1,JPIBPC1_JPOP1,Abaixo da média simples do grupo,Abaixo da média simples do grupo,Abaixo da média simples do grupo,Abaixo da média simples do grupo
520007,5,Alta Renda,8447713,42943.70056324854,196716,196450,4708852207.304987,1596382100.354151,366081406.5602967,9078299.945709229,375159706.5060059,.2350062096178466,4,4,3,1,1,1,QPIB4_QPOP3,QPIBPC4_QPOP3,JPIB1_JPOP1,JPIBPC1_JPOP1,Acima ou igual à média simples do grupo,Abaixo da média simples do grupo,Abaixo da média simples do grupo,Abaixo da média simples do grupo
270003,2,Baixa Renda e Médio Dinamismo,4078613,20795.66915483766,196128,176632,1307310010.752695,201371789.1073889,283697561.7656531,693449.4485321045,284391011.2141852,1.412268384140557,3,2,3,1,1,1,QPIB3_QPOP3,QPIBPC2_QPOP3,JPIB1_JPOP1,JPIBPC1_JPOP1,Acima ou igual à média simples do grupo,Acima ou igual à média simples do grupo,Acima ou igual à média simples do grupo,Acima ou igual à média simples do grupo
410016,4,Média Renda e Médio Dinamismo,9357202,32203.80503988822,290562,299223,5208962837.056355,2322920231.214304,153596031.3759003,4795068.136108398,158391099.5120087,.0681861982962755,4,3,4,1,1,1,QPIB4_QPOP4,QPIBPC3_QPOP4,JPIB1_JPOP1,JPIBPC1_JPOP1,Abaixo da média simples do grupo,Abaixo da média simples do grupo,Abaixo da média simples do grupo,Abaixo da média simples do grupo
520004,5,Alta Renda,12805022,74432.22348810713,172036,169548,3960989616.317318,1687051264.427317,348892805.3156408,82253920.50400543,431146725.8196463,.2555623145014521,4,4,3,1,1,1,QPIB4_QPOP3,QPIBPC4_QPOP3,JPIB1_JPOP1,JPIBPC1_JPOP1,Acima ou igual à média simples do grupo,Abaixo da média simples do grupo,Abaixo da média simples do grupo,Abaixo da média simples do grupo
410007,4,Alta Renda,23261163,60688.47185406274,383288,417367,9695733631.42717,3863515348.377033,32418407.99385071,7269717.75642395,39688125.75027466,.0102725425348567,4,4,4,1,1,1,QPIB4_QPOP4,QPIBPC4_QPOP4,JPIB1_JPOP1,JPIBPC1_JPOP1,Abaixo da média simples do grupo,Abaixo da média simples do grupo,Abaixo da média simples do grupo,Abaixo da média simples do grupo
430026,4,Alta Renda,11699734,54402.94433568775,215057,212647,5553162755.366692,2732122057.966737,28023810.9119072,5982452.161560059,34006263.07346725,.0124468315660739,4,4,3,1,1,1,QPIB4_QPOP3,QPIBPC4_QPOP3,JPIB1_JPOP1,JPIBPC1_JPOP1,Abaixo da média simples do grupo,Abaixo da média simples do grupo,Abaixo da média simples do grupo,Abaixo da média simples do grupo
520003,5,Média Renda e Médio Dinamismo,2938217,26697.47219597296,110056,104789,1469752791.302116,786726347.4707639,69996679.07628419,522944.453125,70519623.52940919,.0896367888988615,3,3,2,1,1,1,QPIB3_QPOP2,QPIBPC3_QPOP2,JPIB1_JPOP1,JPIBPC1_JPOP1,Abaixo da média simples do grupo,Abaixo da média simples do grupo,Abaixo da média simples do grupo,Abaixo da média simples do grupo
230014,2,Baixa Renda e Médio Dinamismo,996792,10119.92121667445,98498,99955,265052711.0548899,110089533.4074171,0,0,0,0,2,1,2,1,1,1,QPIB2_QPOP2,QPIBPC1_QPOP2,JPIB1_JPOP1,JPIBPC1_JPOP1,Abaixo da média simples do grupo,Abaixo da média simples do grupo,Abaixo da média simples do grupo,Abaixo da média simples do grupo
330012,3,Média Renda e Médio Dinamismo,2878551,23867.19676304029,120607,116381,1037700505.447185,304380624.2353427,11785356.88448502,13425725.16909409,25211082.0535791,.0828274865291237,3,2,2,1,1,1,QPIB3_QPOP2,QPIBPC2_QPOP2,JPIB1_JPOP1,JPIBPC1_JPOP1,Abaixo da média simples do grupo,Abaixo da média simples do grupo,Abaixo da média simples do grupo,Abaixo da média simples do grupo
310052,3,Média Renda e Baixo Dinamismo,4418149,21605.16883053376,204495,197930,3214961669.992374,1514678576.330561,32160244.64509563,8451605.612258911,40611850.25735454,.0268121903167999,3,2,3,1,1,1,QPIB3_QPOP3,QPIBPC2_QPOP3,JPIB1_JPOP1,JPIBPC1_JPOP1,Abaixo da média simples do grupo,Abaixo da média simples do grupo,Abaixo da média simples do grupo,Abaixo da média simples do grupo
210019,2,Média Renda e Alto Dinamismo,11056285,20251.12691612374,545959,534364,5534739708.357664,1430158445.969773,171033961.7130866,11088181.71627808,182122143.4293647,.1273440323640993,4,2,4,1,1,1,QPIB4_QPOP4,QPIBPC2_QPOP4,JPIB1_JPOP1,JPIBPC1_JPOP1,Acima ou igual à média simples do grupo,Abaixo da média simples do grupo,Abaixo da média simples do grupo,Abaixo da média simples do grupo
1703107,1,Média Renda e Médio Dinamismo,111901,19739.10742635385,5669,4796,16375932.30557251,1471757.651489258,5430824.696548462,846241.5765380859,6277066.273086548,4.26501351410325,1,2,1,1,1,1,QPIB1_QPOP1,QPIBPC2_QPOP1,JPIB1_JPOP1,JPIBPC1_JPOP1,Acima ou igual à média simples do grupo,Acima ou igual à média simples do grupo,Acima ou igual à média simples do grupo,Acima ou igual à média simples do grupo
2312601,2,Baixa Renda e Médio Dinamismo,123544,9440.929237352897,13086,10791,17090061.49378204,3533409.987358093,44883.099609375,547090.9033203125,591974.0029296875,.1675361775303925,1,1,1,1,1,1,QPIB1_QPOP1,QPIBPC1_QPOP1,JPIB1_JPOP1,JPIBPC1_JPOP1,Abaixo da média simples do grupo,Abaixo da média simples do grupo,Abaixo da média simples do grupo,Abaixo da média simples do grupo
2704302,2,Média Renda e Baixo Dinamismo,23179003,22469.04847532515,1031597,952380,16205591815.02123,6247487548.58647,71769614.75712827,23671371.20428466,95440985.96141294,.0152766988680125,4,2,4,1,1,1,QPIB4_QPOP4,QPIBPC2_QPOP4,JPIB1_JPOP1,JPIBPC1_JPOP1,Abaixo da média simples do grupo,Abaixo da média simples do grupo,Abaixo da média simples do grupo,Abaixo da média simples do grupo
350019,3,Alta Renda,3581456,25614.02906511043,139824,119224,2194497314.122631,753794689.1320419,196471369.1495452,0,196471369.1495452,.2606430795841405,3,3,3,1,1,1,QPIB3_QPOP3,QPIBPC3_QPOP3,JPIB1_JPOP1,JPIBPC1_JPOP1,Abaixo da média simples do grupo,Abaixo da média simples do grupo,Abaixo da média simples do grupo,Abaixo da média simples do grupo
430031,4,Média Renda e Médio Dinamismo,2511684,33979.32844503369,73918,69178,853005182.7301083,321578642.2649947,11607095.32862091,4642309.283294678,16249404.61191559,.0505301113826004,2,3,2,1,1,1,QPIB2_QPOP2,QPIBPC3_QPOP2,JPIB1_JPOP1,JPIBPC1_JPOP1,Abaixo da média simples do grupo,Abaixo da média simples do grupo,Abaixo da média simples do grupo,Abaixo da média simples do grupo
310050,3,Média Renda e Alto Dinamismo,28650784,50889.40161740388,563001,575750,14773525598.70525,7428480639.248873,61713354.94138718,25371705.81341553,87085060.7548027,.0117231322236586,4,4,4,1,1,1,QPIB4_QPOP4,QPIBPC4_QPOP4,JPIB1_JPOP1,JPIBPC1_JPOP1,Abaixo da média simples do grupo,Abaixo da média simples do grupo,Abaixo da média simples do grupo,Abaixo da média simples do grupo
2700607,2,Média Renda e Alto Dinamismo,223684,26521.6978894949,8434,7905,97030793.61563706,39496563.3717482,2361337.8203125,725346.908782959,3086684.729095459,.0781507165583768,1,3,1,1,1,1,QPIB1_QPOP1,QPIBPC3_QPOP1,JPIB1_JPOP1,JPIBPC1_JPOP1,Abaixo da média simples do grupo,Abaixo da média simples do grupo,Abaixo da média simples do grupo,Abaixo da média simples do grupo
410024,4,Média Renda e Alto Dinamismo,6200404,34279.86023574162,180876,173520,2708911748.518701,1087642050.381252,177121200.93294,8174093.945037842,185295294.8779778,.1703642248964411,3,3,3,1,1,1,QPIB3_QPOP3,QPIBPC3_QPOP3,JPIB1_JPOP1,JPIBPC1_JPOP1,Abaixo da média simples do grupo,Abaixo da média simples do grupo,Abaixo da média simples do grupo,Abaixo da média simples do grupo
310055,3,Alta Renda,24142319,52642.60326902278,458608,451555,11695402409.50371,4762585716.389898,551949591.2227854,26936474.61557281,578886065.8383582,.1215486923093452,4,4,4,1,1,1,QPIB4_QPOP4,QPIBPC4_QPOP4,JPIB1_JPOP1,JPIBPC1_JPOP1,Abaixo da média simples do grupo,Abaixo da média simples do grupo,Abaixo da média simples do grupo,Abaixo da média simples do grupo
510001,5,Média Renda e Alto Dinamismo,7426919,55998.12256838677,132628,128129,2521955679.574376,750666421.16084,682674951.2299149,106667812.4616432,789342763.691558,1.051522675639212,4,4,3,1,1,1,QPIB4_QPOP3,QPIBPC4_QPOP3,JPIB1_JPOP1,JPIBPC1_JPOP1,Acima ou igual à média simples do grupo,Acima ou igual à média simples do grupo,Acima ou igual à média simples do grupo,Acima ou igual à média simples do grupo
310003,3,Média Renda e Baixo Dinamismo,37718621,144948.9701022212,260220,254814,7862427599.45526,1691084720.461606,16986254.88349152,2312166370.193108,2329152625.076599,1.377312796274821,4,4,4,1,1,1,QPIB4_QPOP4,QPIBPC4_QPOP4,JPIB1_JPOP1,JPIBPC1_JPOP1,Acima ou igual à média simples do grupo,Acima ou igual à média simples do grupo,Acima ou igual à média simples do grupo,Acima ou igual à média simples do grupo
220012,2,Baixa Renda e Alto Dinamismo,459089,10997.98768655822,41743,41579,59134766.13206483,8155043.774932861,1745179.936149597,0,1745179.936149597,.2140000696886467,1,1,1,1,1,1,QPIB1_QPOP1,QPIBPC1_QPOP1,JPIB1_JPOP1,JPIBPC1_JPOP1,Abaixo da média simples do grupo,Abaixo da média simples do grupo,Abaixo da média simples do grupo,Abaixo da média simples do grupo
220016,2,Média Renda e Alto Dinamismo,2175236,29883.7202912488,72790,74163,398560147.0773335,79587125.49973106,91731238.04050827,754521.1176986694,92485759.15820694,1.162069349502005,2,3,2,1,1,1,QPIB2_QPOP2,QPIBPC3_QPOP2,JPIB1_JPOP1,JPIBPC1_JPOP1,Acima ou igual à média simples do grupo,Acima ou igual à média simples do grupo,Acima ou igual à média simples do grupo,Acima ou igual à média simples do grupo
260009,2,Média Renda e Médio Dinamismo,16170983,14580.39331308252,1109091,1075938,8442698937.679361,3638276866.216477,23253895.61624146,14625827.20670319,37879722.82294464,.0104114459167965,4,1,4,1,1,1,QPIB4_QPOP4,QPIBPC1_QPOP4,JPIB1_JPOP1,JPIBPC1_JPOP1,Abaixo da média simples do grupo,Abaixo da média simples do grupo,Abaixo da média simples do grupo,Abaixo da média simples do grupo
2301000,2,Média Renda e Alto Dinamismo,2850933,34946.04135766906,81581,79695,1491687404.791756,591113203.5115917,826983.104888916,1756911.995056152,2583895.099945068,.0043712356357379,3,3,2,1,1,1,QPIB3_QPOP2,QPIBPC3_QPOP2,JPIB1_JPOP1,JPIBPC1_JPOP1,Abaixo da média simples do grupo,Abaixo da média simples do grupo,Abaixo da média simples do grupo,Abaixo da média simples do grupo
350004,3,Média Renda e Alto Dinamismo,10512508,29530.51226445835,355988,344033,4854394518.825286,1498605476.93628,635321532.6669822,27322071.01129532,662643603.6782775,.4421734831991759,4,3,4,1,1,1,QPIB4_QPOP4,QPIBPC3_QPOP4,JPIB1_JPOP1,JPIBPC1_JPOP1,Acima ou igual à média simples do grupo,Acima ou igual à média simples do grupo,Abaixo da média simples do grupo,Abaixo da média simples do grupo
1400050,1,Baixa Renda e Alto Dinamismo,378460,24818.67663453341,15249,20906,31634599.45780754,4998679.135406494,18326582.25950432,0,18326582.25950432,3.66628498510617,1,2,1,1,1,1,QPIB1_QPOP1,QPIBPC2_QPOP1,JPIB1_JPOP1,JPIBPC1_JPOP1,Acima ou igual à média simples do grupo,Acima ou igual à média simples do grupo,Acima ou igual à média simples do grupo,Acima ou igual à média simples do grupo
290022,2,Baixa Renda e Alto Dinamismo,9310543,17846.44328286401,521703,537551,3981338487.66441,1715116801.905852,826846.7691650391,137793099.7735901,138619946.5427551,.0808224526683661,4,2,4,1,1,1,QPIB4_QPOP4,QPIBPC2_QPOP4,JPIB1_JPOP1,JPIBPC1_JPOP1,Abaixo da média simples do grupo,Abaixo da média simples do grupo,Abaixo da média simples do grupo,Abaixo da média simples do grupo
150018,1,Média Renda e Alto Dinamismo,9812674,36892.1096461052,265983,290116,1698846022.322268,359798027.3850768,80076868.87797165,36879057.30186462,116955926.1798363,.3250599427402175,4,3,4,1,1,1,QPIB4_QPOP4,QPIBPC3_QPOP4,JPIB1_JPOP1,JPIBPC1_JPOP1,Acima ou igual à média simples do grupo,Acima ou igual à média simples do grupo,Abaixo da média simples do grupo,Abaixo da média simples do grupo
2609402,2,Baixa Renda e Médio Dinamismo,803787,12600.12227238525,63792,55093,542927063.5068994,267896343.4836683,43265301.48805068,55140,43320441.48805068,.161705982712271,1,1,2,1,1,1,QPIB1_QPOP2,QPIBPC1_QPOP2,JPIB1_JPOP1,JPIBPC1_JPOP1,Abaixo da média simples do grupo,Abaixo da média simples do grupo,Abaixo da média simples do grupo,Abaixo da média simples do grupo
430022,4,Alta Renda,3785056,55014.54920713362,68801,70097,915369723.0358908,293163904.3017311,93799669.21482086,2180022.282073975,95979691.49689484,.327392595365732,3,4,2,1,1,1,QPIB3_QPOP2,QPIBPC4_QPOP2,JPIB1_JPOP1,JPIBPC1_JPOP1,Abaixo da média simples do grupo,Abaixo da média simples do grupo,Abaixo da média simples do grupo,Abaixo da média simples do grupo
1506351,1,Baixa Renda e Baixo Dinamismo,213521,9789.601577185824,21811,21052,80837314.8872464,21371335.33228683,969954.9765625,2910501.091909179,3880456.068471679,.1815729344066425,1,1,1,1,1,1,QPIB1_QPOP1,QPIBPC1_QPOP1,JPIB1_JPOP1,JPIBPC1_JPOP1,Abaixo da média simples do grupo,Abaixo da média simples do grupo,Abaixo da média simples do grupo,Abaixo da média simples do grupo
1701101,1,Média Renda e Alto Dinamismo,247648,50530.09589879616,4901,4834,31091549.73435974,6896251.245697021,17554451.7099762,0,17554451.7099762,2.545506404066913,1,4,1,1,1,1,QPIB1_QPOP1,QPIBPC4_QPOP1,JPIB1_JPOP1,JPIBPC1_JPOP1,Acima ou igual à média simples do grupo,Acima ou igual à média simples do grupo,Acima ou igual à média simples do grupo,Acima ou igual à média simples do grupo
120002,1,Média Renda e Médio Dinamismo,1744735,23700.16436420935,73617,70804,343792114.720358,107216528.4832083,19271600.05615234,348446.0589904785,19620046.11514282,.1829946034693299,2,2,2,1,1,1,QPIB2_QPOP2,QPIBPC2_QPOP2,JPIB1_JPOP1,JPIBPC1_JPOP1,Abaixo da média simples do grupo,Abaixo da média simples do grupo,Abaixo da média simples do grupo,Abaixo da média simples do grupo
230001,2,Baixa Renda e Alto Dinamismo,1126218,16594.24176342312,67868,63310,284844194.8085597,192064101.043433,289510.4763183594,218006.701171875,507517.1774902344,.0026424364299889,2,2,2,1,1,1,QPIB2_QPOP2,QPIBPC2_QPOP2,JPIB1_JPOP1,JPIBPC1_JPOP1,Abaixo da média simples do grupo,Abaixo da média simples do grupo,Abaixo da média simples do grupo,Abaixo da média simples do grupo
1301852,1,Baixa Renda e Médio Dinamismo,943560,18978.23725813589,49718,60869,272841819.554551,133292497.9989966,1212,4714892.323356628,4716104.323356628,.0353816185768544,1,2,2,1,1,1,QPIB1_QPOP2,QPIBPC2_QPOP2,JPIB1_JPOP1,JPIBPC1_JPOP1,Abaixo da média simples do grupo,Abaixo da média simples do grupo,Abaixo da média simples do grupo,Abaixo da média simples do grupo
410012,4,Alta Renda,3509419,42491.02818674932,82592,88568,1913306936.668446,1044753916.81383,18023570.45484924,923121.479675293,18946691.93452454,.0181350762410214,3,4,2,1,1,1,QPIB3_QPOP2,QPIBPC4_QPOP2,JPIB1_JPOP1,JPIBPC1_JPOP1,Abaixo da média simples do grupo,Abaixo da média simples do grupo,Abaixo da média simples do grupo,Abaixo da média simples do grupo
270011,2,Baixa Renda e Médio Dinamismo,1386957,11459.32927383441,121033,113977,201708175.1866255,52432814.71374893,892090.3686981201,184445.232421875,1076535.601119995,.0205317148620996,2,1,2,1,1,1,QPIB2_QPOP2,QPIBPC1_QPOP2,JPIB1_JPOP1,JPIBPC1_JPOP1,Abaixo da média simples do grupo,Abaixo da média simples do grupo,Abaixo da média simples do grupo,Abaixo da média simples do grupo
260002,2,Baixa Renda e Alto Dinamismo,11173360,32009.3048306051,349066,327021,3880303079.024441,752155720.1574175,192659382.6233261,4101573.551330567,196760956.1746567,.2615960377639313,4,3,4,1,1,1,QPIB4_QPOP4,QPIBPC3_QPOP4,JPIB1_JPOP1,JPIBPC1_JPOP1,Acima ou igual à média simples do grupo,Acima ou igual à média simples do grupo,Abaixo da média simples do grupo,Abaixo da média simples do grupo
260001,2,Média Renda e Alto Dinamismo,1082506,17896.80256588302,60486,58674,489307947.1841923,261014623.2614319,2398098.101760864,238226.3505859375,2636324.452346802,.0101002940732032,2,2,2,1,1,1,QPIB2_QPOP2,QPIBPC2_QPOP2,JPIB1_JPOP1,JPIBPC1_JPOP1,Abaixo da média simples do grupo,Abaixo da média simples do grupo,Abaixo da média simples do grupo,Abaixo da média simples do grupo
2310209,2,Média Renda e Médio Dinamismo,517679,14571.83471260485,35526,38862,165991350.3782156,59885938.83600784,33152,21073546.12670899,21106698.12670899,.3524483131926469,1,1,1,1,1,1,QPIB1_QPOP1,QPIBPC1_QPOP1,JPIB1_JPOP1,JPIBPC1_JPOP1,Abaixo da média simples do grupo,Abaixo da média simples do grupo,Abaixo da média simples do grupo,Abaixo da média simples do grupo
1500800,1,Média Renda e Baixo Dinamismo,7562511,13994.02490701504,540410,477392,5320904782.41594,1482763582.058062,406711.6466064454,447159.8920898438,853871.5386962893,.0005758649248123,4,1,4,1,1,1,QPIB4_QPOP4,QPIBPC1_QPOP4,JPIB1_JPOP1,JPIBPC1_JPOP1,Abaixo da média simples do grupo,Abaixo da média simples do grupo,Abaixo da média simples do grupo,Abaixo da média simples do grupo
2401206,2,Baixa Renda e Baixo Dinamismo,344145,23691.65634035522,14526,13230,201034546.5045196,15019996.45548798,38298855.42316185,0,38298855.42316185,2.549857820317147,1,2,1,1,1,1,QPIB1_QPOP1,QPIBPC2_QPOP1,JPIB1_JPOP1,JPIBPC1_JPOP1,Acima ou igual à média simples do grupo,Acima ou igual à média simples do grupo,Acima ou igual à média simples do grupo,Acima ou igual à média simples do grupo
2112209,2,Média Renda e Médio Dinamismo,2025606,11823.73027778913,171317,173625,714559265.0974679,174515260.3656931,3169690.827148438,295935.1723632813,3465625.999511719,.0198585842421435,2,1,3,1,1,1,QPIB2_QPOP3,QPIBPC1_QPOP3,JPIB1_JPOP1,JPIBPC1_JPOP1,Abaixo da média simples do grupo,Abaixo da média simples do grupo,Abaixo da média simples do grupo,Abaixo da média simples do grupo
240011,2,Média Renda e Médio Dinamismo,7089200,29209.36288385393,242703,222231,1820967071.102429,529665719.647426,1105041.876220703,336414866.5197189,337519908.3959396,.6372319292640102,3,3,3,1,1,1,QPIB3_QPOP3,QPIBPC3_QPOP3,JPIB1_JPOP1,JPIBPC1_JPOP1,Acima ou igual à média simples do grupo,Acima ou igual à média simples do grupo,Abaixo da média simples do grupo,Abaixo da média simples do grupo
310053,3,Média Renda e Médio Dinamismo,4848375,25444.10915770139,190550,183336,2462592220.941116,1420526541.275423,31537211.88844299,7029094.43503952,38566306.32348251,.0271493035877075,3,3,3,1,1,1,QPIB3_QPOP3,QPIBPC3_QPOP3,JPIB1_JPOP1,JPIBPC1_JPOP1,Abaixo da média simples do grupo,Abaixo da média simples do grupo,Abaixo da média simples do grupo,Abaixo da média simples do grupo
310023,3,Média Renda e Médio Dinamismo,1214684,20574.61296114367,59038,58070,379078417.3164039,144473491.4161441,11750855.21401978,30864853.30722352,42615708.52124329,.2949725108981565,2,2,2,1,1,1,QPIB2_QPOP2,QPIBPC2_QPOP2,JPIB1_JPOP1,JPIBPC1_JPOP1,Abaixo da média simples do grupo,Acima ou igual à média simples do grupo,Abaixo da média simples do grupo,Abaixo da média simples do grupo
210004,2,Baixa Renda e Médio Dinamismo,2543591,9496.078131241669,267857,236759,412222604.6283855,105307263.7886734,5224409.780822754,20588.70935058594,5244998.49017334,.04980661638592,2,1,4,1,1,1,QPIB2_QPOP4,QPIBPC1_QPOP4,JPIB1_JPOP1,JPIBPC1_JPOP1,Abaixo da média simples do grupo,Abaixo da média simples do grupo,Abaixo da média simples do grupo,Abaixo da média simples do grupo
510016,5,Alta Renda,22675911,66920.40112262394,338849,331367,9606065230.054079,2423436306.232847,1585610725.458306,19111518.2071228,1604722243.665429,.6621681120887051,4,4,4,1,1,1,QPIB4_QPOP4,QPIBPC4_QPOP4,JPIB1_JPOP1,JPIBPC1_JPOP1,Acima ou igual à média simples do grupo,Acima ou igual à média simples do grupo,Abaixo da média simples do grupo,Abaixo da média simples do grupo
350030,3,Alta Renda,1666821,33536.29632610358,49702,54305,817263614.9269333,326534435.6551281,20863819.09690124,2592225.75082016,23456044.8477214,.0718332962361577,2,3,2,1,1,1,QPIB2_QPOP2,QPIBPC3_QPOP2,JPIB1_JPOP1,JPIBPC1_JPOP1,Abaixo da média simples do grupo,Abaixo da média simples do grupo,Abaixo da média simples do grupo,Abaixo da média simples do grupo
210012,2,Baixa Renda e Alto Dinamismo,5588552,28157.88625095732,198472,191017,786770101.5144438,192178357.4015766,11899223.70212555,88541831.83781433,100441055.5399399,.5226449892588991,3,3,3,1,1,1,QPIB3_QPOP3,QPIBPC3_QPOP3,JPIB1_JPOP1,JPIBPC1_JPOP1,Acima ou igual à média simples do grupo,Abaixo da média simples do grupo,Abaixo da média simples do grupo,Abaixo da média simples do grupo
500011,5,Média Renda e Alto Dinamismo,4098004,33903.38619873752,120873,109548,1466176908.913248,397861748.8482549,429811549.6567212,14323676.93412018,444135226.5908414,1.116305419851344,3,3,2,1,1,1,QPIB3_QPOP2,QPIBPC3_QPOP2,JPIB1_JPOP1,JPIBPC1_JPOP1,Acima ou igual à média simples do grupo,Acima ou igual à média simples do grupo,Acima ou igual à média simples do grupo,Acima ou igual à média simples do grupo
260006,2,Média Renda e Médio Dinamismo,3132278,16949.28112638864,184803,173224,1523930921.722831,485255939.5399528,41279857.25996185,5333058.555969238,46612915.81593109,.0960584137519728,3,2,3,1,1,1,QPIB3_QPOP3,QPIBPC2_QPOP3,JPIB1_JPOP1,JPIBPC1_JPOP1,Abaixo da média simples do grupo,Abaixo da média simples do grupo,Abaixo da média simples do grupo,Abaixo da média simples do grupo
290013,2,Média Renda e Médio Dinamismo,3286430,14413.6609241781,228008,226796,1602955414.107859,318762268.8568666,3185779.958297729,248454802.073061,251640582.0313587,.7894302639198258,3,1,3,1,1,1,QPIB3_QPOP3,QPIBPC1_QPOP3,JPIB1_JPOP1,JPIBPC1_JPOP1,Acima ou igual à média simples do grupo,Acima ou igual à média simples do grupo,Acima ou igual à média simples do grupo,Acima ou igual à média simples do grupo
2310258,2,Baixa Renda e Alto Dinamismo,494439,14878.40033702456,33232,32091,169771009.0156326,120381063.5203133,0,0,0,0,1,1,1,1,1,1,QPIB1_QPOP1,QPIBPC1_QPOP1,JPIB1_JPOP1,JPIBPC1_JPOP1,Abaixo da média simples do grupo,Abaixo da média simples do grupo,Abaixo da média simples do grupo,Abaixo da média simples do grupo
210021,2,Média Renda e Alto Dinamismo,4999115,19176.54753365121,260689,221460,1727719376.610955,289906261.0875042,262948525.7038612,144777.6293945313,263093303.3332558,.9075116292636559,3,2,4,1,1,1,QPIB3_QPOP4,QPIBPC2_QPOP4,JPIB1_JPOP1,JPIBPC1_JPOP1,Acima ou igual à média simples do grupo,Acima ou igual à média simples do grupo,Acima ou igual à média simples do grupo,Acima ou igual à média simples do grupo
2105104,2,Baixa Renda e Médio Dinamismo,172548,6292.090580899245,27423,24794,7839498.168624877,47368.80000305176,0,0,0,0,1,1,1,1,1,1,QPIB1_QPOP1,QPIBPC1_QPOP1,JPIB1_JPOP1,JPIBPC1_JPOP1,Abaixo da média simples do grupo,Abaixo da média simples do grupo,Abaixo da média simples do grupo,Abaixo da média simples do grupo
310034,3,Média Renda e Médio Dinamismo,1791826,15905.85164932713,112652,111126,671396953.4771088,255721560.5277412,7558812.409439085,4791541.385559082,12350353.79499817,.0482960989660407,2,2,2,1,1,1,QPIB2_QPOP2,QPIBPC2_QPOP2,JPIB1_JPOP1,JPIBPC1_JPOP1,Abaixo da média simples do grupo,Abaixo da média simples do grupo,Abaixo da média simples do grupo,Abaixo da média simples do grupo
310046,3,Média Renda e Médio Dinamismo,3288522,26080.33816578371,126092,123217,1964255591.210954,1039537622.962707,13051600.84004211,1374043.013671875,14425643.85371399,.0138769810106541,3,3,3,1,1,1,QPIB3_QPOP3,QPIBPC3_QPOP3,JPIB1_JPOP1,JPIBPC1_JPOP1,Abaixo da média simples do grupo,Abaixo da média simples do grupo,Abaixo da média simples do grupo,Abaixo da média simples do grupo
2407807,2,Baixa Renda e Alto Dinamismo,252962,11144.68235086792,22698,23017,66352073.57464981,21723314.75177002,1129720.144927979,1983434.176147461,3113154.321075439,.1433093593979151,1,1,1,1,1,1,QPIB1_QPOP1,QPIBPC1_QPOP1,JPIB1_JPOP1,JPIBPC1_JPOP1,Abaixo da média simples do grupo,Abaixo da média simples do grupo,Abaixo da média simples do grupo,Abaixo da média simples do grupo
2206308,2,Baixa Renda e Médio Dinamismo,21812,17604.5197740113,1239,1313,6092020.798889159,513479.5786132813,1452427.123535156,0,1452427.123535156,2.828597638600595,1,2,1,1,1,1,QPIB1_QPOP1,QPIBPC2_QPOP1,JPIB1_JPOP1,JPIBPC1_JPOP1,Acima ou igual à média simples do grupo,Acima ou igual à média simples do grupo,Acima ou igual à média simples do grupo,Acima ou igual à média simples do grupo
2800605,2,Média Renda e Alto Dinamismo,2184821,69493.97245459461,31439,41486,303656242.7766957,48312214.23870308,0,1374811.776824951,1374811.776824951,.0284568157036277,2,4,1,1,1,1,QPIB2_QPOP1,QPIBPC4_QPOP1,JPIB1_JPOP1,JPIBPC1_JPOP1,Abaixo da média simples do grupo,Abaixo da média simples do grupo,Abaixo da média simples do grupo,Abaixo da média simples do grupo
500002,5,Média Renda e Médio Dinamismo,16717668,87472.10129761406,191120,197242,6614359240.601154,1507490384.355138,1047155511.58586,12400035.22684288,1059555546.812703,.7028605673434867,4,4,3,1,1,1,QPIB4_QPOP3,QPIBPC4_QPOP3,JPIB1_JPOP1,JPIBPC1_JPOP1,Acima ou igual à média simples do grupo,Acima ou igual à média simples do grupo,Acima ou igual à média simples do grupo,Abaixo da média simples do grupo
2704708,2,Média Renda e Alto Dinamismo,2534969,47967.16999697245,52848,60243,1012111894.940815,480442701.1030198,3630007.775470733,324325.099609375,3954332.875080108,.008230602454781,2,4,2,1,1,1,QPIB2_QPOP2,QPIBPC4_QPOP2,JPIB1_JPOP1,JPIBPC1_JPOP1,Abaixo da média simples do grupo,Abaixo da média simples do grupo,Abaixo da média simples do grupo,Abaixo da média simples do grupo
430030,4,Alta Renda,5301075,61861.2372072398,85693,83764,2542494131.458397,1438574416.563393,12998385.15105438,7949150.602104187,20947535.75315857,.0145613153633026,3,4,2,1,1,1,QPIB3_QPOP2,QPIBPC4_QPOP2,JPIB1_JPOP1,JPIBPC1_JPOP1,Abaixo da média simples do grupo,Abaixo da média simples do grupo,Abaixo da média simples do grupo,Abaixo da média simples do grupo
350021,3,Média Renda e Baixo Dinamismo,2301157,23015.7128283091,99982,84627,957413051.3865616,319390275.0031769,97093001.36281158,8675025.995942974,105768027.3587546,.3311560671585962,2,2,2,1,1,1,QPIB2_QPOP2,QPIBPC2_QPOP2,JPIB1_JPOP1,JPIBPC1_JPOP1,Abaixo da média simples do grupo,Acima ou igual à média simples do grupo,Abaixo da média simples do grupo,Abaixo da média simples do grupo
2503209,2,Alta Renda,2496037,35773.68036346438,69773,66162,1613136784.024556,667046144.6435682,82401.330078125,5796036.514587402,5878437.844665527,.0088126404625375,2,3,2,1,1,1,QPIB2_QPOP2,QPIBPC3_QPOP2,JPIB1_JPOP1,JPIBPC1_JPOP1,Abaixo da média simples do grupo,Abaixo da média simples do grupo,Abaixo da média simples do grupo,Abaixo da média simples do grupo
210016,2,Baixa Renda e Médio Dinamismo,2375097,9476.507201851335,250630,233447,570414930.826751,111759009.8980713,19292270.18696594,0,19292270.18696594,.1726238466550596,2,1,3,1,1,1,QPIB2_QPOP3,QPIBPC1_QPOP3,JPIB1_JPOP1,JPIBPC1_JPOP1,Abaixo da média simples do grupo,Abaixo da média simples do grupo,Abaixo da média simples do grupo,Abaixo da média simples do grupo
500003,5,Alta Renda,6952900,53211.24087367793,130666,133344,3316280510.847918,1150662536.136447,531344752.249647,7666290.479415893,539011042.7290629,.4684353803147949,3,4,3,1,1,1,QPIB3_QPOP3,QPIBPC4_QPOP3,JPIB1_JPOP1,JPIBPC1_JPOP1,Abaixo da média simples do grupo,Acima ou igual à média simples do grupo,Abaixo da média simples do grupo,Abaixo da média simples do grupo
2206720,2,Baixa Renda e Alto Dinamismo,86424,10012.04819277108,8632,10262,32478440.99100495,3508851.772605896,174674.5927734376,1467906.944091797,1642581.536865235,.4681250857300676,1,1,1,1,1,1,QPIB1_QPOP1,QPIBPC1_QPOP1,JPIB1_JPOP1,JPIBPC1_JPOP1,Abaixo da média simples do grupo,Abaixo da média simples do grupo,Abaixo da média simples do grupo,Abaixo da média simples do grupo
1303205,1,Baixa Renda e Médio Dinamismo,179506,8801.470948761951,20395,15730,36312042.7292099,24688896.55599212,0,0,0,0,1,1,1,1,1,1,QPIB1_QPOP1,QPIBPC1_QPOP1,JPIB1_JPOP1,JPIBPC1_JPOP1,Abaixo da média simples do grupo,Abaixo da média simples do grupo,Abaixo da média simples do grupo,Abaixo da média simples do grupo
500001,5,Alta Renda,40957710,36203.08627352537,1131332,1083710,25650699771.62218,9314493620.245306,1429733985.063075,38239284.77149963,1467973269.834575,.1576009743185496,4,3,4,1,1,1,QPIB4_QPOP4,QPIBPC3_QPOP4,JPIB1_JPOP1,JPIBPC1_JPOP1,Acima ou igual à média simples do grupo,Acima ou igual à média simples do grupo,Abaixo da média simples do grupo,Abaixo da média simples do grupo
2310852,2,Baixa Renda e Alto Dinamismo,253603,12097.07116962412,20964,23332,67806522.76386642,28330262.68642807,23128.69140625,136053.4300537109,159182.1214599609,.005618801464069,1,1,1,1,1,1,QPIB1_QPOP1,QPIBPC1_QPOP1,JPIB1_JPOP1,JPIBPC1_JPOP1,Abaixo da média simples do grupo,Abaixo da média simples do grupo,Abaixo da média simples do grupo,Abaixo da média simples do grupo
250001,2,Baixa Renda e Médio Dinamismo,1659140,10902.48390064397,152180,148365,350058135.8645876,89539903.30326965,41252289.87353516,5896156.632182617,47148446.50571777,.526563518234178,2,1,3,1,1,1,QPIB2_QPOP3,QPIBPC1_QPOP3,JPIB1_JPOP1,JPIBPC1_JPOP1,Acima ou igual à média simples do grupo,Acima ou igual à média simples do grupo,Abaixo da média simples do grupo,Abaixo da média simples do grupo
110005,1,Média Renda e Médio Dinamismo,8659168,28024.28573277927,308988,292585,4009418616.437077,1022933483.13157,256294880.6968396,26134416.74606324,282429297.4429028,.2760974218756476,4,3,4,1,1,1,QPIB4_QPOP4,QPIBPC3_QPOP4,JPIB1_JPOP1,JPIBPC1_JPOP1,Acima ou igual à média simples do grupo,Acima ou igual à média simples do grupo,Abaixo da média simples do grupo,Abaixo da média simples do grupo
150006,1,Baixa Renda e Médio Dinamismo,2777472,13456.09224359285,206410,197536,1117183512.795566,356376129.6556494,10381851.22783661,17588.78051757813,10399440.00835419,.0291810790425349,2,1,3,1,1,1,QPIB2_QPOP3,QPIBPC1_QPOP3,JPIB1_JPOP1,JPIBPC1_JPOP1,Abaixo da média simples do grupo,Abaixo da média simples do grupo,Abaixo da média simples do grupo,Abaixo da média simples do grupo
130004,1,Baixa Renda e Médio Dinamismo,309795,11154.13696262692,27774,23291,4529415.353027344,212913.4067382813,0,0,0,0,1,1,1,1,1,1,QPIB1_QPOP1,QPIBPC1_QPOP1,JPIB1_JPOP1,JPIBPC1_JPOP1,Abaixo da média simples do grupo,Abaixo da média simples do grupo,Abaixo da média simples do grupo,Abaixo da média simples do grupo
520008,5,Média Renda e Médio Dinamismo,5488929,34103.31780055918,160950,166782,3315733139.990929,1511612214.140924,115888855.0178464,9905427.416439055,125794282.4342854,.0832186199988974,3,3,3,1,1,1,QPIB3_QPOP3,QPIBPC3_QPOP3,JPIB1_JPOP1,JPIBPC1_JPOP1,Abaixo da média simples do grupo,Abaixo da média simples do grupo,Abaixo da média simples do grupo,Abaixo da média simples do grupo
350013,3,Alta Renda,14172959,35924.92826653418,394516,375721,10209067558.79071,5787163656.842417,167404436.9706175,1814510.871704102,169218947.8423216,.0292403944101782,4,3,4,1,1,1,QPIB4_QPOP4,QPIBPC3_QPOP4,JPIB1_JPOP1,JPIBPC1_JPOP1,Abaixo da média simples do grupo,Abaixo da média simples do grupo,Abaixo da média simples do grupo,Abaixo da média simples do grupo
290031,2,Baixa Renda e Médio Dinamismo,2377588,10644.69307258718,223359,210885,1052394349.393702,543406538.2267854,32789890.28285217,4396545.897109986,37186436.17996216,.0684320735287928,2,1,3,1,1,1,QPIB2_QPOP3,QPIBPC1_QPOP3,JPIB1_JPOP1,JPIBPC1_JPOP1,Abaixo da média simples do grupo,Abaixo da média simples do grupo,Abaixo da média simples do grupo,Abaixo da média simples do grupo
3126000,3,Alta Renda,130946,17225.20389371218,7602,8010,78240417.46543846,43957292.96410179,2639957.384811402,0,2639957.384811402,.0600573239796034,1,2,1,1,1,1,QPIB1_QPOP1,QPIBPC2_QPOP1,JPIB1_JPOP1,JPIBPC1_JPOP1,Abaixo da média simples do grupo,Abaixo da média simples do grupo,Abaixo da média simples do grupo,Abaixo da média simples do grupo
2307700,2,Baixa Renda e Baixo Dinamismo,1411529,10719.63213013662,131677,104983,680105685.0340296,414393155.0309058,621505.6473388672,9805.72998046875,631311.3773193359,.0015234599550088,2,1,3,1,1,1,QPIB2_QPOP3,QPIBPC1_QPOP3,JPIB1_JPOP1,JPIBPC1_JPOP1,Abaixo da média simples do grupo,Abaixo da média simples do grupo,Abaixo da média simples do grupo,Abaixo da média simples do grupo
240009,2,Média Renda e Baixo Dinamismo,11578493,22691.93743422303,510247,463391,6228495966.906248,1891296474.17068,1202522.409606934,830991028.1327026,832193550.5423095,.440012214852365,4,2,4,1,1,1,QPIB4_QPOP4,QPIBPC2_QPOP4,JPIB1_JPOP1,JPIBPC1_JPOP1,Acima ou igual à média simples do grupo,Acima ou igual à média simples do grupo,Abaixo da média simples do grupo,Abaixo da média simples do grupo
350027,3,Alta Renda,6000356,34332.87177433198,174770,168982,3706150086.858261,1539023984.905992,96087882.62004471,9860993.007141113,105948875.6271858,.0688416013436318,3,3,3,1,1,1,QPIB3_QPOP3,QPIBPC3_QPOP3,JPIB1_JPOP1,JPIBPC1_JPOP1,Abaixo da média simples do grupo,Abaixo da média simples do grupo,Abaixo da média simples do grupo,Abaixo da média simples do grupo
330008,3,Média Renda e Médio Dinamismo,9635051,27985.60208663727,344286,334234,5007863361.704245,2502684840.801904,26347581.83547974,9066482.982930908,35414064.81841064,.0141504292674196,4,3,4,1,1,1,QPIB4_QPOP4,QPIBPC3_QPOP4,JPIB1_JPOP1,JPIBPC1_JPOP1,Abaixo da média simples do grupo,Abaixo da média simples do grupo,Abaixo da média simples do grupo,Abaixo da média simples do grupo
430002,4,Alta Renda,2678290,48270.52356492745,55485,53518,1816748169.633738,1328203047.639893,852421.0001220703,1403591.84967041,2256012.84979248,.0016985451537709,2,4,2,1,1,1,QPIB2_QPOP2,QPIBPC4_QPOP2,JPIB1_JPOP1,JPIBPC1_JPOP1,Abaixo da média simples do grupo,Abaixo da média simples do grupo,Abaixo da média simples do grupo,Abaixo da média simples do grupo
210002,2,Baixa Renda e Médio Dinamismo,2767528,8118.250992953986,340902,339453,430063480.6294913,82094655.33451299,3474901.049171448,0,3474901.049171448,.0423279814625226,2,1,4,1,1,1,QPIB2_QPOP4,QPIBPC1_QPOP4,JPIB1_JPOP1,JPIBPC1_JPOP1,Abaixo da média simples do grupo,Abaixo da média simples do grupo,Abaixo da média simples do grupo,Abaixo da média simples do grupo
520009,5,Alta Renda,3011960,44880.27298058441,67111,69017,881197898.321301,222866647.9995773,134798639.0192159,3574922.753143311,138373561.7723592,.6208805266036111,3,4,2,1,1,1,QPIB3_QPOP2,QPIBPC4_QPOP2,JPIB1_JPOP1,JPIBPC1_JPOP1,Acima ou igual à média simples do grupo,Acima ou igual à média simples do grupo,Abaixo da média simples do grupo,Abaixo da média simples do grupo
420006,4,Alta Renda,2861493,40675.67413893588,70349,67856,1555734790.609886,442395631.4067256,143241348.3974838,7769248.65988598,151010597.0573698,.341347396621408,3,4,2,1,1,1,QPIB3_QPOP2,QPIBPC4_QPOP2,JPIB1_JPOP1,JPIBPC1_JPOP1,Abaixo da média simples do grupo,Abaixo da média simples do grupo,Abaixo da média simples do grupo,Abaixo da média simples do grupo
2613701,2,Média Renda e Médio Dinamismo,1295154,11271.02950134888,114910,111046,566620851.1694815,204809403.3534192,157307.1989746094,164785.0607910156,322092.259765625,.0015726439044882,2,1,2,1,1,1,QPIB2_QPOP2,QPIBPC1_QPOP2,JPIB1_JPOP1,JPIBPC1_JPOP1,Abaixo da média simples do grupo,Abaixo da média simples do grupo,Abaixo da média simples do grupo,Abaixo da média simples do grupo
2408201,2,Baixa Renda e Alto Dinamismo,441744,15628.10443642539,28266,31722,107046775.5844658,44858810.36572647,221988.0905761719,0,221988.0905761719,.0049485951313987,1,2,1,1,1,1,QPIB1_QPOP1,QPIBPC2_QPOP1,JPIB1_JPOP1,JPIBPC1_JPOP1,Abaixo da média simples do grupo,Abaixo da média simples do grupo,Abaixo da média simples do grupo,Abaixo da média simples do grupo
350007,3,Média Renda e Alto Dinamismo,7758791,32679.4639058887,237421,225838,4536802181.363301,1989662823.595914,489931193.7205107,8141951.797271729,498073145.5177824,.2503304276538754,4,3,3,1,1,1,QPIB4_QPOP3,QPIBPC3_QPOP3,JPIB1_JPOP1,JPIBPC1_JPOP1,Acima ou igual à média simples do grupo,Abaixo da média simples do grupo,Abaixo da média simples do grupo,Abaixo da média simples do grupo
2504603,2,Média Renda e Alto Dinamismo,961121,37927.50878023756,25341,27400,418674147.0958645,89698750.62375519,1845169.059356689,0,1845169.059356689,.020570733109721,1,3,1,1,1,1,QPIB1_QPOP1,QPIBPC3_QPOP1,JPIB1_JPOP1,JPIBPC1_JPOP1,Abaixo da média simples do grupo,Abaixo da média simples do grupo,Abaixo da média simples do grupo,Abaixo da média simples do grupo
290011,2,Média Renda e Médio Dinamismo,12501936,15330.09284918996,815516,865935,6578857830.906023,2720427663.736587,87036515.80580902,38401049.61072159,125437565.4165306,.0461095022259252,4,1,4,1,1,1,QPIB4_QPOP4,QPIBPC1_QPOP4,JPIB1_JPOP1,JPIBPC1_JPOP1,Abaixo da média simples do grupo,Abaixo da média simples do grupo,Abaixo da média simples do grupo,Abaixo da média simples do grupo
320006,3,Média Renda e Médio Dinamismo,2966551,21360.38046961067,138881,134017,1395212377.736693,347862207.9528584,26600508.67189026,132021816.3947923,158622325.0666826,.4559918307888701,3,2,3,1,1,1,QPIB3_QPOP3,QPIBPC2_QPOP3,JPIB1_JPOP1,JPIBPC1_JPOP1,Abaixo da média simples do grupo,Acima ou igual à média simples do grupo,Abaixo da média simples do grupo,Abaixo da média simples do grupo
1501303,1,Média Renda e Médio Dinamismo,6967610,53873.41204487641,129333,126361,3421508129.08918,1188335962.03865,386905.9870605469,5175844.865478517,5562750.852539063,.0046811264072122,3,4,3,1,1,1,QPIB3_QPOP3,QPIBPC4_QPOP3,JPIB1_JPOP1,JPIBPC1_JPOP1,Abaixo da média simples do grupo,Abaixo da média simples do grupo,Abaixo da média simples do grupo,Abaixo da média simples do grupo
410018,4,Alta Renda,5645148,33556.92936882527,168226,159739,3742991368.650021,2027305265.137745,58567362.14961457,6445252.206817627,65012614.35643219,.0320684878959336,3,3,3,1,1,1,QPIB3_QPOP3,QPIBPC3_QPOP3,JPIB1_JPOP1,JPIBPC1_JPOP1,Abaixo da média simples do grupo,Abaixo da média simples do grupo,Abaixo da média simples do grupo,Abaixo da média simples do grupo
1506500,1,Média Renda e Baixo Dinamismo,814341,11177.40474360382,72856,66528,763121548.8504759,427446199.6260328,5890454.498977661,0,5890454.498977661,.0137805752025194,1,1,2,1,1,1,QPIB1_QPOP2,QPIBPC1_QPOP2,JPIB1_JPOP1,JPIBPC1_JPOP1,Abaixo da média simples do grupo,Abaixo da média simples do grupo,Abaixo da média simples do grupo,Abaixo da média simples do grupo
310040,3,Alta Renda,8068276,39522.47433184419,204144,197699,4901961844.101079,2043913974.213014,26637649.76605988,13245116.22016907,39882765.98622894,.0195129376722351,4,3,3,1,1,1,QPIB4_QPOP3,QPIBPC3_QPOP3,JPIB1_JPOP1,JPIBPC1_JPOP1,Abaixo da média simples do grupo,Abaixo da média simples do grupo,Abaixo da média simples do grupo,Abaixo da média simples do grupo
350037,3,Alta Renda,22290094,42094.1098710177,529530,500387,16948351960.30285,8200634063.887076,266792348.6831732,62174201.52663421,328966550.2098074,.0401147701076517,4,4,4,1,1,1,QPIB4_QPOP4,QPIBPC4_QPOP4,JPIB1_JPOP1,JPIBPC1_JPOP1,Abaixo da média simples do grupo,Abaixo da média simples do grupo,Abaixo da média simples do grupo,Abaixo da média simples do grupo
2804805,2,Baixa Renda e Baixo Dinamismo,2736063,14574.22509628036,187733,192002,1694818803.438661,356834856.4982282,1477695.299316406,53536780.10440063,55014475.40371704,.1541734906270016,2,1,3,1,1,1,QPIB2_QPOP3,QPIBPC1_QPOP3,JPIB1_JPOP1,JPIBPC1_JPOP1,Abaixo da média simples do grupo,Abaixo da média simples do grupo,Abaixo da média simples do grupo,Abaixo da média simples do grupo
350051,3,Média Renda e Alto Dinamismo,36158079,104550.2567631649,345844,343015,7077695867.702855,2552529156.032183,7677028.818115234,21391392.66384888,29068421.48196411,.0113880859747553,4,4,4,1,1,1,QPIB4_QPOP4,QPIBPC4_QPOP4,JPIB1_JPOP1,JPIBPC1_JPOP1,Abaixo da média simples do grupo,Abaixo da média simples do grupo,Abaixo da média simples do grupo,Abaixo da média simples do grupo
420002,4,Alta Renda,18752788,41692.68941229829,449786,447155,16369808647.90688,7814019740.361612,3571519.468795776,544656730.5772078,548228250.0460036,.0701595680919835,4,4,4,1,1,1,QPIB4_QPOP4,QPIBPC4_QPOP4,JPIB1_JPOP1,JPIBPC1_JPOP1,Abaixo da média simples do grupo,Abaixo da média simples do grupo,Abaixo da média simples do grupo,Abaixo da média simples do grupo
2700409,2,Baixa Renda e Alto Dinamismo,1452477,30552.7345393353,47540,37468,192223238.7851405,16256605.10685301,13908266.56008911,5879853.251411437,19788119.81150055,1.21723568244632,2,3,2,1,1,1,QPIB2_QPOP2,QPIBPC3_QPOP2,JPIB1_JPOP1,JPIBPC1_JPOP1,Acima ou igual à média simples do grupo,Acima ou igual à média simples do grupo,Acima ou igual à média simples do grupo,Acima ou igual à média simples do grupo
260012,2,Baixa Renda e Alto Dinamismo,5154924,18964.40672354233,271821,246733,1663288398.257265,966634449.8859224,6069060.74697876,767521.6640396118,6836582.411018372,.0070725623443538,3,2,4,1,1,1,QPIB3_QPOP4,QPIBPC2_QPOP4,JPIB1_JPOP1,JPIBPC1_JPOP1,Abaixo da média simples do grupo,Abaixo da média simples do grupo,Abaixo da média simples do grupo,Abaixo da média simples do grupo
260015,2,Média Renda e Médio Dinamismo,8539824,17707.77831229368,482264,498719,6222030782.6144,3345775627.311296,280525.7607421875,6001939.052429199,6282464.813171387,.0018777304616269,4,2,4,1,1,1,QPIB4_QPOP4,QPIBPC2_QPOP4,JPIB1_JPOP1,JPIBPC1_JPOP1,Abaixo da média simples do grupo,Abaixo da média simples do grupo,Abaixo da média simples do grupo,Abaixo da média simples do grupo
310066,3,Média Renda e Médio Dinamismo,6677281,38636.08274265876,172825,170142,3553801656.753029,1339278782.188024,84873542.85049416,4326657.390586852,89200200.24108101,.0666031609157219,3,3,3,1,1,1,QPIB3_QPOP3,QPIBPC3_QPOP3,JPIB1_JPOP1,JPIBPC1_JPOP1,Abaixo da média simples do grupo,Abaixo da média simples do grupo,Abaixo da média simples do grupo,Abaixo da média simples do grupo
120005,1,Baixa Renda e Médio Dinamismo,1342427,15369.42434511815,87344,87203,180786666.637558,12706783.02166748,8319114.729095459,0,8319114.729095459,.6546987317647422,2,1,2,1,1,1,QPIB2_QPOP2,QPIBPC1_QPOP2,JPIB1_JPOP1,JPIBPC1_JPOP1,Acima ou igual à média simples do grupo,Acima ou igual à média simples do grupo,Abaixo da média simples do grupo,Abaixo da média simples do grupo
1718451,1,Média Renda e Médio Dinamismo,75893,27637.65477057538,2746,2184,19840817.77529144,9010992.092674255,4090345.901275634,1183345.622558594,5273691.523834229,.585250932371989,1,3,1,1,1,1,QPIB1_QPOP1,QPIBPC3_QPOP1,JPIB1_JPOP1,JPIBPC1_JPOP1,Abaixo da média simples do grupo,Abaixo da média simples do grupo,Abaixo da média simples do grupo,Abaixo da média simples do grupo
310049,3,Alta Renda,1901922,34826.08217974072,54612,56797,935125491.4527366,452553406.5900861,24700346.88412094,0,24700346.88412094,.0545799601205831,2,3,2,1,1,1,QPIB2_QPOP2,QPIBPC3_QPOP2,JPIB1_JPOP1,JPIBPC1_JPOP1,Abaixo da média simples do grupo,Abaixo da média simples do grupo,Abaixo da média simples do grupo,Abaixo da média simples do grupo
110003,1,Média Renda e Médio Dinamismo,3056922,25012.45336126203,122216,104758,1135615620.834776,250849327.1482423,48324102.9573555,5853307.928115845,54177410.88547134,.2159759067380499,3,2,2,1,1,1,QPIB3_QPOP2,QPIBPC2_QPOP2,JPIB1_JPOP1,JPIBPC1_JPOP1,Abaixo da média simples do grupo,Abaixo da média simples do grupo,Abaixo da média simples do grupo,Abaixo da média simples do grupo
310062,3,Alta Renda,22178404,44007.73861728767,503966,505158,13139277339.12812,6056684928.273345,805583278.7443572,808041084.5535583,1613624363.297915,.2664203904293122,4,4,4,1,1,1,QPIB4_QPOP4,QPIBPC4_QPOP4,JPIB1_JPOP1,JPIBPC1_JPOP1,Acima ou igual à média simples do grupo,Acima ou igual à média simples do grupo,Abaixo da média simples do grupo,Abaixo da média simples do grupo
310013,3,Média Renda e Médio Dinamismo,7060644,14256.29511473655,495265,449431,3350790306.307386,1044441741.12683,174752526.9550386,34517997.87348938,209270524.828528,.2003659147160758,3,1,4,1,1,1,QPIB3_QPOP4,QPIBPC1_QPOP4,JPIB1_JPOP1,JPIBPC1_JPOP1,Abaixo da média simples do grupo,Acima ou igual à média simples do grupo,Abaixo da média simples do grupo,Abaixo da média simples do grupo
350042,3,Alta Renda,19137193,50019.71546787317,382593,355793,13589479076.83178,5434355418.323485,16294509.7661438,34614808.14506531,50909317.91120911,.0093680508528304,4,4,4,1,1,1,QPIB4_QPOP4,QPIBPC4_QPOP4,JPIB1_JPOP1,JPIBPC1_JPOP1,Abaixo da média simples do grupo,Abaixo da média simples do grupo,Abaixo da média simples do grupo,Abaixo da média simples do grupo
160003,1,Baixa Renda e Baixo Dinamismo,1261921,15954.29604531203,79096,66676,120114429.166152,21893914.11024595,13237025.08871078,4343649.437610626,17580674.52632141,.8029936738490252,2,2,2,1,1,1,QPIB2_QPOP2,QPIBPC2_QPOP2,JPIB1_JPOP1,JPIBPC1_JPOP1,Acima ou igual à média simples do grupo,Acima ou igual à média simples do grupo,Acima ou igual à média simples do grupo,Acima ou igual à média simples do grupo
210020,2,Baixa Renda e Médio Dinamismo,2950521,10589.99547761419,278614,265867,620022066.2085252,110974100.9194197,119576540.2344437,319870.8184814453,119896411.0529251,1.080399931692026,3,1,4,1,1,1,QPIB3_QPOP4,QPIBPC1_QPOP4,JPIB1_JPOP1,JPIBPC1_JPOP1,Acima ou igual à média simples do grupo,Acima ou igual à média simples do grupo,Acima ou igual à média simples do grupo,Acima ou igual à média simples do grupo
310058,3,Alta Renda,2937962,42941.36046069748,68418,65704,1635994524.474211,234925329.8611287,114605173.0899214,1455889.074012757,116061062.1639342,.4940338371879325,3,4,2,1,1,1,QPIB3_QPOP2,QPIBPC4_QPOP2,JPIB1_JPOP1,JPIBPC1_JPOP1,Acima ou igual à média simples do grupo,Abaixo da média simples do grupo,Abaixo da média simples do grupo,Abaixo da média simples do grupo
2705200,2,Baixa Renda e Baixo Dinamismo,207802,11417.06499642877,18201,15295,50925070.62920002,7737259.747078896,5778750.537296295,0,5778750.537296295,.7468730178637196,1,1,1,1,1,1,QPIB1_QPOP1,QPIBPC1_QPOP1,JPIB1_JPOP1,JPIBPC1_JPOP1,Abaixo da média simples do grupo,Abaixo da média simples do grupo,Acima ou igual à média simples do grupo,Abaixo da média simples do grupo
330002,3,Média Renda e Baixo Dinamismo,11942290,46952.93026035401,254346,212330,5184792813.837439,2303632579.500119,3883666.686401367,9281975.066864014,13165641.75326538,.00571516563467,4,4,4,1,1,1,QPIB4_QPOP4,QPIBPC4_QPOP4,JPIB1_JPOP1,JPIBPC1_JPOP1,Abaixo da média simples do grupo,Abaixo da média simples do grupo,Abaixo da média simples do grupo,Abaixo da média simples do grupo
2304954,2,Baixa Renda e Médio Dinamismo,220362,8313.037573562699,26508,24306,72696864.63682634,40658465.27490616,187741.0269775391,164668.453125,352409.4801025391,.0086675549044897,1,1,1,1,1,1,QPIB1_QPOP1,QPIBPC1_QPOP1,JPIB1_JPOP1,JPIBPC1_JPOP1,Abaixo da média simples do grupo,Abaixo da média simples do grupo,Abaixo da média simples do grupo,Abaixo da média simples do grupo
1303569,1,Baixa Renda e Baixo Dinamismo,380842,10926.15331650218,34856,24864,81517211.83762741,42365993.47786713,1357690.435546875,0,1357690.435546875,.0320467035962738,1,1,1,1,1,1,QPIB1_QPOP1,QPIBPC1_QPOP1,JPIB1_JPOP1,JPIBPC1_JPOP1,Abaixo da média simples do grupo,Abaixo da média simples do grupo,Abaixo da média simples do grupo,Abaixo da média simples do grupo
430014,4,Alta Renda,2969942,46210.39365178155,64270,61645,848382388.073259,314043687.4582815,56612510.20285059,1689120.089904785,58301630.29275537,.1856481522192683,3,4,2,1,1,1,QPIB3_QPOP2,QPIBPC4_QPOP2,JPIB1_JPOP1,JPIBPC1_JPOP1,Abaixo da média simples do grupo,Abaixo da média simples do grupo,Abaixo da média simples do grupo,Abaixo da média simples do grupo
350052,3,Média Renda e Alto Dinamismo,11942321,36682.17113790922,325562,301818,6412699401.019526,3404702759.090322,39207278.91318893,39570731.17940617,78778010.0925951,.0231379993105898,4,3,4,1,1,1,QPIB4_QPOP4,QPIBPC3_QPOP4,JPIB1_JPOP1,JPIBPC1_JPOP1,Abaixo da média simples do grupo,Abaixo da média simples do grupo,Abaixo da média simples do grupo,Abaixo da média simples do grupo
260010,2,Baixa Renda e Alto Dinamismo,7577615,13418.12016361801,564730,535087,2132461411.26184,810137287.5386859,10424736.38912964,1322233.483753204,11746969.87288284,.0144999743297483,4,1,4,1,1,1,QPIB4_QPOP4,QPIBPC1_QPOP4,JPIB1_JPOP1,JPIBPC1_JPOP1,Abaixo da média simples do grupo,Abaixo da média simples do grupo,Abaixo da média simples do grupo,Abaixo da média simples do grupo
250003,2,Baixa Renda e Médio Dinamismo,1679715,13603.35444370657,123478,121756,585607606.1848919,152841668.0946159,34948123.11885811,3132860.005577087,38080983.12443519,.2491531504410259,2,1,2,1,1,1,QPIB2_QPOP2,QPIBPC1_QPOP2,JPIB1_JPOP1,JPIBPC1_JPOP1,Abaixo da média simples do grupo,Acima ou igual à média simples do grupo,Abaixo da média simples do grupo,Abaixo da média simples do grupo
2111300,2,Média Renda e Baixo Dinamismo,29026403,26010.90657853704,1115932,1030836,25975144256.58615,8256450869.415437,1329971.07901001,174069671.2997742,175399642.3787842,.0212439515662258,4,3,4,1,1,1,QPIB4_QPOP4,QPIBPC3_QPOP4,JPIB1_JPOP1,JPIBPC1_JPOP1,Abaixo da média simples do grupo,Abaixo da média simples do grupo,Abaixo da média simples do grupo,Abaixo da média simples do grupo
230015,2,Baixa Renda e Médio Dinamismo,9122385,14830.75895099813,615099,586936,4547854884.650295,2792952968.633725,462838.4663085938,110443511.1901169,110906349.6564255,.0397093509636431,4,1,4,1,1,1,QPIB4_QPOP4,QPIBPC1_QPOP4,JPIB1_JPOP1,JPIBPC1_JPOP1,Abaixo da média simples do grupo,Abaixo da média simples do grupo,Abaixo da média simples do grupo,Abaixo da média simples do grupo
140002,1,Baixa Renda e Médio Dinamismo,885322,15681.90594278629,56455,58784,56161688.25366974,23894155.75436783,6135266.358360291,0,6135266.358360291,.2567684927406891,1,2,2,1,1,1,QPIB1_QPOP2,QPIBPC2_QPOP2,JPIB1_JPOP1,JPIBPC1_JPOP1,Abaixo da média simples do grupo,Abaixo da média simples do grupo,Abaixo da média simples do grupo,Abaixo da média simples do grupo
350008,3,Média Renda e Médio Dinamismo,5809759,34552.48806075781,168143,166135,4030048696.802966,2021177399.494287,66982774.66726303,23761274.28029632,90744048.94755936,.0448966275648363,3,3,3,1,1,1,QPIB3_QPOP3,QPIBPC3_QPOP3,JPIB1_JPOP1,JPIBPC1_JPOP1,Abaixo da média simples do grupo,Abaixo da média simples do grupo,Abaixo da média simples do grupo,Abaixo da média simples do grupo
310010,3,Média Renda e Médio Dinamismo,4327816,29199.97571063267,148213,133009,2053935664.974904,667524930.4640913,256610632.1411097,6049771.879516602,262660404.0206263,.3934840363760104,3,3,3,1,1,1,QPIB3_QPOP3,QPIBPC3_QPOP3,JPIB1_JPOP1,JPIBPC1_JPOP1,Abaixo da média simples do grupo,Abaixo da média simples do grupo,Abaixo da média simples do grupo,Abaixo da média simples do grupo
310011,3,Baixa Renda e Alto Dinamismo,1501946,12952.72344682466,115956,104616,347034812.1325074,98215094.24431956,46924051.39102936,2481919.009033203,49405970.40006256,.5030384665432426,2,1,2,1,1,1,QPIB2_QPOP2,QPIBPC1_QPOP2,JPIB1_JPOP1,JPIBPC1_JPOP1,Acima ou igual à média simples do grupo,Acima ou igual à média simples do grupo,Abaixo da média simples do grupo,Abaixo da média simples do grupo
510007,5,Alta Renda,15697490,59892.82430282381,262093,303199,7587939200.809675,1938210573.129551,710853647.5697845,26052229.59832001,736905877.1681045,.3801990802156507,4,4,4,1,1,1,QPIB4_QPOP4,QPIBPC4_QPOP4,JPIB1_JPOP1,JPIBPC1_JPOP1,Acima ou igual à média simples do grupo,Acima ou igual à média simples do grupo,Abaixo da média simples do grupo,Abaixo da média simples do grupo
260013,2,Baixa Renda e Médio Dinamismo,4951510,14941.2790662587,331398,318489,1425742364.778203,463560538.8666449,2947775.632125854,3718974.657470703,6666750.289596558,.0143816173522795,3,1,4,1,1,1,QPIB3_QPOP4,QPIBPC1_QPOP4,JPIB1_JPOP1,JPIBPC1_JPOP1,Abaixo da média simples do grupo,Abaixo da média simples do grupo,Abaixo da média simples do grupo,Abaixo da média simples do grupo
240010,2,Média Renda e Médio Dinamismo,2845440,11839.42480527262,240336,226934,549125545.3466003,155366140.2237975,145869.130859375,48440,194309.130859375,.0012506530095906,3,1,3,1,1,1,QPIB3_QPOP3,QPIBPC1_QPOP3,JPIB1_JPOP1,JPIBPC1_JPOP1,Abaixo da média simples do grupo,Abaixo da média simples do grupo,Abaixo da média simples do grupo,Abaixo da média simples do grupo
410011,4,Média Renda e Médio Dinamismo,3601691,33653.42963662017,107023,104703,1060431517.38918,328571115.8170693,35321040.52724838,2218248.729492188,37539289.25674057,.114250119531628,3,3,2,1,1,1,QPIB3_QPOP2,QPIBPC3_QPOP2,JPIB1_JPOP1,JPIBPC1_JPOP1,Abaixo da média simples do grupo,Abaixo da média simples do grupo,Abaixo da média simples do grupo,Abaixo da média simples do grupo
130003,1,Baixa Renda e Baixo Dinamismo,4236312,26669.6381355292,158844,131789,541260743.4159791,19330316.42637634,49192.3203125,350927776.0888672,350976968.4091797,18.15681443942994,3,3,3,1,1,1,QPIB3_QPOP3,QPIBPC3_QPOP3,JPIB1_JPOP1,JPIBPC1_JPOP1,Acima ou igual à média simples do grupo,Acima ou igual à média simples do grupo,Acima ou igual à média simples do grupo,Acima ou igual à média simples do grupo
140004,1,Baixa Renda e Médio Dinamismo,637844,18083.57904286686,35272,30795,51770656.42064667,7077949.991783142,10061320.6522522,38368.52026367188,10099689.17251587,1.426922934499494,1,2,1,1,1,1,QPIB1_QPOP1,QPIBPC2_QPOP1,JPIB1_JPOP1,JPIBPC1_JPOP1,Abaixo da média simples do grupo,Abaixo da média simples do grupo,Acima ou igual à média simples do grupo,Acima ou igual à média simples do grupo
510003,5,Média Renda e Alto Dinamismo,9228846,107239.838248623,86058,72687,1969901478.204839,353961182.6907932,826129927.240591,5148789.04650116,831278716.2870922,2.348502482582293,4,4,2,1,1,1,QPIB4_QPOP2,QPIBPC4_QPOP2,JPIB1_JPOP1,JPIBPC1_JPOP1,Acima ou igual à média simples do grupo,Acima ou igual à média simples do grupo,Acima ou igual à média simples do grupo,Acima ou igual à média simples do grupo
430025,4,Alta Renda,15428467,55349.75335880464,278745,277300,9029302117.794579,4330103370.877377,121951608.6176414,10121631.7763654,132073240.3940068,.0305011749332085,4,4,4,1,1,1,QPIB4_QPOP4,QPIBPC4_QPOP4,JPIB1_JPOP1,JPIBPC1_JPOP1,Abaixo da média simples do grupo,Abaixo da média simples do grupo,Abaixo da média simples do grupo,Abaixo da média simples do grupo
420016,4,Alta Renda,62928564,60301.99021232189,1043557,1060924,44435770718.58313,23403195390.00314,8369896.495834351,111011080.7376232,119380977.2334576,.005101054588659,4,4,4,1,1,1,QPIB4_QPOP4,QPIBPC4_QPOP4,JPIB1_JPOP1,JPIBPC1_JPOP1,Abaixo da média simples do grupo,Abaixo da média simples do grupo,Abaixo da média simples do grupo,Abaixo da média simples do grupo
350025,3,Alta Renda,34346158,36767.08683248497,934155,934984,27155653413.65998,11320209834.28951,1087988312.374569,45062399.46896362,1133050711.843532,.1000909637214906,4,3,4,1,1,1,QPIB4_QPOP4,QPIBPC3_QPOP4,JPIB1_JPOP1,JPIBPC1_JPOP1,Abaixo da média simples do grupo,Acima ou igual à média simples do grupo,Abaixo da média simples do grupo,Abaixo da média simples do grupo
2609600,2,Média Renda e Baixo Dinamismo,5093215,12935.67484646995,393734,349341,5158231539.873725,1531932658.175561,184220.3688964844,1174007.10333252,1358227.472229004,.0008866104296298,3,1,4,1,1,1,QPIB3_QPOP4,QPIBPC1_QPOP4,JPIB1_JPOP1,JPIBPC1_JPOP1,Abaixo da média simples do grupo,Abaixo da média simples do grupo,Abaixo da média simples do grupo,Abaixo da média simples do grupo
2930709,2,Média Renda e Baixo Dinamismo,4976528,36294.02626953623,137117,113980,3651884536.67459,1252531442.292402,261699.7409667969,14867516.23098755,15129215.97195435,.0120789111243903,3,3,3,1,1,1,QPIB3_QPOP3,QPIBPC3_QPOP3,JPIB1_JPOP1,JPIBPC1_JPOP1,Abaixo da média simples do grupo,Abaixo da média simples do grupo,Abaixo da média simples do grupo,Abaixo da média simples do grupo
150017,1,Baixa Renda e Baixo Dinamismo,5190375,22750.53365652244,228143,212080,1743859733.063323,190872587.5253683,5746493.49584198,701737798.8843226,707484292.3801646,3.706578831211869,3,2,3,1,1,1,QPIB3_QPOP3,QPIBPC2_QPOP3,JPIB1_JPOP1,JPIBPC1_JPOP1,Acima ou igual à média simples do grupo,Acima ou igual à média simples do grupo,Acima ou igual à média simples do grupo,Acima ou igual à média simples do grupo
150012,1,Média Renda e Médio Dinamismo,6179021,22384.18875251772,276044,220355,2496218887.221924,522720787.0537393,617163662.8305982,12029926.35401154,629193589.1846098,1.2036896269823,3,2,4,1,1,1,QPIB3_QPOP4,QPIBPC2_QPOP4,JPIB1_JPOP1,JPIBPC1_JPOP1,Acima ou igual à média simples do grupo,Acima ou igual à média simples do grupo,Acima ou igual à média simples do grupo,Acima ou igual à média simples do grupo
290034,2,Baixa Renda e Alto Dinamismo,3045928,17195.2263207217,177138,179219,928523623.0815086,412464041.3473378,2381852.346855164,43817587.1818924,46199439.52874756,.112008405333552,3,2,3,1,1,1,QPIB3_QPOP3,QPIBPC2_QPOP3,JPIB1_JPOP1,JPIBPC1_JPOP1,Abaixo da média simples do grupo,Abaixo da média simples do grupo,Abaixo da média simples do grupo,Abaixo da média simples do grupo
240002,2,Baixa Renda e Médio Dinamismo,1611103,10989.41373077317,146605,134089,286937930.353528,77778529.27201462,1823800.323120117,0,1823800.323120117,.0234486347349375,2,1,3,1,1,1,QPIB2_QPOP3,QPIBPC1_QPOP3,JPIB1_JPOP1,JPIBPC1_JPOP1,Abaixo da média simples do grupo,Abaixo da média simples do grupo,Abaixo da média simples do grupo,Abaixo da média simples do grupo
350033,3,Alta Renda,14573135,33572.54094300807,434079,422379,9708815382.473753,4905338185.809075,99047059.37183686,7695226.453636169,106742285.825473,.0217604335893239,4,3,4,1,1,1,QPIB4_QPOP4,QPIBPC3_QPOP4,JPIB1_JPOP1,JPIBPC1_JPOP1,Abaixo da média simples do grupo,Abaixo da média simples do grupo,Abaixo da média simples do grupo,Abaixo da média simples do grupo
310031,3,Média Renda e Médio Dinamismo,3671869,19619.9251936949,187150,175220,2156065649.847365,1002992873.01274,16069998.70618439,35265318.48288727,51335317.18907166,.0511821355568292,3,2,3,1,1,1,QPIB3_QPOP3,QPIBPC2_QPOP3,JPIB1_JPOP1,JPIBPC1_JPOP1,Abaixo da média simples do grupo,Abaixo da média simples do grupo,Abaixo da média simples do grupo,Abaixo da média simples do grupo
420019,4,Alta Renda,31145093,46898.19756060834,664100,655004,27621415234.12778,15974842257.45638,15631337.97862864,56504763.08116913,72136101.05979776,.0045156064703004,4,4,4,1,1,1,QPIB4_QPOP4,QPIBPC4_QPOP4,JPIB1_JPOP1,JPIBPC1_JPOP1,Abaixo da média simples do grupo,Abaixo da média simples do grupo,Abaixo da média simples do grupo,Abaixo da média simples do grupo
290028,2,Baixa Renda e Médio Dinamismo,956503,9764.718493185646,97955,93864,102687598.5167902,27107110.10482193,2830393.932434082,215036.810546875,3045430.742980957,.1123480419419266,1,1,2,1,1,1,QPIB1_QPOP2,QPIBPC1_QPOP2,JPIB1_JPOP1,JPIBPC1_JPOP1,Abaixo da média simples do grupo,Abaixo da média simples do grupo,Abaixo da média simples do grupo,Abaixo da média simples do grupo
2513703,2,Baixa Renda e Médio Dinamismo,2248411,16281.86077498497,138093,149335,1343701258.523297,412510086.4264216,71586571.43334198,4094812.905151368,75681384.33849335,.1834655365499589,2,2,3,1,1,1,QPIB2_QPOP3,QPIBPC2_QPOP3,JPIB1_JPOP1,JPIBPC1_JPOP1,Abaixo da média simples do grupo,Abaixo da média simples do grupo,Abaixo da média simples do grupo,Abaixo da média simples do grupo
240001,2,Baixa Renda e Alto Dinamismo,2293564,17897.77444829416,128148,119626,283610839.5410946,144582757.607044,5282962.865600586,2466610.10546875,7749572.971069336,.0535995653930713,2,2,3,1,1,1,QPIB2_QPOP3,QPIBPC2_QPOP3,JPIB1_JPOP1,JPIBPC1_JPOP1,Abaixo da média simples do grupo,Abaixo da média simples do grupo,Abaixo da média simples do grupo,Abaixo da média simples do grupo
290004,2,Média Renda e Baixo Dinamismo,3433150,11893.23919851454,288664,270637,1684094166.374833,798466086.2528714,12935468.23856354,7937050.061546326,20872518.30010986,.0261407699831845,3,1,4,1,1,1,QPIB3_QPOP4,QPIBPC1_QPOP4,JPIB1_JPOP1,JPIBPC1_JPOP1,Abaixo da média simples do grupo,Abaixo da média simples do grupo,Abaixo da média simples do grupo,Abaixo da média simples do grupo
310057,3,Média Renda e Baixo Dinamismo,4539017,38811.93511701682,116949,105798,2460369106.448109,640562816.2066603,271967507.5900044,5427308.722244263,277394816.3122487,.4330485774290632,3,3,2,1,1,1,QPIB3_QPOP2,QPIBPC3_QPOP2,JPIB1_JPOP1,JPIBPC1_JPOP1,Abaixo da média simples do grupo,Abaixo da média simples do grupo,Abaixo da média simples do grupo,Abaixo da média simples do grupo
310020,3,Média Renda e Médio Dinamismo,8762788,19178.74550504376,456901,415498,5061676273.078707,1834154433.10545,70862754.34378426,41012324.45409012,111875078.7978744,.0609954520615017,4,2,4,1,1,1,QPIB4_QPOP4,QPIBPC2_QPOP4,JPIB1_JPOP1,JPIBPC1_JPOP1,Abaixo da média simples do grupo,Abaixo da média simples do grupo,Abaixo da média simples do grupo,Abaixo da média simples do grupo
2412005,2,Média Renda e Baixo Dinamismo,1674551,15960.41708365501,104919,115755,901540531.0995059,206478223.639033,1042061.335693359,4316450.543609619,5358511.879302979,.0259519468196839,2,2,2,1,1,1,QPIB2_QPOP2,QPIBPC2_QPOP2,JPIB1_JPOP1,JPIBPC1_JPOP1,Abaixo da média simples do grupo,Abaixo da média simples do grupo,Abaixo da média simples do grupo,Abaixo da média simples do grupo
150010,1,Média Renda e Médio Dinamismo,86946774,280724.3052663186,309723,392007,11398719081.90521,2610067134.418281,79677064.97279102,3292179570.236994,3371856635.209785,1.291865864577191,4,4,4,1,1,1,QPIB4_QPOP4,QPIBPC4_QPOP4,JPIB1_JPOP1,JPIBPC1_JPOP1,Acima ou igual à média simples do grupo,Acima ou igual à média simples do grupo,Acima ou igual à média simples do grupo,Acima ou igual à média simples do grupo
310002,3,Média Renda e Alto Dinamismo,21652538,59664.47968476599,362905,350162,8346890895.101993,2919908317.889972,127340929.8372133,471330702.0287144,598671631.8659277,.2050309690197906,4,4,4,1,1,1,QPIB4_QPOP4,QPIBPC4_QPOP4,JPIB1_JPOP1,JPIBPC1_JPOP1,Acima ou igual à média simples do grupo,Acima ou igual à média simples do grupo,Abaixo da média simples do grupo,Abaixo da média simples do grupo
1703701,1,Média Renda e Alto Dinamismo,266475,48100.18050541516,5540,4725,32520300.26483895,7339610.245771179,19965262.50107574,0,19965262.50107574,2.720207454146358,1,4,1,1,1,1,QPIB1_QPOP1,QPIBPC4_QPOP1,JPIB1_JPOP1,JPIBPC1_JPOP1,Acima ou igual à média simples do grupo,Acima ou igual à média simples do grupo,Acima ou igual à média simples do grupo,Acima ou igual à média simples do grupo
350003,3,Alta Renda,85800416,46626.93578284778,1840147,1820799,58058599770.4977,26289044928.5166,313015990.3484352,81310231.80185461,394326222.1502898,.0149996404670659,4,4,4,1,1,1,QPIB4_QPOP4,QPIBPC4_QPOP4,JPIB1_JPOP1,JPIBPC1_JPOP1,Abaixo da média simples do grupo,Abaixo da média simples do grupo,Abaixo da média simples do grupo,Abaixo da média simples do grupo
2706448,2,Média Renda e Médio Dinamismo,227643,16882.45327795906,13484,13835,67719262.54538828,21441746.87630272,406266.4443447869,0,406266.4443447869,.0189474508158563,1,2,1,1,1,1,QPIB1_QPOP1,QPIBPC2_QPOP1,JPIB1_JPOP1,JPIBPC1_JPOP1,Abaixo da média simples do grupo,Abaixo da média simples do grupo,Abaixo da média simples do grupo,Abaixo da média simples do grupo
310026,3,Média Renda e Médio Dinamismo,14261349,94177.20942211304,151431,150912,3560972555.964941,1021308416.138259,125274941.0322885,550582201.1523857,675857142.1846743,.6617561664087773,4,4,3,1,1,1,QPIB4_QPOP3,QPIBPC4_QPOP3,JPIB1_JPOP1,JPIBPC1_JPOP1,Acima ou igual à média simples do grupo,Acima ou igual à média simples do grupo,Abaixo da média simples do grupo,Abaixo da média simples do grupo
350047,3,Média Renda e Médio Dinamismo,6636382,35419.16132509994,187367,177356,3902985126.981813,2065788303.423098,62991117.25392914,3766481.509910583,66757598.76383972,.0323157986000887,3,3,3,1,1,1,QPIB3_QPOP3,QPIBPC3_QPOP3,JPIB1_JPOP1,JPIBPC1_JPOP1,Abaixo da média simples do grupo,Abaixo da média simples do grupo,Abaixo da média simples do grupo,Abaixo da média simples do grupo
310059,3,Alta Renda,45404251,47325.27871354001,959408,957650,29238890224.0277,13223898452.91633,577409693.3163015,24783582.80133438,602193276.1176358,.0455382562306981,4,4,4,1,1,1,QPIB4_QPOP4,QPIBPC4_QPOP4,JPIB1_JPOP1,JPIBPC1_JPOP1,Abaixo da média simples do grupo,Abaixo da média simples do grupo,Abaixo da média simples do grupo,Abaixo da média simples do grupo
510014,5,Média Renda e Alto Dinamismo,7136062,56706.97149577642,125841,119632,1892537712.514985,254332703.7395777,850266641.8612708,7003864.006011964,857270505.8672827,3.370665640959329,3,4,3,1,1,1,QPIB3_QPOP3,QPIBPC4_QPOP3,JPIB1_JPOP1,JPIBPC1_JPOP1,Acima ou igual à média simples do grupo,Acima ou igual à média simples do grupo,Acima ou igual à média simples do grupo,Acima ou igual à média simples do grupo
230016,2,Baixa Renda e Alto Dinamismo,5483914,13182.80247121325,415990,410532,1149916099.051327,494145589.5580671,1732057.497619629,5327993.487365723,7060050.984985352,.014287390465833,3,1,4,1,1,1,QPIB3_QPOP4,QPIBPC1_QPOP4,JPIB1_JPOP1,JPIBPC1_JPOP1,Abaixo da média simples do grupo,Abaixo da média simples do grupo,Abaixo da média simples do grupo,Abaixo da média simples do grupo
230003,2,Baixa Renda e Médio Dinamismo,2532902,10803.03844546238,234462,222490,462710809.8630011,162380588.5120792,552595.884185791,4265409.900444031,4818005.784629822,.0296710698537185,2,1,3,1,1,1,QPIB2_QPOP3,QPIBPC1_QPOP3,JPIB1_JPOP1,JPIBPC1_JPOP1,Abaixo da média simples do grupo,Abaixo da média simples do grupo,Abaixo da média simples do grupo,Abaixo da média simples do grupo
520012,5,Média Renda e Baixo Dinamismo,3894948,40907.73318769496,95213,82937,1821901858.005978,269626719.3188765,139735591.7496344,3195890.415313721,142931482.1649481,.5301087463661526,3,4,2,1,1,1,QPIB3_QPOP2,QPIBPC4_QPOP2,JPIB1_JPOP1,JPIBPC1_JPOP1,Acima ou igual à média simples do grupo,Abaixo da média simples do grupo,Abaixo da média simples do grupo,Abaixo da média simples do grupo
350014,3,Alta Renda,9280721,37131.94419438343,249939,230507,5445325542.892243,1425995061.524339,671121252.5525179,13916350.19517517,685037602.7476931,.4803926894497177,4,3,3,1,1,1,QPIB4_QPOP3,QPIBPC3_QPOP3,JPIB1_JPOP1,JPIBPC1_JPOP1,Acima ou igual à média simples do grupo,Abaixo da média simples do grupo,Abaixo da média simples do grupo,Abaixo da média simples do grupo
2206407,2,Baixa Renda e Baixo Dinamismo,116388,11018.46066458392,10563,10255,22836787.73949051,3030649.015190125,5469817.428909302,1042660.5859375,6512478.014846802,2.148872397366096,1,1,1,1,1,1,QPIB1_QPOP1,QPIBPC1_QPOP1,JPIB1_JPOP1,JPIBPC1_JPOP1,Acima ou igual à média simples do grupo,Abaixo da média simples do grupo,Acima ou igual à média simples do grupo,Acima ou igual à média simples do grupo
290015,2,Média Renda e Baixo Dinamismo,2359053,15347.22728219007,153712,139924,1157838135.691267,725616064.9342993,75174921.53322983,7723282.174919128,82898203.70814896,.1142452706248379,2,1,3,1,1,1,QPIB2_QPOP3,QPIBPC1_QPOP3,JPIB1_JPOP1,JPIBPC1_JPOP1,Abaixo da média simples do grupo,Abaixo da média simples do grupo,Abaixo da média simples do grupo,Abaixo da média simples do grupo
510006,5,Média Renda e Baixo Dinamismo,2653037,27488.33860021758,96515,87836,1328824529.340417,230165096.4161594,315660481.9172912,16475759.71318817,332136241.6304793,1.44303479025311,2,3,2,1,1,1,QPIB2_QPOP2,QPIBPC3_QPOP2,JPIB1_JPOP1,JPIBPC1_JPOP1,Acima ou igual à média simples do grupo,Acima ou igual à média simples do grupo,Acima ou igual à média simples do grupo,Acima ou igual à média simples do grupo
230004,2,Baixa Renda e Médio Dinamismo,1959905,9355.155131264917,209500,188455,488563626.722635,190881559.4542084,626638.1032714844,1876544.260803223,2503182.364074707,.0131137987935142,2,1,3,1,1,1,QPIB2_QPOP3,QPIBPC1_QPOP3,JPIB1_JPOP1,JPIBPC1_JPOP1,Abaixo da média simples do grupo,Abaixo da média simples do grupo,Abaixo da média simples do grupo,Abaixo da média simples do grupo
430021,4,Alta Renda,4078058,38227.37370991479,106679,106601,1466771364.219319,644176328.5215784,11589771.583992,2802623.999389648,14392395.58338165,.0223423229729863,3,3,2,1,1,1,QPIB3_QPOP2,QPIBPC3_QPOP2,JPIB1_JPOP1,JPIBPC1_JPOP1,Abaixo da média simples do grupo,Abaixo da média simples do grupo,Abaixo da média simples do grupo,Abaixo da média simples do grupo
310069,3,Média Renda e Alto Dinamismo,2559062,25685.65693064338,99630,95729,1271280263.655488,570337552.4830956,20071231.03901672,49437384.35589981,69508615.39491653,.1218727665613018,2,3,2,1,1,1,QPIB2_QPOP2,QPIBPC3_QPOP2,JPIB1_JPOP1,JPIBPC1_JPOP1,Abaixo da média simples do grupo,Abaixo da média simples do grupo,Abaixo da média simples do grupo,Abaixo da média simples do grupo
510013,5,Alta Renda,5166163,46355.33482283058,111447,125416,2326443753.651086,615253504.1485147,511972322.9356692,110635769.9463176,622608092.8819869,1.011953753507915,3,4,2,1,1,1,QPIB3_QPOP2,QPIBPC4_QPOP2,JPIB1_JPOP1,JPIBPC1_JPOP1,Acima ou igual à média simples do grupo,Acima ou igual à média simples do grupo,Acima ou igual à média simples do grupo,Acima ou igual à média simples do grupo
1400175,1,Baixa Renda e Baixo Dinamismo,322426,16743.31411954094,19257,18521,50625358.25635339,8609916.531423587,15012428.52145385,362329.8065185547,15374758.32797241,1.785703528235053,1,2,1,1,1,1,QPIB1_QPOP1,QPIBPC2_QPOP1,JPIB1_JPOP1,JPIBPC1_JPOP1,Abaixo da média simples do grupo,Acima ou igual à média simples do grupo,Acima ou igual à média simples do grupo,Acima ou igual à média simples do grupo
430019,4,Alta Renda,5756069,43409.92322659467,132598,137742,3253550417.740959,1587626882.176148,12412434.34179688,592338.69921875,13004773.04101563,.0081913283196554,3,4,3,1,1,1,QPIB3_QPOP3,QPIBPC4_QPOP3,JPIB1_JPOP1,JPIBPC1_JPOP1,Abaixo da média simples do grupo,Abaixo da média simples do grupo,Abaixo da média simples do grupo,Abaixo da média simples do grupo
310033,3,Média Renda e Médio Dinamismo,3096753,18063.60974357778,171436,166048,1641072284.881466,744808658.5951676,4685544.797698975,5763964.749044189,10449509.54674316,.0140297906397231,3,2,3,1,1,1,QPIB3_QPOP3,QPIBPC2_QPOP3,JPIB1_JPOP1,JPIBPC1_JPOP1,Abaixo da média simples do grupo,Abaixo da média simples do grupo,Abaixo da média simples do grupo,Abaixo da média simples do grupo
430038,4,Alta Renda,5506063,50005.56721067306,110109,104125,3314406904.31349,2068714968.151709,11370055.6647377,17059759.63782929,28429815.30256699,.0137427416247525,3,4,2,1,1,1,QPIB3_QPOP2,QPIBPC4_QPOP2,JPIB1_JPOP1,JPIBPC1_JPOP1,Abaixo da média simples do grupo,Abaixo da média simples do grupo,Abaixo da média simples do grupo,Abaixo da média simples do grupo
500005,5,Alta Renda,24228562,54458.19978332307,444902,451269,10023338638.25108,3864636887.509328,965232468.9950116,8689444.266693115,973921913.2617047,.2520086470243717,4,4,4,1,1,1,QPIB4_QPOP4,QPIBPC4_QPOP4,JPIB1_JPOP1,JPIBPC1_JPOP1,Acima ou igual à média simples do grupo,Acima ou igual à média simples do grupo,Abaixo da média simples do grupo,Abaixo da média simples do grupo
1302504,1,Baixa Renda e Médio Dinamismo,1473025,14787.47753807234,99613,101683,223358394.3772061,72858706.85449111,33900.900390625,0,33900.900390625,.0004652964876021,2,1,2,1,1,1,QPIB2_QPOP2,QPIBPC1_QPOP2,JPIB1_JPOP1,JPIBPC1_JPOP1,Abaixo da média simples do grupo,Abaixo da média simples do grupo,Abaixo da média simples do grupo,Abaixo da média simples do grupo
270004,2,Baixa Renda e Baixo Dinamismo,3222007,17569.1531708381,183390,134794,1128529878.67527,182804544.6234088,375689387.3210287,1757931.333984375,377447318.6550131,2.06475894476575,3,2,3,1,1,1,QPIB3_QPOP3,QPIBPC2_QPOP3,JPIB1_JPOP1,JPIBPC1_JPOP1,Acima ou igual à média simples do grupo,Acima ou igual à média simples do grupo,Acima ou igual à média simples do grupo,Acima ou igual à média simples do grupo
330004,3,Média Renda e Baixo Dinamismo,29148476,43624.86343132354,668162,622105,11240577451.58546,4175483632.129865,24124534.62227631,15209338.49702287,39333873.11929917,.009420195738915,4,4,4,1,1,1,QPIB4_QPOP4,QPIBPC4_QPOP4,JPIB1_JPOP1,JPIBPC1_JPOP1,Abaixo da média simples do grupo,Abaixo da média simples do grupo,Abaixo da média simples do grupo,Abaixo da média simples do grupo
150008,1,Baixa Renda e Médio Dinamismo,1369307,11382.62481504264,120298,119350,271367742.6636291,108761669.4404159,21299567.58496857,8709782.17956543,30009349.764534,.2759184363290264,2,1,2,1,1,1,QPIB2_QPOP2,QPIBPC1_QPOP2,JPIB1_JPOP1,JPIBPC1_JPOP1,Abaixo da média simples do grupo,Acima ou igual à média simples do grupo,Abaixo da média simples do grupo,Abaixo da média simples do grupo
2205581,2,Baixa Renda e Baixo Dinamismo,68515,16768.23299069995,4086,4810,14979912.31664276,2822699.297546387,0,3683992.112716675,3683992.112716675,1.305130913490842,1,2,1,1,1,1,QPIB1_QPOP1,QPIBPC2_QPOP1,JPIB1_JPOP1,JPIBPC1_JPOP1,Abaixo da média simples do grupo,Abaixo da média simples do grupo,Acima ou igual à média simples do grupo,Acima ou igual à média simples do grupo
2800308,2,Alta Renda,16049036,23860.69275988903,672614,600791,13228028330.22743,5053108201.63135,5483189.637535095,239998085.1770935,245481274.8146286,.0485802529887203,4,2,4,1,1,1,QPIB4_QPOP4,QPIBPC2_QPOP4,JPIB1_JPOP1,JPIBPC1_JPOP1,Abaixo da média simples do grupo,Abaixo da média simples do grupo,Abaixo da média simples do grupo,Abaixo da média simples do grupo
2607901,2,Média Renda e Médio Dinamismo,12825773,18030.69320849676,711330,642958,7787832533.138647,2695195715.061957,4341350.198204683,35979006.30207062,40320356.5002753,.0149600848186821,4,2,4,1,1,1,QPIB4_QPOP4,QPIBPC2_QPOP4,JPIB1_JPOP1,JPIBPC1_JPOP1,Abaixo da média simples do grupo,Abaixo da média simples do grupo,Abaixo da média simples do grupo,Abaixo da média simples do grupo
290019,2,Média Renda e Alto Dinamismo,5871648,42454.03670122771,138306,138741,1514898963.64611,445867165.4087316,587064053.5761166,2952934.252685547,590016987.8288021,1.323302170699039,3,4,3,1,1,1,QPIB3_QPOP3,QPIBPC4_QPOP3,JPIB1_JPOP1,JPIBPC1_JPOP1,Acima ou igual à média simples do grupo,Acima ou igual à média simples do grupo,Acima ou igual à média simples do grupo,Acima ou igual à média simples do grupo
3106705,3,Média Renda e Baixo Dinamismo,27444001,60983.41644001209,450024,411145,14109042817.65709,3604264013.332723,2592958.655075074,22012962.73573304,24605921.39080811,.0068268920644512,4,4,4,1,1,1,QPIB4_QPOP4,QPIBPC4_QPOP4,JPIB1_JPOP1,JPIBPC1_JPOP1,Abaixo da média simples do grupo,Abaixo da média simples do grupo,Abaixo da média simples do grupo,Abaixo da média simples do grupo
410008,4,Alta Renda,16086610,48127.19146033531,334252,348680,9838320660.102634,5073945541.021819,76713625.21849227,23536661.22125244,100250286.4397447,.0197578562145063,4,4,4,1,1,1,QPIB4_QPOP4,QPIBPC4_QPOP4,JPIB1_JPOP1,JPIBPC1_JPOP1,Abaixo da média simples do grupo,Abaixo da média simples do grupo,Abaixo da média simples do grupo,Abaixo da média simples do grupo
320008,3,Média Renda e Alto Dinamismo,3440385,17535.71738033467,196193,193511,1119271748.090219,337548089.3789591,12925388.04115796,8755807.234718323,21681195.27587628,.0642314264487962,3,2,3,1,1,1,QPIB3_QPOP3,QPIBPC2_QPOP3,JPIB1_JPOP1,JPIBPC1_JPOP1,Abaixo da média simples do grupo,Abaixo da média simples do grupo,Abaixo da média simples do grupo,Abaixo da média simples do grupo
260008,2,Baixa Renda e Médio Dinamismo,1409609,10124.61034576875,139226,134126,456473524.3871384,193952873.8923683,380493.0515136719,1568857.561279297,1949350.612792969,.0100506405173183,2,1,3,1,1,1,QPIB2_QPOP3,QPIBPC1_QPOP3,JPIB1_JPOP1,JPIBPC1_JPOP1,Abaixo da média simples do grupo,Abaixo da média simples do grupo,Abaixo da média simples do grupo,Abaixo da média simples do grupo
260014,2,Baixa Renda e Médio Dinamismo,2042750,10690.82820881853,191075,184653,509596023.4030637,199291954.1510879,1587896.198394775,429286.2138671875,2017182.412261963,.0101217453602401,2,1,3,1,1,1,QPIB2_QPOP3,QPIBPC1_QPOP3,JPIB1_JPOP1,JPIBPC1_JPOP1,Abaixo da média simples do grupo,Abaixo da média simples do grupo,Abaixo da média simples do grupo,Abaixo da média simples do grupo
250007,2,Baixa Renda e Alto Dinamismo,873482,15266.92767504457,57214,54754,139291942.9546051,35579146.22640228,112026.2807617188,0,112026.2807617188,.0031486500560991,1,1,2,1,1,1,QPIB1_QPOP2,QPIBPC1_QPOP2,JPIB1_JPOP1,JPIBPC1_JPOP1,Abaixo da média simples do grupo,Abaixo da média simples do grupo,Abaixo da média simples do grupo,Abaixo da média simples do grupo
430032,4,Alta Renda,3976576,55532.56619372137,71608,70341,1510893813.606447,854185964.6336098,14440121.29104614,3473846.293121338,17913967.58416748,.0209719760401957,3,4,2,1,1,1,QPIB3_QPOP2,QPIBPC4_QPOP2,JPIB1_JPOP1,JPIBPC1_JPOP1,Abaixo da média simples do grupo,Abaixo da média simples do grupo,Abaixo da média simples do grupo,Abaixo da média simples do grupo
1721109,1,Baixa Renda e Alto Dinamismo,187625,24404.91675338189,7688,7442,12866438.39528656,509490.7670822144,4894608.701065063,0,4894608.701065063,9.606864377731188,1,2,1,1,1,1,QPIB1_QPOP1,QPIBPC2_QPOP1,JPIB1_JPOP1,JPIBPC1_JPOP1,Acima ou igual à média simples do grupo,Acima ou igual à média simples do grupo,Acima ou igual à média simples do grupo,Acima ou igual à média simples do grupo
430020,4,Alta Renda,6353373,51236.46583495294,124001,123499,2353400131.605096,917368964.5150285,52650757.33510971,3296103.246154786,55946860.5812645,.0609862146479318,3,4,2,1,1,1,QPIB3_QPOP2,QPIBPC4_QPOP2,JPIB1_JPOP1,JPIBPC1_JPOP1,Abaixo da média simples do grupo,Abaixo da média simples do grupo,Abaixo da média simples do grupo,Abaixo da média simples do grupo
250015,2,Média Renda e Médio Dinamismo,2029106,12984.28401397545,156274,150712,822025730.8737466,251974389.2709637,570375.9704589844,1460062.1875,2030438.157958984,.0080581132226717,2,1,3,1,1,1,QPIB2_QPOP3,QPIBPC1_QPOP3,JPIB1_JPOP1,JPIBPC1_JPOP1,Abaixo da média simples do grupo,Abaixo da média simples do grupo,Abaixo da média simples do grupo,Abaixo da média simples do grupo
110002,1,Média Renda e Médio Dinamismo,5795055,23918.93230531742,242279,183056,2056838276.634737,500567222.1860743,168902490.3402732,59211672.14434052,228114162.4846137,.455711345797663,3,2,3,1,1,1,QPIB3_QPOP3,QPIBPC2_QPOP3,JPIB1_JPOP1,JPIBPC1_JPOP1,Abaixo da média simples do grupo,Acima ou igual à média simples do grupo,Abaixo da média simples do grupo,Abaixo da média simples do grupo
500010,5,Média Renda e Baixo Dinamismo,3933625,28773.70911937034,136709,116774,1726293642.403257,420077753.1971399,222642874.1622465,284308226.7886519,506951100.9508984,1.206803019423381,3,3,3,1,1,1,QPIB3_QPOP3,QPIBPC3_QPOP3,JPIB1_JPOP1,JPIBPC1_JPOP1,Acima ou igual à média simples do grupo,Acima ou igual à média simples do grupo,Acima ou igual à média simples do grupo,Acima ou igual à média simples do grupo
310060,3,Alta Renda,5262392,34044.48354833284,154574,148631,2616891641.933253,744354408.0835528,276558772.1625763,2531186.575531006,279089958.7381073,.3749423066582818,3,3,3,1,1,1,QPIB3_QPOP3,QPIBPC3_QPOP3,JPIB1_JPOP1,JPIBPC1_JPOP1,Abaixo da média simples do grupo,Abaixo da média simples do grupo,Abaixo da média simples do grupo,Abaixo da média simples do grupo
510017,5,Alta Renda,10238326,94344.19144681674,108521,138139,4021539053.913783,935863882.0919064,1124768468.484239,9321522.750900269,1134089991.235139,1.211810833750892,4,4,2,1,1,1,QPIB4_QPOP2,QPIBPC4_QPOP2,JPIB1_JPOP1,JPIBPC1_JPOP1,Abaixo da média simples do grupo,Acima ou igual à média simples do grupo,Acima ou igual à média simples do grupo,Acima ou igual à média simples do grupo
310019,3,Média Renda e Médio Dinamismo,644030,12541.96689386563,51350,47547,149139150.7139795,60643395.5900116,16688471.69905853,576765.5941390991,17265237.29319763,.2847010317483169,1,1,2,1,1,1,QPIB1_QPOP2,QPIBPC1_QPOP2,JPIB1_JPOP1,JPIBPC1_JPOP1,Abaixo da média simples do grupo,Acima ou igual à média simples do grupo,Abaixo da média simples do grupo,Abaixo da média simples do grupo
1713304,1,Média Renda e Alto Dinamismo,350441,25860.89587484318,13551,12662,119458250.3784599,15041445.53640747,34834100.87657166,0,34834100.87657166,2.315874547579654,1,3,1,1,1,1,QPIB1_QPOP1,QPIBPC3_QPOP1,JPIB1_JPOP1,JPIBPC1_JPOP1,Acima ou igual à média simples do grupo,Acima ou igual à média simples do grupo,Acima ou igual à média simples do grupo,Acima ou igual à média simples do grupo
3109303,3,Média Renda e Médio Dinamismo,1109734,44073.7916517733,25179,23844,371834478.0999643,150882430.1319487,105141025.3972201,0,105141025.3972201,.6968407474963978,2,4,1,1,1,1,QPIB2_QPOP1,QPIBPC4_QPOP1,JPIB1_JPOP1,JPIBPC1_JPOP1,Acima ou igual à média simples do grupo,Abaixo da média simples do grupo,Acima ou igual à média simples do grupo,Abaixo da média simples do grupo
2309607,2,Baixa Renda e Baixo Dinamismo,1215684,16396.03479668218,74145,70974,464554041.5849504,221703885.1274253,0,0,0,0,2,2,2,1,1,1,QPIB2_QPOP2,QPIBPC2_QPOP2,JPIB1_JPOP1,JPIBPC1_JPOP1,Abaixo da média simples do grupo,Abaixo da média simples do grupo,Abaixo da média simples do grupo,Abaixo da média simples do grupo
350026,3,Alta Renda,9315501,35307.38705275924,263840,240662,7214132771.347332,2859154347.098072,436994313.7652115,8402327.309326172,445396641.0745377,.1557791525059141,4,3,4,1,1,1,QPIB4_QPOP4,QPIBPC3_QPOP4,JPIB1_JPOP1,JPIBPC1_JPOP1,Acima ou igual à média simples do grupo,Acima ou igual à média simples do grupo,Abaixo da média simples do grupo,Abaixo da média simples do grupo
290014,2,Baixa Renda e Médio Dinamismo,3531490,16181.16171127209,218247,209139,928859183.1295538,262256532.5807147,48022974.90229417,101615406.2737026,149638381.1759968,.5705801861387095,3,2,3,1,1,1,QPIB3_QPOP3,QPIBPC2_QPOP3,JPIB1_JPOP1,JPIBPC1_JPOP1,Acima ou igual à média simples do grupo,Acima ou igual à média simples do grupo,Abaixo da média simples do grupo,Abaixo da média simples do grupo
150015,1,Média Renda e Médio Dinamismo,7952433,16293.59867724163,488071,536467,3380069681.816288,1017617963.766785,32135741.11591553,910574.7574462891,33046315.87336182,.0324741868264968,4,2,4,1,1,1,QPIB4_QPOP4,QPIBPC2_QPOP4,JPIB1_JPOP1,JPIBPC1_JPOP1,Abaixo da média simples do grupo,Abaixo da média simples do grupo,Abaixo da média simples do grupo,Abaixo da média simples do grupo
170010,1,Média Renda e Alto Dinamismo,8180977,42120.26525390132,194229,184853,2222019035.664024,523142838.2176394,367815987.2108703,11755479.9657135,379571467.1765838,.7255599034286565,4,4,3,1,1,1,QPIB4_QPOP3,QPIBPC4_QPOP3,JPIB1_JPOP1,JPIBPC1_JPOP1,Acima ou igual à média simples do grupo,Acima ou igual à média simples do grupo,Acima ou igual à média simples do grupo,Abaixo da média simples do grupo
2929206,2,Baixa Renda e Alto Dinamismo,10813800,265930.5528231359,40664,38645,1301913786.797302,54190303.04462433,4265562.67829895,17946069.38427734,22211632.06257629,.4098820418901437,4,4,1,1,1,1,QPIB4_QPOP1,QPIBPC4_QPOP1,JPIB1_JPOP1,JPIBPC1_JPOP1,Acima ou igual à média simples do grupo,Abaixo da média simples do grupo,Abaixo da média simples do grupo,Abaixo da média simples do grupo
2610707,2,Média Renda e Médio Dinamismo,4833014,14344.73567830844,336919,341579,3355381591.551275,1202149667.041138,51091.63061523438,66544.3896484375,117636.0202636719,.0000978547209959,3,1,4,1,1,1,QPIB3_QPOP4,QPIBPC1_QPOP4,JPIB1_JPOP1,JPIBPC1_JPOP1,Abaixo da média simples do grupo,Abaixo da média simples do grupo,Abaixo da média simples do grupo,Abaixo da média simples do grupo
2309706,2,Média Renda e Baixo Dinamismo,1076576,12569.9207210994,85647,80778,423354225.6250747,222675800.8298766,0,0,0,0,2,1,2,1,1,1,QPIB2_QPOP2,QPIBPC1_QPOP2,JPIB1_JPOP1,JPIBPC1_JPOP1,Abaixo da média simples do grupo,Abaixo da média simples do grupo,Abaixo da média simples do grupo,Abaixo da média simples do grupo
310065,3,Média Renda e Médio Dinamismo,21513455,30644.76864849927,702027,684420,14611452326.40676,7025606109.158607,91957091.01090303,230941287.45891,322898378.469813,.0459602165923993,4,3,4,1,1,1,QPIB4_QPOP4,QPIBPC3_QPOP4,JPIB1_JPOP1,JPIBPC1_JPOP1,Abaixo da média simples do grupo,Abaixo da média simples do grupo,Abaixo da média simples do grupo,Abaixo da média simples do grupo
3109451,3,Média Renda e Alto Dinamismo,466260,66371.53024911032,7025,6627,52116768.28052139,28598472.84614181,12757339.23498154,0,12757339.23498154,.4460846319877048,1,4,1,1,1,1,QPIB1_QPOP1,QPIBPC4_QPOP1,JPIB1_JPOP1,JPIBPC1_JPOP1,Abaixo da média simples do grupo,Abaixo da média simples do grupo,Abaixo da média simples do grupo,Abaixo da média simples do grupo
2110203,2,Baixa Renda e Médio Dinamismo,314338,8115.718269131467,38732,36940,60723609.88066304,8504428.01322937,345057.531036377,955530.1065368652,1300587.637573242,.1529306421960497,1,1,1,1,1,1,QPIB1_QPOP1,QPIBPC1_QPOP1,JPIB1_JPOP1,JPIBPC1_JPOP1,Abaixo da média simples do grupo,Abaixo da média simples do grupo,Abaixo da média simples do grupo,Abaixo da média simples do grupo
520015,5,Média Renda e Alto Dinamismo,7360293,51475.61999076833,142986,139101,2520355018.813468,723454504.9125921,490716651.4977866,9260029.728942871,499976681.2267295,.6910962304217551,3,4,3,1,1,1,QPIB3_QPOP3,QPIBPC4_QPOP3,JPIB1_JPOP1,JPIBPC1_JPOP1,Acima ou igual à média simples do grupo,Acima ou igual à média simples do grupo,Acima ou igual à média simples do grupo,Abaixo da média simples do grupo
350038,3,Alta Renda,210336964,65711.81980068106,3200900,3028349,143594406097.3509,67651859749.99872,259319699.4781697,183222477.0003738,442542176.4785435,.0065414635771126,4,4,4,1,1,1,QPIB4_QPOP4,QPIBPC4_QPOP4,JPIB1_JPOP1,JPIBPC1_JPOP1,Abaixo da média simples do grupo,Abaixo da média simples do grupo,Abaixo da média simples do grupo,Abaixo da média simples do grupo
220003,2,Baixa Renda e Médio Dinamismo,1497242,10451.07565160336,143262,139232,311145167.5392714,85783356.30975632,3064275.455352783,4293871.14352417,7358146.598876953,.0857759233890001,2,1,3,1,1,1,QPIB2_QPOP3,QPIBPC1_QPOP3,JPIB1_JPOP1,JPIBPC1_JPOP1,Abaixo da média simples do grupo,Abaixo da média simples do grupo,Abaixo da média simples do grupo,Abaixo da média simples do grupo
350002,3,Alta Renda,69845319,36249.16130893933,1926812,1818870,42972330999.82676,12407198554.96618,413615.5587158203,332963671.111145,333377286.6698608,.0268696664434713,4,3,4,1,1,1,QPIB4_QPOP4,QPIBPC3_QPOP4,JPIB1_JPOP1,JPIBPC1_JPOP1,Abaixo da média simples do grupo,Abaixo da média simples do grupo,Abaixo da média simples do grupo,Abaixo da média simples do grupo
250014,2,Média Renda e Médio Dinamismo,1901028,13242.59860400964,143554,137740,658131870.1159334,265427444.3892322,135315.3588867188,5383919.277587891,5519234.636474609,.0207937602276764,2,1,3,1,1,1,QPIB2_QPOP3,QPIBPC1_QPOP3,JPIB1_JPOP1,JPIBPC1_JPOP1,Abaixo da média simples do grupo,Abaixo da média simples do grupo,Abaixo da média simples do grupo,Abaixo da média simples do grupo
2407500,2,Baixa Renda e Médio Dinamismo,127115,9998.033663677836,12714,10220,29612408.76549736,15036331.51945282,93113.6337890625,0,93113.6337890625,.0061925765382733,1,1,1,1,1,1,QPIB1_QPOP1,QPIBPC1_QPOP1,JPIB1_JPOP1,JPIBPC1_JPOP1,Abaixo da média simples do grupo,Abaixo da média simples do grupo,Abaixo da média simples do grupo,Abaixo da média simples do grupo
270008,2,Baixa Renda e Alto Dinamismo,2518709,14270.79107505071,176494,166129,456202499.5729128,156445071.2465546,4139481.693336487,104264.6496582031,4243746.34299469,.0271261108399294,2,1,3,1,1,1,QPIB2_QPOP3,QPIBPC1_QPOP3,JPIB1_JPOP1,JPIBPC1_JPOP1,Abaixo da média simples do grupo,Abaixo da média simples do grupo,Abaixo da média simples do grupo,Abaixo da média simples do grupo
420007,4,Alta Renda,21319320,50776.84863872263,419863,455121,16431314106.27004,8295011833.68631,23481004.5948801,18724087.92803192,42205092.52291203,.0050880087176628,4,4,4,1,1,1,QPIB4_QPOP4,QPIBPC4_QPOP4,JPIB1_JPOP1,JPIBPC1_JPOP1,Abaixo da média simples do grupo,Abaixo da média simples do grupo,Abaixo da média simples do grupo,Abaixo da média simples do grupo
310015,3,Média Renda e Médio Dinamismo,1998614,11622.68693518185,171958,161667,677250507.4840099,195273908.7425123,67851043.40281677,26594488.25071287,94445531.65352964,.4836566864550516,2,1,3,1,1,1,QPIB2_QPOP3,QPIBPC1_QPOP3,JPIB1_JPOP1,JPIBPC1_JPOP1,Acima ou igual à média simples do grupo,Acima ou igual à média simples do grupo,Abaixo da média simples do grupo,Abaixo da média simples do grupo
510005,5,Média Renda e Alto Dinamismo,7698407,73207.30512842457,105159,108444,2323294357.793638,330746924.1538238,815456488.5986609,89967452.11508751,905423940.7137483,2.737512806899615,4,4,2,1,1,1,QPIB4_QPOP2,QPIBPC4_QPOP2,JPIB1_JPOP1,JPIBPC1_JPOP1,Acima ou igual à média simples do grupo,Acima ou igual à média simples do grupo,Acima ou igual à média simples do grupo,Acima ou igual à média simples do grupo
290006,2,Baixa Renda e Baixo Dinamismo,1161863,9878.107464716884,117620,103998,229830207.2245441,84247123.99653246,6073446.479629517,12034502.51848984,18107948.99811935,.2149384826343112,2,1,2,1,1,1,QPIB2_QPOP2,QPIBPC1_QPOP2,JPIB1_JPOP1,JPIBPC1_JPOP1,Abaixo da média simples do grupo,Abaixo da média simples do grupo,Abaixo da média simples do grupo,Abaixo da média simples do grupo
310014,3,Média Renda e Alto Dinamismo,2864510,16052.3513852775,178448,161188,1301278657.850189,345818559.4714526,188121829.9386396,2815465.981323242,190937295.9199629,.5521314304581875,3,2,3,1,1,1,QPIB3_QPOP3,QPIBPC2_QPOP3,JPIB1_JPOP1,JPIBPC1_JPOP1,Acima ou igual à média simples do grupo,Acima ou igual à média simples do grupo,Abaixo da média simples do grupo,Abaixo da média simples do grupo
430015,4,Média Renda e Médio Dinamismo,7184157,34078.50122383925,210812,199379,2857570513.716942,1026131183.832116,206990454.9204497,7806903.546028137,214797358.4664779,.2093273860602414,3,3,3,1,1,1,QPIB3_QPOP3,QPIBPC3_QPOP3,JPIB1_JPOP1,JPIBPC1_JPOP1,Abaixo da média simples do grupo,Abaixo da média simples do grupo,Abaixo da média simples do grupo,Abaixo da média simples do grupo
250008,2,Baixa Renda e Médio Dinamismo,555872,10581.99124309918,52530,51661,109504493.1118987,30898021.80337362,636558.380859375,355071.6163787842,991629.9972381592,.0320936402837895,1,1,2,1,1,1,QPIB1_QPOP2,QPIBPC1_QPOP2,JPIB1_JPOP1,JPIBPC1_JPOP1,Abaixo da média simples do grupo,Abaixo da média simples do grupo,Abaixo da média simples do grupo,Abaixo da média simples do grupo
310038,3,Média Renda e Médio Dinamismo,17994454,50907.57709924096,353473,346523,7194007656.066434,1734493340.117172,31683941.33514786,1131595065.195007,1163279006.530155,.6706736656893539,4,4,4,1,1,1,QPIB4_QPOP4,QPIBPC4_QPOP4,JPIB1_JPOP1,JPIBPC1_JPOP1,Acima ou igual à média simples do grupo,Acima ou igual à média simples do grupo,Abaixo da média simples do grupo,Abaixo da média simples do grupo
150021,1,Baixa Renda e Baixo Dinamismo,1369927,8645.472560205988,158456,149747,110328421.0336816,23361491.41056442,11883253.65156342,0,11883253.65156342,.5086684511156521,2,1,3,1,1,1,QPIB2_QPOP3,QPIBPC1_QPOP3,JPIB1_JPOP1,JPIBPC1_JPOP1,Acima ou igual à média simples do grupo,Acima ou igual à média simples do grupo,Abaixo da média simples do grupo,Abaixo da média simples do grupo
2512903,2,Média Renda e Médio Dinamismo,299199,12334.0341330695,24258,24548,175750304.4922829,13855233.18714142,88336343.04299164,0,88336343.04299164,6.375666280735979,1,1,1,1,1,1,QPIB1_QPOP1,QPIBPC1_QPOP1,JPIB1_JPOP1,JPIBPC1_JPOP1,Acima ou igual à média simples do grupo,Acima ou igual à média simples do grupo,Acima ou igual à média simples do grupo,Acima ou igual à média simples do grupo
290010,2,Baixa Renda e Médio Dinamismo,1555768,11702.78321047089,132940,125555,474973266.4970865,244124753.1207529,24159666.85543633,2063114.76184082,26222781.61727715,.107415496716576,2,1,3,1,1,1,QPIB2_QPOP3,QPIBPC1_QPOP3,JPIB1_JPOP1,JPIBPC1_JPOP1,Abaixo da média simples do grupo,Abaixo da média simples do grupo,Abaixo da média simples do grupo,Abaixo da média simples do grupo
350048,3,Alta Renda,6180652,44753.60597810346,138104,130958,3835584844.300235,2297121332.910573,35115114.53212738,8376967.481487274,43492082.01361465,.0189332976845885,3,4,3,1,1,1,QPIB3_QPOP3,QPIBPC4_QPOP3,JPIB1_JPOP1,JPIBPC1_JPOP1,Abaixo da média simples do grupo,Abaixo da média simples do grupo,Abaixo da média simples do grupo,Abaixo da média simples do grupo
230017,2,Baixa Renda e Alto Dinamismo,3174380,14952.61333232845,212296,221720,815248032.3427768,445866684.6568888,1448047.812255859,817696.0639648438,2265743.876220703,.0050816621967714,3,1,3,1,1,1,QPIB3_QPOP3,QPIBPC1_QPOP3,JPIB1_JPOP1,JPIBPC1_JPOP1,Abaixo da média simples do grupo,Abaixo da média simples do grupo,Abaixo da média simples do grupo,Abaixo da média simples do grupo
290007,2,Média Renda e Médio Dinamismo,11237685,17271.42158942107,650652,640596,5657785878.348194,2441553955.40901,72782130.57267761,31576109.50848939,104358240.081167,.042742549207226,4,2,4,1,1,1,QPIB4_QPOP4,QPIBPC2_QPOP4,JPIB1_JPOP1,JPIBPC1_JPOP1,Abaixo da média simples do grupo,Abaixo da média simples do grupo,Abaixo da média simples do grupo,Abaixo da média simples do grupo
2102374,2,Baixa Renda e Médio Dinamismo,59633,6261.339773204536,9524,9732,996244.0811767578,432097.1326904297,0,0,0,0,1,1,1,1,1,1,QPIB1_QPOP1,QPIBPC1_QPOP1,JPIB1_JPOP1,JPIBPC1_JPOP1,Abaixo da média simples do grupo,Abaixo da média simples do grupo,Abaixo da média simples do grupo,Abaixo da média simples do grupo
410022,4,Média Renda e Médio Dinamismo,8828273,32668.38983270364,270239,274101,4446976428.64043,1855538699.360441,229484776.3021521,11235868.56684112,240720644.8689932,.1297308673497156,4,3,4,1,1,1,QPIB4_QPOP4,QPIBPC3_QPOP4,JPIB1_JPOP1,JPIBPC1_JPOP1,Acima ou igual à média simples do grupo,Acima ou igual à média simples do grupo,Abaixo da média simples do grupo,Abaixo da média simples do grupo
2606804,2,Média Renda e Médio Dinamismo,2905754,24277.33311053555,119690,114843,1705586448.860798,526643929.678342,531936.4980163575,947495.0140380859,1479431.512054443,.0028091684507938,3,2,2,1,1,1,QPIB3_QPOP2,QPIBPC2_QPOP2,JPIB1_JPOP1,JPIBPC1_JPOP1,Abaixo da média simples do grupo,Abaixo da média simples do grupo,Abaixo da média simples do grupo,Abaixo da média simples do grupo
330010,3,Média Renda e Baixo Dinamismo,47409341,71773.39366762446,660542,628341,9463755092.87315,3302336343.536096,95193952.32845406,317360808.4421425,412554760.7705966,.1249281471822579,4,4,4,1,1,1,QPIB4_QPOP4,QPIBPC4_QPOP4,JPIB1_JPOP1,JPIBPC1_JPOP1,Acima ou igual à média simples do grupo,Abaixo da média simples do grupo,Abaixo da média simples do grupo,Abaixo da média simples do grupo
310044,3,Média Renda e Médio Dinamismo,4890095,30135.91712475658,162268,157178,2925795317.818708,1332636505.705431,18256994.52066894,12029397.10158157,30286391.62225051,.0227266711459464,3,3,3,1,1,1,QPIB3_QPOP3,QPIBPC3_QPOP3,JPIB1_JPOP1,JPIBPC1_JPOP1,Abaixo da média simples do grupo,Abaixo da média simples do grupo,Abaixo da média simples do grupo,Abaixo da média simples do grupo
500006,5,Média Renda e Alto Dinamismo,5854232,43442.5562860832,134758,121232,2072264424.313213,688096206.307392,291336316.5606426,8803579.717407227,300139896.2780498,.4361888548822617,3,4,3,1,1,1,QPIB3_QPOP3,QPIBPC4_QPOP3,JPIB1_JPOP1,JPIBPC1_JPOP1,Abaixo da média simples do grupo,Acima ou igual à média simples do grupo,Abaixo da média simples do grupo,Abaixo da média simples do grupo
350039,3,Alta Renda,86128538,88478.43680305226,973441,975202,43715695270.57594,20743441527.19307,38861430.96184158,43599426.15166473,82460857.11350632,.0039752736789316,4,4,4,1,1,1,QPIB4_QPOP4,QPIBPC4_QPOP4,JPIB1_JPOP1,JPIBPC1_JPOP1,Abaixo da média simples do grupo,Abaixo da média simples do grupo,Abaixo da média simples do grupo,Abaixo da média simples do grupo
1302009,1,Baixa Renda e Médio Dinamismo,145318,15605.45532646048,9312,10102,7798176.447502136,2350755.202278137,0,0,0,0,1,1,1,1,1,1,QPIB1_QPOP1,QPIBPC1_QPOP1,JPIB1_JPOP1,JPIBPC1_JPOP1,Abaixo da média simples do grupo,Abaixo da média simples do grupo,Abaixo da média simples do grupo,Abaixo da média simples do grupo
3130101,3,Média Renda e Baixo Dinamismo,873861,19610.44411032068,44561,45767,668114953.7464361,158981169.1083486,400846.6192626954,461954.0791015626,862800.6983642579,.005427062231353,1,2,2,1,1,1,QPIB1_QPOP2,QPIBPC2_QPOP2,JPIB1_JPOP1,JPIBPC1_JPOP1,Abaixo da média simples do grupo,Abaixo da média simples do grupo,Abaixo da média simples do grupo,Abaixo da média simples do grupo
500012,5,Média Renda e Médio Dinamismo,2647712,24126.03763269397,109745,104391,1097547218.378716,237189664.321285,290756300.4503578,18306198.71947479,309062499.1698326,1.303018409567764,2,2,2,1,1,1,QPIB2_QPOP2,QPIBPC2_QPOP2,JPIB1_JPOP1,JPIBPC1_JPOP1,Acima ou igual à média simples do grupo,Acima ou igual à média simples do grupo,Acima ou igual à média simples do grupo,Acima ou igual à média simples do grupo
420015,4,Alta Renda,5993144,45209.09742390525,132565,128414,4094788491.977207,2159439696.037966,17992518.25628662,7324091.898136139,25316610.15442276,.0117236939752809,3,4,3,1,1,1,QPIB3_QPOP3,QPIBPC4_QPOP3,JPIB1_JPOP1,JPIBPC1_JPOP1,Abaixo da média simples do grupo,Abaixo da média simples do grupo,Abaixo da média simples do grupo,Abaixo da média simples do grupo
210014,2,Baixa Renda e Médio Dinamismo,782169,8392.371244635193,93200,85840,98529462.71329093,12877634.71019554,38799526.20299911,0,38799526.20299911,3.012938872406481,1,1,2,1,1,1,QPIB1_QPOP2,QPIBPC1_QPOP2,JPIB1_JPOP1,JPIBPC1_JPOP1,Acima ou igual à média simples do grupo,Acima ou igual à média simples do grupo,Acima ou igual à média simples do grupo,Acima ou igual à média simples do grupo
310063,3,Média Renda e Alto Dinamismo,1303979,25565.20801474336,51006,48160,255856854.9174995,84538036.08226776,82127774.16042709,141.4100036621094,82127915.57043076,.9714906966907582,2,3,2,1,1,1,QPIB2_QPOP2,QPIBPC3_QPOP2,JPIB1_JPOP1,JPIBPC1_JPOP1,Acima ou igual à média simples do grupo,Acima ou igual à média simples do grupo,Acima ou igual à média simples do grupo,Acima ou igual à média simples do grupo
220002,2,Baixa Renda e Médio Dinamismo,1680933,10563.46817322013,159127,152185,307500926.1709616,81825741.56081772,37914687.34832764,690881.89453125,38605569.24285889,.4718022532574905,2,1,3,1,1,1,QPIB2_QPOP3,QPIBPC1_QPOP3,JPIB1_JPOP1,JPIBPC1_JPOP1,Acima ou igual à média simples do grupo,Acima ou igual à média simples do grupo,Abaixo da média simples do grupo,Abaixo da média simples do grupo
1100205,1,Média Renda e Baixo Dinamismo,17208124,31347.22890161617,548952,457313,8233445713.441543,2305342519.444108,70416812.71097541,16775380.90605545,87192193.61703086,.0378217956254308,4,3,4,1,1,1,QPIB4_QPOP4,QPIBPC3_QPOP4,JPIB1_JPOP1,JPIBPC1_JPOP1,Abaixo da média simples do grupo,Abaixo da média simples do grupo,Abaixo da média simples do grupo,Abaixo da média simples do grupo
430005,4,Média Renda e Médio Dinamismo,4526910,31848.69633736228,142138,125042,1528459329.203631,623636483.5863712,41931073.8963623,4266686.597808838,46197760.49417114,.0740780273605865,3,3,3,1,1,1,QPIB3_QPOP3,QPIBPC3_QPOP3,JPIB1_JPOP1,JPIBPC1_JPOP1,Abaixo da média simples do grupo,Abaixo da média simples do grupo,Abaixo da média simples do grupo,Abaixo da média simples do grupo
130011,1,Baixa Renda e Médio Dinamismo,555217,10134.84110034135,54783,53595,16517006.18185699,609056.0169580076,0,606673.60546875,606673.60546875,.996088354071015,1,1,2,1,1,1,QPIB1_QPOP2,QPIBPC1_QPOP2,JPIB1_JPOP1,JPIBPC1_JPOP1,Acima ou igual à média simples do grupo,Acima ou igual à média simples do grupo,Acima ou igual à média simples do grupo,Acima ou igual à média simples do grupo
280005,2,Média Renda e Médio Dinamismo,3680260,13968.58050533843,263467,254512,1566736475.52792,792441054.3549984,18283644.10373688,237185.4217910767,18520829.52552795,.0233718702782289,3,1,4,1,1,1,QPIB3_QPOP4,QPIBPC1_QPOP4,JPIB1_JPOP1,JPIBPC1_JPOP1,Abaixo da média simples do grupo,Abaixo da média simples do grupo,Abaixo da média simples do grupo,Abaixo da média simples do grupo
3525003,3,Média Renda e Médio Dinamismo,4043221,31653.44387555389,127734,118014,2644086990.097546,1071917286.092552,0,0,0,0,3,3,3,1,2,1,QPIB3_QPOP3,QPIBPC3_QPOP3,JPIB1_JPOP1,JPIBPC2_JPOP1,Abaixo da média simples do grupo,Abaixo da média simples do grupo,Abaixo da média simples do grupo,Abaixo da média simples do grupo
3305752,3,Média Renda e Baixo Dinamismo,638106,18284.88738609662,34898,31017,237654325.0028663,75784201.54471016,1142293.826477051,1186682.014892578,2328975.841369629,.0307316801377872,1,2,1,1,2,1,QPIB1_QPOP1,QPIBPC2_QPOP1,JPIB1_JPOP1,JPIBPC2_JPOP1,Abaixo da média simples do grupo,Abaixo da média simples do grupo,Abaixo da média simples do grupo,Abaixo da média simples do grupo
3534401,3,Alta Renda,66916873,95400.91499056212,701428,725945,29133700220.78177,9364550786.009682,4276710.371231079,3817.35009765625,4280527.721328735,.0004570990984131,4,4,4,1,2,1,QPIB4_QPOP4,QPIBPC4_QPOP4,JPIB1_JPOP1,JPIBPC2_JPOP1,Abaixo da média simples do grupo,Abaixo da média simples do grupo,Abaixo da média simples do grupo,Abaixo da média simples do grupo
3201308,3,Média Renda e Médio Dinamismo,9150387,23675.30498454055,386495,351863,4744424667.260754,1062822752.511503,1524357.614589691,15352301.97849083,16876659.59308052,.0158790913660816,4,2,4,1,2,1,QPIB4_QPOP4,QPIBPC2_QPOP4,JPIB1_JPOP1,JPIBPC2_JPOP1,Abaixo da média simples do grupo,Abaixo da média simples do grupo,Abaixo da média simples do grupo,Abaixo da média simples do grupo
3157807,3,Média Renda e Médio Dinamismo,4599518,20746.11758868767,221705,218575,2641573057.970644,1099097771.061412,789939.8801269531,11612294.30625153,12402234.18637848,.0112840135908942,3,2,3,1,2,1,QPIB3_QPOP3,QPIBPC2_QPOP3,JPIB1_JPOP1,JPIBPC2_JPOP1,Abaixo da média simples do grupo,Abaixo da média simples do grupo,Abaixo da média simples do grupo,Abaixo da média simples do grupo
3300803,3,Média Renda e Baixo Dinamismo,1182281,19819.63722926306,59652,56865,498397872.0009738,159400057.2545668,7506564.732601166,1438370.029342651,8944934.761943817,.0561162581495092,2,2,2,1,2,1,QPIB2_QPOP2,QPIBPC2_QPOP2,JPIB1_JPOP1,JPIBPC2_JPOP1,Abaixo da média simples do grupo,Abaixo da média simples do grupo,Abaixo da média simples do grupo,Abaixo da média simples do grupo
3530607,3,Alta Renda,16631460,36505.56315259215,455587,450724,11371662900.32508,4330282659.914617,3353934.643157959,79129458.28316215,82483392.92632011,.0190480389859692,4,3,4,1,2,1,QPIB4_QPOP4,QPIBPC3_QPOP4,JPIB1_JPOP1,JPIBPC2_JPOP1,Abaixo da média simples do grupo,Abaixo da média simples do grupo,Abaixo da média simples do grupo,Abaixo da média simples do grupo
3170404,3,Alta Renda,3937151,46069.563894642,85461,85600,1622636175.151496,566666903.0572174,187659355.1792047,3647709.529891968,191307064.7090967,.3376005615944365,3,4,2,1,2,1,QPIB3_QPOP2,QPIBPC4_QPOP2,JPIB1_JPOP1,JPIBPC2_JPOP1,Abaixo da média simples do grupo,Abaixo da média simples do grupo,Abaixo da média simples do grupo,Acima ou igual à média simples do grupo
3556453,3,Alta Renda,2329260,42884.28610880972,54315,50294,1608433869.063661,807785658.8747337,0,0,0,0,2,4,2,1,2,1,QPIB2_QPOP2,QPIBPC4_QPOP2,JPIB1_JPOP1,JPIBPC2_JPOP1,Abaixo da média simples do grupo,Abaixo da média simples do grupo,Abaixo da média simples do grupo,Abaixo da média simples do grupo
3202207,3,Média Renda e Baixo Dinamismo,420568,18792.97555744225,22379,17961,210282864.0740788,94127067.21388626,1142857.063583374,2947059.406677246,4089916.47026062,.0434510135216159,1,2,1,1,2,1,QPIB1_QPOP1,QPIBPC2_QPOP1,JPIB1_JPOP1,JPIBPC2_JPOP1,Abaixo da média simples do grupo,Abaixo da média simples do grupo,Abaixo da média simples do grupo,Abaixo da média simples do grupo
3518800,3,Alta Renda,63017793,44862.29242810178,1404694,1284479,44269084937.40318,16479536605.68568,208187.9296875,55803227.79920902,56011415.72889652,.0033988465251852,4,4,4,1,2,1,QPIB4_QPOP4,QPIBPC4_QPOP4,JPIB1_JPOP1,JPIBPC2_JPOP1,Abaixo da média simples do grupo,Abaixo da média simples do grupo,Abaixo da média simples do grupo,Abaixo da média simples do grupo
4103107,4,Média Renda e Baixo Dinamismo,253580,19054.70393748122,13308,13256,199028368.7841533,50974603.36488724,17815999.49482609,2128667.173828125,19944666.66865422,.391266735826976,1,2,1,1,2,1,QPIB1_QPOP1,QPIBPC2_QPOP1,JPIB1_JPOP1,JPIBPC2_JPOP1,Abaixo da média simples do grupo,Abaixo da média simples do grupo,Abaixo da média simples do grupo,Acima ou igual à média simples do grupo
3156700,3,Média Renda e Médio Dinamismo,3852164,27939.13415580554,137877,129281,2131114275.121246,728279587.8775167,682821.1371459961,400521290.4801025,401204111.6172485,.5508929788716304,3,3,3,1,2,1,QPIB3_QPOP3,QPIBPC3_QPOP3,JPIB1_JPOP1,JPIBPC2_JPOP1,Acima ou igual à média simples do grupo,Acima ou igual à média simples do grupo,Abaixo da média simples do grupo,Acima ou igual à média simples do grupo
3205002,3,Média Renda e Médio Dinamismo,28808370,53670.35853678984,536765,518791,15146824795.4282,4285899596.916974,4854941.390144348,31377049.85056304,36231991.24070739,.0084537657547486,4,4,4,1,2,1,QPIB4_QPOP4,QPIBPC4_QPOP4,JPIB1_JPOP1,JPIBPC2_JPOP1,Abaixo da média simples do grupo,Abaixo da média simples do grupo,Abaixo da média simples do grupo,Abaixo da média simples do grupo
3543303,3,Alta Renda,3341662,26682.49253421486,125238,115091,2173046294.750773,761311469.8256074,0,0,0,0,3,3,3,1,2,1,QPIB3_QPOP3,QPIBPC3_QPOP3,JPIB1_JPOP1,JPIBPC2_JPOP1,Abaixo da média simples do grupo,Abaixo da média simples do grupo,Abaixo da média simples do grupo,Abaixo da média simples do grupo
4100400,4,Média Renda e Médio Dinamismo,1729490,14243.8642727722,121420,119376,1203750058.83009,459505994.994629,202836.119140625,5161127.744941711,5363963.864082336,.0116733272743156,2,1,2,1,2,1,QPIB2_QPOP2,QPIBPC1_QPOP2,JPIB1_JPOP1,JPIBPC2_JPOP1,Abaixo da média simples do grupo,Abaixo da média simples do grupo,Abaixo da média simples do grupo,Abaixo da média simples do grupo
3546801,3,Média Renda e Baixo Dinamismo,1472202,25153.37695843086,58529,53039,1012737452.991336,271339664.0811663,5425137.666412354,57854857.2645874,63279994.93099976,.2332132132074532,2,3,2,1,2,1,QPIB2_QPOP2,QPIBPC3_QPOP2,JPIB1_JPOP1,JPIBPC2_JPOP1,Abaixo da média simples do grupo,Abaixo da média simples do grupo,Abaixo da média simples do grupo,Acima ou igual à média simples do grupo
4100301,4,Média Renda e Médio Dinamismo,201794,21092.71453956308,9567,10154,62666359.91979504,11687438.75865555,238517.4396972656,69361.5126953125,307878.9523925781,.0263427221951916,1,2,1,1,2,1,QPIB1_QPOP1,QPIBPC2_QPOP1,JPIB1_JPOP1,JPIBPC2_JPOP1,Abaixo da média simples do grupo,Abaixo da média simples do grupo,Abaixo da média simples do grupo,Abaixo da média simples do grupo
3509205,3,Alta Renda,17475052,221108.0294556773,79034,92595,6575875434.507746,2303264812.74149,733298.4599609375,9899706.600906372,10633005.06086731,.0046164926421167,4,4,2,1,2,1,QPIB4_QPOP2,QPIBPC4_QPOP2,JPIB1_JPOP1,JPIBPC2_JPOP1,Abaixo da média simples do grupo,Abaixo da média simples do grupo,Abaixo da média simples do grupo,Abaixo da média simples do grupo
3528502,3,Alta Renda,1986449,19165.8931931111,103645,93413,1341013339.168227,617374102.6835696,288024.7194824219,18595992.57450104,18884017.29398346,.0305876408030389,2,2,2,1,2,1,QPIB2_QPOP2,QPIBPC2_QPOP2,JPIB1_JPOP1,JPIBPC2_JPOP1,Abaixo da média simples do grupo,Abaixo da média simples do grupo,Abaixo da média simples do grupo,Abaixo da média simples do grupo
3133709,3,Média Renda e Alto Dinamismo,6812655,600022.4590452703,11354,12806,745729728.89899,41340628.45213318,1007454.555175781,381350585.0161915,382358039.5713673,9.248965337188471,3,4,1,1,2,1,QPIB3_QPOP1,QPIBPC4_QPOP1,JPIB1_JPOP1,JPIBPC2_JPOP1,Acima ou igual à média simples do grupo,Acima ou igual à média simples do grupo,Acima ou igual à média simples do grupo,Acima ou igual à média simples do grupo
3510609,3,Média Renda e Médio Dinamismo,6203703,15303.61517113784,405375,386711,3155504825.496785,1124325251.203402,0,0,0,0,3,1,4,1,2,1,QPIB3_QPOP4,QPIBPC1_QPOP4,JPIB1_JPOP1,JPIBPC2_JPOP1,Abaixo da média simples do grupo,Abaixo da média simples do grupo,Abaixo da média simples do grupo,Abaixo da média simples do grupo
3154606,3,Média Renda e Médio Dinamismo,4440447,13006.01028074338,341415,322647,2044329964.476719,461407214.0782499,1015996.554199219,12708153.33125687,13724149.88545609,.0297441164045793,3,1,4,1,2,1,QPIB3_QPOP4,QPIBPC1_QPOP4,JPIB1_JPOP1,JPIBPC2_JPOP1,Abaixo da média simples do grupo,Abaixo da média simples do grupo,Abaixo da média simples do grupo,Abaixo da média simples do grupo
3515004,3,Média Renda e Alto Dinamismo,11397375,40812.18846682709,279264,250231,5090293660.72903,2131655209.028311,1053984.524902344,41741054.78974152,42795039.31464387,.0200759668512017,4,4,4,1,2,1,QPIB4_QPOP4,QPIBPC4_QPOP4,JPIB1_JPOP1,JPIBPC2_JPOP1,Abaixo da média simples do grupo,Abaixo da média simples do grupo,Abaixo da média simples do grupo,Abaixo da média simples do grupo
3509007,3,Alta Renda,4090023,39310.51285994387,104044,94750,2387129339.946839,1071486631.298911,4105723.943725586,26023366.30662537,30129090.25035096,.0281189604893408,3,3,2,1,2,1,QPIB3_QPOP2,QPIBPC3_QPOP2,JPIB1_JPOP1,JPIBPC2_JPOP1,Abaixo da média simples do grupo,Abaixo da média simples do grupo,Abaixo da média simples do grupo,Abaixo da média simples do grupo
3303302,3,Alta Renda,63383194,122602.5598619678,516981,479684,16849134464.12605,6954703855.051526,932795.8977050781,791544703.571106,792477499.468811,.1139484176444404,4,4,4,1,2,1,QPIB4_QPOP4,QPIBPC4_QPOP4,JPIB1_JPOP1,JPIBPC2_JPOP1,Abaixo da média simples do grupo,Abaixo da média simples do grupo,Abaixo da média simples do grupo,Abaixo da média simples do grupo
3545001,3,Média Renda e Baixo Dinamismo,237592,13683.81040142833,17363,15058,125171006.587826,41537796.33154274,5854241.141685486,0,5854241.141685486,.1409376919025414,1,1,1,1,2,1,QPIB1_QPOP1,QPIBPC1_QPOP1,JPIB1_JPOP1,JPIBPC2_JPOP1,Abaixo da média simples do grupo,Abaixo da média simples do grupo,Abaixo da média simples do grupo,Abaixo da média simples do grupo
3140704,3,Média Renda e Baixo Dinamismo,981699,31035.97736397837,31631,37722,466925279.9849263,186388775.3352173,2364645.940002441,9841232.794281006,12205878.73428345,.0654861255047755,2,3,1,1,2,1,QPIB2_QPOP1,QPIBPC3_QPOP1,JPIB1_JPOP1,JPIBPC2_JPOP1,Abaixo da média simples do grupo,Abaixo da média simples do grupo,Abaixo da média simples do grupo,Abaixo da média simples do grupo
3544103,3,Média Renda e Médio Dinamismo,855801,16454.86358130323,52009,44070,290929627.0619352,127087277.4845505,0,0,0,0,1,2,2,1,2,1,QPIB1_QPOP2,QPIBPC2_QPOP2,JPIB1_JPOP1,JPIBPC2_JPOP1,Abaixo da média simples do grupo,Abaixo da média simples do grupo,Abaixo da média simples do grupo,Abaixo da média simples do grupo
3302700,3,Alta Renda,85056394,507290.5623016914,167668,196819,1795099315.064837,374397564.9721169,1709491.233520508,6065267.660766602,7774758.894287109,.0207660509086541,4,4,3,1,2,1,QPIB4_QPOP3,QPIBPC4_QPOP3,JPIB1_JPOP1,JPIBPC2_JPOP1,Abaixo da média simples do grupo,Abaixo da média simples do grupo,Abaixo da média simples do grupo,Abaixo da média simples do grupo
3134608,3,Média Renda e Médio Dinamismo,277605,13421.89237538075,20683,20293,136901318.8341655,39120305.44128418,5374548.340942383,531149.47265625,5905697.813598633,.1509624668565668,1,1,1,1,2,1,QPIB1_QPOP1,QPIBPC1_QPOP1,JPIB1_JPOP1,JPIBPC2_JPOP1,Abaixo da média simples do grupo,Abaixo da média simples do grupo,Abaixo da média simples do grupo,Abaixo da média simples do grupo
3529401,3,Média Renda e Médio Dinamismo,17503269,36334.56640199284,481725,417255,7947425075.514026,3435155386.65369,0,0,0,0,4,3,4,1,2,1,QPIB4_QPOP4,QPIBPC3_QPOP4,JPIB1_JPOP1,JPIBPC2_JPOP1,Abaixo da média simples do grupo,Abaixo da média simples do grupo,Abaixo da média simples do grupo,Abaixo da média simples do grupo
3548708,3,Alta Renda,46541309,54762.59892642909,849874,809712,37106471108.79904,13017119112.68558,1030937.549804688,0,1030937.549804688,.0000791985953943,4,4,4,1,2,1,QPIB4_QPOP4,QPIBPC4_QPOP4,JPIB1_JPOP1,JPIBPC2_JPOP1,Abaixo da média simples do grupo,Abaixo da média simples do grupo,Abaixo da média simples do grupo,Abaixo da média simples do grupo
4100202,4,Média Renda e Alto Dinamismo,323813,55858.72002760048,5797,6247,111143002.0447655,21340234.6586914,10572525.04084015,0,10572525.04084015,.4954268408915642,1,4,1,1,2,1,QPIB1_QPOP1,QPIBPC4_QPOP1,JPIB1_JPOP1,JPIBPC2_JPOP1,Abaixo da média simples do grupo,Abaixo da média simples do grupo,Abaixo da média simples do grupo,Acima ou igual à média simples do grupo
3522505,3,Média Renda e Médio Dinamismo,10461483,42851.9237622424,244131,231940,4564888052.116103,2364235162.67978,0,0,0,0,4,4,3,1,2,1,QPIB4_QPOP3,QPIBPC4_QPOP3,JPIB1_JPOP1,JPIBPC2_JPOP1,Abaixo da média simples do grupo,Abaixo da média simples do grupo,Abaixo da média simples do grupo,Abaixo da média simples do grupo
3304557,3,Alta Renda,280310323,41370.79173222704,6775561,6170505,268777311078.7731,97197651594.20061,11022334.66649628,12532073287.56114,12543095622.22764,.1290473114987897,4,4,4,1,2,1,QPIB4_QPOP4,QPIBPC4_QPOP4,JPIB1_JPOP1,JPIBPC2_JPOP1,Acima ou igual à média simples do grupo,Abaixo da média simples do grupo,Abaixo da média simples do grupo,Abaixo da média simples do grupo
3516408,3,Média Renda e Médio Dinamismo,3820464,24113.30615130209,158438,140153,1578120015.894462,868591732.6599611,1526282.687973022,0,1526282.687973022,.0017571922810029,3,2,3,1,2,1,QPIB3_QPOP3,QPIBPC2_QPOP3,JPIB1_JPOP1,JPIBPC2_JPOP1,Abaixo da média simples do grupo,Abaixo da média simples do grupo,Abaixo da média simples do grupo,Abaixo da média simples do grupo
3552502,3,Média Renda e Médio Dinamismo,12206093,40231.42285520292,303397,306990,6719049718.935595,3051782467.520434,6694.2900390625,4797714.953170776,4804409.243209839,.0015742961021443,4,4,4,1,2,1,QPIB4_QPOP4,QPIBPC4_QPOP4,JPIB1_JPOP1,JPIBPC2_JPOP1,Abaixo da média simples do grupo,Abaixo da média simples do grupo,Abaixo da média simples do grupo,Abaixo da média simples do grupo
3513009,3,Alta Renda,12461522,48322.57389038397,257882,273620,10822989656.8588,6027698429.268973,1291374.842041016,0,1291374.842041016,.0002142401211996,4,4,4,1,2,1,QPIB4_QPOP4,QPIBPC4_QPOP4,JPIB1_JPOP1,JPIBPC2_JPOP1,Abaixo da média simples do grupo,Abaixo da média simples do grupo,Abaixo da média simples do grupo,Abaixo da média simples do grupo
3526209,3,Média Renda e Baixo Dinamismo,519978,16328.91596533099,31844,27307,224240826.2116352,75218632.82627824,773964.0399551392,3350305.1328125,4124269.172767639,.0548304192432329,1,2,1,1,2,1,QPIB1_QPOP1,QPIBPC2_QPOP1,JPIB1_JPOP1,JPIBPC2_JPOP1,Abaixo da média simples do grupo,Abaixo da média simples do grupo,Abaixo da média simples do grupo,Abaixo da média simples do grupo
3506607,3,Média Renda e Alto Dinamismo,931267,27995.4005711709,33265,29569,279409027.568224,117990264.5913828,1261376.893951416,4772132.646362305,6033509.540313721,.0511356556509864,1,3,1,1,2,1,QPIB1_QPOP1,QPIBPC3_QPOP1,JPIB1_JPOP1,JPIBPC2_JPOP1,Abaixo da média simples do grupo,Abaixo da média simples do grupo,Abaixo da média simples do grupo,Abaixo da média simples do grupo
3154804,3,Média Renda e Baixo Dinamismo,461144,43818.32003040669,10524,10233,102826928.909008,16604982.84773254,179470.2602539063,21641023.72465515,21820493.98490905,1.31409313607865,1,4,1,1,2,1,QPIB1_QPOP1,QPIBPC4_QPOP1,JPIB1_JPOP1,JPIBPC2_JPOP1,Abaixo da média simples do grupo,Acima ou igual à média simples do grupo,Acima ou igual à média simples do grupo,Acima ou igual à média simples do grupo
3516309,3,Média Renda e Baixo Dinamismo,1775558,9898.746738621412,179372,165053,698530427.9739118,265656799.9822516,1591714.114868164,0,1591714.114868164,.005991618189237,2,1,3,1,2,1,QPIB2_QPOP3,QPIBPC1_QPOP3,JPIB1_JPOP1,JPIBPC2_JPOP1,Abaixo da média simples do grupo,Abaixo da média simples do grupo,Abaixo da média simples do grupo,Abaixo da média simples do grupo
3303609,3,Média Renda e Médio Dinamismo,1065984,20077.67502307272,53093,41164,391917796.3861436,161968884.0023161,128268,0,128268,.0007919298869662,2,2,2,1,2,1,QPIB2_QPOP2,QPIBPC2_QPOP2,JPIB1_JPOP1,JPIBPC2_JPOP1,Abaixo da média simples do grupo,Abaixo da média simples do grupo,Abaixo da média simples do grupo,Abaixo da média simples do grupo
3137601,3,Alta Renda,1840789,27579.84238283591,66744,74938,1590457211.715601,739563351.1940422,2209722.024780274,7200,2216922.024780274,.0029976093612549,2,3,2,1,2,1,QPIB2_QPOP2,QPIBPC3_QPOP2,JPIB1_JPOP1,JPIBPC2_JPOP1,Abaixo da média simples do grupo,Abaixo da média simples do grupo,Abaixo da média simples do grupo,Abaixo da média simples do grupo
3303203,3,Média Renda e Médio Dinamismo,2826956,17354.68067995555,162893,146627,950073160.2205617,308025512.0112261,0,0,0,0,3,2,3,1,2,1,QPIB3_QPOP3,QPIBPC2_QPOP3,JPIB1_JPOP1,JPIBPC2_JPOP1,Abaixo da média simples do grupo,Abaixo da média simples do grupo,Abaixo da média simples do grupo,Abaixo da média simples do grupo
3168309,3,Média Renda e Baixo Dinamismo,62224,15102.91262135922,4120,4218,17509189.58963013,3463944.899002075,4015032.184173584,2349858.120666504,6364890.304840089,1.837468692609327,1,1,1,1,2,1,QPIB1_QPOP1,QPIBPC1_QPOP1,JPIB1_JPOP1,JPIBPC2_JPOP1,Acima ou igual à média simples do grupo,Abaixo da média simples do grupo,Acima ou igual à média simples do grupo,Acima ou igual à média simples do grupo
3547809,3,Alta Renda,27925688,38577.30674177947,723889,745814,21351162654.73865,9060572219.74049,270523.5043945313,0,270523.5043945313,.0000298572206957,4,3,4,1,2,1,QPIB4_QPOP4,QPIBPC3_QPOP4,JPIB1_JPOP1,JPIBPC2_JPOP1,Abaixo da média simples do grupo,Abaixo da média simples do grupo,Abaixo da média simples do grupo,Abaixo da média simples do grupo
3205101,3,Média Renda e Alto Dinamismo,3044545,37710.34867157986,80735,70674,1599165813.030942,373553363.2355363,1508389.677433014,245736.5157470703,1754126.193180084,.0046957847681699,3,3,2,1,2,1,QPIB3_QPOP2,QPIBPC3_QPOP2,JPIB1_JPOP1,JPIBPC2_JPOP1,Abaixo da média simples do grupo,Abaixo da média simples do grupo,Abaixo da média simples do grupo,Abaixo da média simples do grupo
3301850,3,Média Renda e Baixo Dinamismo,1243176,19978.72237846525,62225,51534,512307196.3334687,216240496.7147487,1913592.853271484,4905901.0859375,6819493.939208984,.0315366179916098,2,2,2,1,2,1,QPIB2_QPOP2,QPIBPC2_QPOP2,JPIB1_JPOP1,JPIBPC2_JPOP1,Abaixo da média simples do grupo,Abaixo da média simples do grupo,Abaixo da média simples do grupo,Abaixo da média simples do grupo
3301702,3,Média Renda e Médio Dinamismo,44333513,47698.70428608778,929449,807611,14394189817.22395,4547149134.288651,76940.19165039063,23236541.3959198,23313481.58757019,.005127054534405,4,4,4,1,2,1,QPIB4_QPOP4,QPIBPC4_QPOP4,JPIB1_JPOP1,JPIBPC2_JPOP1,Abaixo da média simples do grupo,Abaixo da média simples do grupo,Abaixo da média simples do grupo,Abaixo da média simples do grupo
4104105,4,Média Renda e Baixo Dinamismo,241090,29698.20152746982,8118,7500,87304545.18357658,18455902.55672646,2613617.360443115,67270.94970703125,2680888.310150146,.1452591279082728,1,3,1,1,2,1,QPIB1_QPOP1,QPIBPC3_QPOP1,JPIB1_JPOP1,JPIBPC2_JPOP1,Abaixo da média simples do grupo,Abaixo da média simples do grupo,Abaixo da média simples do grupo,Abaixo da média simples do grupo
3171204,3,Média Renda e Baixo Dinamismo,2482540,18828.66005809676,131849,128834,2163811257.883401,1246156677.075913,225410.9150390625,1054906.982345581,1280317.897384644,.0010274132626636,2,2,3,1,2,1,QPIB2_QPOP3,QPIBPC2_QPOP3,JPIB1_JPOP1,JPIBPC2_JPOP1,Abaixo da média simples do grupo,Abaixo da média simples do grupo,Abaixo da média simples do grupo,Abaixo da média simples do grupo
3549953,3,Média Renda e Baixo Dinamismo,260906,16178.21045451727,16127,16027,316966158.5118676,47250153.24767521,227419.458984375,0,227419.458984375,.0048130946325674,1,2,1,1,2,1,QPIB1_QPOP1,QPIBPC2_QPOP1,JPIB1_JPOP1,JPIBPC2_JPOP1,Abaixo da média simples do grupo,Abaixo da média simples do grupo,Abaixo da média simples do grupo,Abaixo da média simples do grupo
3165537,3,Média Renda e Alto Dinamismo,1982414,58220.67547723935,34050,36844,1031802261.245879,248637619.466983,1102215.02331543,182277436.2715302,183379651.2948456,.7375378339286139,2,4,1,1,2,1,QPIB2_QPOP1,QPIBPC4_QPOP1,JPIB1_JPOP1,JPIBPC2_JPOP1,Acima ou igual à média simples do grupo,Abaixo da média simples do grupo,Acima ou igual à média simples do grupo,Acima ou igual à média simples do grupo
3302502,3,Média Renda e Baixo Dinamismo,4433023,17893.78019786793,247741,226011,1310057726.31901,362764392.7180222,2026149.380962372,19388082.19927979,21414231.58024216,.0590306877138504,3,2,3,1,2,1,QPIB3_QPOP3,QPIBPC2_QPOP3,JPIB1_JPOP1,JPIBPC2_JPOP1,Abaixo da média simples do grupo,Abaixo da média simples do grupo,Abaixo da média simples do grupo,Abaixo da média simples do grupo
3523107,3,Média Renda e Alto Dinamismo,8121171,21423.25670963011,379082,369029,4878479218.346855,2273300167.97329,66705.59375,10414608.77483463,10481314.36858463,.0046106161061559,4,2,4,1,2,1,QPIB4_QPOP4,QPIBPC2_QPOP4,JPIB1_JPOP1,JPIBPC2_JPOP1,Abaixo da média simples do grupo,Abaixo da média simples do grupo,Abaixo da média simples do grupo,Abaixo da média simples do grupo
3547304,3,Alta Renda,9468382,65266.32798659985,145073,153810,7088427843.912196,3782026628.97317,1528767.691162109,41412583.22333527,42941350.91449738,.0113540583203551,4,4,3,1,2,1,QPIB4_QPOP3,QPIBPC4_QPOP3,JPIB1_JPOP1,JPIBPC2_JPOP1,Abaixo da média simples do grupo,Abaixo da média simples do grupo,Abaixo da média simples do grupo,Abaixo da média simples do grupo
3550308,3,Alta Renda,660796609,53305.64531299964,12396372,11394118,830755924352.3065,345705226506.8633,209352831.2238927,423584466.076725,632937297.3006177,.0018308583404887,4,4,4,1,2,1,QPIB4_QPOP4,QPIBPC4_QPOP4,JPIB1_JPOP1,JPIBPC2_JPOP1,Abaixo da média simples do grupo,Abaixo da média simples do grupo,Abaixo da média simples do grupo,Abaixo da média simples do grupo
3303906,3,Alta Renda,13790418,44898.8682832808,307144,277618,6305325160.784944,3449639568.853847,5357532.309539795,4589688.034187317,9947220.343727112,.0028835535264434,4,4,4,1,2,1,QPIB4_QPOP4,QPIBPC4_QPOP4,JPIB1_JPOP1,JPIBPC2_JPOP1,Abaixo da média simples do grupo,Abaixo da média simples do grupo,Abaixo da média simples do grupo,Abaixo da média simples do grupo
3518305,3,Média Renda e Baixo Dinamismo,1322794,43420.12145084523,30465,31178,1000481337.668474,640837177.6831164,3421301.45829773,7041516.759399414,10462818.21769714,.0163267965437405,2,4,1,1,2,1,QPIB2_QPOP1,QPIBPC4_QPOP1,JPIB1_JPOP1,JPIBPC2_JPOP1,Abaixo da média simples do grupo,Abaixo da média simples do grupo,Abaixo da média simples do grupo,Abaixo da média simples do grupo
3300456,3,Média Renda e Médio Dinamismo,7801397,15141.31694223457,515239,482876,1764324454.56655,539795534.8581281,161451.2718505859,360615.3641967773,522066.6360473632,.0009671562699839,4,1,4,1,2,1,QPIB4_QPOP4,QPIBPC1_QPOP4,JPIB1_JPOP1,JPIBPC2_JPOP1,Abaixo da média simples do grupo,Abaixo da média simples do grupo,Abaixo da média simples do grupo,Abaixo da média simples do grupo
3155306,3,Média Renda e Médio Dinamismo,104011,17557.56245779878,5924,5561,24625305.5358429,5557005.012863159,370039.866973877,23620.36962890625,393660.2366027832,.0708403601745099,1,2,1,1,2,1,QPIB1_QPOP1,QPIBPC2_QPOP1,JPIB1_JPOP1,JPIBPC2_JPOP1,Abaixo da média simples do grupo,Abaixo da média simples do grupo,Abaixo da média simples do grupo,Abaixo da média simples do grupo
3304904,3,Média Renda e Médio Dinamismo,18481451,16826.45169102578,1098357,895231,7603262171.645826,2519133710.667702,143549.673828125,12352056.07777405,12495605.75160217,.00496027888424,4,2,4,1,2,1,QPIB4_QPOP4,QPIBPC2_QPOP4,JPIB1_JPOP1,JPIBPC2_JPOP1,Abaixo da média simples do grupo,Abaixo da média simples do grupo,Abaixo da média simples do grupo,Abaixo da média simples do grupo
3136652,3,Média Renda e Baixo Dinamismo,1165009,41872.15612982065,27823,30509,878545675.2942703,221297052.5785775,1977764.970535278,0,1977764.970535278,.0089371500771933,2,4,1,1,2,1,QPIB2_QPOP1,QPIBPC4_QPOP1,JPIB1_JPOP1,JPIBPC2_JPOP1,Abaixo da média simples do grupo,Abaixo da média simples do grupo,Abaixo da média simples do grupo,Abaixo da média simples do grupo
3515103,3,Média Renda e Médio Dinamismo,1190193,16905.67029345757,70402,66642,800435143.5057467,480964884.7696035,635944.2604980469,1739278.644775391,2375222.905273438,.0049384538881903,2,2,2,1,2,1,QPIB2_QPOP2,QPIBPC2_QPOP2,JPIB1_JPOP1,JPIBPC2_JPOP1,Abaixo da média simples do grupo,Abaixo da média simples do grupo,Abaixo da média simples do grupo,Abaixo da média simples do grupo
3505708,3,Alta Renda,44208912,158056.0592626491,279704,316026,60236923193.43108,26042981236.69051,6065594.259765625,31056874.6354065,37122468.89517212,.0014254308505538,4,4,4,1,2,1,QPIB4_QPOP4,QPIBPC4_QPOP4,JPIB1_JPOP1,JPIBPC2_JPOP1,Abaixo da média simples do grupo,Abaixo da média simples do grupo,Abaixo da média simples do grupo,Abaixo da média simples do grupo
3205200,3,Alta Renda,12703613,24974.91030266094,508655,458624,8869338047.477892,3123686050.578434,5808041.39377594,14689061.22789001,20497102.62166595,.0065618318517862,4,2,4,1,2,1,QPIB4_QPOP4,QPIBPC2_QPOP4,JPIB1_JPOP1,JPIBPC2_JPOP1,Abaixo da média simples do grupo,Abaixo da média simples do grupo,Abaixo da média simples do grupo,Abaixo da média simples do grupo
3304300,3,Média Renda e Baixo Dinamismo,1594747,26173.42852453635,60930,56188,925718376.53958,362838744.7479268,3557307.266998291,3682477.103942872,7239784.370941163,.0199531733469391,2,3,2,1,2,1,QPIB2_QPOP2,QPIBPC3_QPOP2,JPIB1_JPOP1,JPIBPC2_JPOP1,Abaixo da média simples do grupo,Abaixo da média simples do grupo,Abaixo da média simples do grupo,Abaixo da média simples do grupo
3302007,3,Média Renda e Baixo Dinamismo,9215278,67487.95652778896,136547,116500,3050032058.575524,1361825356.79933,1256883.757995605,26927924.34554672,28184808.10354233,.0206963455062876,4,4,3,1,2,1,QPIB4_QPOP3,QPIBPC4_QPOP3,JPIB1_JPOP1,JPIBPC2_JPOP1,Abaixo da média simples do grupo,Abaixo da média simples do grupo,Abaixo da média simples do grupo,Abaixo da média simples do grupo
3162922,3,Média Renda e Baixo Dinamismo,943578,28859.12649865427,32696,31255,788310365.1293762,507726711.4855596,617422.438873291,656540.4838867188,1273962.92276001,.0025091508757389,1,3,1,1,2,1,QPIB1_QPOP1,QPIBPC3_QPOP1,JPIB1_JPOP1,JPIBPC2_JPOP1,Abaixo da média simples do grupo,Abaixo da média simples do grupo,Abaixo da média simples do grupo,Abaixo da média simples do grupo
3302858,3,Média Renda e Médio Dinamismo,2455983,13874.35599041895,177016,166750,1206687940.867038,285503481.3801073,0,0,0,0,2,1,3,1,2,1,QPIB2_QPOP3,QPIBPC1_QPOP3,JPIB1_JPOP1,JPIBPC2_JPOP1,Abaixo da média simples do grupo,Abaixo da média simples do grupo,Abaixo da média simples do grupo,Abaixo da média simples do grupo
3513801,3,Média Renda e Baixo Dinamismo,14947046,34796.98754510534,429550,392336,11398243662.51264,6132049418.167686,0,0,0,0,4,3,4,1,2,1,QPIB4_QPOP4,QPIBPC3_QPOP4,JPIB1_JPOP1,JPIBPC2_JPOP1,Abaixo da média simples do grupo,Abaixo da média simples do grupo,Abaixo da média simples do grupo,Abaixo da média simples do grupo
3144805,3,Alta Renda,19908447,204445.0183819754,97378,111258,9547455815.085279,3188484894.638592,2530523.07246399,3127275699.492938,3129806222.565402,.981596691214734,4,4,2,1,2,1,QPIB4_QPOP2,QPIBPC4_QPOP2,JPIB1_JPOP1,JPIBPC2_JPOP1,Abaixo da média simples do grupo,Acima ou igual à média simples do grupo,Acima ou igual à média simples do grupo,Acima ou igual à média simples do grupo
3301900,3,Média Renda e Médio Dinamismo,5059944,20702.17989002357,244416,223881,2523626657.459503,806499296.3104234,4972214.464302063,3070480.421447754,8042694.885749817,.0099723520188345,3,2,3,1,2,1,QPIB3_QPOP3,QPIBPC2_QPOP3,JPIB1_JPOP1,JPIBPC2_JPOP1,Abaixo da média simples do grupo,Abaixo da média simples do grupo,Abaixo da média simples do grupo,Abaixo da média simples do grupo
3522208,3,Média Renda e Baixo Dinamismo,4240049,23611.70882198982,179574,157848,2161135203.473126,870097042.3477263,3333.329956054688,19207792.91680908,19211126.24676514,.0220792915177932,3,2,3,1,2,1,QPIB3_QPOP3,QPIBPC2_QPOP3,JPIB1_JPOP1,JPIBPC2_JPOP1,Abaixo da média simples do grupo,Abaixo da média simples do grupo,Abaixo da média simples do grupo,Abaixo da média simples do grupo
3202405,3,Alta Renda,2293498,17847.67789329515,128504,123543,1601890283.088822,496376874.4150336,4191981.189682007,2408873.125072479,6600854.314754486,.0132980697832336,2,2,3,1,2,1,QPIB2_QPOP3,QPIBPC2_QPOP3,JPIB1_JPOP1,JPIBPC2_JPOP1,Abaixo da média simples do grupo,Abaixo da média simples do grupo,Abaixo da média simples do grupo,Abaixo da média simples do grupo
3539103,3,Média Renda e Baixo Dinamismo,749823,38545.36575335424,19453,18324,218519204.5262585,59608033.08344555,0,723772.39453125,723772.39453125,.0121421955580725,1,3,1,1,2,1,QPIB1_QPOP1,QPIBPC3_QPOP1,JPIB1_JPOP1,JPIBPC2_JPOP1,Abaixo da média simples do grupo,Abaixo da média simples do grupo,Abaixo da média simples do grupo,Abaixo da média simples do grupo
3141108,3,Média Renda e Baixo Dinamismo,1309890,34050.53419636591,38469,37595,1068200793.915065,443794666.2559692,7127145.927429199,283657.7524414063,7410803.679870605,.0166987218264499,2,3,1,1,2,1,QPIB2_QPOP1,QPIBPC3_QPOP1,JPIB1_JPOP1,JPIBPC2_JPOP1,Abaixo da média simples do grupo,Abaixo da média simples do grupo,Abaixo da média simples do grupo,Abaixo da média simples do grupo
3136603,3,Média Renda e Alto Dinamismo,99626,17359.47029099146,5739,5909,32066879.66597409,11297309.89450073,826197.9941864014,2478589.175262451,3304787.169448853,.2925286816339831,1,2,1,1,2,1,QPIB1_QPOP1,QPIBPC2_QPOP1,JPIB1_JPOP1,JPIBPC2_JPOP1,Abaixo da média simples do grupo,Abaixo da média simples do grupo,Abaixo da média simples do grupo,Acima ou igual à média simples do grupo
3140159,3,Média Renda e Médio Dinamismo,182959,11569.43214872897,15814,15894,92351238.33004692,31016839.58746315,38361.32019042969,668138.380859375,706499.7010498047,.0227779396755615,1,1,1,1,2,1,QPIB1_QPOP1,QPIBPC1_QPOP1,JPIB1_JPOP1,JPIBPC2_JPOP1,Abaixo da média simples do grupo,Abaixo da média simples do grupo,Abaixo da média simples do grupo,Abaixo da média simples do grupo
3552809,3,Alta Renda,8648966,29069.41867656153,297528,273373,6657974408.41716,3041906315.999689,0,0,0,0,4,3,4,1,2,1,QPIB4_QPOP4,QPIBPC3_QPOP4,JPIB1_JPOP1,JPIBPC2_JPOP1,Abaixo da média simples do grupo,Abaixo da média simples do grupo,Abaixo da média simples do grupo,Abaixo da média simples do grupo
3149309,3,Média Renda e Baixo Dinamismo,1699681,26089.13413866675,65149,62449,1610927591.619305,678100411.7500602,4676815.111488342,19863111.77972412,24539926.89121246,.0361892228141834,2,3,2,1,2,1,QPIB2_QPOP2,QPIBPC3_QPOP2,JPIB1_JPOP1,JPIBPC2_JPOP1,Abaixo da média simples do grupo,Abaixo da média simples do grupo,Abaixo da média simples do grupo,Abaixo da média simples do grupo
4104006,4,Média Renda e Médio Dinamismo,1618230,36717.87075694319,44072,47716,1034294125.04566,545271791.3541679,801194.1625671387,281082.595703125,1082276.758270264,.0019848390755415,2,3,2,1,2,1,QPIB2_QPOP2,QPIBPC3_QPOP2,JPIB1_JPOP1,JPIBPC2_JPOP1,Abaixo da média simples do grupo,Abaixo da média simples do grupo,Abaixo da média simples do grupo,Abaixo da média simples do grupo
3305109,3,Média Renda e Médio Dinamismo,8129258,17172.61425689449,473385,440790,3741281207.979915,928893450.2179012,0,0,0,0,4,2,4,1,2,1,QPIB4_QPOP4,QPIBPC2_QPOP4,JPIB1_JPOP1,JPIBPC2_JPOP1,Abaixo da média simples do grupo,Abaixo da média simples do grupo,Abaixo da média simples do grupo,Abaixo da média simples do grupo
3548807,3,Alta Renda,13231138,81290.82162407918,162763,164884,13064216323.16106,3965335911.106775,498215.81640625,289752.19140625,787968.0078125,.0001987140624343,4,4,3,1,2,1,QPIB4_QPOP3,QPIBPC4_QPOP3,JPIB1_JPOP1,JPIBPC2_JPOP1,Abaixo da média simples do grupo,Abaixo da média simples do grupo,Abaixo da média simples do grupo,Abaixo da média simples do grupo
3515707,3,Média Renda e Baixo Dinamismo,4156684,20923.50285159141,198661,178325,1885716120.818958,900157834.1047385,69877.099609375,0,69877.099609375,.0000776276081393,3,2,3,1,2,1,QPIB3_QPOP3,QPIBPC2_QPOP3,JPIB1_JPOP1,JPIBPC2_JPOP1,Abaixo da média simples do grupo,Abaixo da média simples do grupo,Abaixo da média simples do grupo,Abaixo da média simples do grupo
3503901,3,Alta Renda,6681571,72269.92093279828,92453,86540,3320665239.020924,1405527118.578202,227639.8831787109,3650239.291534424,3877879.174713135,.0027590212408252,3,4,2,1,2,1,QPIB3_QPOP2,QPIBPC4_QPOP2,JPIB1_JPOP1,JPIBPC2_JPOP1,Abaixo da média simples do grupo,Abaixo da média simples do grupo,Abaixo da média simples do grupo,Abaixo da média simples do grupo
3304144,3,Média Renda e Médio Dinamismo,3791931,24895.97599648088,152311,140297,1253446018.368901,412730840.5396866,0,8339099.435844421,8339099.435844421,.0202046918154704,3,2,3,1,2,1,QPIB3_QPOP3,QPIBPC2_QPOP3,JPIB1_JPOP1,JPIBPC2_JPOP1,Abaixo da média simples do grupo,Abaixo da média simples do grupo,Abaixo da média simples do grupo,Abaixo da média simples do grupo
4102307,4,Média Renda e Baixo Dinamismo,798695,60333.5095935942,13238,13387,379478649.81556,168041579.8873278,8562915.11656189,6196310.009735107,14759225.126297,.0878307924514462,1,4,1,1,2,1,QPIB1_QPOP1,QPIBPC4_QPOP1,JPIB1_JPOP1,JPIBPC2_JPOP1,Abaixo da média simples do grupo,Abaixo da média simples do grupo,Abaixo da média simples do grupo,Abaixo da média simples do grupo
3305554,3,Média Renda e Alto Dinamismo,3921225,46769.77850932122,83841,79900,1118459613.31233,503262966.5269944,262918.7456970215,40530484.26832318,40793403.0140202,.0810578280685632,3,4,2,1,2,1,QPIB3_QPOP2,QPIBPC4_QPOP2,JPIB1_JPOP1,JPIBPC2_JPOP1,Abaixo da média simples do grupo,Abaixo da média simples do grupo,Abaixo da média simples do grupo,Abaixo da média simples do grupo
3162955,3,Média Renda e Baixo Dinamismo,535824,21879.29767251939,24490,26042,579948310.2838345,208275354.0930302,234641.7246093751,1346414.168579102,1581055.893188477,.0075911809156367,1,2,1,1,2,1,QPIB1_QPOP1,QPIBPC2_QPOP1,JPIB1_JPOP1,JPIBPC2_JPOP1,Abaixo da média simples do grupo,Abaixo da média simples do grupo,Abaixo da média simples do grupo,Abaixo da média simples do grupo
3302270,3,Baixa Renda e Médio Dinamismo,1405237,13220.03650184391,106296,91200,463076566.436237,237357297.5413758,110223.80078125,4343130.24017334,4453354.04095459,.0187622377196062,2,1,2,1,2,1,QPIB2_QPOP2,QPIBPC1_QPOP2,JPIB1_JPOP1,JPIBPC2_JPOP1,Abaixo da média simples do grupo,Abaixo da média simples do grupo,Abaixo da média simples do grupo,Abaixo da média simples do grupo
4101804,4,Média Renda e Médio Dinamismo,21824957,146947.6373870538,148522,151566,5837160402.04388,2233801266.824948,2516241.210083007,3145774.194179535,5662015.404262543,.0025346997015139,4,4,3,1,2,1,QPIB4_QPOP3,QPIBPC4_QPOP3,JPIB1_JPOP1,JPIBPC2_JPOP1,Abaixo da média simples do grupo,Abaixo da média simples do grupo,Abaixo da média simples do grupo,Abaixo da média simples do grupo
3205309,3,Alta Renda,25190760,68168.99121596389,369534,321973,20981317343.618,6981534662.428929,2612864.210946657,2895697179.976906,2898310044.187853,.4151393904530882,4,4,4,1,2,1,QPIB4_QPOP4,QPIBPC4_QPOP4,JPIB1_JPOP1,JPIBPC2_JPOP1,Acima ou igual à média simples do grupo,Acima ou igual à média simples do grupo,Abaixo da média simples do grupo,Acima ou igual à média simples do grupo
3303500,3,Média Renda e Médio Dinamismo,16072451,19472.60076473125,825388,784434,6925359159.217679,2347256997.342484,770992.8003540039,12045738.51361084,12816731.31396484,.0054603016748808,4,2,4,1,2,1,QPIB4_QPOP4,QPIBPC2_QPOP4,JPIB1_JPOP1,JPIBPC2_JPOP1,Abaixo da média simples do grupo,Abaixo da média simples do grupo,Abaixo da média simples do grupo,Abaixo da média simples do grupo
3153905,3,Média Renda e Alto Dinamismo,183592,11126.11356887461,16501,16272,58002827.21427894,12305183.18780517,0,9150680.964940796,9150680.964940796,.7436444322104372,1,1,1,1,2,1,QPIB1_QPOP1,QPIBPC1_QPOP1,JPIB1_JPOP1,JPIBPC2_JPOP1,Abaixo da média simples do grupo,Abaixo da média simples do grupo,Acima ou igual à média simples do grupo,Acima ou igual à média simples do grupo
3539806,3,Média Renda e Baixo Dinamismo,3258501,27331.60265389487,119221,103663,2118336591.82245,660938333.7371874,0,0,0,0,3,3,2,1,2,1,QPIB3_QPOP2,QPIBPC3_QPOP2,JPIB1_JPOP1,JPIBPC2_JPOP1,Abaixo da média simples do grupo,Abaixo da média simples do grupo,Abaixo da média simples do grupo,Abaixo da média simples do grupo
5208806,5,Média Renda e Médio Dinamismo,967898,20914.86235360214,46278,71855,430369755.3982906,194609670.1810241,4877574.001808167,3948618.165788651,8826192.167596817,.045353307260563,1,2,2,2,2,2,QPIB1_QPOP2,QPIBPC2_QPOP2,JPIB2_JPOP2,JPIBPC2_JPOP2,Abaixo da média simples do grupo,Abaixo da média simples do grupo,Abaixo da média simples do grupo,Abaixo da média simples do grupo
5107800,5,Média Renda e Alto Dinamismo,783823,45602.92064230859,17188,15181,191721806.9294321,35681013.05727804,91373866.05089173,14673137.58947754,106047003.6403693,2.972084998543457,1,4,1,2,2,2,QPIB1_QPOP1,QPIBPC4_QPOP1,JPIB2_JPOP2,JPIBPC2_JPOP2,Acima ou igual à média simples do grupo,Acima ou igual à média simples do grupo,Acima ou igual à média simples do grupo,Acima ou igual à média simples do grupo
4201109,4,Alta Renda,81061,25150.79118833385,3223,3586,36410851.24030066,16499947.88957739,738843.7135009766,0,738843.7135009766,.044778548298791,1,3,1,1,2,2,QPIB1_QPOP1,QPIBPC3_QPOP1,JPIB1_JPOP2,JPIBPC2_JPOP2,Abaixo da média simples do grupo,Abaixo da média simples do grupo,Abaixo da média simples do grupo,Abaixo da média simples do grupo
5203559,5,Média Renda e Baixo Dinamismo,111635,11031.12648221344,10120,10246,78467952.24598932,12942801.9634881,691381.6738739014,0,691381.6738739014,.0534182378610368,1,1,1,2,2,2,QPIB1_QPOP1,QPIBPC1_QPOP1,JPIB2_JPOP2,JPIBPC2_JPOP2,Abaixo da média simples do grupo,Abaixo da média simples do grupo,Abaixo da média simples do grupo,Abaixo da média simples do grupo
5213053,5,Média Renda e Alto Dinamismo,242966,94355.72815533981,2575,2607,24719167.72314453,4976981.926025391,17453451.04541779,495650.6475219727,17949101.69293976,3.606422920501518,1,4,1,2,2,2,QPIB1_QPOP1,QPIBPC4_QPOP1,JPIB2_JPOP2,JPIBPC2_JPOP2,Acima ou igual à média simples do grupo,Acima ou igual à média simples do grupo,Acima ou igual à média simples do grupo,Acima ou igual à média simples do grupo
5214606,5,Média Renda e Baixo Dinamismo,1163279,24716.95988441271,47064,34716,506074761.5933736,178991742.0588443,66636587.20336342,14128343.96060181,80764931.16396523,.4512215493014947,2,2,2,2,2,2,QPIB2_QPOP2,QPIBPC2_QPOP2,JPIB2_JPOP2,JPIBPC2_JPOP2,Acima ou igual à média simples do grupo,Acima ou igual à média simples do grupo,Abaixo da média simples do grupo,Acima ou igual à média simples do grupo
5103007,5,Alta Renda,1156204,51338.92811154034,22521,18894,289840160.5394356,96488946.77010536,66930281.31220245,89061.66015625,67019342.9723587,.6945805215600398,2,4,1,2,2,2,QPIB2_QPOP1,QPIBPC4_QPOP1,JPIB2_JPOP2,JPIBPC2_JPOP2,Acima ou igual à média simples do grupo,Abaixo da média simples do grupo,Abaixo da média simples do grupo,Acima ou igual à média simples do grupo
5205513,5,Média Renda e Baixo Dinamismo,407887,19637.33089403495,20771,24719,101812834.5748079,40076874.98576523,13108154.0828476,6123103.692626953,19231257.77547455,.4798592151285557,1,2,1,2,2,2,QPIB1_QPOP1,QPIBPC2_QPOP1,JPIB2_JPOP2,JPIBPC2_JPOP2,Abaixo da média simples do grupo,Abaixo da média simples do grupo,Abaixo da média simples do grupo,Acima ou igual à média simples do grupo
5103403,5,Alta Renda,24783683,39742.02471400578,623614,646693,19515719436.69672,6239290527.254749,457829309.6701431,93684703.06786346,551514012.7380066,.0883937060357838,4,4,4,2,2,2,QPIB4_QPOP4,QPIBPC4_QPOP4,JPIB2_JPOP2,JPIBPC2_JPOP2,Abaixo da média simples do grupo,Abaixo da média simples do grupo,Abaixo da média simples do grupo,Abaixo da média simples do grupo
4214300,4,Alta Renda,155974,53839.83431135658,2897,3265,60387183.70899963,8183532.206039429,761954.2006225586,42892.669921875,804846.8705444336,.0983495696333251,1,4,1,1,2,2,QPIB1_QPOP1,QPIBPC4_QPOP1,JPIB1_JPOP2,JPIBPC2_JPOP2,Abaixo da média simples do grupo,Abaixo da média simples do grupo,Abaixo da média simples do grupo,Abaixo da média simples do grupo
4307708,4,Alta Renda,3149024,37779.82531912852,83352,75934,2018227990.430163,1017773862.37913,193026.6932830811,1896423.762939453,2089450.456222534,.0020529614027799,3,3,2,1,2,2,QPIB3_QPOP2,QPIBPC3_QPOP2,JPIB1_JPOP2,JPIBPC2_JPOP2,Abaixo da média simples do grupo,Abaixo da média simples do grupo,Abaixo da média simples do grupo,Abaixo da média simples do grupo
4200606,4,Alta Renda,187612,28229.3108636774,6646,6737,105167911.275069,21057783.6633153,0,338402.5,338402.5,.0160701859896837,1,3,1,1,2,2,QPIB1_QPOP1,QPIBPC3_QPOP1,JPIB1_JPOP2,JPIBPC2_JPOP2,Abaixo da média simples do grupo,Abaixo da média simples do grupo,Abaixo da média simples do grupo,Abaixo da média simples do grupo
4119152,4,Alta Renda,6148935,45619.30587292637,134788,126347,4919960219.434009,2331937658.741808,119408.55078125,0,119408.55078125,.0000512057217026,3,4,3,1,2,2,QPIB3_QPOP3,QPIBPC4_QPOP3,JPIB1_JPOP2,JPIBPC2_JPOP2,Abaixo da média simples do grupo,Abaixo da média simples do grupo,Abaixo da média simples do grupo,Abaixo da média simples do grupo
4306767,4,Média Renda e Médio Dinamismo,1645914,38736.50270651918,42490,39423,2921670444.103226,1735501199.447099,4918798.964172364,5044617.049316406,9963416.01348877,.0057409444699104,2,3,1,1,2,2,QPIB2_QPOP1,QPIBPC3_QPOP1,JPIB1_JPOP2,JPIBPC2_JPOP2,Abaixo da média simples do grupo,Abaixo da média simples do grupo,Abaixo da média simples do grupo,Abaixo da média simples do grupo
4119509,4,Média Renda e Baixo Dinamismo,1357285,11615.41950501489,116852,112000,690893070.6996242,237582805.7530037,132493.7734375,6332196.191146851,6464689.964584351,.0272102602042051,2,1,2,1,2,2,QPIB2_QPOP2,QPIBPC1_QPOP2,JPIB1_JPOP2,JPIBPC2_JPOP2,Abaixo da média simples do grupo,Abaixo da média simples do grupo,Abaixo da média simples do grupo,Abaixo da média simples do grupo
4212304,4,Média Renda e Baixo Dinamismo,232259,30392.4365349385,7642,9046,185741018.7826467,67668594.69220448,1808355.174430847,4650833.790863037,6459188.965293884,.0954532748119563,1,3,1,1,2,2,QPIB1_QPOP1,QPIBPC3_QPOP1,JPIB1_JPOP2,JPIBPC2_JPOP2,Abaixo da média simples do grupo,Abaixo da média simples do grupo,Abaixo da média simples do grupo,Abaixo da média simples do grupo
4203709,4,Alta Renda,263122,20960.88584402135,12553,12814,218730845.6537791,92001721.53776342,1104612.466674805,4468485.461669922,5573097.928344727,.0605760178743739,1,2,1,1,2,2,QPIB1_QPOP1,QPIBPC2_QPOP1,JPIB1_JPOP2,JPIBPC2_JPOP2,Abaixo da média simples do grupo,Abaixo da média simples do grupo,Abaixo da média simples do grupo,Abaixo da média simples do grupo
5203302,5,Alta Renda,1327584,42819.76519158818,31004,34331,461360366.3597108,270344350.5868627,27307817.34934616,6583592.219673157,33891409.56901932,.1253638535277247,2,4,1,2,2,2,QPIB2_QPOP1,QPIBPC4_QPOP1,JPIB2_JPOP2,JPIBPC2_JPOP2,Abaixo da média simples do grupo,Abaixo da média simples do grupo,Abaixo da média simples do grupo,Abaixo da média simples do grupo
5208400,5,Média Renda e Alto Dinamismo,262181,23373.54016225372,11217,13883,144062625.5856265,49056134.98444939,6519356.709726563,3900467.9609375,10419824.67066406,.2124061480580789,1,2,1,2,2,2,QPIB1_QPOP1,QPIBPC2_QPOP1,JPIB2_JPOP2,JPIBPC2_JPOP2,Abaixo da média simples do grupo,Abaixo da média simples do grupo,Abaixo da média simples do grupo,Abaixo da média simples do grupo
4316006,4,Alta Renda,638798,29586.30911027743,21591,21211,572306065.2974681,384574818.8101643,1057973.794773102,0,1057973.794773102,.0027510220197109,1,3,1,1,2,2,QPIB1_QPOP1,QPIBPC3_QPOP1,JPIB1_JPOP2,JPIBPC2_JPOP2,Abaixo da média simples do grupo,Abaixo da média simples do grupo,Abaixo da média simples do grupo,Abaixo da média simples do grupo
4310108,4,Alta Renda,1640721,43458.20310430683,37754,32683,1116364358.490716,661060131.8474978,359925.9883728027,1516695.80053711,1876621.788909912,.0028388064844649,2,4,1,1,2,2,QPIB2_QPOP1,QPIBPC4_QPOP1,JPIB1_JPOP2,JPIBPC2_JPOP2,Abaixo da média simples do grupo,Abaixo da média simples do grupo,Abaixo da média simples do grupo,Abaixo da média simples do grupo
4107652,4,Média Renda e Alto Dinamismo,2607152,25129.17590361446,103750,148736,2013631779.722548,993509723.8750626,136216.6010742188,830899.3248291016,967115.9259033203,.0009734337799244,2,2,2,1,2,2,QPIB2_QPOP2,QPIBPC2_QPOP2,JPIB1_JPOP2,JPIBPC2_JPOP2,Abaixo da média simples do grupo,Abaixo da média simples do grupo,Abaixo da média simples do grupo,Abaixo da média simples do grupo
4320008,4,Média Renda e Baixo Dinamismo,3649933,25612.12703848205,142508,131898,1975346404.371572,627387610.2098836,0,1821562.9609375,1821562.9609375,.0029034092023719,3,3,3,1,2,2,QPIB3_QPOP3,QPIBPC3_QPOP3,JPIB1_JPOP2,JPIBPC2_JPOP2,Abaixo da média simples do grupo,Abaixo da média simples do grupo,Abaixo da média simples do grupo,Abaixo da média simples do grupo
5215009,5,Média Renda e Baixo Dinamismo,176493,17315.11821838517,10193,9436,173583047.7642972,100728272.6306009,3014438.204849243,3453751.587158203,6468189.792007446,.0642142431621768,1,2,1,2,2,2,QPIB1_QPOP1,QPIBPC2_QPOP1,JPIB2_JPOP2,JPIBPC2_JPOP2,Abaixo da média simples do grupo,Abaixo da média simples do grupo,Abaixo da média simples do grupo,Abaixo da média simples do grupo
4111258,4,Média Renda e Baixo Dinamismo,562595,19075.54334926932,29493,31217,255444000.3741284,45000566.4092041,1565732.668373108,0,1565732.668373108,.0347936213543495,1,2,1,1,2,2,QPIB1_QPOP1,QPIBPC2_QPOP1,JPIB1_JPOP2,JPIBPC2_JPOP2,Abaixo da média simples do grupo,Abaixo da média simples do grupo,Abaixo da média simples do grupo,Abaixo da média simples do grupo
4314803,4,Média Renda e Baixo Dinamismo,1392426,36564.8486121688,38081,33862,1058551845.164454,567475437.3329189,738469.705078125,1132.180053710938,739601.8851318359,.0013033196442967,2,3,1,1,2,2,QPIB2_QPOP1,QPIBPC3_QPOP1,JPIB1_JPOP2,JPIBPC2_JPOP2,Abaixo da média simples do grupo,Abaixo da média simples do grupo,Abaixo da média simples do grupo,Abaixo da média simples do grupo
5201405,5,Média Renda e Médio Dinamismo,14410068,23943.1945819847,601844,522681,10126468703.47148,3320146814.746435,1720001.200073242,21196970.96365357,22916972.16372681,.0069023972259121,4,2,4,2,2,2,QPIB4_QPOP4,QPIBPC2_QPOP4,JPIB2_JPOP2,JPIBPC2_JPOP2,Abaixo da média simples do grupo,Abaixo da média simples do grupo,Abaixo da média simples do grupo,Abaixo da média simples do grupo
4200705,4,Média Renda e Alto Dinamismo,322561,31823.30307813733,10136,10453,92398832.45389557,26108099.29219437,2807185.927459718,0,2807185.927459718,.1075216505055576,1,3,1,1,2,2,QPIB1_QPOP1,QPIBPC3_QPOP1,JPIB1_JPOP2,JPIBPC2_JPOP2,Abaixo da média simples do grupo,Abaixo da média simples do grupo,Abaixo da média simples do grupo,Abaixo da média simples do grupo
4127882,4,Média Renda e Baixo Dinamismo,133258,14376.7396698673,9269,6214,79992180.94446903,4453190.232208252,20144331.51503754,357422.4099607468,20501753.92499829,4.603835195882001,1,1,1,1,2,2,QPIB1_QPOP1,QPIBPC1_QPOP1,JPIB1_JPOP2,JPIBPC2_JPOP2,Acima ou igual à média simples do grupo,Acima ou igual à média simples do grupo,Acima ou igual à média simples do grupo,Acima ou igual à média simples do grupo
4201208,4,Alta Renda,714271,81987.02938475666,8712,11199,270527371.6784439,59564112.84167694,1111779.416137695,842606.2928161621,1954385.708953857,.0328114634083222,1,4,1,1,2,2,QPIB1_QPOP1,QPIBPC4_QPOP1,JPIB1_JPOP2,JPIBPC2_JPOP2,Abaixo da média simples do grupo,Abaixo da média simples do grupo,Abaixo da média simples do grupo,Abaixo da média simples do grupo
5100102,5,Média Renda e Alto Dinamismo,95995,18081.55961574685,5309,4987,61491349.29863739,47692083.65615082,7960607.848052979,20711.701171875,7981319.549224854,.167351034749674,1,2,1,1,2,2,QPIB1_QPOP1,QPIBPC2_QPOP1,JPIB1_JPOP2,JPIBPC2_JPOP2,Abaixo da média simples do grupo,Abaixo da média simples do grupo,Acima ou igual à média simples do grupo,Abaixo da média simples do grupo
5205208,5,Média Renda e Médio Dinamismo,93586,18235.77552611068,5132,5180,28104879.00331163,6820431.840488434,6431033.749221802,23400.7197265625,6454434.468948364,.9463380941119618,1,2,1,2,2,2,QPIB1_QPOP1,QPIBPC2_QPOP1,JPIB2_JPOP2,JPIBPC2_JPOP2,Abaixo da média simples do grupo,Abaixo da média simples do grupo,Acima ou igual à média simples do grupo,Acima ou igual à média simples do grupo
4312401,4,Alta Renda,4615886,69771.69460525719,66157,63908,2330491940.38294,1478237158.756704,7937093.877960205,18463751.95436096,26400845.83232116,.0178596821734112,3,4,2,1,2,2,QPIB3_QPOP2,QPIBPC4_QPOP2,JPIB1_JPOP2,JPIBPC2_JPOP2,Abaixo da média simples do grupo,Abaixo da média simples do grupo,Abaixo da média simples do grupo,Abaixo da média simples do grupo
4309308,4,Alta Renda,5249582,53386.8464675433,98331,92667,2244608062.275886,803750383.8018467,2759927.253173828,159580.2245330811,2919507.477706909,.0036323559360522,3,4,2,1,2,2,QPIB3_QPOP2,QPIBPC4_QPOP2,JPIB1_JPOP2,JPIBPC2_JPOP2,Abaixo da média simples do grupo,Abaixo da média simples do grupo,Abaixo da média simples do grupo,Abaixo da média simples do grupo
5200803,5,Média Renda e Médio Dinamismo,157963,18054.97771173848,8749,8446,66971587.37595367,11926623.42889404,9745805.479492188,714838.99609375,10460644.47558594,.8770834878749881,1,2,1,2,2,2,QPIB1_QPOP1,QPIBPC2_QPOP1,JPIB2_JPOP2,JPIBPC2_JPOP2,Abaixo da média simples do grupo,Abaixo da média simples do grupo,Acima ou igual à média simples do grupo,Acima ou igual à média simples do grupo
4119103,4,Média Renda e Baixo Dinamismo,808739,62138.99346907414,13015,13653,295809832.5169235,92103932.00783348,3878568.033954621,17746.669921875,3896314.703876496,.0423034567465058,1,4,1,1,2,2,QPIB1_QPOP1,QPIBPC4_QPOP1,JPIB1_JPOP2,JPIBPC2_JPOP2,Abaixo da média simples do grupo,Abaixo da média simples do grupo,Abaixo da média simples do grupo,Abaixo da média simples do grupo
5205497,5,Média Renda e Médio Dinamismo,933247,12548.70243377706,74370,91549,316164056.3875856,89940529.60982545,6456583.076631317,225267.4609375,6681850.537568817,.0742918744925743,1,1,2,2,2,2,QPIB1_QPOP2,QPIBPC1_QPOP2,JPIB2_JPOP2,JPIBPC2_JPOP2,Abaixo da média simples do grupo,Abaixo da média simples do grupo,Abaixo da média simples do grupo,Abaixo da média simples do grupo
4200903,4,Média Renda e Médio Dinamismo,168208,35895.86000853607,4686,5358,42877712.3585434,13828005.84412766,0,1139050.670166016,1139050.670166016,.0823727356645381,1,3,1,1,2,2,QPIB1_QPOP1,QPIBPC3_QPOP1,JPIB1_JPOP2,JPIBPC2_JPOP2,Abaixo da média simples do grupo,Abaixo da média simples do grupo,Abaixo da média simples do grupo,Abaixo da média simples do grupo
4205704,4,Alta Renda,688911,28621.14665558787,24070,29797,507124528.7082812,233819083.3642345,31248,1335148.217407227,1366396.217407227,.005843818210846,1,3,1,1,2,2,QPIB1_QPOP1,QPIBPC3_QPOP1,JPIB1_JPOP2,JPIBPC2_JPOP2,Abaixo da média simples do grupo,Abaixo da média simples do grupo,Abaixo da média simples do grupo,Abaixo da média simples do grupo
5200308,5,Média Renda e Alto Dinamismo,972377,34286.91819464034,28360,26905,381513798.3882626,112874966.7674053,14529608.62765503,44080,14573688.62765503,.1291135585243286,1,3,1,2,2,2,QPIB1_QPOP1,QPIBPC3_QPOP1,JPIB2_JPOP2,JPIBPC2_JPOP2,Abaixo da média simples do grupo,Abaixo da média simples do grupo,Abaixo da média simples do grupo,Abaixo da média simples do grupo
4217253,4,Alta Renda,94952,15704.92887859742,6046,4599,32923477.5995152,8679464.046039581,11533.330078125,0,11533.330078125,.0013288067116757,1,2,1,1,2,2,QPIB1_QPOP1,QPIBPC2_QPOP1,JPIB1_JPOP2,JPIBPC2_JPOP2,Abaixo da média simples do grupo,Abaixo da média simples do grupo,Abaixo da média simples do grupo,Abaixo da média simples do grupo
4306403,4,Alta Renda,1841708,54899.33526097714,33547,30595,1278998003.660016,759845829.3583559,66145.427734375,1201899.84375,1268045.271484375,.0016688191505311,2,4,1,1,2,2,QPIB2_QPOP1,QPIBPC4_QPOP1,JPIB1_JPOP2,JPIBPC2_JPOP2,Abaixo da média simples do grupo,Abaixo da média simples do grupo,Abaixo da média simples do grupo,Abaixo da média simples do grupo
4216602,4,Alta Renda,10764130,42427.74088015609,253705,269490,11891566935.42229,4327695779.452406,385120.1567382813,9101086.634643555,9486206.791381836,.0021919763483426,4,4,3,1,2,2,QPIB4_QPOP3,QPIBPC4_QPOP3,JPIB1_JPOP2,JPIBPC2_JPOP2,Abaixo da média simples do grupo,Abaixo da média simples do grupo,Abaixo da média simples do grupo,Abaixo da média simples do grupo
4307609,4,Alta Renda,1637893,31932.7185526008,51292,47815,1192385646.438698,583722998.7826078,51741.3271484375,7186915.390930176,7238656.718078613,.0124008420658006,2,3,2,1,2,2,QPIB2_QPOP2,QPIBPC3_QPOP2,JPIB1_JPOP2,JPIBPC2_JPOP2,Abaixo da média simples do grupo,Abaixo da média simples do grupo,Abaixo da média simples do grupo,Abaixo da média simples do grupo
4211504,4,Alta Renda,619618,41280.34643570953,15010,13684,608847436.7609396,251204189.6680134,315438.3166503906,940203.3913574219,1255641.708007813,.0049984903104811,1,4,1,1,2,2,QPIB1_QPOP1,QPIBPC4_QPOP1,JPIB1_JPOP2,JPIBPC2_JPOP2,Abaixo da média simples do grupo,Abaixo da média simples do grupo,Abaixo da média simples do grupo,Abaixo da média simples do grupo
4321204,4,Alta Renda,1407897,24383.3910633876,57740,52678,910108981.6774354,481736259.7937414,1616906.714599609,4619089.69694519,6235996.4115448,.0129448350311326,2,2,2,1,2,2,QPIB2_QPOP2,QPIBPC2_QPOP2,JPIB1_JPOP2,JPIBPC2_JPOP2,Abaixo da média simples do grupo,Abaixo da média simples do grupo,Abaixo da média simples do grupo,Abaixo da média simples do grupo
5201801,5,Média Renda e Médio Dinamismo,159611,14944.85018726592,10680,11879,60656509.59837128,21119849.38043381,3565414.795745849,0,3565414.795745849,.1688181923801492,1,1,1,2,2,2,QPIB1_QPOP1,QPIBPC1_QPOP1,JPIB2_JPOP2,JPIBPC2_JPOP2,Abaixo da média simples do grupo,Abaixo da média simples do grupo,Abaixo da média simples do grupo,Abaixo da média simples do grupo
4106209,4,Média Renda e Médio Dinamismo,506134,26524.15889319778,19082,19114,193532871.4180633,97297467.9646349,323239.505859375,288794.1212158203,612033.6270751953,.00629033457785,1,3,1,1,2,2,QPIB1_QPOP1,QPIBPC3_QPOP1,JPIB1_JPOP2,JPIBPC2_JPOP2,Abaixo da média simples do grupo,Abaixo da média simples do grupo,Abaixo da média simples do grupo,Abaixo da média simples do grupo
4122305,4,Alta Renda,1155918,33364.64136238996,34645,31189,693417048.9814037,324245725.9234765,5965466.719736099,491730.9930419922,6457197.712778091,.0199145191332515,2,3,1,1,2,2,QPIB2_QPOP1,QPIBPC3_QPOP1,JPIB1_JPOP2,JPIBPC2_JPOP2,Abaixo da média simples do grupo,Abaixo da média simples do grupo,Abaixo da média simples do grupo,Abaixo da média simples do grupo
4122206,4,Média Renda e Baixo Dinamismo,1299058,39805.66876053317,32635,37499,508479243.8492811,96672437.51317978,4237814.234954834,25818996.57857705,30056810.81353188,.3109139645872082,2,4,1,1,2,2,QPIB2_QPOP1,QPIBPC4_QPOP1,JPIB1_JPOP2,JPIBPC2_JPOP2,Abaixo da média simples do grupo,Abaixo da média simples do grupo,Acima ou igual à média simples do grupo,Abaixo da média simples do grupo
4125506,4,Alta Renda,20050828,59921.18821349591,334620,328736,14808980513.08792,4449085940.320639,2499947.340087891,23646577.27693176,26146524.61701965,.0058768306496537,4,4,4,1,2,2,QPIB4_QPOP4,QPIBPC4_QPOP4,JPIB1_JPOP2,JPIBPC2_JPOP2,Abaixo da média simples do grupo,Abaixo da média simples do grupo,Abaixo da média simples do grupo,Abaixo da média simples do grupo
4319901,4,Alta Renda,3196958,39706.85843455797,80514,75332,1835156467.257676,1299298053.820808,637610.3176269531,80697.119140625,718307.4367675781,.0005528426942958,3,4,2,1,2,2,QPIB3_QPOP2,QPIBPC4_QPOP2,JPIB1_JPOP2,JPIBPC2_JPOP2,Abaixo da média simples do grupo,Abaixo da média simples do grupo,Abaixo da média simples do grupo,Abaixo da média simples do grupo
4322004,4,Média Renda e Baixo Dinamismo,10122393,335634.2385357605,30159,27298,2087460989.28092,1284977031.787086,6806163.281845093,10504268.32324219,17310431.60508728,.0134713937890491,4,4,1,1,2,2,QPIB4_QPOP1,QPIBPC4_QPOP1,JPIB1_JPOP2,JPIBPC2_JPOP2,Abaixo da média simples do grupo,Abaixo da média simples do grupo,Abaixo da média simples do grupo,Abaixo da média simples do grupo
4304606,4,Alta Renda,18904090,54053.69315582395,349728,344821,9711010283.36323,4085242365.082124,142088.0089111328,1696889.576721191,1838977.585632324,.0004501514038312,4,4,4,1,2,2,QPIB4_QPOP4,QPIBPC4_QPOP4,JPIB1_JPOP2,JPIBPC2_JPOP2,Abaixo da média simples do grupo,Abaixo da média simples do grupo,Abaixo da média simples do grupo,Abaixo da média simples do grupo
4105201,4,Média Renda e Médio Dinamismo,392758,21961.41802728696,17884,16123,91913409.37269549,16104163.8000493,13362073.54974274,18364631.21130371,31726704.76104645,1.970093272458475,1,2,1,1,2,2,QPIB1_QPOP1,QPIBPC2_QPOP1,JPIB1_JPOP2,JPIBPC2_JPOP2,Acima ou igual à média simples do grupo,Acima ou igual à média simples do grupo,Acima ou igual à média simples do grupo,Acima ou igual à média simples do grupo
5106109,5,Média Renda e Alto Dinamismo,350839,26795.92148476285,13093,12870,225373267.5929694,20180673.28807586,26742292.41555024,133740584.6266785,160482877.0422288,7.952305393946054,1,3,1,2,2,2,QPIB1_QPOP1,QPIBPC3_QPOP1,JPIB2_JPOP2,JPIBPC2_JPOP2,Acima ou igual à média simples do grupo,Acima ou igual à média simples do grupo,Acima ou igual à média simples do grupo,Acima ou igual à média simples do grupo
4313409,4,Alta Renda,8679216,35095.47397322313,247303,226461,7068582916.259852,3809395429.553293,276408.982421875,1240458.316772461,1516867.299194336,.0003981910849754,4,3,3,1,2,2,QPIB4_QPOP3,QPIBPC3_QPOP3,JPIB1_JPOP2,JPIBPC2_JPOP2,Abaixo da média simples do grupo,Abaixo da média simples do grupo,Abaixo da média simples do grupo,Abaixo da média simples do grupo
4114302,4,Média Renda e Baixo Dinamismo,593942,21403.31531531531,27750,27414,356503046.6201304,158235953.9146469,1386854.0859375,12692791.94628143,14079646.03221893,.0889788046515241,1,2,1,1,2,2,QPIB1_QPOP1,QPIBPC2_QPOP1,JPIB1_JPOP2,JPIBPC2_JPOP2,Abaixo da média simples do grupo,Abaixo da média simples do grupo,Abaixo da média simples do grupo,Abaixo da média simples do grupo
5200100,5,Média Renda e Alto Dinamismo,399760,19152.01456426963,20873,16927,177323662.3669932,79900776.40749741,12745627.95884491,5258109.918609619,18003737.87745453,.2253261943993471,1,2,1,2,2,2,QPIB1_QPOP1,QPIBPC2_QPOP1,JPIB2_JPOP2,JPIBPC2_JPOP2,Abaixo da média simples do grupo,Abaixo da média simples do grupo,Abaixo da média simples do grupo,Abaixo da média simples do grupo
5205307,5,Média Renda e Baixo Dinamismo,371735,38165.81108829569,9740,9540,34545618.70091248,5777924.466659546,2473903.764968872,894221.9710693359,3368125.736038208,.5829300392335276,1,3,1,2,2,2,QPIB1_QPOP1,QPIBPC3_QPOP1,JPIB2_JPOP2,JPIBPC2_JPOP2,Abaixo da média simples do grupo,Abaixo da média simples do grupo,Abaixo da média simples do grupo,Acima ou igual à média simples do grupo
4303905,4,Alta Renda,2910894,41595.49020448407,69981,62745,2612260382.137682,1406421120.679108,683876.177734375,8672731.654729843,9356607.832464218,.0066527782432237,3,4,2,1,2,2,QPIB3_QPOP2,QPIBPC4_QPOP2,JPIB1_JPOP2,JPIBPC2_JPOP2,Abaixo da média simples do grupo,Abaixo da média simples do grupo,Abaixo da média simples do grupo,Abaixo da média simples do grupo
5208707,5,Alta Renda,51156541,32884.85857140469,1555626,1434577,49171804642.51534,20237838062.5937,61145883.17272949,7821646.798126221,68967529.97085571,.0034078506685124,4,3,4,2,2,2,QPIB4_QPOP4,QPIBPC3_QPOP4,JPIB2_JPOP2,JPIBPC2_JPOP2,Abaixo da média simples do grupo,Abaixo da média simples do grupo,Abaixo da média simples do grupo,Abaixo da média simples do grupo
4215703,4,Alta Renda,1191183,49825.69958589535,23907,27030,569768180.4284061,209500106.0601878,636084.4858398438,814692.8984375,1450777.384277344,.0069249482091458,2,4,1,1,2,2,QPIB2_QPOP1,QPIBPC4_QPOP1,JPIB1_JPOP2,JPIBPC2_JPOP2,Abaixo da média simples do grupo,Abaixo da média simples do grupo,Abaixo da média simples do grupo,Abaixo da média simples do grupo
5200050,5,Média Renda e Alto Dinamismo,310278,33880.54160297008,9158,18744,138756938.7014765,64894425.1542308,2388151.765502929,154472.2099609375,2542623.975463867,.0391809307104726,1,3,1,2,2,2,QPIB1_QPOP1,QPIBPC3_QPOP1,JPIB2_JPOP2,JPIBPC2_JPOP2,Abaixo da média simples do grupo,Abaixo da média simples do grupo,Abaixo da média simples do grupo,Abaixo da média simples do grupo
4113205,4,Média Renda e Alto Dinamismo,2556538,52548.51904380177,48651,44898,820711434.7609198,428990568.8070067,15891788.32954788,4767101.875751495,20658890.20529938,.0481569799139182,2,4,2,1,2,2,QPIB2_QPOP2,QPIBPC4_QPOP2,JPIB1_JPOP2,JPIBPC2_JPOP2,Abaixo da média simples do grupo,Abaixo da média simples do grupo,Abaixo da média simples do grupo,Abaixo da média simples do grupo
4128633,4,Média Renda e Baixo Dinamismo,96594,17483.07692307692,5525,5695,10366180.51110077,1689939.21282196,2385119.758384705,152053.2080078125,2537172.966392517,1.5013397802373,1,2,1,1,2,2,QPIB1_QPOP1,QPIBPC2_QPOP1,JPIB1_JPOP2,JPIBPC2_JPOP2,Abaixo da média simples do grupo,Abaixo da média simples do grupo,Acima ou igual à média simples do grupo,Acima ou igual à média simples do grupo
4211900,4,Alta Renda,6476832,36248.4231498945,178679,221575,5039824956.06807,1633362467.017794,569216.4434814453,42732672.33900452,43301888.78248596,.0265108876057051,3,3,3,1,2,2,QPIB3_QPOP3,QPIBPC3_QPOP3,JPIB1_JPOP2,JPIBPC2_JPOP2,Abaixo da média simples do grupo,Abaixo da média simples do grupo,Abaixo da média simples do grupo,Abaixo da média simples do grupo
4206009,4,Alta Renda,414369,28113.77976796255,14739,16913,363176102.8167094,84853988.68394244,279459.1687011719,0,279459.1687011719,.003293412284272,1,3,1,1,2,2,QPIB1_QPOP1,QPIBPC3_QPOP1,JPIB1_JPOP2,JPIBPC2_JPOP2,Abaixo da média simples do grupo,Abaixo da média simples do grupo,Abaixo da média simples do grupo,Abaixo da média simples do grupo
5208608,5,Média Renda e Médio Dinamismo,1675022,23249.66340481643,72045,72848,1662228208.74129,416967188.7979599,36451006.2131462,4565613.272277832,41016619.48542403,.0983689378621552,2,2,2,2,2,2,QPIB2_QPOP2,QPIBPC2_QPOP2,JPIB2_JPOP2,JPIBPC2_JPOP2,Abaixo da média simples do grupo,Abaixo da média simples do grupo,Abaixo da média simples do grupo,Abaixo da média simples do grupo
4104204,4,Alta Renda,4827779,35582.62209053789,135678,136103,3212112393.345914,1307163728.338857,4954242.184204102,52985231.4274559,57939473.61166,.044324572626636,3,3,3,1,2,2,QPIB3_QPOP3,QPIBPC3_QPOP3,JPIB1_JPOP2,JPIBPC2_JPOP2,Abaixo da média simples do grupo,Abaixo da média simples do grupo,Abaixo da média simples do grupo,Abaixo da média simples do grupo
5200605,5,Alta Renda,271257,34996.38756289511,7751,10036,117526005.9500311,62912433.51127625,17561828.5188385,0,17561828.5188385,.2791471818633557,1,3,1,2,2,2,QPIB1_QPOP1,QPIBPC3_QPOP1,JPIB2_JPOP2,JPIBPC2_JPOP2,Abaixo da média simples do grupo,Abaixo da média simples do grupo,Abaixo da média simples do grupo,Abaixo da média simples do grupo
4120804,4,Alta Renda,1392090,57398.67232919639,24253,24133,1271993901.573551,505471256.6199027,180062.4700927734,13112836.13764191,13292898.60773468,.026298030666718,2,4,1,1,2,2,QPIB2_QPOP1,QPIBPC4_QPOP1,JPIB1_JPOP2,JPIBPC2_JPOP2,Abaixo da média simples do grupo,Abaixo da média simples do grupo,Abaixo da média simples do grupo,Abaixo da média simples do grupo
5204003,5,Média Renda e Médio Dinamismo,459241,56710.42232650037,8098,7532,101480918.341938,65624395.68393707,24357821.93817901,0,24357821.93817901,.3711702284542499,1,4,1,2,2,2,QPIB1_QPOP1,QPIBPC4_QPOP1,JPIB2_JPOP2,JPIBPC2_JPOP2,Abaixo da média simples do grupo,Abaixo da média simples do grupo,Abaixo da média simples do grupo,Acima ou igual à média simples do grupo
4318408,4,Média Renda e Baixo Dinamismo,614459,25009.52419715902,24569,20926,294897768.9614046,190316835.2685144,2045463.433654785,953453.5135498047,2998916.94720459,.0157574969286005,1,2,1,1,2,2,QPIB1_QPOP1,QPIBPC2_QPOP1,JPIB1_JPOP2,JPIBPC2_JPOP2,Abaixo da média simples do grupo,Abaixo da média simples do grupo,Abaixo da média simples do grupo,Abaixo da média simples do grupo
5208004,5,Média Renda e Médio Dinamismo,2869451,22826.8644843085,125705,114835,1593425676.437822,630945779.6717167,76266415.81063461,3667316.981048584,79933732.7916832,.126688751025917,3,2,3,2,2,2,QPIB3_QPOP3,QPIBPC2_QPOP3,JPIB2_JPOP2,JPIBPC2_JPOP2,Abaixo da média simples do grupo,Abaixo da média simples do grupo,Abaixo da média simples do grupo,Abaixo da média simples do grupo
5200258,5,Média Renda e Médio Dinamismo,2226482,9990.944581557102,222850,225223,738152162.3216277,191718600.7634658,85611.9169921875,0,85611.9169921875,.0004465498738842,2,1,3,2,2,2,QPIB2_QPOP3,QPIBPC1_QPOP3,JPIB2_JPOP2,JPIBPC2_JPOP2,Abaixo da média simples do grupo,Abaixo da média simples do grupo,Abaixo da média simples do grupo,Abaixo da média simples do grupo
4303103,4,Alta Renda,5219436,39498.09298946604,132144,135863,4077408988.366021,1743681997.087189,0,0,0,0,3,3,3,1,2,2,QPIB3_QPOP3,QPIBPC3_QPOP3,JPIB1_JPOP2,JPIBPC2_JPOP2,Abaixo da média simples do grupo,Abaixo da média simples do grupo,Abaixo da média simples do grupo,Abaixo da média simples do grupo
5205802,5,Média Renda e Alto Dinamismo,247838,22083.04374944311,11223,10361,77825163.91693497,29661556.56332397,17845932.96932602,514884.7416534424,18360817.71097946,.6190105927779364,1,2,1,2,2,2,QPIB1_QPOP1,QPIBPC2_QPOP1,JPIB2_JPOP2,JPIBPC2_JPOP2,Abaixo da média simples do grupo,Abaixo da média simples do grupo,Abaixo da média simples do grupo,Acima ou igual à média simples do grupo
4323002,4,Média Renda e Médio Dinamismo,3953029,15361.71064392026,257330,223427,1824328561.412355,601817954.9701571,8292696.119229583,4280202.580810547,12572898.70004013,.0208915313945121,3,1,4,1,2,2,QPIB3_QPOP4,QPIBPC1_QPOP4,JPIB1_JPOP2,JPIBPC2_JPOP2,Abaixo da média simples do grupo,Abaixo da média simples do grupo,Abaixo da média simples do grupo,Abaixo da média simples do grupo
5108402,5,Média Renda e Médio Dinamismo,8474943,29185.39652803367,290383,299038,4883758144.703517,1281200305.926813,11971463.2884903,1788142.366210938,13759605.65470123,.0107396209562623,4,3,4,2,2,2,QPIB4_QPOP4,QPIBPC3_QPOP4,JPIB2_JPOP2,JPIBPC2_JPOP2,Abaixo da média simples do grupo,Abaixo da média simples do grupo,Abaixo da média simples do grupo,Abaixo da média simples do grupo
4300604,4,Média Renda e Médio Dinamismo,2958997,13934.39666214587,212352,186813,1404991546.895109,523012122.2528229,312993.822265625,0,312993.822265625,.0005984446802446,3,1,3,1,2,2,QPIB3_QPOP3,QPIBPC1_QPOP3,JPIB1_JPOP2,JPIBPC2_JPOP2,Abaixo da média simples do grupo,Abaixo da média simples do grupo,Abaixo da média simples do grupo,Abaixo da média simples do grupo
4319505,4,Alta Renda,768039,29358.16673674554,26161,24336,628172966.0298502,415496049.9453241,1383304.821075439,0,1383304.821075439,.0033292851310078,1,3,1,1,2,2,QPIB1_QPOP1,QPIBPC3_QPOP1,JPIB1_JPOP2,JPIBPC2_JPOP2,Abaixo da média simples do grupo,Abaixo da média simples do grupo,Abaixo da média simples do grupo,Abaixo da média simples do grupo
5210000,5,Média Renda e Médio Dinamismo,1273314,23731.50684931507,53655,51817,792888908.9257838,339367620.6846037,25388991.39422226,0,25388991.39422226,.0748126510802806,2,2,2,2,2,2,QPIB2_QPOP2,QPIBPC2_QPOP2,JPIB2_JPOP2,JPIBPC2_JPOP2,Abaixo da média simples do grupo,Abaixo da média simples do grupo,Abaixo da média simples do grupo,Abaixo da média simples do grupo
5204557,5,Média Renda e Alto Dinamismo,77630,19905.12820512821,3900,4507,14515757.16827041,5525220.72275573,2533559.249023438,0,2533559.249023438,.4585444412363336,1,2,1,2,2,2,QPIB1_QPOP1,QPIBPC2_QPOP1,JPIB2_JPOP2,JPIBPC2_JPOP2,Abaixo da média simples do grupo,Abaixo da média simples do grupo,Abaixo da média simples do grupo,Acima ou igual à média simples do grupo
4210209,4,Média Renda e Baixo Dinamismo,59279,17107.93650793651,3465,3214,29306376.43177582,15805609.90858246,21741.7705078125,79816.55078125,101558.3212890625,.0064254604457824,1,2,1,1,2,2,QPIB1_QPOP1,QPIBPC2_QPOP1,JPIB1_JPOP2,JPIBPC2_JPOP2,Abaixo da média simples do grupo,Abaixo da média simples do grupo,Abaixo da média simples do grupo,Abaixo da média simples do grupo
4105805,4,Média Renda e Médio Dinamismo,4857064,19484.6054790454,249277,231972,4088035503.10544,1561064374.278465,10256195.39632416,4873993.170608521,15130188.56693268,.0096922259044736,3,2,3,1,2,2,QPIB3_QPOP3,QPIBPC2_QPOP3,JPIB1_JPOP2,JPIBPC2_JPOP2,Abaixo da média simples do grupo,Abaixo da média simples do grupo,Abaixo da média simples do grupo,Abaixo da média simples do grupo
5209705,5,Média Renda e Alto Dinamismo,1094376,48567.70070563174,22533,27584,482557214.0295129,208769232.0464125,14664352.97660827,726860.2015991211,15391213.1782074,.0737235704099621,2,4,1,2,2,2,QPIB2_QPOP1,QPIBPC4_QPOP1,JPIB2_JPOP2,JPIBPC2_JPOP2,Abaixo da média simples do grupo,Abaixo da média simples do grupo,Abaixo da média simples do grupo,Abaixo da média simples do grupo
5209200,5,Média Renda e Alto Dinamismo,314856,22163.59284809235,14206,19514,106517292.3309975,21024787.09464264,7267907.266906738,13199562.16073608,20467469.42764282,.9734923514568274,1,2,1,2,2,2,QPIB1_QPOP1,QPIBPC2_QPOP1,JPIB2_JPOP2,JPIBPC2_JPOP2,Abaixo da média simples do grupo,Abaixo da média simples do grupo,Acima ou igual à média simples do grupo,Acima ou igual à média simples do grupo
4313060,4,Média Renda e Baixo Dinamismo,733968,33140.74140967174,22147,20030,581403878.284817,498396799.4818656,0,0,0,0,1,3,1,1,2,2,QPIB1_QPOP1,QPIBPC3_QPOP1,JPIB1_JPOP2,JPIBPC2_JPOP2,Abaixo da média simples do grupo,Abaixo da média simples do grupo,Abaixo da média simples do grupo,Abaixo da média simples do grupo
4304689,4,Média Renda e Médio Dinamismo,268333,22025.19904785357,12183,11120,86785880.34500191,52914118.45311902,134009.166015625,2143161.459106445,2277170.62512207,.0430352180418465,1,2,1,1,2,2,QPIB1_QPOP1,QPIBPC2_QPOP1,JPIB1_JPOP2,JPIBPC2_JPOP2,Abaixo da média simples do grupo,Abaixo da média simples do grupo,Abaixo da média simples do grupo,Abaixo da média simples do grupo
4317608,4,Média Renda e Alto Dinamismo,1476500,34023.08915362813,43397,42646,868676618.5206605,522640337.7235119,3057884.315933228,14547448.38725519,17605332.70318842,.0336853691390771,2,3,2,1,2,2,QPIB2_QPOP2,QPIBPC3_QPOP2,JPIB1_JPOP2,JPIBPC2_JPOP2,Abaixo da média simples do grupo,Abaixo da média simples do grupo,Abaixo da média simples do grupo,Abaixo da média simples do grupo
5200175,5,Média Renda e Alto Dinamismo,514098,87985.28153345884,5843,4919,127277919.7395,47471077.61216377,61025263.88277603,361317.4692382813,61386581.35201431,1.293136462027247,1,4,1,2,2,2,QPIB1_QPOP1,QPIBPC4_QPOP1,JPIB2_JPOP2,JPIBPC2_JPOP2,Abaixo da média simples do grupo,Acima ou igual à média simples do grupo,Acima ou igual à média simples do grupo,Acima ou igual à média simples do grupo
4301107,4,Média Renda e Alto Dinamismo,332678,23426.37842405464,14201,14006,119175440.9107857,49130034.37930298,3092239.690856934,0,3092239.690856934,.062939904885546,1,2,1,1,2,2,QPIB1_QPOP1,QPIBPC2_QPOP1,JPIB1_JPOP2,JPIBPC2_JPOP2,Abaixo da média simples do grupo,Abaixo da média simples do grupo,Abaixo da média simples do grupo,Abaixo da média simples do grupo
4318705,4,Alta Renda,8486468,35304.67846475135,240378,216194,7469554102.290797,4995608591.384424,983373.4278869629,0,983373.4278869629,.0001968475732032,4,3,3,1,2,2,QPIB4_QPOP3,QPIBPC3_QPOP3,JPIB1_JPOP2,JPIBPC2_JPOP2,Abaixo da média simples do grupo,Abaixo da média simples do grupo,Abaixo da média simples do grupo,Abaixo da média simples do grupo
4121208,4,Média Renda e Médio Dinamismo,471596,24324.11801114091,19388,18372,105701632.1028259,22060965.03946519,251940.2658691407,869552.6508789063,1121492.916748047,.0508360769686091,1,2,1,1,2,2,QPIB1_QPOP1,QPIBPC2_QPOP1,JPIB1_JPOP2,JPIBPC2_JPOP2,Abaixo da média simples do grupo,Abaixo da média simples do grupo,Abaixo da média simples do grupo,Abaixo da média simples do grupo
4202305,4,Alta Renda,2306124,32724.43984050177,70471,76486,1811549524.844183,633573667.1032585,368794.7158203125,10247870.93541718,10616665.65123749,.0167567975161872,2,3,2,1,2,2,QPIB2_QPOP2,QPIBPC3_QPOP2,JPIB1_JPOP2,JPIBPC2_JPOP2,Abaixo da média simples do grupo,Abaixo da média simples do grupo,Abaixo da média simples do grupo,Abaixo da média simples do grupo
5203203,5,Média Renda e Alto Dinamismo,1444196,124039.8522717513,11643,10327,448710576.4567605,25268002.84603032,13745916.05808258,50291781.95932007,64037698.01740265,2.534339512608658,2,4,1,2,2,2,QPIB2_QPOP1,QPIBPC4_QPOP1,JPIB2_JPOP2,JPIBPC2_JPOP2,Acima ou igual à média simples do grupo,Acima ou igual à média simples do grupo,Acima ou igual à média simples do grupo,Acima ou igual à média simples do grupo
4313375,4,Média Renda e Alto Dinamismo,1723836,56552.5884128338,30482,28993,1207687376.359532,358831409.8309026,821361.0871582031,455177.2795410156,1276538.366699219,.0035574878110609,2,4,1,1,2,2,QPIB2_QPOP1,QPIBPC4_QPOP1,JPIB1_JPOP2,JPIBPC2_JPOP2,Abaixo da média simples do grupo,Abaixo da média simples do grupo,Abaixo da média simples do grupo,Abaixo da média simples do grupo
4314902,4,Alta Renda,69401824,46499.44992730465,1492530,1321863,72208822907.09283,34795281312.0864,28622900.63414764,39679381.55850891,68302282.19265655,.0019629754270425,4,4,4,1,2,2,QPIB4_QPOP4,QPIBPC4_QPOP4,JPIB1_JPOP2,JPIBPC2_JPOP2,Abaixo da média simples do grupo,Abaixo da média simples do grupo,Abaixo da média simples do grupo,Abaixo da média simples do grupo
5212501,5,Média Renda e Médio Dinamismo,4931984,22977.39989284633,214645,207998,1997435439.709837,836626202.7631328,125833249.1095528,2225673.014709473,128058922.1242623,.1530658754188202,3,2,3,2,2,2,QPIB3_QPOP3,QPIBPC2_QPOP3,JPIB2_JPOP2,JPIBPC2_JPOP2,Abaixo da média simples do grupo,Abaixo da média simples do grupo,Abaixo da média simples do grupo,Abaixo da média simples do grupo
4305355,4,Alta Renda,1545713,37063.01402709507,41705,31195,661370576.3206539,122452988.6812739,1195663.9375,1001384.444137573,2197048.381637573,.0179419743470382,2,3,1,1,2,2,QPIB2_QPOP1,QPIBPC3_QPOP1,JPIB1_JPOP2,JPIBPC2_JPOP2,Abaixo da média simples do grupo,Abaixo da média simples do grupo,Abaixo da média simples do grupo,Abaixo da média simples do grupo
5206206,5,Média Renda e Alto Dinamismo,4254148,69302.72867964486,61385,61951,1707841330.547879,999724237.7283113,280507132.2553664,800305.1845092773,281307437.4398757,.2813850328157442,3,4,2,2,2,2,QPIB3_QPOP2,QPIBPC4_QPOP2,JPIB2_JPOP2,JPIBPC2_JPOP2,Abaixo da média simples do grupo,Abaixo da média simples do grupo,Abaixo da média simples do grupo,Abaixo da média simples do grupo
5203609,5,Média Renda e Médio Dinamismo,86753,22757.86988457503,3812,3991,28219479.24425125,18662428.4394722,1395866.86328125,0,1395866.86328125,.0747955641361713,1,2,1,2,2,2,QPIB1_QPOP1,QPIBPC2_QPOP1,JPIB2_JPOP2,JPIBPC2_JPOP2,Abaixo da média simples do grupo,Abaixo da média simples do grupo,Abaixo da média simples do grupo,Abaixo da média simples do grupo
4209805,4,Alta Renda,115960,39175.67567567567,2960,3321,18865308.56327438,2521401.736038208,20283.689453125,0,20283.689453125,.0080446083474964,1,3,1,1,2,2,QPIB1_QPOP1,QPIBPC3_QPOP1,JPIB1_JPOP2,JPIBPC2_JPOP2,Abaixo da média simples do grupo,Abaixo da média simples do grupo,Abaixo da média simples do grupo,Abaixo da média simples do grupo
4309050,4,Média Renda e Baixo Dinamismo,415411,50025.40944123314,8304,7631,196964240.6406752,66781219.35744762,3214500.294240722,0,3214500.294240722,.0481347948595406,1,4,1,1,2,2,QPIB1_QPOP1,QPIBPC4_QPOP1,JPIB1_JPOP2,JPIBPC2_JPOP2,Abaixo da média simples do grupo,Abaixo da média simples do grupo,Abaixo da média simples do grupo,Abaixo da média simples do grupo
4310801,4,Alta Renda,992276,39583.37322482847,25068,22836,849119276.1586307,505460955.3944929,11162.7998046875,0,11162.7998046875,.0000220843958085,2,4,1,1,2,2,QPIB2_QPOP1,QPIBPC4_QPOP1,JPIB1_JPOP2,JPIBPC2_JPOP2,Abaixo da média simples do grupo,Abaixo da média simples do grupo,Abaixo da média simples do grupo,Abaixo da média simples do grupo
5214507,5,Média Renda e Médio Dinamismo,883709,28570.33396915716,30931,31895,573799949.3233068,339434442.7740889,4164164.269325256,0,4164164.269325256,.0122679485184028,1,3,1,2,2,2,QPIB1_QPOP1,QPIBPC3_QPOP1,JPIB2_JPOP2,JPIBPC2_JPOP2,Abaixo da média simples do grupo,Abaixo da média simples do grupo,Abaixo da média simples do grupo,Abaixo da média simples do grupo
4205407,4,Alta Renda,19819503,38370.92371312853,516524,532523,27935285068.35545,13360883471.63683,2669902.441345215,11100092.65017891,13769995.09152412,.0010306201023874,4,3,4,1,2,2,QPIB4_QPOP4,QPIBPC3_QPOP4,JPIB1_JPOP2,JPIBPC2_JPOP2,Abaixo da média simples do grupo,Abaixo da média simples do grupo,Abaixo da média simples do grupo,Abaixo da média simples do grupo
4218004,4,Alta Renda,1992176,49942.99180225125,39889,51068,2015195622.622571,504825111.7678242,2850096.117736816,10550398.19673157,13400494.31446838,.0265448251326916,2,4,1,1,2,2,QPIB2_QPOP1,QPIBPC4_QPOP1,JPIB1_JPOP2,JPIBPC2_JPOP2,Abaixo da média simples do grupo,Abaixo da média simples do grupo,Abaixo da média simples do grupo,Abaixo da média simples do grupo
4300877,4,Média Renda e Médio Dinamismo,204865,35079.62328767123,5840,8525,179495130.8902502,132976282.8110511,10908,0,10908,.0000820296655119,1,3,1,1,2,2,QPIB1_QPOP1,QPIBPC3_QPOP1,JPIB1_JPOP2,JPIBPC2_JPOP2,Abaixo da média simples do grupo,Abaixo da média simples do grupo,Abaixo da média simples do grupo,Abaixo da média simples do grupo
4216305,4,Alta Renda,913050,22987.73886553035,39719,32632,765549626.0897851,495228471.4977441,158497.52734375,3167623.51940918,3326121.04675293,.0067163364753516,1,2,1,1,2,2,QPIB1_QPOP1,QPIBPC2_QPOP1,JPIB1_JPOP2,JPIBPC2_JPOP2,Abaixo da média simples do grupo,Abaixo da média simples do grupo,Abaixo da média simples do grupo,Abaixo da média simples do grupo
4215901,4,Média Renda e Alto Dinamismo,103494,37081.33285560731,2791,2943,33746265.1025824,20614095.51827759,170094.3578186035,0,170094.3578186035,.0082513616795745,1,3,1,1,2,2,QPIB1_QPOP1,QPIBPC3_QPOP1,JPIB1_JPOP2,JPIBPC2_JPOP2,Abaixo da média simples do grupo,Abaixo da média simples do grupo,Abaixo da média simples do grupo,Abaixo da média simples do grupo
4106902,4,Alta Renda,79905168,40690.58921662187,1963726,1765726,93609308252.46249,36159476266.73154,45954534.86905288,8569810.680304572,54524345.54935745,.0015078853782936,4,4,4,1,2,2,QPIB4_QPOP4,QPIBPC4_QPOP4,JPIB1_JPOP2,JPIBPC2_JPOP2,Abaixo da média simples do grupo,Abaixo da média simples do grupo,Abaixo da média simples do grupo,Abaixo da média simples do grupo
4104253,4,Média Renda e Baixo Dinamismo,479809,15913.53520612915,30151,30139,315365287.9269243,142422998.4159999,497518.5009765625,0,497518.5009765625,.0034932455187004,1,2,1,1,2,2,QPIB1_QPOP1,QPIBPC2_QPOP1,JPIB1_JPOP2,JPIBPC2_JPOP2,Abaixo da média simples do grupo,Abaixo da média simples do grupo,Abaixo da média simples do grupo,Abaixo da média simples do grupo
4127601,4,Média Renda e Baixo Dinamismo,521875,30174.90604220873,17295,17536,147513768.7527332,46359825.47211456,3156635.267360688,1915241.64777565,5071876.915136337,.1094024160679179,1,3,1,1,2,2,QPIB1_QPOP1,QPIBPC3_QPOP1,JPIB1_JPOP2,JPIBPC2_JPOP2,Abaixo da média simples do grupo,Abaixo da média simples do grupo,Abaixo da média simples do grupo,Abaixo da média simples do grupo
4309209,4,Alta Renda,8605873,30136.40725021361,285564,264226,6146125690.979107,2641277081.966865,2754988.607116699,10690410.60601044,13445399.21312714,.0050904917567811,4,3,4,1,2,2,QPIB4_QPOP4,QPIBPC3_QPOP4,JPIB1_JPOP2,JPIBPC2_JPOP2,Abaixo da média simples do grupo,Abaixo da média simples do grupo,Abaixo da média simples do grupo,Abaixo da média simples do grupo
4314050,4,Média Renda e Baixo Dinamismo,1264191,21275.87135428062,59419,51838,1128445496.247037,799828379.9286814,1813721.873397827,3707557.115219116,5521278.988616943,.006903079619542,2,2,2,1,2,2,QPIB2_QPOP2,QPIBPC2_QPOP2,JPIB1_JPOP2,JPIBPC2_JPOP2,Abaixo da média simples do grupo,Abaixo da média simples do grupo,Abaixo da média simples do grupo,Abaixo da média simples do grupo
5207907,5,Média Renda e Baixo Dinamismo,240342,13800.86132644272,17415,13168,45737401.73435379,10828640.44519043,28910781.91632248,0,28910781.91632248,2.669844110408456,1,1,1,2,2,2,QPIB1_QPOP1,QPIBPC1_QPOP1,JPIB2_JPOP2,JPIBPC2_JPOP2,Acima ou igual à média simples do grupo,Abaixo da média simples do grupo,Acima ou igual à média simples do grupo,Acima ou igual à média simples do grupo
5219753,5,Média Renda e Médio Dinamismo,765823,9962.443574299801,76871,71881,220640621.0410216,43171853.71084321,3726091.348342895,150621.0791015625,3876712.427444458,.089797219582229,1,1,2,2,2,3,QPIB1_QPOP2,QPIBPC1_QPOP2,JPIB2_JPOP3,JPIBPC2_JPOP3,Abaixo da média simples do grupo,Abaixo da média simples do grupo,Abaixo da média simples do grupo,Abaixo da média simples do grupo
5215603,5,Média Renda e Alto Dinamismo,994853,28415.44086144355,35011,34770,233989599.6521331,36720969.39575958,69588945.35351467,25862544.37705231,95451489.73056698,2.599372818888311,2,3,1,2,2,3,QPIB2_QPOP1,QPIBPC3_QPOP1,JPIB2_JPOP3,JPIBPC2_JPOP3,Acima ou igual à média simples do grupo,Acima ou igual à média simples do grupo,Acima ou igual à média simples do grupo,Acima ou igual à média simples do grupo
5219100,5,Média Renda e Baixo Dinamismo,139751,20855.2454857484,6701,6149,56405322.10582642,22510183.24371338,2545250.754882813,7881753.389801025,10427004.14468384,.4632127616107204,1,2,1,2,2,3,QPIB1_QPOP1,QPIBPC2_QPOP1,JPIB2_JPOP3,JPIBPC2_JPOP3,Abaixo da média simples do grupo,Abaixo da média simples do grupo,Acima ou igual à média simples do grupo,Abaixo da média simples do grupo
5220009,5,Média Renda e Alto Dinamismo,541761,37562.2963322471,14423,14004,117145119.5757736,40379641.10554028,41784919.62775362,11448,41796367.62775362,1.035085168749035,1,3,1,2,2,3,QPIB1_QPOP1,QPIBPC3_QPOP1,JPIB2_JPOP3,JPIBPC2_JPOP3,Abaixo da média simples do grupo,Acima ou igual à média simples do grupo,Acima ou igual à média simples do grupo,Acima ou igual à média simples do grupo
5219738,5,Alta Renda,139041,21089.18549977249,6593,7382,299409826.488674,231850328.2602446,3212415.779388427,0,3212415.779388427,.0138555584695252,1,2,1,2,2,3,QPIB1_QPOP1,QPIBPC2_QPOP1,JPIB2_JPOP3,JPIBPC2_JPOP3,Abaixo da média simples do grupo,Abaixo da média simples do grupo,Abaixo da média simples do grupo,Abaixo da média simples do grupo
5215231,5,Média Renda e Baixo Dinamismo,1059106,8851.774774548889,119649,103532,274823967.0426325,60351361.98528839,886827.2569732666,6941.570068359375,893768.827041626,.0148094226483156,2,1,2,2,2,3,QPIB2_QPOP2,QPIBPC1_QPOP2,JPIB2_JPOP3,JPIBPC2_JPOP3,Abaixo da média simples do grupo,Abaixo da média simples do grupo,Abaixo da média simples do grupo,Abaixo da média simples do grupo
5217302,5,Média Renda e Médio Dinamismo,596899,23669.56142437941,25218,26582,321179973.0618799,172598799.4272113,9910425.571868896,1752785.212673187,11663210.78454208,.0675741130485714,1,2,1,2,2,3,QPIB1_QPOP1,QPIBPC2_QPOP1,JPIB2_JPOP3,JPIBPC2_JPOP3,Abaixo da média simples do grupo,Abaixo da média simples do grupo,Abaixo da média simples do grupo,Abaixo da média simples do grupo
5217609,5,Média Renda e Médio Dinamismo,1328658,14545.49236411407,91345,104124,455541044.606649,150684313.6944094,18249504.30941772,2556994.546218872,20806498.8556366,.138080058537696,2,1,2,2,2,3,QPIB2_QPOP2,QPIBPC1_QPOP2,JPIB2_JPOP3,JPIBPC2_JPOP3,Abaixo da média simples do grupo,Abaixo da média simples do grupo,Abaixo da média simples do grupo,Abaixo da média simples do grupo
5221197,5,Média Renda e Médio Dinamismo,187742,22548.88301705501,8326,7934,67640362.50518417,36630393.42568588,4005792.760841369,0,4005792.760841369,.1093570771760381,1,2,1,2,3,3,QPIB1_QPOP1,QPIBPC2_QPOP1,JPIB2_JPOP3,JPIBPC3_JPOP3,Abaixo da média simples do grupo,Abaixo da média simples do grupo,Abaixo da média simples do grupo,Abaixo da média simples do grupo
5220686,5,Média Renda e Alto Dinamismo,151736,22006.67150108775,6895,5727,33748662.4720993,10738841.06196594,7394015.800384521,0,7394015.800384521,.6885301456385379,1,2,1,2,3,3,QPIB1_QPOP1,QPIBPC2_QPOP1,JPIB2_JPOP3,JPIBPC3_JPOP3,Abaixo da média simples do grupo,Abaixo da média simples do grupo,Acima ou igual à média simples do grupo,Abaixo da média simples do grupo
5221403,5,Média Renda e Médio Dinamismo,2312534,17518.40067875703,132006,141528,1458517996.733781,569238004.5116111,16535408.73286439,0,16535408.73286439,.0290483217947671,2,2,3,2,3,3,QPIB2_QPOP3,QPIBPC2_QPOP3,JPIB2_JPOP3,JPIBPC3_JPOP3,Abaixo da média simples do grupo,Abaixo da média simples do grupo,Abaixo da média simples do grupo,Abaixo da média simples do grupo
5222203,5,Média Renda e Baixo Dinamismo,165706,25686.87025267401,6451,4183,88626185.07572745,9751974.611385345,46390642.93953895,0,46390642.93953895,4.75705124225593,1,3,1,3,3,3,QPIB1_QPOP1,QPIBPC3_QPOP1,JPIB3_JPOP3,JPIBPC3_JPOP3,Acima ou igual à média simples do grupo,Acima ou igual à média simples do grupo,Acima ou igual à média simples do grupo,Acima ou igual à média simples do grupo
5221858,5,Média Renda e Médio Dinamismo,2651366,15088.58411108582,175720,198531,1178412544.431819,302414396.9658185,0,0,0,0,2,1,3,2,3,3,QPIB2_QPOP3,QPIBPC1_QPOP3,JPIB2_JPOP3,JPIBPC3_JPOP3,Abaixo da média simples do grupo,Abaixo da média simples do grupo,Abaixo da média simples do grupo,Abaixo da média simples do grupo
5220454,5,Média Renda e Alto Dinamismo,3907779,32176.82610521462,121447,155439,1610718009.445535,620311819.4963852,4524081.957633972,228890.0911865234,4752972.048820496,.0076622303484066,3,3,2,2,3,3,QPIB3_QPOP2,QPIBPC3_QPOP2,JPIB2_JPOP3,JPIBPC3_JPOP3,Abaixo da média simples do grupo,Abaixo da média simples do grupo,Abaixo da média simples do grupo,Abaixo da média simples do grupo
5222302,5,Média Renda e Médio Dinamismo,295148,49679.85187678842,5941,5803,107815874.3654385,52253999.72989464,22377813.31847382,286714.9868164063,22664528.30529023,.4337376741004535,1,4,1,3,4,3,QPIB1_QPOP1,QPIBPC4_QPOP1,JPIB3_JPOP3,JPIBPC4_JPOP3,Abaixo da média simples do grupo,Abaixo da média simples do grupo,Abaixo da média simples do grupo,Acima ou igual à média simples do grupo
5300108,5,Alta Renda,257028382,83064.44281062913,3094325,2791115,130208753593.1282,53495191800.41718,122713445.9806972,45702335.69069672,168415781.6713939,.003148241477472,4,4,4,3,4,4,QPIB4_QPOP4,QPIBPC4_QPOP4,JPIB3_JPOP4,JPIBPC4_JPOP4,Abaixo da média simples do grupo,Abaixo da média simples do grupo,Acima ou igual à média simples do grupo,Acima ou igual à média simples do grupo
