Código CNAE;Descrição;Nível;Seção;Divisão;Grupo;Classe;Subclasse;Vínculos;Remuneração;Massa salarial;Salário relativo;Dif. abs.;Dif. %;Share vínculos;Share massa;Q salário;Q vínculos;Jenks;Rank salário;Rank vínculos;Rank massa;Classificação;Índice
6433600;Bancos de desenvolvimento;Subclasse;K;64;643;64336;6433600;3454;37629,39310654314;129971923,79;13,532342778874716;34848,6925492615;1253,2342778874715;0,00004749002042730844;0,0006426512349981002;4;2;5;1;946;305;Alta remuneração e baixo emprego;0,5066848785082265
6619303;Representações de bancos estrangeiros;Subclasse;K;66;661;66193;6619303;99;35879,85363636364;3552105,51;12,90317058498347;33099,153079081996;1190,317058498347;0,0000013611789294451464;0,000017563523923315903;4;1;5;2;1273;1117;Alta remuneração e baixo emprego;0,47580802097442504
4120400;Construção de edifícios;Subclasse;F;41;412;41204;4120400;2053356;2120,0060397515094;4353127121,76;0,7623999765814355;-660,6945175301335;-23,760002341856445;0,028232170927775434;0,02152420645417908;2;4;1;949;2;4;Baixa remuneração e alto emprego;0,45716080199428266
4711302;Comércio varejista de mercadorias em geral, com predominância de produtos alimentícios - supermercados;Subclasse;G;47;471;47113;4711302;2151619;1850,1972857183357;3980919633,7;0,6653709191640007;-930,5032715633072;-33,46290808359993;0,02958321663630138;0,019683812045123608;1;4;1;1120;1;6;Baixa remuneração e alto emprego;0,447985363200074
8610101;Atividades de atendimento hospitalar, exceto pronto-socorro e unidades para atendimento a urgências;Subclasse;Q;86;861;86101;8610101;1429616;3617,030250836588;5170964319,08;1,3007622274771378;836,3296935549452;30,07622274771378;0,019656193700986386;0,02556803430221714;3;4;2;376;7;1;Alta remuneração e alto emprego;0,44224040476275017
4930202;Transporte rodoviário de carga, exceto produtos perigosos e mudanças, intermunicipal, interestadual e internacional;Subclasse;H;49;493;49302;4930202;1664443;2658,377666450578;4424718098,28;0,9560100455582153;-122,3228908310648;-4,398995444178466;0,022884896372348158;0,021878190823523602;3;4;1;642;4;3;Baixa remuneração e alto emprego;0,4206169740129141
8211300;Serviços combinados de escritório e apoio administrativo;Subclasse;N;82;821;82113;8211300;1488301;3109,940614606857;4628527726,66;1,1184018381494023;329,2400573252139;11,84018381494023;0,020463070321940814;0,022885935462239094;3;4;1;506;6;2;Alta remuneração e alto emprego;0,41576908360253084
6422100;Bancos múltiplos, com carteira comercial;Subclasse;K;64;642;64221;6422100;415350;10117,710174768268;4202390921,09;3,6385471813114387;7337,009617486625;263,8547181311439;0,0057107643267175915;0,02077888544411221;4;4;3;44;34;5;Alta remuneração e alto emprego;0,3681327957877856
0600001;Extração de petróleo e gás natural;Subclasse;B;06;060;06000;0600001;29176;24107,296302097613;703354476,91;8,669504610616693;21326,59574481597;766,9504610616693;0,00040114905500496554;0,003477763581910079;4;3;4;3;411;62;Alta remuneração e alto emprego;0,34900153365820674
1921700;Fabricação de produtos do refino de petróleo;Subclasse;C;19;192;19217;1921700;33342;23003,56640333513;766984911,02;8,27257949191874;20222,86584605349;727,2579491918741;0,0004584285642985866;0,0037923867395262393;4;3;4;4;381;57;Alta remuneração e alto emprego;0,33718447622180864
5611201;Restaurantes e similares;Subclasse;I;56;561;56112;5611201;1568060;1804,454655013201;2829493166,34;0,6489208808506874;-976,2459022684418;-35,10791191493126;0,021559699314199557;0,01399053906984634;1;4;1;1145;5;7;Baixa remuneração e alto emprego;0,3240723907544747
7820500;Locação de mão de obra temporária;Subclasse;N;78;782;78205;7820500;1685226;1509,6769249703007;2544146805,56;0,5429124401823872;-1271,0236323113422;-45,708755981761286;0,02317064770255683;0,012579632884801554;1;4;1;1290;3;8;Baixa remuneração e alto emprego;0,3210523885319739
0892402;Extração de sal-gema;Subclasse;B;08;089;08924;0892402;23;22652,167826086956;520999,86;8,14620897124977;19871,467268805314;714,620897124977;3,162334886589734e-7;0,000002576104082323342;4;1;4;5;1303;1253;Alta remuneração e baixo emprego;0,29136116257200284
6432800;Bancos de investimento;Subclasse;K;64;643;64328;6432800;854;21140,999074941454;18054413,21;7,6027600381425;18360,298517659812;660,27600381425;0,000011741886926728838;0,00008927074869892187;4;1;4;6;1153;844;Alta remuneração e baixo emprego;0,27125141649326895
6423900;Caixas econômicas;Subclasse;K;64;642;64239;6423900;108289;14487,041251927712;1568787210,13;5,209853040087838;11706,34069464607;420,98530400878377;0,0014888960110170247;0,007756929409371702;4;4;4;16;151;17;Alta remuneração e alto emprego;0,26600294731062596
4940000;Transporte dutoviário;Subclasse;H;49;494;49400;4940000;7989;19109,15825384904;152663065,29;6,872066179081782;16328,457696567397;587,2066179081781;0,00010984301482158863;0,0007548484671638182;4;2;4;7;773;279;Alta remuneração e baixo emprego;0,25028023102717833
4781400;Comércio varejista de artigos do vestuário e acessórios;Subclasse;G;47;478;47814;4781400;1107285;1948,7662864845097;2157839677,53;0,7008184615137362;-831,9342707971332;-29,918153848626382;0,015224373847380493;0,010669522257231159;1;4;1;1054;9;9;Baixa remuneração e alto emprego;0,2394512547367314
3513100;Comércio atacadista de energia elétrica;Subclasse;D;35;351;35131;3513100;6486;18060,9381097749;117143244,58;6,495103567509228;15280,237552493256;549,5103567509228;0,0000891778438018305;0,0005792193314200501;4;2;4;9;819;337;Alta remuneração e baixo emprego;0,23378425228705196
6530800;Resseguros;Subclasse;K;65;653;65308;6530800;794;18228,94267002519;14473780,48;6,5555216372687894;15448,242112743546;555,5521637268789;0,000010916929999792386;0,00007156617082618775;4;1;4;8;1164;902;Alta remuneração e baixo emprego;0,2304998219786807
6611801;Bolsa de valores;Subclasse;K;66;661;66118;6611801;1;17114,99;17114,99;6,15492018915236;14334,289442718358;515,492018915236;1,3749282115607538e-8;8,462573407970433e-8;4;1;4;10;1319;1311;Alta remuneração e baixo emprego;0,2141888751824096
8121400;Limpeza em prédios e em domicílios;Subclasse;N;81;812;81214;8121400;1124544;1482,2844006993055;1666894029,1;0,5330614966137731;-1298,4161565823374;-46,69385033862269;0,015461672707413764;0,008242022393566311;1;4;1;1298;8;15;Baixa remuneração e alto emprego;0,21322965226760418
6201501;Desenvolvimento de programas de computador sob encomenda;Subclasse;J;62;620;62015;6201501;255054;7601,020056223389;1938670569,42;2,7334910392703318;4820,319498941746;173,34910392703318;0,003506809400714165;0,009585832073281134;4;4;3;78;59;11;Alta remuneração e alto emprego;0,20500072491086968
4771701;Comércio varejista de produtos farmacêuticos, sem manipulação de fórmulas;Subclasse;G;47;477;47717;4771701;810920;2457,329340045874;1992697508,43;0,8837087235484679;-323,3712172357691;-11,629127645153215;0,011149567853188465;0,009852970375658212;2;4;1;762;13;10;Baixa remuneração e alto emprego;0,20192842210927564
5030101;Navegação de apoio marítimo;Subclasse;H;50;503;50301;5030101;28819;14324,815581040286;412826860,23;5,151513183801401;11544,115023758643;415,15131838014014;0,00039624056128969367;0,0020412384754407245;4;3;4;17;417;119;Alta remuneração e alto emprego;0,19862193533292405
6431000;Bancos múltiplos, sem carteira comercial;Subclasse;K;64;643;64310;6431000;5240;15559,225372137405;81530340,95;5,595433615242553;12778,524814855762;459,54336152425526;0,0000720462382857835;0,0004031299435560481;4;2;4;14;860;439;Alta remuneração e baixo emprego;0,1970632060027225
2019301;Elaboração de combustíveis nucleares;Subclasse;C;20;201;20193;2019301;813;15804,224612546124;12848834,61;5,683540635528199;13023,524055264481;468,35406355281987;0,00001117816635998893;0,00006353156273769142;4;1;4;11;1159;922;Alta remuneração e baixo emprego;0,19664167980594
6435202;Associações de poupança e empréstimo;Subclasse;K;64;643;64352;6435202;1339;15749,420014936519;21088473,4;5,66383171812388;12968,719457654875;466,383171812388;0,000018410288752798495;0,00010427277737791946;4;1;4;13;1109;805;Alta remuneração e baixo emprego;0,19633760596205457
8011101;Atividades de vigilância e segurança privada;Subclasse;N;80;801;80111;8011101;815851;2307,580117153745;1882641546,16;0,8298556675263118;-473,12044012789784;-17,01443324736882;0,011217365563300526;0,009308794387419422;2;4;1;835;12;13;Baixa remuneração e alto emprego;0,19573872359063182
5130700;Transporte espacial;Subclasse;H;51;513;51307;5130700;8;15778,015;126224,12;5,674115092573747;12997,314442718356;467,41150925737475;1,0999425692486031e-7;6,241200733137844e-7;4;1;4;12;1311;1288;Alta remuneração e baixo emprego;0,1955678878396987
6499999;Outras atividades de serviços financeiros não especificadas anteriormente;Subclasse;K;64;649;64999;6499999;31043;13743,174894823309;426629378,26;4,942342626154023;10962,474337541666;394,23426261540226;0,0004268189647148048;0,00210948556296091;4;3;4;19;396;116;Alta remuneração e alto emprego;0,1914440884225056
0910600;Atividades de apoio à extração de petróleo e gás natural;Subclasse;B;09;091;09106;0910600;48431;12689,43712291714;614562129,3;4,563395756399632;9908,736565635496;356,3395756399632;0,0006658914821409888;0,003038726363824849;4;4;3;23;287;77;Alta remuneração e alto emprego;0,18786945082292394
3520401;"Produção de gás; processamento de gás natural";Subclasse;D;35;352;35204;3520401;3774;14755,248887122416;55686309,3;5,306306300577309;11974,548329840773;430,6306300577309;0,00005188979070430285;0,0002753431233498801;4;2;4;15;922;532;Alta remuneração e baixo emprego;0,1844421854964205
8220200;Atividades de teleatendimento;Subclasse;N;82;822;82202;8220200;926926;1584,9158614387773;1469099719,78;0,5699699873431029;-1195,7846958428656;-43,00300126568971;0,012744567074291634;0,007264020734027329;1;4;1;1271;10;22;Baixa remuneração e alto emprego;0,18169348295980858
7112000;Serviços de engenharia;Subclasse;M;71;711;71120;7112000;592202;3220,2326955498293;1907028242,77;1,1580652534186795;439,5321382681864;15,80652534186795;0,008142352367427016;0,009429375357808554;3;4;1;466;20;12;Alta remuneração e alto emprego;0,1816104481278954
7210000;Pesquisa e desenvolvimento experimental em ciências físicas e naturais;Subclasse;M;72;721;72100;7210000;62730;11563,800348477602;725397195,86;4,158592451889945;8783,099791195958;315,85924518899446;0,0008624924671120609;0,0035867546635441534;4;4;3;29;221;59;Alta remuneração e alto emprego;0,17920674841651657
5611203;Lanchonetes, casas de chá, de sucos e similares;Subclasse;I;56;561;56112;5611203;900995;1629,3271638355375;1468015627,98;0,5859412512321481;-1151,3733934461054;-41,405874876785184;0,012388034439751814;0,0072586603999351225;1;4;1;1249;11;23;Baixa remuneração e alto emprego;0,17905569436825014
5012201;Transporte marítimo de longo curso - Carga;Subclasse;H;50;501;50122;5012201;823;14260,526014580802;11736412,91;5,128393266667162;11479,82545729916;412,8393266667162;0,000011315659181145004;0,0000580311503524845;4;1;4;18;1157;942;Alta remuneração e baixo emprego;0,17508185806617235
8112500;Condomínios prediais;Subclasse;N;81;811;81125;8112500;681924;2511,4714764988476;1712632675,14;0,9031794056077767;-269,22908078279534;-9,682059439222336;0,009375965457403556;0,00846817890881679;2;4;1;727;15;14;Baixa remuneração e alto emprego;0,1739211784249161
1830001;Reprodução de som em qualquer suporte;Subclasse;C;18;183;18300;1830001;312;13531,363365384615;4221785,37;4,866170623784319;10750,662808102972;386,61706237843185;0,000004289776020069552;0,00002087478205147687;4;1;4;20;1232;1093;Alta remuneração e baixo emprego;0,16450029573571356
2021500;Fabricação de produtos petroquímicos básicos;Subclasse;C;20;202;20215;2021500;4386;13305,673759689922;58358685,11;4,7850077653443135;10524,973202408279;378,50077653443134;0,00006030435135905467;0,0002885567895371285;4;2;4;21;894;520;Alta remuneração e baixo emprego;0,16444664645850374
7020400;Atividades de consultoria em gestão empresarial, exceto consultoria técnica específica;Subclasse;M;70;702;70204;7020400;293532;5482,007134009239;1609144518,06;1,9714482092125516;2701,306576727596;97,14482092125516;0,004035854277958512;0,007956477688924124;4;4;2;166;47;16;Alta remuneração e alto emprego;0,1640173579013394
6421200;Bancos comerciais;Subclasse;K;64;642;64212;6421200;37884;11494,888517843945;435472356,61;4,1338102686903895;8714,187960562302;313,3810268690389;0,000520877803667676;0,002153210013534336;4;3;3;30;340;114;Alta remuneração e alto emprego;0,16134278822677697
8513900;Ensino fundamental;Subclasse;P;85;851;85139;8513900;571400;2734,470624378719;1562476514,77;0,9833747172877481;-46,22993290292379;-1,6625282712251943;0,007856339800858148;0,007725725930585364;3;4;1;613;21;18;Baixa remuneração e alto emprego;0,1559666513623461
9430800;Atividades de associações de defesa de direitos sociais;Subclasse;S;94;943;94308;9430800;602827;2529,087609612708;1524602296,44;0,9095145476883327;-251,6129476689348;-9,048545231166727;0,008288438489905346;0,0075384553841888295;2;4;1;720;18;19;Baixa remuneração e alto emprego;0,15580969107693277
3511501;Geração de energia elétrica;Subclasse;D;35;351;35115;3511501;42308;10870,889940909521;459925611,62;3,9094068983597015;8090,189383627878;290,94068983597015;0,0005817046277471238;0,002274120084522368;4;4;3;33;310;106;Alta remuneração e alto emprego;0,1543453520570376
8299799;Outras atividades de serviços prestados principalmente às empresas não especificadas anteriormente;Subclasse;N;82;829;82997;8299799;602384;2481,9831759641693;1495106953,47;0,892574775613562;-298,7173813174736;-10,742522438643798;0,008282347557928131;0,007392614513071236;2;4;1;746;19;21;Baixa remuneração e alto emprego;0,1538786916361629
0600002;Extração e beneficiamento de xisto;Subclasse;B;06;060;06000;0600002;270;12697,463851851853;3428315,24;4,5662823415494405;9916,76329457021;356,62823415494404;0,0000037123061712140355;0,000016951438116039664;4;1;3;22;1238;1120;Alta remuneração e baixo emprego;0,1528389537375731
8660700;Atividades de apoio à gestão de saúde;Subclasse;Q;86;866;86607;8660700;333758;4567,097863601772;1524305448,76;1,642427068114977;1786,3973063201288;64,24270681149771;0,004588932900340941;0,007536987609283331;4;4;2;242;41;20;Alta remuneração e alto emprego;0,15184282809628497
6630400;Atividades de administração de fundos por contrato ou comissão;Subclasse;K;66;663;66304;6630400;11740;12026,593069846676;141192202,64;4,325022713558066;9245,892512565033;332,50227135580656;0,0001614165720372325;0,0006981303404057124;4;2;3;27;668;295;Alta remuneração e baixo emprego;0,15148538557352917
6434400;Agências de fomento;Subclasse;K;64;643;64344;6434400;1624;12464,83161945813;20242886,55;4,4826227645466075;9684,131062176486;348,26227645466076;0,000022328834155746643;0,00010009174029233573;4;1;3;24;1079;815;Alta remuneração e baixo emprego;0,15056811808659148
6611803;Bolsa de mercadorias e futuros;Subclasse;K;66;661;66118;6611803;3153;12247,833326990167;38617418,48;4,404585490126777;9467,132769708523;340,45854901267774;0,00004335148651051057;0,00019094532845962157;4;2;3;25;966;654;Alta remuneração e baixo emprego;0,14861085125098955
6204000;Consultoria em tecnologia da informação;Subclasse;J;62;620;62040;6204000;173588;6747,111060326751;1171217514,74;2,426406914854072;3966,410503045108;142,64069148540722;0,0023867103838840814;0,0057911305792103535;4;4;3;108;88;28;Alta remuneração e alto emprego;0,14653420791983177
6619301;Serviços de liquidação e custódia;Subclasse;K;66;661;66193;6619301;18;12170,804444444446;219074,48;4,376884239683247;9390,103887162802;337,6884239683247;2,474870780809357e-7;0,0000010832222915777048;4;1;3;26;1304;1277;Alta remuneração e baixo emprego;0,14531696379569853
4731800;Comércio varejista de combustíveis para veículos automotores;Subclasse;G;47;473;47318;4731800;613734;2168,302616459248;1330761038,01;0,7797684690576453;-612,397940822395;-22,02315309423547;0,008438401909940278;0,006579999738607241;2;4;1;923;17;25;Baixa remuneração e alto emprego;0,14423175671171096
4712100;Comércio varejista de mercadorias em geral, com predominância de produtos alimentícios - minimercados, mercearias e armazéns;Subclasse;G;47;471;47121;4712100;705708;1636,155002791523;1154647674,71;0,5883966896424818;-1144,54555449012;-41,16033103575182;0,009702978383241165;0,0057092003603716615;1;4;1;1247;14;29;Baixa remuneração e alto emprego;0,14128035011808557
8610102;Atividades de atendimento em pronto-socorro e unidades hospitalares para atendimento a urgências;Subclasse;Q;86;861;86101;8610102;433597;3252,720140983448;1410369694,97;1,1697484407178462;472,019583701805;16,974844071784624;0,005961647477481082;0,006973627840892978;3;4;1;460;31;24;Alta remuneração e alto emprego;0,1396225994183657
6612602;Distribuidoras de títulos e valores mobiliários;Subclasse;K;66;661;66126;6612602;7669;11297,49786673621;86640511,14;4,062824325744883;8516,797309454567;306,28243257448827;0,00010544324454459421;0,00042839737892124384;4;2;3;31;781;423;Alta remuneração e baixo emprego;0,13821702471736222
0725100;Extração de minerais radioativos;Subclasse;B;07;072;07251;0725100;430;11629,33353488372;5000613,42;4,18215960162655;8848,632977602078;318,215960162655;0,000005912191309711241;0,00002472572765256192;4;1;3;28;1214;1074;Alta remuneração e baixo emprego;0,13805209686886918
3041500;Fabricação de aeronaves;Subclasse;C;30;304;30415;3041500;19681;10631,778516843657;209244032,99;3,823417264042652;7851,077959562013;282,34172640426516;0,000270599621317272;0,0010346152637878618;4;3;3;36;531;214;Alta remuneração e alto emprego;0,1362652468737593
6612601;Corretoras de títulos e valores mobiliários;Subclasse;K;66;661;66126;6612601;19329;10465,925115629365;202295866,56;3,763772797550213;7685,2245583477215;276,3772797550213;0,0002657598740125781;0,0010002597844889134;4;3;3;38;537;217;Alta remuneração e alto emprego;0,13357771337394844
6311900;Tratamento de dados, provedores de serviços de aplicação e serviços de hospedagem na Internet;Subclasse;J;63;631;63119;6311900;80829;8270,06952108773;668461449,32;2,974095682266624;5489,368963806086;197,40956822666237;0,0011113407241224419;0,003305233649139618;4;4;3;69;189;67;Alta remuneração e alto emprego;0,1326679384559295
3600601;Captação, tratamento e distribuição de água;Subclasse;E;36;360;36006;3600601;120304;7174,84654890943;863162739,22;2,580229838168341;4394,145991627787;158,0229838168341;0,0016540936356360494;0,0042679417537924876;4;4;3;93;132;48;Alta remuneração e alto emprego;0,13140888083869443
6440900;Arrendamento mercantil;Subclasse;K;64;644;64409;6440900;344;10970,087093023256;3773709,96;3,9450803375058094;8189,3865357416125;294,5080337505809;0,000004729753047768994;0,00001865925575001163;4;1;3;32;1223;1105;Alta remuneração e baixo emprego;0,12879799830240735
6203100;Desenvolvimento e licenciamento de programas de computador não customizáveis;Subclasse;J;62;620;62031;6203100;117399;7103,314886072283;833922064,31;2,5545055067045195;4322,61432879064;155,45055067045195;0,0016141519710902094;0,0041233600988078946;4;4;3;95;136;51;Alta remuneração e alto emprego;0,1286610509893154
7719501;"Locação de embarcações sem tripulação, exceto para fins
recreativos";Subclasse;N;77;771;77195;7719501;1806;10845,374390919158;19586746,15;3,900230955296164;8064,673833637515;290,0230955296164;0,000024831203500787215;0,00009684742855102879;4;1;3;34;1058;822;Alta remuneração e baixo emprego;0,12799485258013457
2121101;Fabricação de medicamentos alopáticos para uso humano;Subclasse;C;21;212;21211;2121101;122168;6917,020188510903;845038522,39;2,487509908392597;4136,31963122926;148,75099083925969;0,0016797222974995417;0,004178325858378088;4;4;3;104;129;50;Alta remuneração e alto emprego;0,1271571099890491
4711301;Comércio varejista de mercadorias em geral, com predominância de produtos alimentícios - hipermercados;Subclasse;G;47;471;47113;4711301;564739;1990,9139134361183;1124346732,56;0,715975658803908;-789,7866438455246;-28,4024341196092;0,007764755832686086;0,005559376172758907;1;4;1;1024;22;31;Baixa remuneração e alto emprego;0,1268515706552106
4211101;Construção de rodovias e ferrovias;Subclasse;F;42;421;42111;4211101;425916;2931,4682178410767;1248559217,47;1,0542193082116045;150,7676605594338;5,421930821160448;0,005856039241551101;0,006173549638088011;3;4;1;553;32;26;Alta remuneração e alto emprego;0,12643133380821567
6436100;Sociedades de crédito, financiamento e investimento - financeiras;Subclasse;K;64;643;64361;6436100;10994;10318,810056394397;113444997,76;3,7108670436927085;7538,109499112754;271,0867043692708;0,00015115960757898928;0,0005609332061023939;4;2;3;40;687;347;Alta remuneração e baixo emprego;0,12626394807759292
5111100;Transporte aéreo de passageiros regular;Subclasse;H;51;511;51111;5111100;55655;8644,508523582786;481110121,88;3,108752037664021;5863,807966301143;210,8752037664021;0,0007652162961441376;0,002378867719891803;4;4;3;63;253;101;Alta remuneração e alto emprego;0,12590185481818303
5011401;Transporte marítimo de cabotagem - Carga;Subclasse;H;50;501;50114;5011401;4627;10516,390825588935;48659340,35;3,7819213572099066;7735,690268307291;278,1921357209907;0,00006361792834891608;0,00024059800192421533;4;2;3;37;883;577;Alta remuneração e baixo emprego;0,12514471611868683
8111700;Serviços combinados para apoio a edifícios, exceto condomínios prediais;Subclasse;N;81;811;81117;8111700;636247;1565,185022326235;995844274,9;0,5628743512952464;-1215,515534955408;-43,712564870475354;0,00874793949820895;0,004923990770224426;1;4;1;1280;16;41;Baixa remuneração e alto emprego;0,12484861789731522
6541300;Previdência complementar fechada;Subclasse;K;65;654;65413;6541300;8274;10336,76055958424;85526356,87;3,7173224324769616;7556,060002302596;271,73224324769615;0,00011376156022453677;0,0004228883997762495;4;2;3;39;766;426;Alta remuneração e baixo emprego;0,1248482182174917
6202300;Desenvolvimento e licenciamento de programas de computador customizáveis;Subclasse;J;62;620;62023;6202300;140809;6396,012780291033;900616163,58;2,3001443875509007;3615,31222300939;130,01443875509005;0,001936022665416582;0,004453131668029287;4;4;2;126;116;45;Alta remuneração e alto emprego;0,1247512368031127
6611804;Administração de mercados de balcão organizados;Subclasse;K;66;661;66118;6611804;53;10672,450188679246;565639,86;3,838043675983731;7891,749631397603;283,8043675983731;7,287119521271995e-7;0,0000027968282994755577;4;1;3;35;1288;1247;Alta remuneração e baixo emprego;0,12446233325142789
1071600;Fabricação de açúcar em bruto;Subclasse;C;10;107;10716;1071600;368094;3321,9371668921526;1222785139,51;1,1946403787323334;541,2366096105097;19,46403787323334;0,005061028251062441;0,006046108706624274;3;4;1;439;37;27;Alta remuneração e alto emprego;0,12390691751783996
6512000;Sociedade seguradora de seguros não vida;Subclasse;K;65;651;65120;6512000;37675;9078,12031108162;342018182,72;3,2646882050314;6297,419753799977;226,46882050314;0,000518004203705514;0,0016911222139940744;4;3;3;57;342;138;Alta remuneração e alto emprego;0,12312925563891271
6462000;Holdings de instituições não financeiras;Subclasse;K;64;646;64620;6462000;109002;7008,080286600246;763894767,4;2,520257087102973;4227,3797293186035;152,0257087102973;0,0014986992491654528;0,003777107404145137;4;4;3;100;148;58;Alta remuneração e alto emprego;0,12297295483166337
2920402;Fabricação de motores para caminhões e ônibus;Subclasse;C;29;292;29204;2920402;3232;10217,964446163367;33024461,09;3,6746007833911625;7437,263888881724;267,46007833911625;0,000044437679797643566;0,0001632907329965067;4;2;3;42;961;701;Alta remuneração e baixo emprego;0,12006897870136182
3520402;Distribuição de combustíveis gasosos por redes urbanas;Subclasse;D;35;352;35204;3520402;2863;10216,990076842472;29251242,59;3,6742503791312204;7436,289519560829;267,425037913122;0,00003936419469698438;0,00014463390728959008;4;2;3;43;982;738;Alta remuneração e baixo emprego;0,11983010542961575
3512300;Transmissão de energia elétrica;Subclasse;D;35;351;35123;3512300;21510;9445,148137610413;203165136,44;3,3966793414260326;6664,44758032877;239,66793414260326;0,00029574705830671814;0,0010045579232379502;4;3;3;50;500;216;Alta remuneração e alto emprego;0,11965142931450293
6424701;Bancos cooperativos;Subclasse;K;64;642;64247;6424701;1423;10266,795888966972;14609650,55;3,692161625271721;7486,095331685328;269,2161625271721;0,000019565228450509527;0,00007223798567464579;4;1;3;41;1096;901;Alta remuneração e baixo emprego;0,1196488212108626
6920601;Atividades de contabilidade;Subclasse;M;69;692;69206;6920601;445796;2547,043113419591;1135461631,79;0,9159717348025166;-233,65744386205188;-8,402826519748341;0,006129374970009378;0,0056143342245346135;2;4;1;705;30;30;Baixa remuneração e alto emprego;0,11892313484284753
8532500;Educação superior - graduação e pós-graduação;Subclasse;P;85;853;85325;8532500;270521;4083,7991010309734;1104753416,61;1,4686223909787732;1303,0985437493305;46,86223909787732;0,003719469547196267;0,0054624962595761165;4;4;2;309;54;32;Alta remuneração e alto emprego;0,11747773863201465
2051700;Fabricação de defensivos agrícolas;Subclasse;C;20;205;20517;2051700;15859;9431,49262753011;149574041,58;3,3917685249612592;6650,792070248466;239,17685249612592;0,00021804986507141996;0,0007395746692212918;4;3;3;51;584;283;Alta remuneração e alto emprego;0,11621361533183497
5510801;Hotéis;Subclasse;I;55;551;55108;5510801;487738;2127,03505258971;1037435822,48;0,7649277614663612;-653,6655046919327;-23,50722385336388;0,0067060473605021894;0,005129641795756341;2;4;1;943;26;36;Baixa remuneração e alto emprego;0,11501339147821729
4530703;Comércio a varejo de peças e acessórios novos para veículos automotores;Subclasse;G;45;453;45307;4530703;476079;2191,5299391487547;1043341381,9;0,7881215161445324;-589,1706181328882;-21,187848385546758;0,0065457444803163215;0,005158842064121604;2;4;1;913;28;35;Baixa remuneração e alto emprego;0,11456518113466903
4744099;Comércio varejista de materiais de construção em geral;Subclasse;G;47;474;47440;4744099;504781;2003,4978213918512;1011327633,78;0,7205011039917331;-777,2027358897917;-27,949889600826694;0,006940376375598489;0,005000548840736855;1;4;1;1017;23;38;Baixa remuneração e alto emprego;0,11454198745977293
5030103;Serviço de rebocadores e empurradores;Subclasse;H;50;503;50301;5030103;137;9942,24897810219;1362088,11;3,5754475439892506;7161,548420820547;257,5447543989251;0,0000018836516498382328;0,00000673489766514541;4;1;3;45;1263;1195;Alta remuneração e baixo emprego;0,11433725014924681
6209100;Suporte técnico, manutenção e outros serviços em tecnologia da informação;Subclasse;J;62;620;62091;6209100;226489;4507,4381807505;1020885166,12;1,6209721571591589;1726,7376234688568;62,09721571591589;0,003114061157081836;0,005047806431320491;4;4;2;249;68;37;Alta remuneração e alto emprego;0,11420906672781436
4321500;Instalação e manutenção elétrica;Subclasse;F;43;432;43215;4321500;425358;2542,0053998044;1081262332,85;0,9141600641420425;-238,6951574772429;-8,583993585795746;0,005848367142130591;0,005346343681776316;2;4;1;710;33;33;Baixa remuneração e alto emprego;0,1138795397407876
6438701;Bancos de câmbio;Subclasse;K;64;643;64387;6438701;566;9829,113692579505;5563278,35;3,53476165092305;7048,413135297862;253,47616509230502;0,000007782093677433867;0,000027507846294883967;4;1;3;46;1190;1061;Alta remuneração e baixo emprego;0,11301398128748383
2011800;Fabricação de cloro e álcalis;Subclasse;C;20;201;20118;2011800;1619;9756,40219271155;15795615,15;3,5086130245714817;6975,701635429907;250,86130245714818;0,000022260087745168604;0,00007810203379080261;4;1;3;47;1081;874;Alta remuneração e baixo emprego;0,11261799767684758
4912403;Transporte metroviário;Subclasse;H;49;491;49124;4912403;18633;8900,17764933183;165837010,14;3,200696179250766;6119,477092050187;220,0696179250766;0,00025619037366011527;0,0008199875501347571;4;3;3;59;547;248;Alta remuneração e alto emprego;0,10991977952617268
1412601;Confecção de peças do vestuário, exceto roupas íntimas e as confeccionadas sob medida;Subclasse;C;14;141;14126;1412601;493486;1925,5854733670255;950249472,91;0,6924821402738306;-855,1150839146173;-30,75178597261694;0,006785078234102702;0,004698545497476823;1;4;1;1070;25;43;Baixa remuneração e alto emprego;0,10952652876464256
4921301;Transporte rodoviário coletivo de passageiros, com itinerário fixo, municipal;Subclasse;H;49;492;49213;4921301;378345;2786,769561802059;1054360329,86;1,0021825451519846;6,0690045204160015;0,21825451519845718;0,005201972142029534;0,005213325681108881;3;4;1;597;36;34;Alta remuneração e alto emprego;0,10949909007976867
6130200;Telecomunicações por satélite;Subclasse;J;61;613;61302;6130200;1583;9491,53551484523;15025100,72;3,413361244521764;6710,8349575635875;241,3361244521764;0,000021765113589006733;0,00007429219520732959;4;1;3;48;1084;891;Alta remuneração e baixo emprego;0,10888637287050101
0151201;Criação de bovinos para corte;Subclasse;A;01;015;01512;0151201;448035;2199,884129186336;985625085,82;0,7911258633820315;-580,816428095307;-20,88741366179685;0,006160159612666223;0,004873461592141688;2;4;1;905;29;42;Baixa remuneração e alto emprego;0,10859673295184782
5231101;Administração da infraestrutura portuária;Subclasse;H;52;523;52311;5231101;4362;9332,023452544703;40706286,3;3,355997260513193;6551,32289526306;235,59972605131932;0,00005997436858828008;0,0002012738166832765;4;2;3;55;896;637;Alta remuneração e baixo emprego;0,10822851237024544
6619305;Operadoras de cartões de débito;Subclasse;K;66;661;66193;6619305;1955;9422,527452685423;18421041,17;3,3885444543862344;6641,826895403779;238,85444543862343;0,000026879846536012738;0,000091083554914359;4;1;3;52;1045;837;Alta remuneração e baixo emprego;0,10813234145871883
4511101;Comércio a varejo de automóveis, camionetas e utilitários novos;Subclasse;G;45;451;45111;4511101;257342;3881,5850993230797;998894872,63;1,3959018669445082;1100,8845420414368;39,59018669445082;0,0035382677581946753;0,0049390745694135076;3;4;2;337;58;40;Alta remuneração e alto emprego;0,10801122031422604
2094100;Fabricação de catalisadores;Subclasse;C;20;209;20941;2094100;678;9454,450707964603;6410117,58;3,4000247467160163;6673,750150682959;240,00247467160162;0,00000932201327438191;0,0000316950758221137;4;1;3;49;1176;1036;Alta remuneração e baixo emprego;0,10784803679683624
5913800;Distribuição cinematográfica, de vídeo e de programas de televisão;Subclasse;J;59;591;59138;5913800;1761;9380,689176604203;16519393,64;3,3734985063528655;6599,988619322559;237,34985063528654;0,000024212485805584875;0,00008168078470023054;4;1;3;53;1062;862;Alta remuneração e baixo emprego;0,10743496002452294
6511101;Sociedade seguradora de seguros vida;Subclasse;K;65;651;65111;6511101;15507;8798,036247501128;136431148,09;3,1639639242932045;6017,335690219485;216,39639242932046;0,0002132101177667261;0,0006745891209082272;4;3;3;60;588;298;Alta remuneração e alto emprego;0,10671182237195098
6499903;Fundo garantidor de crédito;Subclasse;K;64;649;64999;6499903;69;9358,386376811595;645728,66;3,3654779376748736;6577,685819529952;236,54779376748735;9,487004659769202e-7;0,000003192830487707197;4;1;3;54;1281;1239;Alta remuneração e baixo emprego;0,10616019309125196
6619399;Outras atividades auxiliares dos serviços financeiros não especificadas anteriormente;Subclasse;K;66;661;66193;6619399;60419;7296,500214171039;440847246,44;2,6239791246361137;4515,799656889396;162,39791246361136;0,0008307178761428919;0,0021797863654609974;4;4;3;87;233;113;Alta remuneração e alto emprego;0,10572801207238193
2851800;Fabricação de máquinas e equipamentos para a prospecção e extração de petróleo, peças e acessórios;Subclasse;C;28;285;28518;2851800;9402;8955,478125930653;84199405,34;3,2205834254535297;6174,7775686490095;222,05834254535296;0,00012927075045094207;0,00041632723629824353;4;2;3;58;735;427;Alta remuneração e baixo emprego;0,10567075018074501
6461100;Holdings de instituições financeiras;Subclasse;K;64;646;64611;6461100;1601;9225,337682698315;14769765,63;3,317630752631927;6444,637125416672;231,7630752631927;0,00002201260066708767;0,00007302968091853612;4;1;3;56;1083;896;Alta remuneração e baixo emprego;0,10516738375365697
0115600;Cultivo de soja;Subclasse;A;01;011;01156;0115600;327562;3058,6847607170553;1001908897,59;1,0999691256606083;277,9842034354124;9,996912566060834;0,0045037423483526365;0,004953977533118105;3;4;1;517;43;39;Alta remuneração e alto emprego;0,10485105840865613
6021700;Atividades de televisão aberta;Subclasse;J;60;602;60217;6021700;52167;7423,1937307109865;387245747,35;2,669540850514214;4642,493173429344;166,95408505142143;0,0007172588001248984;0,0019147516673242264;4;4;3;80;270;125;Alta remuneração e alto emprego;0,1039428589888864
7830200;Fornecimento e gestão de recursos humanos para terceiros;Subclasse;N;78;783;78302;7830200;504537;1675,0522010476932;845125812,36;0,6023849625452625;-1105,6483562339497;-39,761503745473746;0,006937021550762281;0,0041787574670316165;1;4;1;1230;24;49;Baixa remuneração e alto emprego;0,10331604249537688
5620101;Fornecimento de alimentos preparados preponderantemente para empresas;Subclasse;I;56;562;56201;5620101;481048;1802,7679738196603;867217928,27;0,6483143138511865;-977,9325834619826;-35,168568614881345;0,006614064663148776;0,004287992793856678;1;4;1;1148;27;46;Baixa remuneração e alto emprego;0,10288454133900912
1012101;Abate de aves;Subclasse;C;10;101;10121;1012101;402819;2256,266618828804;908867063,13;0,8114022248531805;-524,4339384528389;-18,85977751468195;0,005538472072526913;0,004493928561935544;2;4;1;871;35;44;Baixa remuneração e alto emprego;0,10017484696934634
8599699;Outras atividades de ensino não especificadas anteriormente;Subclasse;P;85;859;85996;8599699;206182;4203,203698431483;866624944,95;1,5115628640505077;1422,5031411498398;51,156286405050764;0,0028348544851601936;0,00428506076475517;4;4;2;292;76;47;Alta remuneração e alto emprego;0,10015288837812329
4511103;Comércio por atacado de automóveis, camionetas e utilitários novos e usados;Subclasse;G;45;451;45111;4511103;6327;8651,588052789632;54738597,61;3,111297989326564;5870,887495507988;211,12979893265643;0,0000869917079454489;0,0002706571260187589;4;2;3;62;830;538;Alta remuneração e baixo emprego;0,09965524854124788
6613400;Administração de cartões de crédito;Subclasse;K;66;661;66134;6613400;27593;7830,796002609357;216075154,1;2,8161234341120807;5050,095445327714;181,61234341120806;0,0003793839414159588;0,0010683920079472865;4;3;3;73;429;208;Alta remuneração e alto emprego;0,09849081769374865
6022501;Programadoras;Subclasse;J;60;602;60225;6022501;3096;8657,735991602067;26804350,63;3,113508920955407;5877,0354343204235;211,3508920955407;0,000042567777429920944;0,0001325351547733031;4;2;3;61;972;756;Alta remuneração e baixo emprego;0,09801495392382985
0710301;Extração de minério de ferro;Subclasse;B;07;071;07103;0710301;75585;6434,935953959119;486384634,08;2,314142001773029;3654,235396677476;131,41420017730292;0,0010392394887081958;0,002404947750720764;4;4;2;124;195;97;Alta remuneração e alto emprego;0,09768823320417416
3514000;Distribuição de energia elétrica;Subclasse;D;35;351;35140;3514000;87340;6157,397815204946;537787125,18;2,2143332906094333;3376,697257923303;121,43332906094332;0,0012008622999771625;0,002659109368277243;4;4;2;135;178;88;Alta remuneração e alto emprego;0,09767248470910105
8413200;Regulação das atividades econômicas;Subclasse;O;84;841;84132;8413200;3468;8576,038301614763;29741700,83;3,084128666481991;5795,337744333119;208,4128666481991;0,00004768251037692695;0,0001470589971433054;4;2;3;64;943;731;Alta remuneração e baixo emprego;0,09706195597466251
6542100;Previdência complementar aberta;Subclasse;K;65;654;65421;6542100;4201;8508,681811473458;35744972,29;3,059905817328053;5727,9812541918145;205,99058173280528;0,00005776073416766727;0,00017674240649278436;4;2;3;67;903;677;Alta remuneração e baixo emprego;0,09649893622150366
2910701;Fabricação de automóveis, camionetas e utilitários;Subclasse;C;29;291;29107;2910701;80175;6253,847515434986;501402224,55;2,2490186866969317;3473,1469581533433;124,90186866969317;0,0011023486936188344;0,0024792028112047095;4;4;2;132;190;92;Alta remuneração e alto emprego;0,09642463646645139
6450600;Sociedades de capitalização;Subclasse;K;64;645;64506;6450600;2306;8569,430065047702;19761105,73;3,081752201835427;5788,729507766058;208,17522018354268;0,000031705844558590986;0,00009770955627948958;4;1;3;65;1016;821;Alta remuneração e baixo emprego;0,09635234288364172
5310501;Atividades do Correio Nacional;Subclasse;H;53;531;53105;5310501;103791;5712,92619706911;592950322,92;2,0544916935083264;2932,2256397874667;105,44916935083263;0,0014270517400610222;0,0029318659461619735;4;4;2;152;158;80;Alta remuneração e alto emprego;0,09605843089703928
2920401;Fabricação de caminhões e ônibus;Subclasse;C;29;292;29204;2920401;43744;7144,793176207022;312541832,7;2,5694219960137055;4364,092618925379;156,94219960137053;0,0006014485968651362;0,0015453752542568609;4;4;3;94;305;150;Alta remuneração e alto emprego;0,09547372722554603
2949299;Fabricação de outras peças e acessórios para veículos automotores não especificadas anteriormente;Subclasse;C;29;294;29492;2949299;203216;4046,0350453212345;822219057,77;1,4550416206182795;1265,3344880395916;45,50416206182795;0,0027940741144053018;0,004065494127551875;4;4;2;317;77;52;Alta remuneração e alto emprego;0,09547166357960656
1910100;Coquerias;Subclasse;C;19;191;19101;1910100;375;8567,840506666667;3212940,19;3,0811805622977313;5787,139949385024;208,11805622977312;0,000005155980793352827;0,000015886507800059167;4;1;3;66;1219;1127;Alta remuneração e baixo emprego;0,0953057782911265
2029100;Fabricação de produtos químicos orgânicos não especificados anteriormente;Subclasse;C;20;202;20291;2029100;18841;7810,700479804682;147161407,74;2,808896649929206;5029,999922523039;180,8896649929206;0,00025905022434016166;0,0007276453073124892;4;3;3;74;542;287;Alta remuneração e alto emprego;0,09386216694808115
1710900;Fabricação de celulose e outras pastas para a fabricação de papel;Subclasse;C;17;171;17109;1710900;27965;7451,348657607724;208376965,21;2,6796659705394577;4670,6481003260815;167,96659705394578;0,0003844986743629648;0,001030328013407969;4;3;3;79;426;215;Alta remuneração e alto emprego;0,0928753005214906
8411600;Administração pública em geral;Subclasse;O;84;841;84116;8411600;35999;7196,718141615045;259074656,38;2,5880953354612237;4416,017584333402;158,80953354612237;0,0004949604068797558;0,0012810047202834855;4;3;3;90;350;182;Alta remuneração e alto emprego;0,09271228291431288
5112999;Outros serviços de transporte aéreo de passageiros não regular;Subclasse;H;51;511;51129;5112999;680;8358,51255882353;5683788,54;3,0059017095298617;5577,812001541886;200,59017095298617;0,000009349511838613126;0,00002810371361895688;4;1;3;68;1174;1054;Alta remuneração e baixo emprego;0,09254426437039465
6424703;Cooperativas de crédito mútuo;Subclasse;K;64;642;64247;6424703;133390;4934,098005472674;658159332,95;1,77440824850848;2153,3974481910313;77,440824850848;0,0018340167414008896;0,003254294433844383;4;4;2;206;123;71;Alta remuneração e alto emprego;0,09179940762676862
2014200;Fabricação de gases industriais;Subclasse;C;20;201;20142;2014200;6875;8063,781773090909;55438499,69;2,8999101510498133;5283,081215809267;189,99101510498133;0,00009452631454480184;0,0002741178190897985;4;2;3;70;804;535;Alta remuneração e baixo emprego;0,09156329304371626
4651601;Comércio atacadista de equipamentos de informática;Subclasse;G;46;465;46516;4651601;29352;7216,2326516080675;211810860,79;2,5951131748837106;4435,532094326425;159,51131748837105;0,0004035689286573125;0,001047307043732296;4;3;3;89;409;212;Alta remuneração e alto emprego;0,08992678050099774
8299702;Emissão de vales-alimentação, vales-transporte e similares;Subclasse;N;82;829;82997;8299702;12002;7726,589858356941;92734531,48;2,7786486531690056;4945,889301075298;177,86486531690056;0,0001650188839515217;0,00045852949963934823;4;3;3;76;655;405;Alta remuneração e alto emprego;0,08926431134213336
6110801;Serviços de telefonia fixa comutada - STFC;Subclasse;J;61;611;61108;6110801;62704;6253,916817587395;392145600,13;2,2490436092482744;3473,216260305752;124,90436092482744;0,0008621349857770551;0,001938979180071238;4;4;2;131;222;124;Alta remuneração e alto emprego;0,08911339948077679
4681801;Comércio atacadista de álcool carburante, biodiesel, gasolina e demais derivados de petróleo, exceto lubrificantes, não realizado por transportador retalhista (TRR);Subclasse;G;46;468;46818;4681801;22508;7352,92670072863;165499674,18;2,644271308348535;4572,226143446987;164,4271308348535;0,0003094688418580945;0,0008183195793532095;4;3;3;85;480;251;Alta remuneração e alto emprego;0,08879701916816692
8531700;Educação superior - graduação;Subclasse;P;85;853;85317;8531700;213897;3629,513887805813;776342132,06;1,3052516130517673;848,8133305241699;30,52516130517673;0,002940930196682106;0,0038386538830919702;3;4;2;373;73;55;Alta remuneração e alto emprego;0,08869162073374293
3031800;Fabricação de locomotivas, vagões e outros materiais rodantes;Subclasse;C;30;303;30318;3031800;3452;7978,1587804171495;27540604,11;2,869118272920561;5197,458223135507;186,9118272920561;0,00004746252186307722;0,00013617558875624652;4;2;3;71;947;748;Alta remuneração e baixo emprego;0,08862387115065432
4110700;Incorporação de empreendimentos imobiliários;Subclasse;F;41;411;41107;4110700;313189;2595,310319519523;812822643,66;0,93332966497358;-185,3902377621198;-6,667033502641995;0,004306123916505009;0,0040190331923263415;2;4;1;681;44;53;Baixa remuneração e alto emprego;0,08838143155228656
4639701;Comércio atacadista de produtos alimentícios em geral;Subclasse;G;46;463;46397;4639701;342240;2301,900994740533;787802596,44;0,8278133324038405;-478,79956254110994;-17,218666759615953;0,004705554311245524;0,003895320595199416;2;4;1;839;40;54;Baixa remuneração e alto emprego;0,08772234787722975
6550200;Planos de saúde;Subclasse;K;65;655;65502;6550200;170814;4125,274591134216;704654654,01;1,4835378733361357;1344,5740338525734;48,353787333613575;0,002348569875295386;0,003484192358177031;4;4;2;303;92;61;Alta remuneração e alto emprego;0,0871269340191634
0000000;0000000;Subclasse;;00;000;00000;0000000;6427;7747,901940252063;49795765,77;2,7863129382856875;4967,201382970419;178,63129382856874;0,00008836663615700965;0,00024621710163705984;4;2;3;75;826;569;Alta remuneração e baixo emprego;0,08683751235034429
8430200;Seguridade social obrigatória;Subclasse;O;84;843;84302;8430200;488;7933,580450819672;3871587,26;2,853086942441361;5152,879893538029;185,30869424413612;0,000006709649672416479;0,000019143213868727415;4;1;3;72;1201;1103;Alta remuneração e baixo emprego;0,08651407905817625
8511200;Educação infantil - creche;Subclasse;P;85;851;85112;8511200;329270;2333,505280165214;768353283,6;0,8391789162823062;-447,19527711642877;-16,082108371769376;0,004527226122206095;0,0037991527109978583;2;4;1;822;42;56;Baixa remuneração e alto emprego;0,08557931247828675
6520100;Sociedade seguradora de seguros-saúde;Subclasse;K;65;652;65201;6520100;10362;7413,694753908512;76820705,04;2,6661248132218853;4632,994196626869;166,61248132218853;0,00014247006128192532;0,0003798429655249837;4;2;3;81;708;458;Alta remuneração e baixo emprego;0,08394503878839293
1042200;Fabricação de óleos vegetais refinados, exceto óleo de milho;Subclasse;C;10;104;10422;1042200;12429;7327,870234129858;91078099,14;2,635260461591534;4547,169676848214;163,5260461591534;0,0001708898274148861;0,00045033920547465033;4;3;3;86;642;410;Alta remuneração e alto emprego;0,08367877858413382
5112901;Serviço de táxi aéreo e locação de aeronaves com tripulação;Subclasse;H;51;511;51129;5112901;9811;7397,980675772093;72581588,41;2,66047369120687;4617,280118490449;166,047369120687;0,00013489420683622557;0,00035888248838399604;4;2;3;82;722;470;Alta remuneração e baixo emprego;0,0834571365397273
8512100;Educação infantil - pré-escola;Subclasse;P;85;851;85121;8512100;345718;2084,70694106179;720720714,25;0,7497056580230119;-695,9936162198528;-25,02943419769881;0,004753374314443607;0,0035636316182396286;2;4;1;970;39;60;Baixa remuneração e alto emprego;0,08279213201192483
4681804;Comércio atacadista de combustíveis de origem mineral em bruto;Subclasse;G;46;468;46818;4681804;200;7657,0247;1531404,94;2,75363151920441;4876,324142718357;175,363151920441;0,000002749856423121508;0,000007572091319994083;4;1;3;77;1248;1187;Alta remuneração e baixo emprego;0,08251443025473834
6120501;Telefonia móvel celular;Subclasse;J;61;612;61205;6120501;35500;6510,267524225353;231114497,11;2,341232862048857;3729,5669669437098;134,1232862048857;0,0004880995151040676;0,0011427546247117558;4;3;2;118;355;198;Alta remuneração e alto emprego;0,08173871179426821
7490104;Atividades de intermediação e agenciamento de serviços e negócios em geral, exceto imobiliários;Subclasse;M;74;749;74901;7490104;168449;3904,1977806932664;657658211,96;1,404033875733075;1123,4972234116235;40,403387573307505;0,0023160528230919742;0,003251816621608355;3;4;2;331;93;72;Alta remuneração e alto emprego;0,08149991040112287
7320300;Pesquisas de mercado e de opinião pública;Subclasse;M;73;732;73203;7320300;9832;7193,4942117575265;70726435,09;2,5869359406284804;4412,793654475883;158,69359406284804;0,00013518294176065332;0,00034970961060052085;4;2;3;91;721;474;Alta remuneração e baixo emprego;0,0805209282310876
4912402;Transporte ferroviário de passageiros municipal e em região metropolitana;Subclasse;H;49;491;49124;4912402;19193;6876,294684520398;131976723,88;2,4728641372455167;4095,594127238755;147,28641372455166;0,0002638899716448555;0,0006525640470592996;4;3;3;105;538;302;Alta remuneração e alto emprego;0,08015055486721571
1931400;Fabricação de álcool;Subclasse;C;19;193;19314;1931400;195169;3493,85708416808;681892593,26;1,2564664954732143;713,156526886437;25,64664954732143;0,0026834336412210075;0,003371644463019887;3;4;2;407;80;65;Alta remuneração e alto emprego;0,08005923685873008
9200399;Exploração de jogos de azar e apostas não especificados anteriormente;Subclasse;R;92;920;92003;9200399;1639;7372,753532641855;12083943,04;2,6514014654815297;4592,052975360211;165,14014654815296;0,000022535073387480758;0,0000597495266043003;4;1;3;83;1078;935;Alta remuneração e baixo emprego;0,07923127425192174
2022300;Fabricação de intermediários para plastificantes, resinas e fibras;Subclasse;C;20;202;20223;2022300;1567;7368,964633056797;11547167,58;2,650038895328071;4588,264075775154;165,0038895328071;0,000021545125075157013;0,000057095419453874223;4;1;3;84;1086;944;Alta remuneração e baixo emprego;0,0791441691149609
3101200;Fabricação de móveis com predominância de madeira;Subclasse;C;31;310;31012;3101200;304566;2274,773362325407;692818623,87;0,81805764966983;-505,9271949562358;-18,194235033017;0,0041875638568221255;0,003425668646554237;2;4;1;861;45;64;Baixa remuneração e alto emprego;0,07849158127780301
7312200;Agenciamento de espaços para publicidade, exceto em veículos de comunicação;Subclasse;M;73;731;73122;7312200;11021;7012,855546683604;77288680,98;2,521974373802849;4232,154989401961;152,1974373802849;0,0001515308381961107;0,0003821568907714571;4;2;3;99;684;455;Alta remuneração e baixo emprego;0,07845964046335378
6120599;Serviços de telecomunicações sem fio não especificados anteriormente;Subclasse;J;61;612;61205;6120599;1495;7285,991785953178;10892557,72;2,6202000668046823;4505,291228671535;162,02000668046824;0,00002055517676283327;0,00005385867552715779;4;1;3;88;1092;953;Alta remuneração e baixo emprego;0,07794815615262081
4292802;Obras de montagem industrial;Subclasse;F;42;429;42928;4292802;209516;3227,7338543118426;676261886,22;1,1607628321789565;447,0332970301997;16,07628321789565;0,002880694591733629;0,0033438032129433307;3;4;1;465;75;66;Alta remuneração e alto emprego;0,07774631442473019
4299599;Outras obras de engenharia civil não especificadas anteriormente;Subclasse;F;42;429;42995;4299599;239533;2903,9280068299568;695586587,26;1,0443152533003333;123,22744954831387;4,431525330033326;0,0032934067929978206;0,0034393549492505574;3;4;1;563;63;63;Alta remuneração e alto emprego;0,07765698241318945
1113502;Fabricação de cervejas e chopes;Subclasse;C;11;111;11135;1113502;58760;5602,021739448605;329174797,41;2,0146080543548455;2821,3211821669624;101,46080543548455;0,0008079078171130989;0,0016276175955322908;4;4;2;158;237;143;Alta remuneração e alto emprego;0,07652832885105448
2423701;Produção de tubos de aço sem costura;Subclasse;C;24;242;24237;2423701;6317;7023,972863701124;44370436,58;2,525972401202242;4243,2723064194815;152,5972401202242;0,00008685421512429283;0,00021939135033204605;4;2;3;98;832;610;Alta remuneração e baixo emprego;0,07647646941676933
0721901;Extração de minério de alumínio;Subclasse;B;07;072;07219;0721901;5415;7027,268677746999;38052659,89;2,5271576471422423;4246,568120465356;152,71576471422424;0,00007445236265601482;0,00018815285763395541;4;2;3;97;856;657;Alta remuneração e baixo emprego;0,07611213779947627
6438799;Outras instituições de intermediação não monetária não especificadas anteriormente;Subclasse;K;64;643;64387;6438799;154;7180,965000000001;1105868,61;2,5824301653752926;4400,264442718359;158,24301653752926;0,000002117389445803561;0,000005468010376690389;4;1;3;92;1258;1211;Alta remuneração e baixo emprego;0,0758559272489223
4664800;"Comércio atacadista de máquinas, aparelhos e equipamentos para uso odonto-médico-hospitalar; partes e peças";Subclasse;G;46;466;46648;4664800;15446;6695,189829081963;103413902,1;2,4077349182923333;3914,48927180032;140,77349182923334;0,00021237141155767405;0,0005113340632544439;4;3;3;111;591;377;Alta remuneração e alto emprego;0,07581106217037199
0710302;Pelotização, sinterização e outros beneficiamentos de minério de ferro;Subclasse;B;07;071;07103;0710302;5807;6952,404382641639;40372612,25;2,500234829110176;4171,703825359997;150,0234829110176;0,00007984208124533298;0,0001996239523582259;4;2;3;101;847;641;Alta remuneração e baixo emprego;0,07522681900983155
6022502;Atividades relacionadas à televisão por assinatura, exceto programadoras;Subclasse;J;60;602;60225;6022502;1363;7094,408217168012;9669678,4;2,551302476129743;4313,70765988637;155,1302476129743;0,000018740271523573075;0,000047812101141435703;4;1;3;96;1107;978;Alta remuneração e baixo emprego;0,07520450542791218
4652400;Comércio atacadista de componentes eletrônicos e equipamentos de telefonia e comunicação;Subclasse;G;46;465;46524;4652400;22039;6449,536954489768;142141344,94;2,3193928370319403;3668,8363972081247;131,93928370319404;0,00030302042854587455;0,0007028234114436505;4;3;2;122;487;293;Alta remuneração e alto emprego;0,07502696686773606
8219999;Preparação de documentos e serviços especializados de apoio administrativo não especificados anteriormente;Subclasse;N;82;821;82199;8219999;287843;2287,761467292934;658516124,03;0,8227284528361456;-492,93908998870893;-17,727154716385442;0,003957634612002821;0,0032560586012238607;2;4;1;854;50;70;Baixa remuneração e alto emprego;0,07501513789719522
4645101;Comércio atacadista de instrumentos e materiais para uso médico, cirúrgico, hospitalar e de laboratórios;Subclasse;G;46;464;46451;4645101;66742;5329,693518773785;355714404,83;1,916672942297673;2548,9929614921425;91,6672942297673;0,0009176545869598783;0,001758843717201346;4;4;2;173;216;134;Alta remuneração e alto emprego;0,07494473201197593
8800600;Serviços de assistência social sem alojamento;Subclasse;Q;88;880;88006;8800600;261099;2540,7218872917933;663379944,05;0,9136984853110369;-239,97866998984955;-8,630151468896308;0,003589923811103013;0,0032801079485868484;2;4;1;711;57;68;Baixa remuneração e alto emprego;0,0745783453429942
5232000;Atividades de agenciamento marítimo;Subclasse;H;52;523;52320;5232000;17256;6556,929410060269;113146373,9;2,3580134843681955;3776,2288527786263;135,80134843681955;0,00023725761218692368;0,000559456648805766;4;3;2;116;562;348;Alta remuneração e alto emprego;0,07456562448734678
3811400;Coleta de resíduos não perigosos;Subclasse;E;38;381;38114;3811400;269195;2453,3884206244543;660439895,89;0,8822914837773247;-327,3121366571886;-11,77085162226753;0,0037012379991109715;0,0032655707660486357;2;4;1;765;56;69;Baixa remuneração e alto emprego;0,0745360498747393
6463800;Outras sociedades de participação, exceto holdings;Subclasse;K;64;646;64638;6463800;25973;6277,153322681246;163036503,25;2,2573999585261584;3496,4527653996033;125,73999585261583;0,0003571101043886746;0,0008061403348362662;4;3;2;130;441;254;Alta remuneração e alto emprego;0,07409258815938463
6319400;Portais, provedores de conteúdo e outros serviços de informação na Internet;Subclasse;J;63;631;63194;6319400;94907;4711,400791827789;447144914,95;1,6943215189029777;1930,7002345461465;69,43215189029776;0,0013049031177459647;0,0022109254324805742;4;4;2;224;169;111;Alta remuneração e alto emprego;0,0740234389907622
0729404;Extração de minérios de cobre, chumbo, zinco e outros minerais metálicos não ferrosos não especificados anteriormente;Subclasse;B;07;072;07294;0729404;15015;6584,890739926739;98872134,46;2,368068982718512;3804,1901826450962;136,8068982718512;0,0002064454709658472;0,0004888771164169379;4;3;2;114;596;391;Alta remuneração e alto emprego;0,0740046882484178
1220401;Fabricação de cigarros;Subclasse;C;12;122;12204;1220401;4095;6919,378266178266;28334854;2,488357924070225;4138,677708896623;148,8357924070225;0,00005630331026341287;0,00014010278824534784;4;2;3;103;906;745;Alta remuneração e baixo emprego;0,07398578244933798
2222600;Fabricação de embalagens de material plástico;Subclasse;C;22;222;22226;2222600;226301;2887,1699221390977;653369440,55;1,0382886839716166;106,46936485745482;3,8288683971616555;0,0031114762920441017;0,003230610624475356;3;4;1;568;69;73;Alta remuneração e alto emprego;0,07384498891340949
4930201;Transporte rodoviário de carga, exceto produtos perigosos e mudanças, municipal;Subclasse;H;49;493;49302;4930201;281396;2294,466326173791;645653646,32;0,8251396649543651;-486,2342311078519;-17,48603350456349;0,003868992990203499;0,0031924595796473023;2;4;1;848;52;74;Baixa remuneração e alto emprego;0,07370874353064526
4911600;Transporte ferroviário de carga;Subclasse;H;49;491;49116;4911600;41207;5849,487651369913;241039837,65;2,103602143011132;3068,78709408827;110,36021430111317;0,0005665666681378399;0,001191830857253437;4;4;2;145;318;193;Alta remuneração e alto emprego;0,07367552355508486
5120000;Transporte aéreo de carga;Subclasse;H;51;512;51200;5120000;2285;6938,662787746171;15854844,47;2,495293054685927;4157,962230464527;149,52930546859272;0,000031417109634163226;0,00007839489546843384;4;1;3;102;1018;873;Alta remuneração e baixo emprego;0,07344078274766155
2031200;Fabricação de resinas termoplásticas;Subclasse;C;20;203;20312;2031200;13794;6504,073877772944;89717195,07;2,339005492965124;3723,373320491301;133,9005492965124;0,0001896575975026904;0,0004436101623413615;4;3;2;119;616;414;Alta remuneração e alto emprego;0,07229424429408854
6424702;Cooperativas centrais de crédito;Subclasse;K;64;642;64247;6424702;8369;6661,531656111842;55750358,43;2,3956307120763918;3880,8310988301987;139,56307120763918;0,0001150677420255195;0,00027565981676561785;4;2;3;113;763;531;Alta remuneração e baixo emprego;0,07221545543412657
2811900;Fabricação de motores e turbinas, peças e acessórios, exceto para aviões e veículos rodoviários;Subclasse;C;28;281;28119;2811900;6850;6706,342035036496;45938442,94;2,4117454925072845;3925,641477754853;141,17454925072846;0,00009418258249191164;0,00022714441879756342;4;2;3;110;806;595;Alta remuneração e baixo emprego;0,07218889429687664
8520100;Ensino médio;Subclasse;P;85;852;85201;8520100;196374;3137,454396967012;616114469,75;1,1282963887467714;356,75383968536926;12,82963887467714;0,002700001526170315;0,0030464019715887376;3;4;1;498;79;76;Alta remuneração e alto emprego;0,07205358683337898
4754701;Comércio varejista de móveis;Subclasse;G;47;475;47547;4754701;290579;2127,6179485096995;618241095,86;0,7651373834331936;-653,0826087719433;-23,48626165668064;0,003995252647871123;0,00305691715714665;2;4;1;942;49;75;Baixa remuneração e alto emprego;0,0718440146872617
6612605;Agentes de investimentos em aplicações financeiras;Subclasse;K;66;661;66126;6612605;1392;6845,37191091954;9528757,7;2,46174363974359;4064,671353637897;146,17436397435898;0,000019139000704925695;0,000047115313256398914;4;1;3;106;1102;980;Alta remuneração e baixo emprego;0,07173142474351893
2550101;Fabricação de equipamento bélico pesado, exceto veículos militares de combate;Subclasse;C;25;255;25501;2550101;2002;6821,595344655345;13656833,88;2,4531930728003304;4040,894787373702;145,31930728003303;0,000027526062795446293;0,00006752674657125576;4;1;3;107;1042;912;Alta remuneração e baixo emprego;0,071670620134687
4721102;Padaria e confeitaria com predominância de revenda;Subclasse;G;47;472;47211;4721102;348134;1644,514625546485;572511454,65;0,5914029906025299;-1136,185931735158;-40,859700939747015;0,004786592580034915;0,0028308051666285283;1;4;1;1242;38;84;Baixa remuneração e alto emprego;0,07166925167812387
5240101;Operação dos aeroportos e campos de aterrissagem;Subclasse;H;52;524;52401;5240101;16389;6364,647652083715;104310210,37;2,2888648097750113;3583,947094802072;128,88648097750112;0,00022533698459269196;0,0005157658943750266;4;3;2;127;575;376;Alta remuneração e alto emprego;0,07135876691200589
3314701;Manutenção e reparação de máquinas motrizes não elétricas;Subclasse;C;33;331;33147;3314701;3699;6718,278315761016;24850911,49;2,4160380369501815;3937,5777584793727;141,60380369501814;0,000050858594545632283;0,00012287629892807466;4;2;3;109;927;770;Alta remuneração e baixo emprego;0,07096955709999303
4221902;Construção de estações e redes de distribuição de energia elétrica;Subclasse;F;42;422;42219;4221902;185771;3181,9744050470745;591118567,2;1,1443067455482185;401,2738477654316;14,430674554821854;0,0025542178878985283;0,0029228087587222095;3;4;1;478;84;82;Alta remuneração e alto emprego;0,07023339678798995
2423702;Produção de laminados longos de aço, exceto tubos;Subclasse;C;24;242;24237;2423702;31682;5871,792635881573;186030134,29;2,111623497361298;3091,09207859993;111,16234973612981;0,00043560475598667807;0,000919833238303804;4;3;2;144;388;230;Alta remuneração e alto emprego;0,07022000864341583
4789099;Comércio varejista de outros produtos não especificados anteriormente;Subclasse;G;47;478;47890;4789099;250588;2451,8275140070555;614398553,08;0,8817301480328802;-328,8730432745874;-11,82698519671198;0,0034454051067858617;0,00303791755483954;2;4;1;766;61;78;Baixa remuneração e alto emprego;0,07013308795733725
2421100;Produção de semiacabados de aço;Subclasse;C;24;242;24211;2421100;7864;6526,456820956256;51324056,44;2,347054882937985;3745,756263674613;134,70548829379848;0,00010812435455713769;0,000253773794327848;4;2;2;117;775;560;Alta remuneração e baixo emprego;0,07006088374210936
4691500;Comércio atacadista de mercadorias em geral, com predominância de produtos alimentícios;Subclasse;G;46;469;46915;4691500;286197;2080,1367125441566;595328886,72;0,7480621051040665;-700,5638447374863;-25,193789489593353;0,003935003293640531;0,0029436268474321713;2;4;1;971;51;79;Baixa remuneração e alto emprego;0,06976998267500603
2033900;Fabricação de elastômeros;Subclasse;C;20;203;20339;2033900;2028;6683,8932544378695;13554935,52;2,403672425977398;3903,1926971562266;140,36724259773982;0,000027883544130452088;0,00006702290616489163;4;1;3;112;1040;914;Alta remuneração e baixo emprego;0,06975021410100832
5231102;Atividades do Operador Portuário;Subclasse;H;52;523;52311;5231102;59827;5174,52041653434;309576032,96;1,8608693420743037;2393,8198592526974;86,08693420743036;0,0008225783011304522;0,0015307107420292232;4;4;2;186;235;152;Alta remuneração e alto emprego;0,06974870873780789
2865800;Fabricação de máquinas e equipamentos para as indústrias de celulose, papel e papelão e artefatos, peças e acessórios;Subclasse;C;28;286;28658;2865800;5152;6584,075564829193;33921157,31;2,3677758281408243;3803,3750075475505;136,77758281408242;0,00007083630145961004;0,00016772448235096124;4;2;2;115;864;693;Alta remuneração e baixo emprego;0,06970715489934201
2833000;Fabricação de máquinas e equipamentos para a agricultura e pecuária, peças e acessórios, exceto para irrigação;Subclasse;C;28;283;28330;2833000;111553;4175,408306724158;465779322,84;1,5015670406474668;1394,7077494425153;50,156704064746684;0,0015337736678423678;0,002303063987445075;4;4;2;294;143;103;Alta remuneração e alto emprego;0,06939089697283002
4751201;Comércio varejista especializado de equipamentos e suprimentos de informática;Subclasse;G;47;475;47512;4751201;162334;3430,509069511008;556888259,29;1,2336851807102183;649,8085122293651;23,368518071021825;0,002231975962955034;0,0027535556691990447;3;4;1;418;98;85;Alta remuneração e alto emprego;0,06931793263572078
5030102;Navegação de apoio portuário;Subclasse;H;50;503;50301;5030102;7405;6462,417012829169;47854197,98;2,324024784296335;3681,716455547526;132,4024784296335;0,00010181343406607382;0,0002366169441438764;4;2;2;121;787;583;Alta remuneração e baixo emprego;0,06894757600512325
4683400;Comércio atacadista de defensivos agrícolas, adubos, fertilizantes e corretivos do solo;Subclasse;G;46;468;46834;4683400;82927;4629,1504893460515;383881562,63;1,6647425330368604;1848,4499320644086;66,47425330368604;0,0011401867180009864;0,0018981173250599466;4;4;2;233;185;126;Alta remuneração e alto emprego;0,06842694447585056
2099199;Fabricação de outros produtos químicos não especificados anteriormente;Subclasse;C;20;209;20991;2099199;46574;5389,313488427019;251001886,41;1,9381135715294364;2608,6129311453765;93,81135715294364;0,0006403590652523055;0,0012410885950173975;4;4;2;170;295;190;Alta remuneração e alto emprego;0,06836949466696617
4644301;Comércio atacadista de medicamentos e drogas de uso humano;Subclasse;G;46;464;46443;4644301;131807;3804,759330156972;501493913,03;1,3682736604607395;1024,058772875329;36,82736604607395;0,001812251627811883;0,002479656168462099;3;4;2;345;125;91;Alta remuneração e alto emprego;0,06830695595336214
7490199;Outras atividades profissionais, científicas e técnicas não especificadas anteriormente;Subclasse;M;74;749;74901;7490199;50569;5275,954236587632;266799729,79;1,897347135336751;2495,2536793059894;89,7347135336751;0,0006952874473041576;0,001319201646378146;4;4;2;177;273;177;Alta remuneração e alto emprego;0,06801810697222103
1011201;Frigorífico - abate de bovinos;Subclasse;C;10;101;10112;1011201;241902;2444,169431918711;591249473,92;0,8789761362539812;-336,531125362932;-12,102386374601881;0,003325978842329695;0,0029234560320934447;2;4;1;769;62;81;Baixa remuneração e alto emprego;0,06793092986965005
7319004;Consultoria em publicidade;Subclasse;M;73;731;73190;7319004;6466;6397,2807377049185;41364817,25;2,300600372432324;3616,5801804232756;130,0600372432324;0,00008890285815951835;0,000204529948592086;4;2;2;125;821;634;Alta remuneração e baixo emprego;0,06761723550237698
4753900;Comércio varejista especializado de eletrodomésticos e equipamentos de áudio e vídeo;Subclasse;G;47;475;47539;4753900;231425;2536,962508847359;587116548,61;0,912346531597578;-243,73804843428388;-8,765346840242206;0,0031819276136044747;0,0029030206220666006;2;4;1;714;66;83;Baixa remuneração e alto emprego;0,06740718151975703
0729403;Extração de minério de níquel;Subclasse;B;07;072;07294;0729403;2320;6471,594051724138;15014098,2;2,3273250457613597;3690,893494442495;132,73250457613597;0,00003189833450820949;0,00007423779281902982;4;1;2;120;1014;892;Alta remuneração e baixo emprego;0,0668968815493867
4782201;Comércio varejista de calçados;Subclasse;G;47;478;47822;4782201;292779;1886,5469482100834;552341328,95;0,6784430431640341;-894,1536090715595;-32,15569568359658;0,0040255010685254595;0,0027310731951904845;1;4;1;1096;48;86;Baixa remuneração e alto emprego;0,06659257190102197
2093200;Fabricação de aditivos de uso industrial;Subclasse;C;20;209;20932;2093200;18213;5966,1056443199905;108660682,1;2,1455404929153308;3185,4050870383476;114,55404929153308;0,0002504156751715601;0,0005372769711413144;4;3;2;141;554;368;Alta remuneração e alto emprego;0,06622844361892567
3511502;Atividades de coordenação e controle da operação da geração e transmissão de energia elétrica;Subclasse;D;35;351;35115;3511502;1798;6438,70447163515;11576790,64;2,3154972421516318;3658,0039143535073;131,54972421516317;0,000024721209243862355;0,000057241891826816724;4;1;2;123;1059;943;Alta remuneração e baixo emprego;0,06621182037510887
2013402;Fabricação de adubos e fertilizantes, exceto organo-minerais;Subclasse;C;20;201;20134;2013402;55188;5047,631383452925;278568680,79;1,8152373042235759;2266,9308261712818;81,52373042235759;0,0007587953813961489;0,0013773936825828457;4;4;2;197;256;166;Alta remuneração e alto emprego;0,06594273628078158
2012600;Fabricação de intermediários para fertilizantes;Subclasse;C;20;201;20126;2012600;5880;6290,698030612245;36989304,42;2,2622709281440594;3509,997473330602;126,22709281440594;0,00008084577883977233;0,0001828950551323811;4;2;2;129;846;670;Alta remuneração e baixo emprego;0,06585266736202858
9312300;Clubes sociais, esportivos e similares;Subclasse;R;93;931;93123;9312300;129550;3714,0914741798533;481160550,48;1,3356675404886726;933,3909168982104;33,56675404886727;0,0017812194980769568;0,002379117066066917;3;4;2;360;126;100;Alta remuneração e alto emprego;0,06579844886660385
4684299;Comércio atacadista de outros produtos químicos e petroquímicos não especificados anteriormente;Subclasse;G;46;468;46842;4684299;21644;5817,355532711144;125910843,15;2,092046738897364;3036,6549754295015;109,2046738897364;0,0002975894621102096;0,0006225710637378847;4;3;2;147;499;313;Alta remuneração e alto emprego;0,06538866443546566
2032100;Fabricação de resinas termofixas;Subclasse;C;20;203;20321;2032100;3615;6323,425065006915;22859181,61;2,274040276810161;3542,7245077252724;127,40402768101609;0,00004970365484792125;0,00011302811302884354;4;2;2;128;934;792;Alta remuneração e baixo emprego;0,06536230712330683
0724302;Beneficiamento de minério de metais preciosos;Subclasse;B;07;072;07243;0724302;4420;6229,156140271493;27532870,14;2,2401391347081945;3448,4555829898504;124,01391347081945;0,00006077182695098532;0,0001361373478406164;4;2;2;133;892;749;Alta remuneração e baixo emprego;0,06436842107661868
8630503;Atividade médica ambulatorial restrita a consultas;Subclasse;Q;86;863;86305;8630503;230994;2381,9296191243066;550211450,44;0,8565933548245243;-398,77093815733633;-14,340664517547575;0,0031760016730126477;0,0027205419280142058;2;4;1;798;67;87;Baixa remuneração e alto emprego;0,06408020986404302
5239799;Atividades auxiliares dos transportes aquaviários não especificadas anteriormente;Subclasse;H;52;523;52397;5239799;3035;6228,790731466228;18904379,87;2,2400077258068265;3448,090174184585;124,00077258068265;0,00004172907122086888;0,0000934734419254896;4;2;2;134;974;830;Alta remuneração e baixo emprego;0,06378524398722533
4930203;Transporte rodoviário de produtos perigosos;Subclasse;H;49;493;49302;4930203;145827;3353,3908828954854;489014932,28;1,2059518145936912;572,6903256138426;20,595181459369115;0,0020050165630727005;0,0024179533625279296;3;4;1;433;109;96;Alta remuneração e alto emprego;0,06304406259748188
4663000;"Comércio atacadista de máquinas e equipamentos para uso industrial; partes e peças";Subclasse;G;46;466;46630;4663000;69617;4567,08866196475;317947011,38;1,6424237590074942;1786,388104683107;64,24237590074941;0,00095718377304225;0,0015721013705810288;4;4;2;243;208;148;Alta remuneração e alto emprego;0,06282804189003688
6612603;Corretoras de câmbio;Subclasse;K;66;661;66126;6612603;3269;6136,737574181707;20060995,13;2,2069034215539047;3356,037016900064;120,69034215539047;0,000044946403235921046;0,00009919237108789565;4;2;2;136;955;818;Alta remuneração e baixo emprego;0,06258584358331452
2941700;Fabricação de peças e acessórios para o sistema motor de veículos automotores;Subclasse;C;29;294;29417;2941700;47194;5011,772152604144;236525574,97;1,8023415500385818;2231,0715953225013;80,23415500385818;0,0006488836201639822;0,001169509909760998;4;4;2;198;292;196;Alta remuneração e alto emprego;0,06248164684256738
5811500;Edição de livros;Subclasse;J;58;581;58115;5811500;23110;5581,956085244483;128999005,13;2,007392011566068;2801,25552796284;100,7392011566068;0,0003177459096916902;0,0006378406008228922;4;3;2;160;474;306;Alta remuneração e alto emprego;0,06242865942889829
1091102;Fabricação de produtos de padaria e confeitaria com predominância de produção própria;Subclasse;C;10;109;10911;1091102;302571;1623,6395572939905;491266244,49;0,5838958650338201;-1157,0609999876524;-41,610413496617994;0,004160134039001489;0,0024290850633594146;1;4;1;1252;46;95;Baixa remuneração e alto emprego;0,06224627508957261
8640202;Laboratórios clínicos;Subclasse;Q;86;864;86402;8640202;216664;2437,60309640734;528140837,28;0,8766147401323543;-343,09746087430267;-12,33852598676457;0,002978974460295992;0,0026114129223732915;2;4;1;773;72;89;Baixa remuneração e alto emprego;0,06188415866499579
3316302;Manutenção de aeronaves na pista;Subclasse;C;33;331;33163;3316302;3138;6059,339518801785;19014207,41;2,1790694085828766;3278,638961520142;117,90694085828765;0,000043145247278776456;0,00009401648847092539;4;2;2;138;969;828;Alta remuneração e baixo emprego;0,061441684149259615
4511104;Comércio por atacado de caminhões novos e usados;Subclasse;G;45;451;45111;4511104;35267;5212,459636770919;183827814,01;1,8745131053832402;2431,7590794892762;87,45131053832402;0,0004848959323711311;0,0009089437799767106;4;3;2;182;359;231;Alta remuneração e alto emprego;0,06134408523389323
2829199;Fabricação de outras máquinas e equipamentos de uso geral não especificados anteriormente, peças e acessórios;Subclasse;C;28;282;28291;2829199;78849;4294,902238455783;338648746,6;1,544539640274821;1514,20168117414;54,4539640274821;0,0010841171455335389;0,001674461905978138;4;4;2;279;191;140;Alta remuneração e alto emprego;0,06110941714554007
6110803;Serviços de comunicação multimídia - SCM;Subclasse;J;61;611;61108;6110803;197875;2625,170833657612;519455678,71;0,9440681510215996;-155,5297236240308;-5,593184897840042;0,002720639198625842;0,002568468817843585;2;4;1;663;78;90;Baixa remuneração e alto emprego;0,06108702315459008
2441501;Produção de alumínio e suas ligas em formas primárias;Subclasse;C;24;244;24415;2441501;21080;5539,175239089184;116765814,04;1,9920070949689639;2758,4746818075414;99,2007094968964;0,0002898348669970069;0,0005773531114274239;4;3;2;163;504;338;Alta remuneração e alto emprego;0,06100531998413047
4661300;"Comércio atacadista de máquinas, aparelhos e equipamentos para uso agropecuário; partes e peças";Subclasse;G;46;466;46613;4661300;76875;4312,0257848455285;331486982,21;1,5506976375265946;1531,3252275638856;55,06976375265946;0,0010569760626373296;0,001639050283253869;4;4;2;275;193;141;Alta remuneração e alto emprego;0,060772375401479256
8422100;Defesa;Subclasse;O;84;842;84221;8422100;197;6096,011116751269;1200914,19;2,1922573075292244;3315,310559469626;119,22573075292244;0,0000027086085767746853;0,000005937966945670637;4;1;2;137;1249;1207;Alta remuneração e baixo emprego;0,060749665178319326
8630599;Atividades de atenção ambulatorial não especificadas anteriormente;Subclasse;Q;86;863;86305;8630599;53396;4752,228918271031;253750015,32;1,7090041953013146;1971,5283609893881;70,90041953013146;0,0007341566678449802;0,001254676825355505;4;4;2;219;264;185;Alta remuneração e alto emprego;0,06041899317951967
5239701;Serviços de praticagem;Subclasse;H;52;523;52397;5239701;590;6054,995593220338;3572447,4;2,177507239089268;3274,2950359386955;117,75072390892677;0,000008112076448208447;0,000017664105190019454;4;1;2;139;1183;1115;Alta remuneração e baixo emprego;0,06033854604957302
4729699;Comércio varejista de produtos alimentícios em geral ou especializado em produtos alimentícios não especificados anteriormente;Subclasse;G;47;472;47296;4729699;277358;1748,8351587478996;485053421,96;0,6289189082831436;-1031,8653985337432;-37,10810917168564;0,003813473389020676;0,0023983655205897032;1;4;1;1180;53;98;Baixa remuneração e alto emprego;0,060221739633357
2110600;Fabricação de produtos farmoquímicos;Subclasse;C;21;211;21106;2110600;5799;5893,631700293154;34177170,23;2,1194772967768416;3112,931143011511;111,94772967768417;0,00007973208698840812;0,00016899034819656725;4;2;2;142;848;691;Alta remuneração e baixo emprego;0,060175268771591246
1721400;Fabricação de papel;Subclasse;C;17;172;17214;1721400;49728;4814,5188867438865;239416395,2;1,7314050137964023;2033,8183294622436;73,14050137964023;0,0006837243010449317;0,0011838036828836357;4;4;2;215;280;195;Alta remuneração e alto emprego;0,06016765593962875
7740300;Gestão de ativos intangíveis não financeiros;Subclasse;N;77;774;77403;7740300;37728;5065,799096427057;191122468,31;1,8217708063392775;2285,0985391454137;82,17708063392774;0,0005187329156576412;0,0009450124820323456;4;3;2;193;341;224;Alta remuneração e alto emprego;0,059939394767055995
3316301;Manutenção e reparação de aeronaves, exceto a manutenção na pista;Subclasse;C;33;331;33163;3316301;13029;5670,420257118735;73879905,53;2,0392056391221156;2889,7196998370923;103,92056391221156;0,0001791393966842506;0,0003653020679074575;4;3;2;153;634;467;Alta remuneração e alto emprego;0,05982499962958491
3091101;Fabricação de motocicletas;Subclasse;C;30;309;30911;3091101;14602;5616,97704287084;82019098,78;2,019986304588612;2836,276485589197;101,9986304588612;0,00020076701745210128;0,00040554662566634746;4;3;2;157;602;436;Alta remuneração e alto emprego;0,05965668933034208
4669999;"Comércio atacadista de outras máquinas e equipamentos não especificados anteriormente; partes e peças";Subclasse;G;46;466;46699;4669999;53903;4691,808699701315;252902564,34;1,6872757792690678;1911,1081424196723;68,72757792690678;0,0007411275538775932;0,0012504865710065943;4;4;2;227;261;187;Alta remuneração e alto emprego;0,05959514085803803
2854200;Fabricação de máquinas e equipamentos para terraplenagem, pavimentação e construção, peças e acessórios, exceto tratores;Subclasse;C;28;285;28542;2854200;9916;5737,915681726502;56897171,9;2,0634784521120006;2957,215124444859;106,34784521120007;0,00013633788145836435;0,00028133028059593515;4;2;2;150;718;528;Alta remuneração e baixo emprego;0,05958259606929308
4772500;Comércio varejista de cosméticos, produtos de perfumaria e de higiene pessoal;Subclasse;G;47;477;47725;4772500;237241;2088,191434406363;495404624,09;0,7509587571154145;-692,5091228752799;-24,90412428845855;0,0032618934383888483;0,0024495474423354155;2;4;1;968;64;93;Baixa remuneração e alto emprego;0,05932822775456678
1113501;Fabricação de malte, inclusive malte uísque;Subclasse;C;11;111;11135;1113501;830;5970,037277108434;4955130,94;2,146954393012609;3189,336719826791;114,69543930126092;0,000011411904155954257;0,00002450083776026485;4;1;2;140;1155;1075;Alta remuneração e baixo emprego;0,059249619626737346
6912500;Cartórios;Subclasse;M;69;691;69125;6912500;139744;3244,7165169166474;453429664,94;1,1668701645777413;464,0159596350045;16,687016457774128;0,0019213796799634599;0,0022420006233752907;3;4;1;462;118;108;Alta remuneração e alto emprego;0,05910275281849979
7810800;Seleção e agenciamento de mão de obra;Subclasse;N;78;781;78108;7810800;254868;1902,8354732645919;484971871,4;0,68430074870225;-877,865084017051;-31,569925129775;0,003504252034240662;0,0023979622906722675;1;4;1;1087;60;99;Baixa remuneração e alto emprego;0,05908735176999214
0113000;Cultivo de cana-de-açúcar;Subclasse;A;01;011;01130;0113000;182598;2707,54650527388;494392576,77;0,9736922223372095;-73,15405200776286;-2,6307777662790466;0,002510591415745705;0,0024445433349781576;3;4;1;626;86;94;Baixa remuneração e alto emprego;0,058893347857828945
7311400;Agências de publicidade;Subclasse;M;73;731;73114;7311400;54675;4628,897657064472;253084979,4;1,6646516090857295;1848,197099782829;66,46516090857295;0,0007517419996708422;0,0012513885293693916;4;4;2;234;259;186;Alta remuneração e alto emprego;0,05881716734926033
4646001;Comércio atacadista de cosméticos e produtos de perfumaria;Subclasse;G;46;464;46460;4646001;94464;3896,745446095867;368102161,82;1,4013538551972842;1116,0448888142241;40,135385519728416;0,0012988121857687505;0,0018200954637042502;3;4;2;334;170;130;Alta remuneração e alto emprego;0,05880050890324171
1922599;Fabricação de outros produtos derivados do petróleo, exceto produtos do refino;Subclasse;C;19;192;19225;1922599;7014;5726,93749358426;40168739,58;2,059530458462165;2946,236936302617;105,95304584621653;0,00009643746475887128;0,00019861589600776708;4;2;2;151;801;644;Alta remuneração e baixo emprego;0,058283689288159204
0724301;Extração de minério de metais preciosos;Subclasse;B;07;072;07243;0724301;20408;5371,574909839279;109623100,76;1,9317343954109258;2590,874352557636;93,17343954109259;0,00028059534941531864;0,0005420356876579181;4;3;2;171;522;364;Alta remuneração e alto emprego;0,05824686078118658
2815101;Fabricação de rolamentos para fins industriais;Subclasse;C;28;281;28151;2815101;1076;5876,51812267658;6323133,5;2,1133228845112852;3095,817565394937;111,33228845112852;0,000014794227556393712;0,00003126497965359431;4;1;2;143;1129;1038;Alta remuneração e baixo emprego;0,05804140879687176
2831300;Fabricação de tratores agrícolas, peças e acessórios;Subclasse;C;28;283;28313;2831300;9298;5630,2803904065395;52350347,07;2,024770475793549;2849,5798331248966;102,47704757935492;0,0001278408251109189;0,0002588483282856752;4;2;2;155;742;554;Alta remuneração e baixo emprego;0,0577913625223182
8533300;Educação superior - pós-graduação e extensão;Subclasse;P;85;853;85333;8533300;25050;5224,844519760479;130882355,22;1,8789669768931114;2444,143962478836;87,89669768931114;0,0003444195169959689;0,0006471528986329013;4;3;2;180;450;303;Alta remuneração e alto emprego;0,05776975615336559
5813100;Edição de revistas;Subclasse;J;58;581;58131;5813100;3356;5788,420402264601;19425938,87;2,0816410408185932;3007,719844982958;108,16410408185932;0,0000461425907799789;0,0000960523106973017;4;2;2;148;952;826;Alta remuneração e baixo emprego;0,057712405819754606
2122000;Fabricação de medicamentos para uso veterinário;Subclasse;C;21;212;21220;2122000;14778;5476,126155772094;80926192,33;1,9693332823745124;2695,4255984904507;96,93332823745125;0,0002031868911044482;0,00040014270719419565;4;3;2;168;599;443;Alta remuneração e alto emprego;0,05766193003761156
2211100;Fabricação de pneumáticos e de câmaras-de-ar;Subclasse;C;22;221;22111;2211100;35821;4956,6148519025155;177550900,61;1,7825057929818962;2175,9142946208726;78,25057929818962;0,0004925130346631777;0,0008779073374062077;4;3;2;202;352;236;Alta remuneração e alto emprego;0,057540491502500644
0729405;Beneficiamento de minérios de cobre, chumbo, zinco e outros minerais metálicos não ferrosos não especificados anteriormente;Subclasse;B;07;072;07294;0729405;3148;5780,0966105463785;18195744,13;2,0786476254735193;2999,3960532647357;107,86476254735193;0,000043282740099932535;0,00008996956493271224;4;2;2;149;968;839;Alta remuneração e baixo emprego;0,05751279268130495
4520001;Serviços de manutenção e reparação mecânica de veículos automotores;Subclasse;G;45;452;45200;4520001;223820;2140,894629389688;479175035,95;0,7699119647325793;-639,805927891955;-23,00880352674207;0,0030773643231152793;0,0023692996122076293;2;4;1;936;71;102;Baixa remuneração e alto emprego;0,05749159249422334
9411100;Atividades de organizações associativas patronais e empresariais;Subclasse;S;94;941;94111;9411100;47210;4702,470390383393;222003627,13;1,6911099535940088;1921,7698331017505;69,11099535940089;0,0006491036086778319;0,001097705573548872;4;4;2;225;291;200;Alta remuneração e alto emprego;0,057472143992899974
6911701;Serviços advocatícios;Subclasse;M;69;691;69117;6911701;151926;3011,258611626713;457488475,83;1,0829136577620062;230,5580543450701;8,291365776200621;0,002088873434695791;0,0022620695717683044;3;4;1;533;105;107;Alta remuneração e alto emprego;0,057461835226886936
0729401;Extração de minérios de nióbio e titânio;Subclasse;B;07;072;07294;0729401;476;5842,405819327731;2780985,17;2,101055363199247;3061,7052620460877;110,10553631992468;0,000006544658287029188;0,000013750689394269075;4;1;2;146;1204;1139;Alta remuneração e baixo emprego;0,057325180658356505
4646002;Comércio atacadista de produtos de higiene pessoal;Subclasse;G;46;464;46460;4646002;30307;5068,717838453163;153617631,53;1,8228204490339799;2288,0172811715197;82,28204490339799;0,0004166994930777177;0,0007595683570841572;4;3;2;191;403;277;Alta remuneração e alto emprego;0,05730455893157345
4530701;Comércio por atacado de peças e acessórios novos para veículos automotores;Subclasse;G;45;453;45307;4530701;158302;2916,859145367715;461744636,43;1,0489655701076919;136,1585880860721;4,896557010769187;0,0021765388574649046;0,002283114323482218;3;4;1;558;100;105;Alta remuneração e alto emprego;0,057093247827509436
2422901;Produção de laminados planos de aço ao carbono, revestidos ou não;Subclasse;C;24;242;24229;2422901;35156;4942,193643759245;173747759,74;1,7773196149500665;2161,493086477602;77,73196149500666;0,00048336976205629864;0,000859102559376406;4;3;2;204;362;241;Alta remuneração e alto emprego;0,057078434076139516
8630504;Atividade odontológica;Subclasse;Q;86;863;86305;8630504;269995;1668,2101124835644;450408389,32;0,5999243996679647;-1112,4904447980784;-40,007560033203525;0,0037122374248034573;0,002227061808500166;1;4;1;1234;55;110;Baixa remuneração e alto emprego;0,056914988429133354
2869100;Fabricação de máquinas e equipamentos para uso industrial específico não especificados anteriormente, peças e acessórios;Subclasse;C;28;286;28691;2869100;66679;4279,870561196179;285377489,15;1,5391339243590092;1499,1700039145358;53,91339243590092;0,0009167883821865951;0,0014110601004816013;4;4;2;281;217;165;Alta remuneração e alto emprego;0,056910439969219295
4635402;Comércio atacadista de cerveja, chope e refrigerante;Subclasse;G;46;463;46354;4635402;139184;3115,899795738016;433683397,17;1,1205448884377747;335,1992384563732;12,054488843777467;0,0019136800819787197;0,002144364433966436;3;4;1;503;119;115;Alta remuneração e alto emprego;0,05628830744215335
2320600;Fabricação de cimento;Subclasse;C;23;232;23206;2320600;21023;5221,400351995433;109769499,6;1,8777283797503783;2440,69979471379;87,77283797503783;0,00028905115791641727;0,0005427595624193651;4;3;2;181;506;362;Alta remuneração e alto emprego;0,056233126424135395
6120502;Serviço móvel especializado - SME;Subclasse;J;61;612;61205;6120502;8273;5548,965438172368;45906591,07;1,9955278620855619;2768,2648808907247;99,55278620855618;0,00011374781094242117;0,00022698692598684245;4;2;2;161;767;596;Alta remuneração e baixo emprego;0,05622782990884577
2814301;Fabricação de compressores para uso industrial, peças e acessórios;Subclasse;C;28;281;28143;2814301;11994;5438,321993496748;65227233,99;1,9557380888264873;2657,6214362151054;95,57380888264872;0,00016490888969459682;0,00032251859676180885;4;3;2;169;656;490;Alta remuneração e alto emprego;0,05605275944427596
4713004;Lojas de departamentos ou magazines, exceto lojas francas (Duty free);Subclasse;G;47;471;47130;4713004;185527;2508,6220111358457;465417115,86;0,9021546762979126;-272,0785461457972;-9,784532370208742;0,0025508630630623197;0,002301273040937289;2;4;1;730;85;104;Baixa remuneração e alto emprego;0,05591756802583798
2599399;Fabricação de outros produtos de metal não especificados anteriormente;Subclasse;C;25;259;25993;2599399;132568;3182,6646104640636;421919482,08;1,1445549583286927;401,9640531824207;14,45549583286927;0,0018227148315018602;0,002086197298014702;3;4;1;477;124;117;Alta remuneração e alto emprego;0,055881019236599015
3042300;Fabricação de turbinas, motores e outros componentes e peças para aeronaves;Subclasse;C;30;304;30423;3042300;4071;5625,3129673298945;22900649,09;2,0229840831294283;2844,6124100482516;102,29840831294284;0,00005597332749263829;0,0001132331505973981;4;2;2;156;907;791;Alta remuneração e baixo emprego;0,055691020013938275
0990401;Atividades de apoio à extração de minério de ferro;Subclasse;B;09;099;09904;0990401;2208;5657,636041666667;12492060,38;2,0346081590307796;2876,9354843850238;103,46081590307796;0,000030358414911261445;0,00006176747867369424;4;1;2;154;1026;928;Alta remuneração e baixo emprego;0,05542166535494559
4662100;"Comércio atacadista de máquinas, equipamentos para terraplenagem, mineração e construção; partes e peças";Subclasse;G;46;466;46621;4662100;20528;5171,982548713952;106170457,76;1,859956669973116;2391,2819914323095;85,9956669973116;0,0002822452632691916;0,0005249639599858509;4;3;2;187;519;374;Alta remuneração e alto emprego;0,05531310766392319
4682600;Comércio atacadista de gás liquefeito de petróleo (GLP);Subclasse;G;46;468;46826;4682600;23585;5050,913054907781;119125784,4;1,8164174641822823;2270,212497626138;81,64174641822824;0,0003242768186966038;0,0005890220767099828;4;3;2;195;466;332;Alta remuneração e alto emprego;0,05460788431008542
1012103;Frigorífico - abate de suínos;Subclasse;C;10;101;10121;1012103;185935;2425,0115892112835;450894529,84;0,8720865620935202;-355,68896807035935;-12,79134379064798;0,0025564727701654875;0,0022294655492193184;2;4;1;778;83;109;Baixa remuneração e alto emprego;0,05445785679318924
8630502;Atividade médica ambulatorial com recursos para realização de exames complementares;Subclasse;Q;86;863;86305;8630502;162771;2711,114680010567;441290847,58;0,9749754150662301;-69,58587727107579;-2,502458493376991;0,0022379843992395548;0,0021819797685603327;3;4;1;623;97;112;Baixa remuneração e alto emprego;0,05405666684014582
2442300;Metalurgia dos metais preciosos;Subclasse;C;24;244;24423;2442300;2743;5543,5422019686475;15205936,26;1,9935775491726815;2762,8416446870046;99,35775491726815;0,00003771428084311148;0,00007518634357202041;4;1;2;162;991;888;Alta remuneração e baixo emprego;0,05402545095371313
7719502;Locação de aeronaves sem tripulação;Subclasse;N;77;771;77195;7719502;81;5589,941851851851;452785,29;2,0102638657779344;2809,2412945702085;101,02638657779343;0,0000011136918513642106;0,000002238814486408803;4;1;2;159;1278;1260;Alta remuneração e baixo emprego;0,05364933151791766
6622300;Corretores e agentes de seguros, de planos de previdência complementar e de saúde;Subclasse;K;66;662;66223;6622300;104003;3455,960536619136;359430263,69;1,242838078184734;675,259979337493;24,28380781847339;0,0014299665878695308;0,0017772169259361495;3;4;2;413;157;133;Alta remuneração e alto emprego;0,05334847402365191
0500301;Extração de carvão mineral;Subclasse;B;05;050;05003;0500301;3254;5476,360645359558;17820077,54;1,9694176098965284;2695,6600880779147;96,94176098965283;0,00004474016400418693;0,00008811206685950452;4;2;2;167;957;848;Alta remuneração e baixo emprego;0,05327521995569445
3032600;Fabricação de peças e acessórios para veículos ferroviários;Subclasse;C;30;303;30326;3032600;1549;5506,6899935442225;8529862,8;1,9803246987972887;2725,9894362625796;98,03246987972886;0,000021297637997076078;0,000042176238551653384;4;1;2;164;1088;997;Alta remuneração e baixo emprego;0,053050516383334995
3530100;Produção e distribuição de vapor, água quente e ar condicionado;Subclasse;D;35;353;35301;3530100;1694;5498,601782762692;9314631,42;1,9774160034469928;2717,901225481049;97,74160034469928;0,00002329128390383917;0,00004605655753227893;4;1;2;165;1068;983;Alta remuneração e baixo emprego;0,05299261828584443
2019399;Fabricação de outros produtos químicos inorgânicos não especificados anteriormente;Subclasse;C;20;201;20193;2019399;11701;5225,0198794974785;61137957,61;1,8790300400433455;2444,3193222158357;87,90300400433455;0,0001608803500347238;0,00030229901056793456;4;2;2;179;669;512;Alta remuneração e baixo emprego;0,0528492321727507
2942500;Fabricação de peças e acessórios para os sistemas de marcha e transmissão de veículos automotores;Subclasse;C;29;294;29425;2942500;13087;5187,23344693207;67885324,12;1,8654412224820804;2406,5328896504275;86,54412224820804;0,00017993685504695585;0,00033566162684837427;4;3;2;184;632;483;Alta remuneração e alto emprego;0,052810037802189895
2910703;Fabricação de motores para automóveis, camionetas e utilitários;Subclasse;C;29;291;29107;2910703;6587;5342,613777136785;35191796,95;1,921319346359112;2561,913219855142;92,13193463591121;0,00009056652129550686;0,00017400720949750187;4;2;2;172;818;680;Alta remuneração e baixo emprego;0,05263895996497269
7119702;Atividades de estudos geológicos;Subclasse;M;71;711;71197;7119702;8544;5276,134729634832;45079295,13;1,897412044536243;2495,4341723531893;89,7412044536243;0,00011747386639575082;0,000222896329017539;4;2;2;176;758;602;Alta remuneração e baixo emprego;0,05241817382179416
7711000;Locação de automóveis sem condutor;Subclasse;N;77;771;77110;7711000;151744;2749,8854120097003;417278611,96;0,9889182079705602;-30,815145271942583;-1,1081792029439819;0,0020863710653507505;0,0020632503351082927;3;4;1;607;106;118;Baixa remuneração e alto emprego;0,05198778668804254
2071100;Fabricação de tintas, vernizes, esmaltes e lacas;Subclasse;C;20;207;20711;2071100;39099;4507,277901225095;176230058,66;1,6209145171788362;1726,577343943452;62,091451717883615;0,0005375831814381392;0,0008713763829842642;4;4;2;250;328;237;Alta remuneração e alto emprego;0,05159723236458285
2092401;Fabricação de pólvoras, explosivos e detonantes;Subclasse;C;20;209;20924;2092401;4463;5324,160770781985;23761729,52;1,9146832465796957;2543,460213500342;91,46832465796957;0,00006136304608195645;0,00011749079629221985;4;2;2;174;891;783;Alta remuneração e baixo emprego;0,05158246869465122
2621300;Fabricação de equipamentos de informática;Subclasse;C;26;262;26213;2621300;13148;5048,601444326133;66379011,79;1,8155861590726419;2267,90088704449;81,55861590726418;0,0001807755612560079;0,00032821360691499655;4;3;2;196;631;487;Alta remuneração e alto emprego;0,0508128436445259
4399103;Obras de alvenaria;Subclasse;F;43;439;43991;4399103;236832;1686,2425548490069;399356196,75;0,6064092555501351;-1094,458002432636;-39,35907444498648;0,003256269982003565;0,0019746322556570338;1;4;1;1223;65;121;Baixa remuneração e alto emprego;0,05076712556972454
0891600;Extração de minerais para fabricação de adubos, fertilizantes e outros produtos químicos;Subclasse;B;08;089;08916;0891600;8371;5160,027081591208;43194586,7;1,8556572256868777;2379,3265243095652;85,56572256868778;0,00011509524058975071;0,00021357731484254053;4;2;2;189;762;618;Alta remuneração e baixo emprego;0,0506893115834237
2822401;Fabricação de máquinas, equipamentos e aparelhos para transporte e elevação de pessoas, peças e acessórios;Subclasse;C;28;282;28224;2822401;7176;5176,016765607581;37143096,31;1,8614074615310434;2395,316208325938;86,14074615310435;0,0000986648484615997;0,0001836554851172514;4;2;2;185;796;668;Alta remuneração e baixo emprego;0,05048066415996657
4313400;Obras de terraplenagem;Subclasse;F;43;431;43134;4313400;156856;2566,112968901413;402510215,85;0,9228296668556047;-214,58758838023005;-7,717033314439526;0,002156657395525736;0,0019902274258346915;2;4;1;697;101;120;Baixa remuneração e alto emprego;0,05009840357495879
1812100;Impressão de material de segurança;Subclasse;C;18;181;18121;1812100;10591;5057,242006420546;53561250,09;1,8186934918891104;2276,5414491389033;81,86934918891104;0,00014561864688639946;0,0002648356853899932;4;2;2;194;698;544;Alta remuneração e baixo emprego;0,05001642517657805
2072000;Fabricação de tintas de impressão;Subclasse;C;20;207;20720;2072000;3055;5249,479885433715;16037161,05;1,8878263866590157;2468,779328152072;88,78263866590157;0,000042004056863181034;0,0000792963668930389;4;2;2;178;973;869;Alta remuneração e baixo emprego;0,050004938888338554
6920602;Atividades de consultoria e auditoria contábil e tributária;Subclasse;M;69;692;69206;6920602;27330;4646,648791072082;126992911,46;1,6710353004044967;1865,9482337904387;67,10353004044967;0,00037576788021955403;0,0006279213926050436;4;3;2;229;432;311;Alta remuneração e alto emprego;0,04979106057564574
6435201;Sociedades de crédito imobiliário;Subclasse;K;64;643;64352;6435201;588;5283,514166666667;3106706,33;1,9000658495324374;2502,813609385024;90,00658495324375;0,000008084577883977232;0,000015361230345230358;4;1;2;175;1184;1130;Alta remuneração e baixo emprego;0,04956732106351498
8291100;Atividades de cobrança e informações cadastrais;Subclasse;N;82;829;82911;8291100;187122;2130,5432672801703;398671517,26;0,7661893912672664;-650,1572900014726;-23,381060873273363;0,0025727931680367138;0,0019712468312746314;2;4;1;941;82;122;Baixa remuneração e alto emprego;0,0492358347039812
2790202;Fabricação de equipamentos para sinalização e alarme;Subclasse;C;27;279;27902;2790202;4248;5161,616071092279;21926545,07;1,8562286606430471;2380,9155138106357;85,62286606430472;0,00005840695042710083;0,00010841665536354223;4;2;2;188;900;798;Alta remuneração e baixo emprego;0,0492041479233221
4744001;Comércio varejista de ferragens e ferramentas;Subclasse;G;47;474;47440;4744001;179370;2216,3254456709597;397542295,19;0,7970385160197166;-564,3751116106832;-20,296148398028336;0,002466208733076524;0,0019656633488061783;2;4;1;890;87;123;Baixa remuneração e alto emprego;0,04910642781274877
1066000;Fabricação de alimentos para animais;Subclasse;C;10;106;10660;1066000;115069;3069,773020883122;353235711,74;1,103956703588419;289,0724636014793;10,395670358841901;0,0015821161437608439;0,0017465877227602427;3;4;1;513;140;135;Alta remuneração e alto emprego;0,04895430053440887
6629100;Atividades auxiliares dos seguros, da previdência complementar e dos planos de saúde não especificadas anteriormente;Subclasse;K;66;662;66291;6629100;7055;5065,8783132530125;35739771,5;1,8217992944214438;2285,1777559713696;82,17992944214438;0,00009700118532561118;0,00017671669098424218;4;2;2;192;798;678;Alta remuneração e baixo emprego;0,0488642816423948
2422902;Produção de laminados planos de aços especiais;Subclasse;C;24;242;24229;2422902;3607;5148,753390629332;18571553,48;1,8516029628384907;2368,052833347689;85,16029628384906;0,00004959366059099639;0,00009182776888829543;4;2;2;190;935;835;Alta remuneração e baixo emprego;0,04878825952640764
2815102;Fabricação de equipamentos de transmissão para fins industriais, exceto rolamentos;Subclasse;C;28;281;28151;2815102;13687;4893,478332724483;66977037,94;1,7598005365627176;2112,7777754428403;75,98005365627176;0,00018818642431632038;0,0003311705704856799;4;3;2;209;618;484;Alta remuneração e alto emprego;0,04874316899226073
2312500;Fabricação de embalagens de vidro;Subclasse;C;23;231;23125;2312500;8756;5010,030568752854;43867827,66;1,8017152388571316;2229,3300114712115;80,17152388571316;0,00012038871420425962;0,0002169061809682306;4;2;2;199;754;611;Alta remuneração e baixo emprego;0,048676804900827715
2862300;Fabricação de máquinas e equipamentos para as indústrias de alimentos, bebidas e fumo, peças e acessórios;Subclasse;C;28;286;28623;2862300;28328;4548,158604913866;128840236,96;1,6356161014906454;1767,458047632223;63,56161014906454;0,00038948966377093033;0,0006370555654279115;4;3;2;246;423;307;Alta remuneração e alto emprego;0,04862414194816851
1099699;Fabricação de outros produtos alimentícios não especificados anteriormente;Subclasse;C;10;109;10996;1099699;121868;2955,367503118128;360164726,87;1,0628140075633443;174,66694583648496;6,281400756334432;0,0016755975128648595;0,001780848507711074;3;4;1;545;130;132;Alta remuneração e alto emprego;0,04848535701364003
4684202;Comércio atacadista de solventes;Subclasse;G;46;468;46842;4684202;116;5208,523189655172;604188,69;1,8730974739498452;2427,8226323735294;87,30974739498451;0,0000015949167254104745;0,000002987434489526719;4;1;2;183;1269;1244;Alta remuneração e baixo emprego;0,048346696290202454
2651500;Fabricação de aparelhos e equipamentos de medida, teste e controle;Subclasse;C;26;265;26515;2651500;30837;4472,070624574375;137905241,85;1,6082532198095365;1691,370067292732;60,82532198095365;0,00042398661259898966;0,0006818778348684639;4;3;2;255;399;297;Alta remuneração e alto emprego;0,04829385449076325
5822101;Edição integrada à impressão de jornais diários;Subclasse;J;58;582;58221;5822101;12735;4881,001571260306;62159555,01;1,755313623568255;2100,3010139786634;75,5313623568255;0,000175097107742262;0,0003073503386673911;4;3;2;211;638;508;Alta remuneração e alto emprego;0,04822581480485027
1052000;Fabricação de laticínios;Subclasse;C;10;105;10520;1052000;135960;2752,99273521624;374296892,28;0,990035668532217;-27,70782206540298;-0,9964331467782972;0,001869352396438001;0,0018507255495297985;3;4;1;604;120;128;Baixa remuneração e alto emprego;0,04810570241786142
0161099;Atividades de apoio à agricultura não especificadas anteriormente;Subclasse;A;01;016;01610;0161099;173435;2212,4036370398135;383708224,79;0,795628148901662;-568,2969202418294;-20,4371851098338;0,0023846067437203935;0,0018972602493646767;2;4;1;895;89;127;Baixa remuneração e alto emprego;0,047710237235979225
9499500;Atividades associativas não especificadas anteriormente;Subclasse;S;94;949;94995;9499500;111308;3051,7214841700506;339681014,96;1,0974649809662902;271,02092688840776;9,746498096629018;0,001530405093724044;0,0016795659970545716;3;4;1;520;144;139;Alta remuneração e alto emprego;0,04761047771230385
4623199;Comércio atacadista de matérias-primas agrícolas não especificadas anteriormente;Subclasse;G;46;462;46231;4623199;37625;4274,143204252492;160814638,06;1,5370742430572275;1493,4426469708492;53,70742430572275;0,0005173167395997336;0,0007951542359410936;4;3;2;284;343;258;Alta remuneração e alto emprego;0,04743258628089373
1932200;Fabricação de biocombustíveis, exceto álcool;Subclasse;C;19;193;19322;1932200;6750;4970,802242962963;33552915,14;1,7876078853389088;2190,10168568132;78,76078853389087;0,0000928076542803509;0,0001659036946113626;4;2;2;200;813;697;Alta remuneração e baixo emprego;0,04739849148554229
6493000;Administração de consórcios para aquisição de bens e direitos;Subclasse;K;64;649;64930;6493000;23507;4568,24705151657;107385783,44;1,6428403409184038;1787,5464942349267;64,28403409184038;0,0003232043746915864;0,0005309731851046454;4;3;2;241;470;373;Alta remuneração e alto emprego;0,047306603236886874
2812700;Fabricação de equipamentos hidráulicos e pneumáticos, peças e acessórios, exceto válvulas;Subclasse;C;28;281;28127;2812700;18704;4672,21182474337;87389049,97;1,6802283196256236;1891,5112674617271;68,02283196256236;0,0002571665726903234;0,00043209855829534296;4;3;2;228;545;420;Alta remuneração e alto emprego;0,04723021853069048
2412100;Produção de ferroligas;Subclasse;C;24;241;24121;2412100;16321;4718,095617915569;77004038,58;1,6967291230120387;1937,3950606339263;69,67291230120387;0,00022440203340883064;0,00038074946534788343;4;3;2;223;576;456;Alta remuneração e alto emprego;0,0470905154990434
3011301;Construção de embarcações de grande porte;Subclasse;C;30;301;30113;3011301;36200;4278,268983701658;154873337,21;1,5385579624884198;1497,568426420015;53,85579624884198;0,0004977240125849929;0,0007657772426843273;4;3;2;282;348;272;Alta remuneração e alto emprego;0,04703725116883301
5911199;Atividades de produção cinematográfica, de vídeos e de programas de televisão não especificadas anteriormente;Subclasse;J;59;591;59111;5911199;9696;4871,126777021452;47230445,23;1,751762434205921;2090,426219739809;75,1762434205921;0,0001333130393929307;0,00023353277439835013;4;2;2;213;727;584;Alta remuneração e baixo emprego;0,04701335419341435
7319002;Promoção de vendas;Subclasse;M;73;731;73190;7319002;212609;1735,8011191906269;369046940,15;0,624231586045896;-1044,899438091016;-37,5768413954104;0,0029232211213172034;0,0018247669569227006;1;4;1;1194;74;129;Baixa remuneração e alto emprego;0,04696440378849079
3314714;Manutenção e reparação de máquinas e equipamentos para a prospecção e extração de petróleo;Subclasse;C;33;331;33147;3314714;7615;4906,614631648064;37363870,42;1,7645246334774973;2125,9140743664207;76,45246334774973;0,00010470078331035141;0,0001847471112955047;4;2;2;208;784;664;Alta remuneração e baixo emprego;0,04678896697256561
2591800;Fabricação de embalagens metálicas;Subclasse;C;25;259;25918;2591800;26018;4460,962321469752;116065317,68;1,604258434007975;1680,2617641881093;60,425843400797504;0,00035772882208387697;0,000573889479915798;4;3;2;257;440;339;Alta remuneração e alto emprego;0,04652327080150938
4644302;Comércio atacadista de medicamentos e drogas de uso veterinário;Subclasse;G;46;464;46443;4644302;13244;4742,28422153428;62806812,23;1,705427867490429;1961,583664252637;70,5427867490429;0,00018209549233910624;0,0003105507271795017;4;3;2;220;627;506;Alta remuneração e alto emprego;0,04638360382051045
5250803;Agenciamento de cargas, exceto para o transporte marítimo;Subclasse;H;52;525;52508;5250803;18938;4591,12134280283;86946655,99;1,6510664302851144;1810,4207855211876;65,10664302851143;0,00026038390470537555;0,00042991112404560386;4;3;2;239;541;422;Alta remuneração e alto emprego;0,046106245775931774
4744005;Comércio varejista de materiais de construção não especificados anteriormente;Subclasse;G;47;474;47440;4744005;171169;2149,780719405967;367975815,96;0,773107594694608;-630,919837875676;-22,6892405305392;0,0023534508704464267;0,001819470741682769;2;4;1;930;91;131;Baixa remuneração e alto emprego;0,04608340467933878
2229302;Fabricação de artefatos de material plástico para usos industriais;Subclasse;C;22;222;22293;2229302;93508;3218,9202045814263;300994790,49;1,1575932533088633;438,21964729978345;15,75932533088633;0,0012856678720662297;0,0014882804546998306;3;4;1;467;171;157;Alta remuneração e alto emprego;0,04600136297948888
7120100;Testes e análises técnicas;Subclasse;M;71;712;71201;7120100;74596;3505,486815915063;261495294,52;1,2606487982805155;724,78625863342;26,064879828051545;0,0010256414486958599;0,001292973659765123;3;4;2;404;197;179;Alta remuneração e alto emprego;0,04588678782207328
2840200;Fabricação de máquinas-ferramenta, peças e acessórios;Subclasse;C;28;284;28402;2840200;24740;4437,670972109943;109787979,85;1,595882361547092;1656,9704148283004;59,58823615470921;0,0003401572395401305;0,0005428509387346434;4;3;2;259;456;361;Alta remuneração e alto emprego;0,04574678710185527
2522500;Fabricação de caldeiras geradoras de vapor, exceto para aquecimento central e para veículos;Subclasse;C;25;252;25225;2522500;5019;4887,520765092648;24530466,72;1,7576580665235635;2106,820207811005;75,76580665235635;0,00006900764693823424;0,0001212918472927975;4;2;2;210;871;776;Alta remuneração e baixo emprego;0,045600857674504544
5920100;Atividades de gravação de som e de edição de música;Subclasse;J;59;592;59201;5920100;2149;4956,820544439274;10652207,35;1,7825797644622916;2176,1199871576314;78,25797644622916;0,0000295472072664406;0,000052670253769530206;4;1;2;201;1030;958;Alta remuneração e baixo emprego;0,04556191910097962
9313100;Atividades de condicionamento físico;Subclasse;R;93;931;93131;9313100;224855;1546,7162353516712;347786879,1;0,556232576464008;-1233,9843219299717;-44,3767423535992;0,003091594830104933;0,0017196457577320742;1;4;1;1284;70;136;Baixa remuneração e alto emprego;0,04553893209152708
7739099;Aluguel de outras máquinas e equipamentos comerciais e industriais não especificados anteriormente, sem operador;Subclasse;N;77;773;77390;7739099;95411;3160,865929714603;301581379,22;1,136715681750574;380,16537243296034;13,671568175057391;0,0013118327559322308;0,0014911808655022401;3;4;1;486;167;156;Alta remuneração e alto emprego;0,04544200846890991
4637102;Comércio atacadista de açúcar;Subclasse;G;46;463;46371;4637102;2254;4937,600882874889;11129352,39;1,7756679589052151;2156,900325593246;77,56679589052152;0,000030990881888579395;0,00005502951598776638;4;1;2;205;1022;950;Alta remuneração e baixo emprego;0,04532941448965153
2443100;Metalurgia do cobre;Subclasse;C;24;244;24431;2443100;6361;4825,320847351046;30693865,91;1,7352896322170637;2044,620290069403;73,52896322170636;0,00008745918353737955;0,00015176701443458403;4;2;2;214;829;724;Alta remuneração e baixo emprego;0,04518818298017133
2790201;Fabricação de eletrodos, contatos e outros artigos de carvão e grafita para uso elétrico, eletroímãs e isoladores;Subclasse;C;27;279;27902;2790201;2045;4912,378332518337;10045813,69;1,7665973848405234;2131,677775236694;76,65973848405234;0,000028117281926417418;0,000049671916720032735;4;1;2;207;1038;968;Alta remuneração e baixo emprego;0,044901337720071
2710402;Fabricação de transformadores, indutores, conversores, sincronizadores e semelhantes, peças e acessórios;Subclasse;C;27;271;27104;2710402;30199;4260,129330441406;128651645,65;1,5320345512520854;1479,4287731597628;53,20345512520854;0,0004152145706092321;0,0006361230683566422;4;3;2;286;404;309;Alta remuneração e alto emprego;0,04481952156654488
6435203;Companhias hipotecárias;Subclasse;K;64;643;64352;6435203;83;4955,258554216868;411286,46;1,7820180390300744;2174,557996935225;78,20180390300744;0,0000011411904155954257;0,0000020336219065592763;4;1;2;203;1276;1264;Alta remuneração e baixo emprego;0,044804988421451274
4399101;Administração de obras;Subclasse;F;43;439;43991;4399101;92217;3161,762509407159;291568253,33;1,1370381111794485;381,0619521255162;13,703811117944852;0,0012679175488549805;0,0014416705748813432;3;4;1;484;174;162;Alta remuneração e alto emprego;0,044599280234495914
5211701;Armazéns gerais - emissão de warrant;Subclasse;H;52;521;52117;5211701;109263;2913,092043509697;318293175,95;1,0476108388878367;132,39148622805396;4,761083888783668;0,0015022878117976265;0,0015738129947682842;3;4;1;560;147;146;Alta remuneração e alto emprego;0,044407409590646874
9492800;Atividades de organizações políticas;Subclasse;S;94;949;94928;9492800;2048;4875,436640625;9984894,24;1,7533123542763371;2094,736083343357;75,33123542763371;0,00002815852977276424;0,00004937069812884561;4;1;2;212;1037;969;Alta remuneração e baixo emprego;0,04438405998077655
4213800;Obras de urbanização - ruas, praças e calçadas;Subclasse;F;42;421;42138;4213800;145852;2380,1484784576146;347149415,88;0,855952818157594;-400,5520788240283;-14,404718184240595;0,002005360295125591;0,001716493796034094;2;4;1;799;108;137;Baixa remuneração e alto emprego;0,04435285459233336
4693100;Comércio atacadista de mercadorias em geral, sem predominância de alimentos ou de insumos agropecuários;Subclasse;G;46;469;46931;4693100;98320;3058,5215646867373;300713840,24;1,0999104368421053;277,8210074050944;9,991043684210531;0,0013518294176065333;0,0014868912852556107;3;4;1;518;165;158;Alta remuneração e alto emprego;0,044312179375157884
8690999;Outras atividades de atenção à saúde humana não especificadas anteriormente;Subclasse;Q;86;869;86909;8690999;39932;4025,0531999398977;160728424,38;1,4474960956870195;1244,3526426582548;44,749609568701956;0,0005490363334404402;0,000794727949045354;4;4;2;319;325;260;Alta remuneração e alto emprego;0,04422608690640919
2342701;Fabricação de azulejos e pisos;Subclasse;C;23;234;23427;2342701;41798;3984,431460117709;166541266,17;1,4328876403767867;1203,730902836066;43,288764037678675;0,0005746924938681639;0,0008234697714810044;4;4;2;323;314;247;Alta remuneração e alto emprego;0,04415798092706326
7220700;Pesquisa e desenvolvimento experimental em ciências sociais e humanas;Subclasse;M;72;722;72207;7220700;6219;4738,106977005949;29466287,29;1,7039256401048186;1957,4064197243065;70,39256401048186;0,00008550678547696329;0,0001456972041771401;4;2;2;221;834;734;Alta remuneração e baixo emprego;0,04389724832866191
2063100;Fabricação de cosméticos, produtos de perfumaria e de higiene pessoal;Subclasse;C;20;206;20631;2063100;80845;3292,8986096852;266214388,1;1,1841974861558886;512,1980524035571;18,41974861558886;0,0011115607126362915;0,0013163074016135446;3;4;1;443;188;178;Alta remuneração e alto emprego;0,04387918987046052
4684201;Comércio atacadista de resinas e elastômeros;Subclasse;G;46;468;46842;4684201;3450;4792,545811594203;16534283,05;1,723503021224011;2011,84525431256;72,3503021224011;0,00004743502329884601;0,00008175440596739246;4;2;2;218;948;861;Alta remuneração e baixo emprego;0,04370874714488656
3250701;Fabricação de instrumentos não eletrônicos e utensílios para uso médico, cirúrgico, odontológico e de laboratório;Subclasse;C;32;325;32507;3250701;22601;4346,038607583735;98224818,57;1,5629293834616753;1565,3380503020921;56,29293834616753;0,00031074752509484597;0,00048567643780872915;4;3;2;269;478;393;Alta remuneração e alto emprego;0,043662564850798564
5250805;Operador de transporte multimodal - OTM;Subclasse;H;52;525;52508;5250805;10236;4605,615096717468;47143076,13;1,656278697343746;1824,9145394358252;65,6278697343746;0,00014073765173535876;0,00023310077448345784;4;2;2;238;711;585;Alta remuneração e baixo emprego;0,04337269738293518
2853400;Fabricação de tratores, peças e acessórios, exceto agrícolas;Subclasse;C;28;285;28534;2853400;8671;4639,426661284742;40228468,58;1,668438066492191;1858,7261040030994;66,84380664921909;0,00011922002522443298;0,00019891122837260318;4;2;2;231;756;643;Alta remuneração e baixo emprego;0,0433276289949059
6391700;Agências de notícias;Subclasse;J;63;639;63917;6391700;1522;4805,534664914586;7314023,76;1,7281740935141827;2024,834107632943;72,81740935141828;0,000020926407379954673;0,000036164475104361677;4;1;2;216;1090;1015;Alta remuneração e baixo emprego;0,04321992278295176
0141501;Produção de sementes certificadas, exceto de forrageiras para pasto;Subclasse;A;01;014;01415;0141501;43981;3879,0617864532414;170605016,43;1,3949944291180114;1098,3612291715986;39,49944291180114;0,0006047071767265352;0,0008435631427811974;3;4;2;339;304;243;Alta remuneração e alto emprego;0,04314005986558509
1041400;Fabricação de óleos vegetais em bruto, exceto óleo de milho;Subclasse;C;10;104;10414;1041400;41405;3921,388040816327;162365071,83;1,4102158646847602;1140,687483534684;41,02158646847602;0,0005692890259967301;0,0008028204160515238;4;4;2;327;316;255;Alta remuneração e alto emprego;0,04303207463335205
2822402;Fabricação de máquinas, equipamentos e aparelhos para transporte e elevação de cargas, peças e acessórios;Subclasse;C;28;282;28224;2822402;26851;4206,394274701129;112945892,67;1,5127102642124168;1425,693717419486;51,271026421241686;0,00036918197408617804;0,000558465361562364;4;3;2;291;435;349;Alta remuneração e alto emprego;0,042922537134889915
8550302;Atividades de apoio à educação, exceto caixas escolares;Subclasse;P;85;855;85503;8550302;62326;3535,2523383499665;220338137,24;1,2713531232596862;754,5517810683236;27,13531232596862;0,0008569377571373554;0,0010894704939757274;3;4;2;396;226;201;Alta remuneração e alto emprego;0,04288599659530619
0899103;Extração de amianto;Subclasse;B;08;089;08991;0899103;578;4803,310380622837;2776313,4;1,7273741928251554;2022,6098233411944;72,73741928251553;0,000007947085062821157;0,000013727589645703547;4;1;2;217;1187;1141;Alta remuneração e baixo emprego;0,04285986438347894
4921302;Transporte rodoviário coletivo de passageiros, com itinerário fixo, intermunicipal em região metropolitana;Subclasse;H;49;492;49213;4921302;117102;2716,960555242438;318161514,94;0,9770777181051398;-63,74000203920468;-2,292228189486023;0,001610068434301874;0,0015731619917807905;3;4;1;622;137;147;Baixa remuneração e alto emprego;0,04285367408948211
2731700;Fabricação de aparelhos e equipamentos para distribuição e controle de energia elétrica;Subclasse;C;27;273;27317;2731700;42127;3881,7442630616943;163526240,57;1,3959591056637934;1101,0437057800514;39,595910566379345;0,0005792160076841988;0,0008085618600729872;3;4;2;336;311;253;Alta remuneração e alto emprego;0,04261977669733596
9491000;Atividades de organizações religiosas ou filosóficas;Subclasse;S;94;949;94910;9491000;144110;2297,0981624453543;331034816,19;0,8260861301408705;-483,60239483628857;-17,39138698591295;0,0019814090456802026;0,0016368145307720738;2;4;1;844;111;142;Baixa remuneração e alto emprego;0,04257175510137449
2451200;Fundição de ferro e aço;Subclasse;C;24;245;24512;2451200;60775;3539,677406993007;215123894,41;1,2729444735514148;758,9768497113641;27,294447355141482;0,0008356126205760481;0,0010636884673920959;3;4;2;392;231;209;Alta remuneração e alto emprego;0,042515342109109684
4689301;Comércio atacadista de produtos da extração mineral, exceto combustíveis;Subclasse;G;46;468;46893;4689301;9512;4560,699699327166;43381375,54;1,6401261500035855;1779,999142045523;64,01261500035855;0,0001307831714836589;0,00021450089953075222;4;2;2;245;733;617;Alta remuneração e baixo emprego;0,04248093535828471
4636202;Comércio atacadista de cigarros, cigarrilhas e charutos;Subclasse;G;46;463;46362;4636202;6774;4608,8705653971065;31220489,21;1,657449434218349;1828,1700081154636;65,7449434218349;0,00009313763705112547;0,00015437092383482188;4;2;2;237;812;721;Alta remuneração e baixo emprego;0,04224599034009451
5821200;Edição integrada à impressão de livros;Subclasse;J;58;582;58212;5821200;10868;4510,488331799779;49019987,19;1,6220690573778078;1729,7877745181363;62,20690573778078;0,00014942719803242273;0,00024238123425905896;4;2;2;248;689;574;Alta remuneração e baixo emprego;0,04221154302952248
6492100;Securitização de créditos;Subclasse;K;64;649;64921;6492100;5068;4638,786333859511;23509369,14;1,6682077909152129;1858,0857765778678;66,82077909152129;0,000069681361761899;0,00011624299057278134;4;2;2;232;870;786;Alta remuneração e baixo emprego;0,04209175280278533
7911200;Agências de viagens;Subclasse;N;79;791;79112;7911200;86012;3115,3117683579035;267954195,82;1,120333421087012;334,6112110762606;12,033342108701195;0,0011826032533276357;0,0013249099485891803;3;4;1;504;182;176;Alta remuneração e alto emprego;0,04208948127388172
2632900;Fabricação de aparelhos telefônicos e de outros equipamentos de comunicação, peças e acessórios;Subclasse;C;26;263;26329;2632900;15469;4392,0933531579285;67941292,08;1,5794916650254318;1611,3927958762856;57,94916650254318;0,00021268764504633303;0,00033593836260457065;4;3;2;264;589;482;Alta remuneração e alto emprego;0,04201141810151838
2710403;Fabricação de motores elétricos, peças e acessórios;Subclasse;C;27;271;27104;2710403;20131;4278,096932591525;86122369,35;1,5384960891918928;1497,396375309882;53,849608919189286;0,00027678679826929534;0,0004258354066772564;4;3;2;283;529;424;Alta remuneração e alto emprego;0,04184387498560242
8020001;Atividades de monitoramento de sistemas de segurança eletrônico;Subclasse;N;80;802;80200;8020001;171497;1907,6831562651241;327161938,25;0,686044080247906;-873,0174010165188;-31,395591975209403;0,002357960634980346;0,00161766493508586;1;4;1;1081;90;144;Baixa remuneração e alto emprego;0,04181739234342536
4322302;Instalação e manutenção de sistemas centrais de ar condicionado, de ventilação e refrigeração;Subclasse;F;43;432;43223;4322302;140983;2290,502835944759;322921961,32;0,8237143082331414;-490,19772133688366;-17,62856917668586;0,0019384150405046977;0,001596700204158044;2;4;1;852;115;145;Baixa remuneração e alto emprego;0,04175269317737128
7490103;Serviços de agronomia e de consultoria às atividades agrícolas e pecuárias;Subclasse;M;74;749;74901;7490103;24785;4166,185459350413;103258906,61;1,49825030546374;1385,4849020687702;49,825030546373995;0,00034077595723533286;0,0005105676820225359;4;3;2;297;455;378;Alta remuneração e alto emprego;0,041653950086691184
4623103;Comércio atacadista de algodão;Subclasse;G;46;462;46231;4623103;1550;4692,056193548387;7272687,1;1,6873647834038077;1911,3556362667437;68,73647834038077;0,000021311387279191687;0,000035960084380387946;4;1;2;226;1087;1017;Alta remuneração e baixo emprego;0,041640166722029935
4329102;Instalação de equipamentos para orientação à navegação marítima, fluvial e lacustre;Subclasse;F;43;432;43291;4329102;139;4719,407194244604;655997,6;1,6972007941977767;1938,7066369629615;69,72007941977768;0,000001911150214069448;0,000003243605661149918;4;1;2;222;1261;1238;Alta remuneração e baixo emprego;0,04153738503843292
2123800;Fabricação de preparações farmacêuticas;Subclasse;C;21;212;21238;2123800;3254;4642,109087277197;15105422,97;1,6694027248353667;1861,4085299955545;66,94027248353666;0,00004474016400418693;0,00007468935169817086;4;2;2;230;956;890;Alta remuneração e baixo emprego;0,041520969928916775
7490102;Escafandria e mergulho;Subclasse;M;74;749;74901;7490102;3902;4625,213213736545;18047581,96;1,6633266036592091;1844,5126564549023;66,33266036592092;0,000053649698815100615;0,00008923697131746083;4;2;2;235;917;845;Alta remuneração e baixo emprego;0,04150310874903569
2449199;Metalurgia de outros metais não ferrosos e suas ligas não especificados anteriormente;Subclasse;C;24;244;24491;2449199;9483;4489,9639396815355;42578328,04;1,614688042523656;1709,2633823998926;61,46880425236561;0,0001303844423023063;0,00021053019991664954;4;2;2;251;734;622;Alta remuneração e baixo emprego;0,041453232352033895
3317101;Manutenção e reparação de embarcações e estruturas flutuantes;Subclasse;C;33;331;33171;3317101;26714;4109,924888073669;109792533,46;1,478017788471064;1329,2243307920257;47,80177884710639;0,0003672983224363398;0,0005428734542364908;4;3;2;307;437;360;Alta remuneração e alto emprego;0,04141012772203459
2751100;Fabricação de fogões, refrigeradores e máquinas de lavar e secar para uso doméstico, peças e acessórios;Subclasse;C;27;275;27511;2751100;42323;3799,588221298112;160809972,29;1,3664140179885147;1018,887664016469;36,64140179885147;0,0005819108669788579;0,0007951311658597614;3;4;2;347;309;259;Alta remuneração e alto emprego;0,04136660824764654
2943300;Fabricação de peças e acessórios para o sistema de freios de veículos automotores;Subclasse;C;29;294;29433;2943300;23578;4171,047491729579;98344957,76;1,499998797355984;1390,3469344479358;49,999879735598405;0,00032418057372179455;0,00048627047070886475;4;3;2;296;467;392;Alta remuneração e alto emprego;0,041343871692312226
4329103;Instalação, manutenção e reparação de elevadores, escadas e esteiras rolantes;Subclasse;F;43;432;43291;4329103;26527;4098,851078146794;108730222,55;1,4740354071614776;1318,150520865151;47,40354071614776;0,00036472720668072117;0,0005376208166024852;4;3;2;308;439;367;Alta remuneração e alto emprego;0,041182757316554484
7732201;Aluguel de máquinas e equipamentos para construção sem operador, exceto andaimes;Subclasse;N;77;773;77322;7732201;120659;2546,6077257394804;307271141,58;0,9158151599857962;-234,09283154216246;-8,418484001420378;0,00165897463078709;0,0015193141169066564;2;4;1;706;131;153;Baixa remuneração e alto emprego;0,041100306482958544
2073800;Fabricação de impermeabilizantes, solventes e produtos afins;Subclasse;C;20;207;20738;2073800;4961;4570,719604918363;22675339,96;1,6437295245434866;1790,0190476367202;64,37295245434866;0,000068210188575529;0,00011211910083627587;4;2;2;240;872;794;Alta remuneração e baixo emprego;0,0410906745961174
1091101;Fabricação de produtos de panificação industrial;Subclasse;C;10;109;10911;1091101;141611;2226,8920471573538;315352409,69;0,8008384942153998;-553,8085101242891;-19,916150578460023;0,001947049589673299;0,001559272261556677;2;4;1;884;113;149;Baixa remuneração e alto emprego;0,040847256839853865
4689399;Comércio atacadista especializado em outros produtos intermediários não especificados anteriormente;Subclasse;G;46;468;46893;4689399;53716;3545,323082508005;190440574,7;1,2749747804466374;764,6225252263621;27,497478044663737;0,0007385564381219746;0,0009416408325420151;3;4;2;389;263;226;Alta remuneração e alto emprego;0,04058044051670666
2944100;Fabricação de peças e acessórios para o sistema de direção e suspensão de veículos automotores;Subclasse;C;29;294;29441;2944100;22031;4144,669218374109;91311207,55;1,4905126003304197;1363,968661092466;49,05126003304196;0,0003029104342889497;0,0004514918190792392;4;3;2;300;488;409;Alta remuneração e alto emprego;0,04045655444412711
2099101;Fabricação de chapas, filmes, papéis e outros materiais e produtos químicos para fotografia;Subclasse;C;20;209;20991;2099101;918;4613,728213507626;4235402,5;1,6591963494328617;1833,0276562259828;65,91963494328617;0,00001262184098212772;0,0000209421124806684;4;1;2;236;1143;1092;Alta remuneração e baixo emprego;0,04032860499091955
6424704;Cooperativas de crédito rural;Subclasse;K;64;642;64247;6424704;14876;4285,0239244420545;63744015,9;1,5409871851253945;1504,3233671604116;54,09871851253945;0,00020453432075177774;0,0003151847671968166;4;3;2;280;598;500;Alta remuneração e alto emprego;0,040247872678955306
1531901;Fabricação de calçados de couro;Subclasse;C;15;153;15319;1531901;168294;1851,8050727298657;311647682,91;0,6659491141110689;-928,8954845517771;-33,40508858889311;0,002313921684364055;0,001540954095824635;1;4;1;1118;94;151;Baixa remuneração e alto emprego;0,04015717407982908
2852600;Fabricação de outras máquinas e equipamentos para uso na extração mineral, peças e acessórios, exceto na extração de petróleo;Subclasse;C;28;285;28526;2852600;9137;4405,614719273284;40254101,69;1,584354240422106;1624,9141619916413;58,435424042210606;0,00012562719069030608;0,000199037972282503;4;2;2;263;745;642;Alta remuneração e baixo emprego;0,040125486126911324
3314704;Manutenção e reparação de compressores;Subclasse;C;33;331;33147;3314704;2294;4563,84612467306;10469463,01;1,6412576725393924;1783,1455673914174;64,12576725393923;0,000031540853173203695;0,000051766667268959005;4;1;2;244;1017;961;Alta remuneração e baixo emprego;0,04009491219288571
4761001;Comércio varejista de livros;Subclasse;G;47;476;47610;4761001;46407;3633,422490572543;168616237,52;1,3066572310556532;852,7219332909003;30,665723105565323;0,000638062935138999;0,0008337295480679674;3;4;2;372;298;246;Alta remuneração e alto emprego;0,039903480320680015
2543800;Fabricação de ferramentas;Subclasse;C;25;254;25438;2543800;32292;3898,441231574384;125888464,25;1,4019636962943691;1117,740674292741;40,196369629436916;0,0004439918180771986;0,0006224604103959665;3;3;2;332;384;314;Alta remuneração e alto emprego;0,039889988811919116
4647802;Comércio atacadista de livros, jornais e outras publicações;Subclasse;G;46;464;46478;4647802;9289;4381,683287759716;40701456,06;1,5757479805891657;1600,9827304780733;57,57479805891656;0,00012771708157187844;0,0002012499333736292;4;2;2;267;743;638;Alta remuneração e baixo emprego;0,03983135665832238
2229399;Fabricação de artefatos de material plástico para outros usos não especificados anteriormente;Subclasse;C;22;222;22293;2229399;106682;2679,0066134868116;285801783,54;0,9634286606198816;-101,69394379483128;-3,657133938011836;0,0014668009146572435;0,0014131580406042455;3;4;1;636;152;164;Baixa remuneração e alto emprego;0,03971304679616487
0134200;Cultivo de café;Subclasse;A;01;013;01342;0134200;167207;1836,6263698290145;307096785,42;0,66049052459804;-944,0741874526284;-33,950947540196;0,0022989762147043896;0,0015184520060885188;1;4;1;1127;95;154;Baixa remuneração e alto emprego;0,039664712492943316
4774100;Comércio varejista de artigos de óptica;Subclasse;G;47;477;47741;4774100;152813;1996,9360660415018;305157791,06;0,718141354994968;-783,7644912401411;-28,1858645005032;0,002101069047932335;0,0015088645730201146;1;4;1;1022;104;155;Baixa remuneração e alto emprego;0,03944195671475388
1722200;Fabricação de cartolina e papel-cartão;Subclasse;C;17;172;17222;1722200;3924;4474,205685524975;17556783,11;1,6090210338573343;1693,505128243332;60,90210338573343;0,000053952183021643984;0,00008681019730434572;4;2;2;253;916;851;Alta remuneração e baixo emprego;0,039378061071103886
4399199;Serviços especializados para construção não especificados anteriormente;Subclasse;F;43;439;43991;4399199;119131;2454,261088213815;292378577,7;0,8826053138972474;-326,43946906782776;-11,73946861027526;0,0016379657277144418;0,0014456772552623382;2;4;1;763;134;161;Baixa remuneração e alto emprego;0,03931364928471557
4622200;Comércio atacadista de soja;Subclasse;G;46;462;46222;4622200;34966;3801,2851644454613;132915737,06;1,3670242754083242;1020,5846071638184;36,70242754083242;0,0004807573984543332;0,000657207034269226;3;3;2;346;364;301;Alta remuneração e alto emprego;0,039186829009880415
2424501;Produção de arames de aço;Subclasse;C;24;242;24245;2424501;6136;4405,872759126467;27034435,25;1,5844470371284998;1625,172201844824;58,44470371284998;0,00008436559506136785;0,00013367281713056708;4;2;2;262;838;754;Alta remuneração e baixo emprego;0,03914126029737847
2814302;Fabricação de compressores para uso não industrial, peças e acessórios;Subclasse;C;28;281;28143;2814302;2693;4473,6295878202745;12047484,48;1,6088138566756016;1692,9290305386317;60,88138566756016;0,0000370268167373311;0,00005956925583560638;4;1;2;254;995;937;Alta remuneração e baixo emprego;0,03896064535262867
3050400;Fabricação de veículos militares de combate;Subclasse;C;30;305;30504;3050400;1;4528,54;4528,54;1,6285608272855563;1747,839442718357;62,85608272855563;1,3749282115607538e-8;2,239154225677632e-8;4;1;2;247;1318;1317;Alta remuneração e baixo emprego;0,03883064378824001
4633801;Comércio atacadista de frutas, verduras, raízes, tubérculos, hortaliças e legumes frescos;Subclasse;G;46;463;46338;4633801;142539;2086,2375826966654;297370218,8;0,7502561098258381;-694,4629745849775;-24,974389017416186;0,001959808923476583;0,001470358618929505;2;4;1;969;112;159;Baixa remuneração e alto emprego;0,038731487926777504
8012900;Atividades de transporte de valores;Subclasse;N;80;801;80129;8012900;57135;3373,832472740002;192763918,33;1,213303051961191;593,1319154583589;21,33030519611909;0,0007855652336752367;0,000953128695532771;3;4;1;431;246;223;Alta remuneração e alto emprego;0,03870077535118488
2541100;Fabricação de artigos de cutelaria;Subclasse;C;25;254;25411;2541100;10995;4257,8887849022285;46815487,19;1,5312288026671435;1477,1882276205856;53,12288026671435;0,0001511733568611049;0,00023148099822160244;4;2;2;288;685;591;Alta remuneração e baixo emprego;0,038600437497472835
4669901;"Comércio atacadista de bombas e compressores; partes e peças";Subclasse;G;46;466;46699;4669901;4773;4391,733871778755;20961745,77;1,5793623877545542;1611,0333144971123;57,936238775455415;0,00006562532353779478;0,00010364616767981673;4;2;2;265;879;806;Alta remuneração e baixo emprego;0,038492308850376404
8640214;Serviços de bancos de células e tecidos humanos;Subclasse;Q;86;864;86402;8640214;322;4489,891055900621;1445744,92;1,6146618319413177;1709,190498618978;61,46618319413177;0,0000044272688412256274;0,000007148542017670088;4;1;2;252;1227;1194;Alta remuneração e baixo emprego;0,03839915271851079
4649402;Comércio atacadista de aparelhos eletrônicos de uso pessoal e doméstico;Subclasse;G;46;464;46494;4649402;12398;4212,430273431199;52225710,53;1,5148809397690723;1431,7297161495558;51,48809397690724;0,00017046359966930226;0,0002582320580634516;4;3;2;290;643;556;Alta remuneração e alto emprego;0,038391682309079064
2531401;Produção de forjados de aço;Subclasse;C;25;253;25314;2531401;4775;4383,907993717278;20933160,67;1,5765480329183301;1603,2074364356354;57,65480329183301;0,000065652822102026;0,00010350482754048615;4;2;2;266;878;807;Alta remuneração e baixo emprego;0,03838212710906324
8599604;Treinamento em desenvolvimento profissional e gerencial;Subclasse;P;85;859;85996;8599604;145221;2018,0113534543902;293057626,76;0,7257204836996752;-762,6892038272526;-27,427951630032478;0,0019966844981106424;0,0014490348397644987;1;4;1;1008;110;160;Baixa remuneração e alto emprego;0,03817773593118824
2532202;Metalurgia do pó;Subclasse;C;25;253;25322;2532202;1681;4435,540642474718;7456143,82;1,5951162489825275;1654,840085193075;59,51162489825275;0,000023112543236336274;0,0000368671932715912;4;1;2;260;1071;1012;Alta remuneração e baixo emprego;0,03809041748359607
4292801;Montagem de estruturas metálicas;Subclasse;F;42;429;42928;4292801;102571;2632,199131333418;269987297,1;0,9465956787186762;-148,501425948225;-5,340432128132377;0,0014102776158799808;0,0013349626969856672;2;4;1;660;160;173;Baixa remuneração e alto emprego;0,0380201424270739
9412001;Atividades de fiscalização profissional;Subclasse;S;94;941;94120;9412001;81;4466,256296296297;361766,76;1,6061622617368119;1685,5557390146537;60,616226173681184;0,0000011136918513642106;0,000001788769822864998;4;1;2;256;1277;1267;Alta remuneração e baixo emprego;0,03798945807491084
2863100;Fabricação de máquinas e equipamentos para a indústria têxtil, peças e acessórios;Subclasse;C;28;286;28631;2863100;2080;4418,5304230769225;9190543,28;1,5889990065655935;1637,8298657952796;58,899900656559346;0,00002859850680046368;0,00004544299889519616;4;1;2;261;1036;985;Alta remuneração e baixo emprego;0,03798364006911537
2511000;Fabricação de estruturas metálicas;Subclasse;C;25;251;25110;2511000;104895;2579,4353176033173;270569867,64;0,9276206712904469;-201,26523967832554;-7,23793287095531;0,0014422309475166529;0,001337843239691255;2;4;1;688;154;172;Baixa remuneração e alto emprego;0,03781033082875765
1922501;Formulação de combustíveis;Subclasse;C;19;192;19225;1922501;113;4451,452743362832;503014,16;1,6008385842575164;1670,752186081189;60,083858425751636;0,000001553668879063652;0,000002487173088765219;4;1;2;258;1270;1254;Alta remuneração e baixo emprego;0,03779375821539421
8129000;Atividades de limpeza não especificadas anteriormente;Subclasse;N;81;812;81290;8129000;166970;1730,163882853207;288885463,52;0,6222043140612669;-1050,5366744284358;-37,779568593873314;0,0022957176348429907;0,0014284054162658371;1;4;1;1202;96;163;Baixa remuneração e alto emprego;0,0377317005999404
3321000;Instalação de máquinas e equipamentos industriais;Subclasse;C;33;332;33210;3321000;106431;2547,6721050257916;271151289,81;0,9161979337740503;-233,02845225585133;-8,380206622594965;0,001463349844846226;0,0013407181042366895;2;4;1;704;153;171;Baixa remuneração e alto emprego;0,03771109707060275
2341900;Fabricação de produtos cerâmicos refratários;Subclasse;C;23;234;23419;2341900;12108;4150,819778658738;50258125,88;1,492724474697303;1370,119221377095;49,272447469730295;0,0001664763078557761;0,00024850325919355986;4;3;2;299;649;566;Alta remuneração e alto emprego;0,03740448704343434
4645102;Comércio atacadista de próteses e artigos de ortopedia;Subclasse;G;46;464;46451;4645102;4579;4316,421085389823;19764892,15;1,552278282566847;1535,7205281081801;55,22782825668471;0,00006295796280736691;0,00009772827838052696;4;2;2;272;886;820;Alta remuneração e baixo emprego;0,03736262662135128
1122401;Fabricação de refrigerantes;Subclasse;C;11;112;11224;1122401;57800;3279,095301730104;189531708,44;1,1792335183820302;498,3947444484611;17,92335183820302;0,0007947085062821157;0,0009371469079511871;3;4;1;450;242;228;Alta remuneração e alto emprego;0,03730187310766034
2219600;"Fabricação de artefatos de borracha não especificados 
anteriormente";Subclasse;C;22;221;22196;2219600;70488;3071,6164120133926;216512097,65;1,1046196268670307;290,91585473174973;10,461962686703075;0,0009691593977649442;0,001070552492333789;3;4;1;512;203;207;Alta remuneração e alto emprego;0,03718988187871579
9420100;Atividades de organizações sindicais;Subclasse;S;94;942;94201;9420100;190360;1447,5854224101702;275562361,01;0,5205829943175545;-1333,1151348714727;-47,94170056824455;0,002617313343527051;0,0013625288174406026;1;4;1;1307;81;168;Baixa remuneração e alto emprego;0,03708464590193372
1082100;Fabricação de produtos à base de café;Subclasse;C;10;108;10821;1082100;3551;4313,7534666291185;15318138,56;1,5513189492241328;1533,0529093474756;55,13189492241328;0,00004882370079252237;0,00007574113221068927;4;2;2;274;939;885;Alta remuneração e baixo emprego;0,03699102895390022
6822600;Gestão e administração da propriedade imobiliária;Subclasse;L;68;682;68226;6822600;110165;2436,1214842282034;268375323,31;0,8760819203811384;-344,5790730534395;-12,391807961886158;0,0015146896642659045;0,0013269922298515355;2;4;1;774;145;174;Baixa remuneração e alto emprego;0,03693674543856279
3314715;Manutenção e reparação de máquinas e equipamentos para uso na extração mineral, exceto na extração de petróleo;Subclasse;C;33;331;33147;3314715;2130;4333,709769953052;9230801,81;1,558495667073768;1553,0092126714094;55,849566707376795;0,00002928597090624406;0,00004564205876342979;4;1;2;270;1031;984;Alta remuneração e baixo emprego;0,03680965311125919
4222701;Construção de redes de abastecimento de água, coleta de esgoto e construções correlatas, exceto obras de irrigação;Subclasse;F;42;422;42227;4222701;111588;2401,577756389576;267987258,68;0,8636592495012516;-379,12280089206706;-13,634075049874838;0,0015342548927164141;0,0013250734291870817;2;4;1;791;142;175;Baixa remuneração e alto emprego;0,036750739737227006
5021102;Transporte por navegação interior de carga, intermunicipal, interestadual e internacional, exceto travessia;Subclasse;H;50;502;50211;5021102;13206;4080,7797402695746;53890777,25;1,4675365636128987;1300,0791829879317;46,75365636128988;0,00018157301961871315;0,0002664650452560638;4;3;2;311;628;542;Alta remuneração e alto emprego;0,036731877236898136
6499902;Sociedades de investimento;Subclasse;K;64;649;64999;6499902;24;4367,901666666667;104829,64;1,570791811879464;1587,2011093850238;57,07918118794639;3,299827707745809e-7;5,183342343940098e-7;4;1;2;268;1302;1291;Alta remuneração e baixo emprego;0,03660011132265008
2441502;Produção de laminados de alumínio;Subclasse;C;24;244;24415;2441502;13472;4064,056820813539;54750973,49;1,461522640462402;1283,3562635318963;46,1522640462402;0,00018523032866146476;0,00027071831903902256;4;3;2;314;623;537;Alta remuneração e alto emprego;0,036571384060165156
1733800;Fabricação de chapas e de embalagens de papelão ondulado;Subclasse;C;17;173;17338;1733800;54086;3291,839017675554;178042405,11;1,1838164339757566;511,1384603939109;18,381643397575665;0,0007436436725047494;0,000880337600533208;3;4;1;444;260;235;Alta remuneração e alto emprego;0,03649241394593559
2539001;Serviços de usinagem, torneiria e solda;Subclasse;C;25;253;25390;2539001;95335;2645,593924581738;252217696,8;0,9514127357776407;-135,10663269990482;-4,858726422235926;0,0013107878104914447;0,0012471002168036494;3;4;1;650;168;189;Baixa remuneração e alto emprego;0,036449238958083566
4752100;Comércio varejista especializado de equipamentos de telefonia e comunicação;Subclasse;G;47;475;47521;4752100;152823;1817,2916238393434;277723957,83;0,6535373321951254;-963,4089334422995;-34,64626678048746;0,002101206540753491;0,0013732169170349846;1;4;1;1141;103;167;Baixa remuneração e alto emprego;0,03638717346279527
2449101;Produção de zinco em formas primárias;Subclasse;C;24;244;24491;2449101;1868;4303,465123126338;8038872,85;1,5476190386113775;1522,764565844695;54,76190386113775;0,00002568365899195488;0,00003974851963715168;4;1;2;278;1055;1001;Alta remuneração e baixo emprego;0,03630020872736923
8640211;Serviços de radioterapia;Subclasse;Q;86;864;86402;8640211;1389;4314,082800575954;5992261,01;1,5514373848269787;1533,3822432943111;55,14373848269787;0,00001909775285857887;0,00002962896775098556;4;1;2;273;1103;1046;Alta remuneração e baixo emprego;0,03629353379189651
1742701;Fabricação de fraldas descartáveis;Subclasse;C;17;174;17427;1742701;12038;4068,6148604419336;48977985,69;1,4631618099934247;1287,9143031602907;46,31618099934247;0,00016551385810768354;0,0002421735562078332;4;3;2;313;652;575;Alta remuneração e alto emprego;0,036189162995605505
2610800;Fabricação de componentes eletrônicos;Subclasse;C;26;261;26108;2610800;42865;3465,3395012247756;148541777,72;1,2462109564981072;684,6389439431327;24,62109564981072;0,0005893629778855172;0,0007344706003952832;3;4;2;410;306;285;Alta remuneração e alto emprego;0,036179616805662465
2091600;Fabricação de adesivos e selantes;Subclasse;C;20;209;20916;2091600;7985;4153,45988478397;33165377,18;1,4936739139018653;1372,7593275023269;49,36739139018653;0,00010978801769312619;0,00016398749808721908;4;2;2;298;774;699;Alta remuneração e baixo emprego;0,03613583025733941
2670101;Fabricação de equipamentos e instrumentos ópticos, peças e acessórios;Subclasse;C;26;267;26701;2670101;894;4311,007035794183;3854040,29;1,5503312733567174;1530,3064785125403;55,033127335671736;0,00001229185821135314;0,00001905645219272734;4;1;2;276;1148;1104;Alta remuneração e baixo emprego;0,03608979026521973
4649407;Comércio atacadista de filmes, CDs, DVDs, fitas e discos;Subclasse;G;46;464;46494;4649407;335;4323,115731343283;1448243,77;1,554685821895715;1542,4151740616403;55,46858218957149;0,000004606009508728525;0,000007160897678737087;4;1;2;271;1224;1192;Alta remuneração e baixo emprego;0,036077227778766284
2930101;Fabricação de cabines, carrocerias e reboques para caminhões;Subclasse;C;29;293;29301;2930101;63173;3117,2422009402753;196925541,56;1,12102764635241;336,54164365863244;12,102764635241003;0,000868583399089275;0,0009737060035418262;3;4;1;502;220;219;Alta remuneração e alto emprego;0,036028661035441924
2431800;Produção de tubos de aço com costura;Subclasse;C;24;243;24318;2431800;16405;3963,8291075891493;65026616,51;1,4254785892746789;1183,1285503075064;42,547858927467885;0,00022555697310654168;0,00032152663582497973;4;3;2;324;572;494;Alta remuneração e alto emprego;0,036012571549493756
2790299;Fabricação de outros equipamentos e aparelhos elétricos não especificados anteriormente;Subclasse;C;27;279;27902;2790299;42847;3454,6014869185706;148019309,91;1,2423493345488879;673,9009296369277;24,234933454888786;0,0005891154908074362;0,0007318872379770599;3;4;2;414;307;286;Alta remuneração e alto emprego;0,03600266091324722
5212500;Carga e descarga;Subclasse;H;52;521;52125;5212500;153471;1785,2321070430244;273981356,7;0,6420080372797248;-995,4684502386185;-35,79919627202752;0,0021101160755644045;0,001354711480105499;1;4;1;1158;102;169;Baixa remuneração e alto emprego;0,035972855639876934
2121102;Fabricação de medicamentos homeopáticos para uso humano;Subclasse;C;21;212;21211;2121102;522;4308,808697318008;2249198,14;1,5495407033435535;1528,108140036365;54,95407033435535;0,000007177125264347135;0,000011121247730101248;4;1;2;277;1198;1161;Alta remuneração e baixo emprego;0,03593835003319898
4789004;Comércio varejista de animais vivos e de artigos e alimentos para animais de estimação;Subclasse;G;47;478;47890;4789004;146981;1859,563233275049;273320463,59;0,6687391162653344;-921,1373240065939;-33,12608837346656;0,002020883234634112;0,0013514436684046467;1;4;1;1114;107;170;Baixa remuneração e alto emprego;0,035902474881708994
4681802;Comércio atacadista de combustíveis realizado por transportador retalhista (TRR);Subclasse;G;46;468;46818;4681802;11583;4053,8902313735643;46956210,55;1,4578665152412407;1273,1896740919215;45,78665152412407;0,00015925793474508212;0,0002321768103513298;4;2;2;316;673;589;Alta remuneração e baixo emprego;0,035833401976101555
4212000;Construção de obras de arte especiais;Subclasse;F;42;421;42120;4212000;57097;3202,1157929488418;182831205,43;1,1515500238109657;421,4152356671989;15,155002381096573;0,0007850427609548436;0,0009040160100701766;3;4;1;471;247;233;Alta remuneração e alto emprego;0,035823743778817856
4685100;Comércio atacadista de produtos siderúrgicos e metalúrgicos, exceto para construção;Subclasse;G;46;468;46851;4685100;27338;3717,751874679933;101635900,75;1,3369838995948318;937,0513173982899;33,69838995948318;0,0003758778744764789;0,0005025426663889795;3;3;2;358;431;385;Alta remuneração e alto emprego;0,03562442925597437
0899101;Extração de grafita;Subclasse;B;08;089;08991;0899101;1117;4271,623894359892;4771403,89;1,5361682447878335;1490,923337078249;53,61682447878336;0,000015357948123133622;0,00002359239221185678;4;1;2;285;1124;1080;Alta remuneração e baixo emprego;0,03561135673637704
5231103;Gestão de terminais aquaviários;Subclasse;H;52;523;52311;5231103;1500;4258,426533333333;6387639,8;1,5314221886215198;1477,7259760516904;53,14221886215198;0,000020623923173411307;0,00003158393356418763;4;1;2;287;1091;1037;Alta remuneração e baixo emprego;0,035550129127726995
0131800;Cultivo de laranja;Subclasse;A;01;013;01318;0131800;115703;2258,619971219415;261329106,53;0,8122485412191943;-522,0805860622277;-18,77514587808057;0,001590833188622139;0,001292151936781412;2;4;1;868;139;180;Baixa remuneração e alto emprego;0,03553057944411004
1043100;Fabricação de margarina e outras gorduras vegetais e de óleos não comestíveis de animais;Subclasse;C;10;104;10431;1043100;4665;4174,97715755627;19476268,44;1,5014119900913185;1394,276600274627;50,14119900913185;0,00006414040106930917;0,00009630116721472683;4;2;2;295;882;825;Alta remuneração e baixo emprego;0,035388032261030475
4692300;Comércio atacadista de mercadorias em geral, com predominância de insumos agropecuários;Subclasse;G;46;469;46923;4692300;25295;3739,9115564340777;94601062,82;1,344952999933995;959,2109991524349;34,495299993399506;0,0003477880911142927;0,00046775863648548566;3;3;2;354;447;401;Alta remuneração e alto emprego;0,03535567150867277
2733300;Fabricação de fios, cabos e condutores elétricos isolados;Subclasse;C;27;273;27333;2733300;35697;3541,2908087514356;126413458;1,2735246876827797;760,5902514697927;27,352468768277973;0,0004908081236808423;0,0006250562624228159;3;3;2;391;354;312;Alta remuneração e alto emprego;0,03533509259061143
1093701;Fabricação de produtos derivados do cacau e de chocolates;Subclasse;C;10;109;10937;1093701;35455;3539,110511916514;125479163,2;1,2727406058336168;758,4099546348712;27,27406058336168;0,00048748079740886527;0,0006204366054264139;3;3;2;394;357;316;Alta remuneração e alto emprego;0,0352314275135478
1013901;Fabricação de produtos de carne;Subclasse;C;10;101;10139;1013901;108438;2344,608229126321;254244627,15;0,8431717766181782;-436,09232815532187;-15,682822338182179;0,0014909446540522502;0,0012571224527966112;2;4;1;814;150;184;Baixa remuneração e alto emprego;0,035171823794485906
1062700;Moagem de trigo e fabricação de derivados;Subclasse;C;10;106;10627;1062700;35492;3526,918976952553;125177408,33;1,2683562664512134;746,21841967091;26,835626645121337;0,0004879895208471428;0,0006189445667289985;3;3;2;397;356;317;Alta remuneração e alto emprego;0,03505128212658298
4929902;Transporte rodoviário coletivo de passageiros, sob regime de fretamento, intermunicipal, interestadual e internacional;Subclasse;H;49;492;49299;4929902;99988;2469,8317740128814;246953539,42;0,8882048689296267;-310,8687832687615;-11,17951310703733;0,0013747632201753666;0,001221071385785133;2;4;1;755;162;191;Baixa remuneração e alto emprego;0,035043146874857364
1099603;Fabricação de fermentos e leveduras;Subclasse;C;10;109;10996;1099603;2258;4200,153387953941;9483946,35;1,510465906498011;1419,4528306722982;51,046590649801104;0,000031045879017041825;0,00004689374179250366;4;1;2;293;1021;982;Alta remuneração e baixo emprego;0,034976022907004384
0810010;Beneficiamento de gesso e caulim associado à extração;Subclasse;B;08;081;08100;0810010;890;4228,3560112359555;3763236,85;1,5206081791739243;1447,6554539543126;52,060817917392434;0,00001223686108289071;0,000018607471050058697;4;1;2;289;1150;1108;Alta remuneração e baixo emprego;0,034933420337116966
4541203;Comércio a varejo de motocicletas e motonetas novas;Subclasse;G;45;454;45412;4541203;64794;3023,6784922986694;195916224,23;1,0873801151946245;242,97793501702654;8,738011519462452;0,0008908709853986749;0,0009687153947263599;3;4;1;527;219;221;Alta remuneração e alto emprego;0,03486465691896101
2640000;Fabricação de aparelhos de recepção, reprodução, gravação e amplificação de áudio e vídeo;Subclasse;C;26;264;26400;2640000;20929;3782,8753514262507;79171798,23;1,3604037088856176;1002,1747941446079;36,04037088856175;0,0002877587253975502;0,00039146803729502526;3;3;2;349;508;448;Alta remuneração e alto emprego;0,03470100433875058
4759899;Comércio varejista de outros artigos de uso doméstico não especificados anteriormente;Subclasse;G;47;475;47598;4759899;134364;1937,0315650025304;260267309,2;0,6965984021293302;-843,6689922791124;-30,340159787066977;0,0018474085421814914;0,0012869018385637022;1;4;1;1061;122;181;Baixa remuneração e alto emprego;0,03455126545782469
2832100;Fabricação de equipamentos para irrigação agrícola, peças e acessórios;Subclasse;C;28;283;28321;2832100;6019;4079,798539624522;24556307,41;1,4671837026611925;1299,0979823428793;46,718370266119244;0,00008275692905384177;0,00012141961759008522;4;2;2;312;842;775;Alta remuneração e baixo emprego;0,03446490712370883
4722901;Comércio varejista de carnes - açougues;Subclasse;G;47;472;47229;4722901;140985;1829,9573553924176;257996537,75;0,6580922029164288;-950,7432018892252;-34,19077970835712;0,0019384425390689289;0,0012756739207627872;1;4;1;1132;114;183;Baixa remuneração e alto emprego;0,034179882253671315
4541201;Comércio por atacado de motocicletas e motonetas;Subclasse;G;45;454;45412;4541201;2455;4122,522969450102;10120793,89;1,4825483307272027;1341,8224121684593;48,254833072720274;0,00003375448759381651;0,000050042659236764746;4;1;2;304;1008;967;Alta remuneração e baixo emprego;0,03394813552257287
6190699;Outras atividades de telecomunicações não especificadas anteriormente;Subclasse;J;61;619;61906;6190699;35196;3459,1387819638594;121747848,57;1,2439810438796202;678,4382246822165;24,398104387962015;0,00048391973334092295;0,0006019869750353888;3;3;2;411;361;326;Alta remuneração e alto emprego;0,03390674992096249
6911703;Agente de propriedade industrial;Subclasse;M;69;691;69117;6911703;2659;4113,805280180519;10938608,24;1,4794132613121393;1333,104722898876;47,941326131213934;0,00003655934114540045;0,00005408637411533997;4;1;2;306;998;952;Alta remuneração e baixo emprego;0,03388992033521911
4623104;Comércio atacadista de fumo em folha não beneficiado;Subclasse;G;46;462;46231;4623104;1876;4130,776364605544;7749336,46;1,485516429947318;1350,0758073239008;48,5516429947318;0,000025793653248879742;0,00003831689568957488;4;1;2;302;1053;1007;Alta remuneração e baixo emprego;0,03388119636621441
2631100;Fabricação de equipamentos transmissores de comunicação, peças e acessórios;Subclasse;C;26;263;26311;2631100;9549;3955,0993842287153;37767244,02;1,4223391921405377;1174,3988269470724;42,23391921405377;0,00013129189492193638;0,00018674160775786742;4;2;2;325;732;658;Alta remuneração e baixo emprego;0,033776430990233634
2399199;Fabricação de outros produtos de minerais não metálicos não especificados anteriormente;Subclasse;C;23;239;23991;2399199;31457;3515,8096182089835;110596823,16;1,2643611010190785;735,1090609273406;26,43611010190785;0,00043251116751066637;0,0005468502959568334;3;3;2;401;392;355;Alta remuneração e alto emprego;0,0337227444689529
6190602;Provedores de voz sobre protocolo Internet - VOIP;Subclasse;J;61;619;61906;6190602;908;4137,907224669603;3757219,76;1,4880808412951656;1357,2066673879604;48,80808412951656;0,000012484348160971645;0,000018577719314400445;4;1;2;301;1144;1109;Alta remuneração e baixo emprego;0,033675065377899265
2061400;Fabricação de sabões e detergentes sintéticos;Subclasse;C;20;206;20614;2061400;34167;3457,9489039131327;118147740,2;1,2435531380241656;677,2483466314898;24,355313802416557;0,00046977172204396277;0,000584186099102786;3;3;2;412;371;335;Alta remuneração e alto emprego;0,033596556989078465
4742300;Comércio varejista de material elétrico;Subclasse;G;47;474;47423;4742300;104030;2305,1319021436125;239802871,78;0,8289752365127236;-475,5686551380304;-17,102476348727635;0,0014303378184866522;0,0011857146313730658;2;4;1;837;155;194;Baixa remuneração e alto emprego;0,03358136166169471
4221905;Manutenção de estações e redes de telecomunicações;Subclasse;F;42;422;42219;4221905;50101;3180,388491048083;159340643,79;1,1437364166090458;399,68793376644;14,373641660904578;0,0006888527832740533;0,0007878660139130334;3;4;1;480;276;266;Alta remuneração e alto emprego;0,0335724611245511
4724500;Comércio varejista de hortifrutigranjeiros;Subclasse;G;47;472;47245;4724500;140123;1800,9726686553956;252357693,25;0,6476686833248922;-979,7278886262472;-35,233131667510776;0,001926590657885275;0,0012477924346985941;1;4;1;1150;117;188;Baixa remuneração e alto emprego;0,03352804184700764
8640210;Serviços de quimioterapia;Subclasse;Q;86;864;86402;8640210;10042;3920,093046205935;39365574,37;1,40975015664331;1139,3924889242921;40,975015664330996;0,0001380702910049309;0,00019464461437198872;4;2;2;328;714;651;Alta remuneração e baixo emprego;0,033423270567695874
5812301;Edição de jornais diários;Subclasse;J;58;581;58123;5812301;5200;4017,8921480769236;20893039,17;1,4449208267159606;1237,1915907952807;44,49208267159606;0,0000714962670011592;0,00010330644522242001;4;2;2;321;861;808;Alta remuneração e baixo emprego;0,033330142940420054
0500302;Beneficiamento de carvão mineral;Subclasse;B;05;050;05003;0500302;718;4115,877520891365;2955200,06;1,4801584838444324;1335,176963609722;48,01584838444324;0,000009871984559006213;0,000014612101697394285;4;1;2;305;1169;1134;Alta remuneração e baixo emprego;0,033307290369522916
5211799;Depósitos de mercadorias para terceiros, exceto armazéns gerais e guarda-móveis;Subclasse;H;52;521;52117;5211799;82063;2646,719216090077;217197719,03;0,9518174149170009;-133,98134119156566;-4,818258508299911;0,0011283073382531014;0,0010739425739279493;3;4;1;649;186;206;Baixa remuneração e alto emprego;0,03322487069465783
2910702;Fabricação de chassis com motor para automóveis, camionetas e utilitários;Subclasse;C;29;291;29107;2910702;1385;4083,2018844765344;5655234,61;1,468407619002382;1302,5013271948915;46,840761900238206;0,00001904275573011644;0,000027962527600904257;4;1;2;310;1105;1056;Alta remuneração e baixo emprego;0,03306008319556643
8630501;Atividade médica ambulatorial com recursos para realização de procedimentos cirúrgicos;Subclasse;Q;86;863;86305;8630501;85924;2557,354254108282;219738106,93;0,9196798437758794;-223,34630317336087;-8,03201562241206;0,0011813933165014622;0,0010865036207579329;2;4;1;701;183;202;Baixa remuneração e alto emprego;0,03293590664726309
6499905;Concessão de crédito pelas OSCIP;Subclasse;K;64;649;64999;6499905;1834;4059,79878953108;7445670,98;1,4599913604145345;1279,098232249437;45,99913604145345;0,000025216183400024226;0,00003681540990666377;4;1;2;315;1056;1013;Alta remuneração e baixo emprego;0,03287275740492684
0161003;Serviço de preparação de terreno, cultivo e colheita;Subclasse;A;01;016;01610;0161003;134465;1830,4271943628453;246128392,69;0,6582611671614991;-950,2733629187976;-34,173883283850095;0,0018487972196751677;0,0012169914156683105;1;4;1;1131;121;192;Baixa remuneração e alto emprego;0,03285304844578674
2660400;Fabricação de aparelhos eletromédicos e eletroterapêuticos e equipamentos de irradiação;Subclasse;C;26;266;26604;2660400;8094;3916,784565109958;31702454,27;1,4085603553584094;1136,084007828315;40,85603553584094;0,00011128668944372741;0,00015675401882951767;4;2;2;329;770;716;Alta remuneração e baixo emprego;0,032780346609996555
1065101;Fabricação de amidos e féculas de vegetais;Subclasse;C;10;106;10651;1065101;13182;3787,8567068730085;49931527,11;1,362195111931053;1007,1561495913656;36,21951119310529;0,00018124303684793859;0,00024688837886580164;3;3;2;348;630;568;Alta remuneração e alto emprego;0,032456592977175076
6110899;Serviços de telecomunicações por fio não especificados anteriormente;Subclasse;J;61;611;61108;6110899;1133;4043,669417475728;4581477,45;1,4541908897334628;1262,9688601940852;45,41908897334628;0,000015577936636983342;0,000022653293538346318;4;1;2;318;1123;1084;Alta remuneração e baixo emprego;0,03242811369449099
4771702;Comércio varejista de produtos farmacêuticos, com manipulação de fórmulas;Subclasse;G;47;477;47717;4771702;104018;2217,9008013997577;230701605,56;0,7976050479768066;-562,7997558818852;-20,239495202319336;0,001430172827101265;0,0011407130663752298;2;4;1;888;156;199;Baixa remuneração e alto emprego;0,032300094275175495
6821802;Corretagem no aluguel de imóveis;Subclasse;L;68;682;68218;6821802;47757;3139,8867225747013;149951570,21;1,1291711055879357;359,18616529305837;12,917110558793565;0,0006566244659950692;0,0007414413742237402;3;4;1;497;289;282;Alta remuneração e alto emprego;0,032281894449580524
2813500;Fabricação de válvulas, registros e dispositivos semelhantes, peças e acessórios;Subclasse;C;28;281;28135;2813500;22766;3585,2688210489328;81622229,98;1,2893401310904975;804,5682637672899;28,93401310904975;0,00031301615664392125;0,0004035842924407171;3;3;2;383;476;438;Alta remuneração e alto emprego;0,03227981468371997
4637103;Comércio atacadista de óleos e gorduras;Subclasse;G;46;463;46371;4637103;1411;4020,5055421686748;5672933,32;1,4458606596961452;1239,8049848870319;44,586065969614516;0,000019400237065122236;0,00002805003956123925;4;1;2;320;1098;1055;Alta remuneração e baixo emprego;0,03219045846717382
8630507;Atividades de reprodução humana assistida;Subclasse;Q;86;863;86305;8630507;2575;3987,3001825242723;10267297,97;1,4339192949355817;1206,5996252426294;43,391929493558166;0,00003540440144768941;0,00005076705436148709;4;1;2;322;1001;964;Alta remuneração e baixo emprego;0,03208520327283643
4614100;Representantes comerciais e agentes do comércio de máquinas, equipamentos, embarcações e aeronaves;Subclasse;G;46;461;46141;4614100;6128;3908,9037744778066;23953762,33;1,4057262527753338;1128,2032171961637;40,57262527753338;0,00008425560080444299;0,00011844030999416407;4;2;2;330;839;780;Alta remuneração e baixo emprego;0,032067491490728954
2825900;Fabricação de máquinas e equipamentos para saneamento básico e ambiental, peças e acessórios;Subclasse;C;28;282;28259;2825900;6363;3897,2955194090837;24798491,39;1,4015516734455584;1116,5949621274408;40,15516734455584;0,00008748668210161077;0,0001226171057037122;3;2;2;333;828;773;Alta remuneração e baixo emprego;0,031973907388577444
2013401;Fabricação de adubos e fertilizantes organo-minerais;Subclasse;C;20;201;20134;2013401;11835;3780,5288804393745;44742559,3;1,359559867221066;999,8283231577316;35,9559867221066;0,00016272275383821523;0,00022123132560213012;3;2;2;350;664;604;Alta remuneração e baixo emprego;0,03194711922833564
4632001;Comércio atacadista de cereais e leguminosas beneficiados;Subclasse;G;46;463;46320;4632001;42372;3199,812546964977;135582457,24;1,1507217267914132;419,1119896833343;15,072172679141316;0,0005825845818025226;0,0006703927359738523;3;4;1;472;308;300;Alta remuneração e alto emprego;0,031796402357219936
4673700;Comércio atacadista de material elétrico;Subclasse;G;46;467;46737;4673700;34020;3338,7078656672547;113582841,59;1,2006714843582829;558,0073083856119;20,067148435828287;0,00046775057757296847;0,0005616147802839803;3;3;1;435;373;346;Alta remuneração e alto emprego;0,03169748166992623
2550102;Fabricação de armas de fogo, outras armas e munições;Subclasse;C;25;255;25501;2550102;7491;3849,411754104926;28835943,45;1,3843316368692478;1068,711196823283;38,43316368692478;0,00010299587232801607;0,00014258044453061857;3;2;2;341;785;742;Alta remuneração e baixo emprego;0,031633041019724216
2622100;Fabricação de periféricos para equipamentos de informática;Subclasse;C;26;262;26221;2622100;23536;3525,4832163494225;82975772,98;1,2678399359173949;744,7826590677796;26,783993591739485;0,00032360310387293906;0,00041027693847693717;3;3;2;398;468;430;Alta remuneração e alto emprego;0,03160177358782635
8711502;Instituições de longa permanência para idosos;Subclasse;Q;87;871;87115;8711502;124187;1870,5828956331984;232302078,06;0,672702024939299;-910,1176616484445;-32,7297975060701;0,0017074820980909535;0,0011486266649333872;1;4;1;1104;127;197;Baixa remuneração e alto emprego;0,03137698786880396
1033301;Fabricação de sucos concentrados de frutas, hortaliças e legumes;Subclasse;C;10;103;10333;1033301;23167;3515,154493460526;81435584,15;1,2641255040049586;734,4539361788829;26,41255040049586;0,00031852961877227985;0,00040266141487101565;3;3;2;402;473;441;Alta remuneração e alto emprego;0,0313405331343048
3701100;Gestão de redes de esgoto;Subclasse;E;37;370;37011;3701100;11972;3708,3746809221516;44396661,68;1,3336116581166093;927,6741236405087;33,36116581166093;0,00016460640548805346;0,00021952102135953795;3;3;2;363;657;609;Alta remuneração e alto emprego;0,03094104374473575
1830002;Reprodução de vídeo em qualquer suporte;Subclasse;C;18;183;18300;1830002;269;3954,0768029739775;1063646,66;1,4219714498275224;1173,3762456923346;42,19714498275224;0,000003698556889098428;0,000005259242301860864;4;1;2;326;1239;1215;Alta remuneração e baixo emprego;0,030909420836622594
1099602;Fabricação de pós-alimentícios;Subclasse;C;10;109;10996;1099602;8414;3778,2117970049917;31789874,06;1,3587265939553361;997,5112397233488;35,87265939553361;0,00011568645972072183;0,00015718626938308758;3;2;2;351;761;715;Alta remuneração e baixo emprego;0,030891123354158067
2823200;Fabricação de máquinas e aparelhos de refrigeração e ventilação para uso industrial e comercial, peças e acessórios;Subclasse;C;28;282;28232;2823200;33368;3291,703067010309;109837547,94;1,1837675431791952;511,00250972866615;18,37675431791952;0,00045878604563359237;0,0005430960300845757;3;3;1;445;380;359;Alta remuneração e alto emprego;0,03078576859725426
2512800;Fabricação de esquadrias de metal;Subclasse;C;25;251;25128;2512800;96945;2216,42636433029;214871453,89;0,7970748085500526;-564,2741929513527;-20,292519144994735;0,0013329241546975728;0,0010624402654173088;2;4;1;889;166;210;Baixa remuneração e alto emprego;0,030698736420221855
2052500;Fabricação de desinfestantes domissanitários;Subclasse;C;20;205;20525;2052500;3694;3847,5633757444502;14212899,11;1,3836669200749006;1066,8628184628074;38,36669200749006;0,00005078984813505425;0,00007027623274010245;3;2;2;342;928;904;Alta remuneração e baixo emprego;0,030459130535019866
4645103;Comércio atacadista de produtos odontológicos;Subclasse;G;46;464;46451;4645103;11376;3686,6281882911394;41939082,27;1,325791149513457;905,9276310094965;32,57911495134569;0,00015641183334715137;0,00020736942433082707;3;2;2;367;676;628;Alta remuneração e baixo emprego;0,030449999532957468
2861500;Fabricação de máquinas para a indústria metalúrgica, peças e acessórios, exceto máquinas-ferramenta;Subclasse;C;28;286;28615;2861500;10832;3697,46847950517;40050978,57;1,329689552448517;916,767922223527;32,968955244851706;0,00014893222387626085;0,00019803362211118767;3;2;2;365;692;647;Alta remuneração e baixo emprego;0,03044653702963921
4530702;Comércio por atacado de pneumáticos e câmaras-de-ar;Subclasse;G;45;453;45307;4530702;18253;3546,880544020161;64741210,57;1,2755348772568018;766,179986738518;27,55348772568018;0,0002509656464561844;0,0003201154350481632;3;3;2;388;553;497;Alta remuneração e alto emprego;0,030404461746143994
8542200;Educação profissional de nível tecnológico;Subclasse;P;85;854;85422;8542200;3810;3839,1058503937006;14626993,29;1,3806254112261314;1058,4052931120577;38,06254112261313;0,00005238476486046472;0,0000723237375274633;3;2;2;343;920;900;Alta remuneração e baixo emprego;0,030374796537462077
0210107;Extração de madeira em florestas plantadas;Subclasse;A;02;021;02101;0210107;33681;3255,8016688934417;109658656,01;1,1708566247335341;475,10111161179884;17,085662473353413;0,0004630895709357775;0,000542211491975165;3;3;1;458;376;363;Alta remuneração e alto emprego;0,030313300297262827
0810099;Extração e britamento de pedras e outros materiais para construção e beneficiamento associado;Subclasse;B;08;081;08100;0810099;40611;3134,866401221344;127310059,42;1,1273656895605928;354,16584393970106;12,73656895605928;0,0005583720959969377;0,0006294895430349814;3;4;1;499;321;310;Alta remuneração e alto emprego;0,030286997926040556
4511105;Comércio por atacado de reboques e semireboques novos e usados;Subclasse;G;45;451;45111;4511105;4308;3821,3137534818943;16462219,65;1,3742269887619738;1040,6131962002514;37,42269887619738;0,00005923190735403728;0,00008139808568176687;3;2;2;344;898;864;Alta remuneração e baixo emprego;0,03027350344540142
2330303;Fabricação de artefatos de fibrocimento para uso na construção;Subclasse;C;23;233;23303;2330303;6588;3767,586209775349;24820857,95;1,3549054032119394;986,885652493706;35,49054032119394;0,00009058027057762247;0,00012272769803002014;3;2;2;352;817;772;Alta remuneração e baixo emprego;0,03019398876422948
2399102;Fabricação de abrasivos;Subclasse;C;23;239;23991;2399102;1295;3879,4025405405405;5023826,29;1,3951169716501106;1098,7019832588976;39,511697165011064;0,000017805320339711764;0,000024840504591598796;3;1;2;338;1112;1072;Alta remuneração e baixo emprego;0,030179715019140792
3250705;Fabricação de materiais para medicina e odontologia;Subclasse;C;32;325;32507;3250705;37301;3183,259815822632;118738774,39;1,144769007035595;402,55925854098905;14,476900703559492;0,0005128619721942768;0,0005871084906551593;3;3;1;476;344;333;Alta remuneração e alto emprego;0,03016223797688173
2513600;Fabricação de obras de caldeiraria pesada;Subclasse;C;25;251;25136;2513600;34588;3228,169059789522;111655911,44;1,160919341471746;447,4685025078793;16,0919341471746;0,0004755601698146335;0,0005520869991713963;3;3;1;464;366;351;Alta remuneração e alto emprego;0,03013026266497283
0990402;Atividades de apoio à extração de minerais metálicos não ferrosos;Subclasse;B;09;099;09904;0990402;1669;3867,351587777112;6454609,8;1,3907831886644269;1086,651030495469;39,078318866442686;0,000022947551850948983;0,0000319150693353051;3;1;2;340;1074;1035;Alta remuneração e baixo emprego;0,03012444768959997
4291000;Obras portuárias, marítimas e fluviais;Subclasse;F;42;429;42910;4291000;8945;3709,3599597540524;33180224,84;1,3339659856724193;928,6594024724095;33,39659856724193;0,00012298732852410944;0,00016406091291988132;3;2;2;362;749;698;Alta remuneração e baixo emprego;0,030060778942876315
4634601;Comércio atacadista de carnes bovinas e suínas e derivados;Subclasse;G;46;463;46346;4634601;55059;2886,5884641929565;158932674,25;1,0380795791312487;105,88790691131362;3,807957913124871;0,0007570217240032355;0,0007858487926464911;3;4;1;570;257;268;Alta remuneração e alto emprego;0,03003551845472819
0116402;Cultivo de girassol;Subclasse;A;01;011;01164;0116402;24;3896,6245833333337;93518,99;1,4013103903365258;1115,9240260516908;40,131039033652584;3,299827707745809e-7;4,624082853184563e-7;3;1;2;335;1301;1292;Alta remuneração e baixo emprego;0,030033612289213717
3314799;Manutenção e reparação de outras máquinas e equipamentos para usos industriais não especificados anteriormente;Subclasse;C;33;331;33147;3314799;53199;2903,622597981165;154469818,59;1,044205421679668;122,92204069952231;4,42054216796679;0,0007314480592682055;0,0007637820291649312;3;4;1;565;267;274;Alta remuneração e alto emprego;0,029840960694846718
0151202;Criação de bovinos para leite;Subclasse;A;01;015;01512;0151202;116308;1872,4184632183512;217777246,62;0,6733621347020515;-908,2820940632917;-32,66378652979485;0,0015991515043020817;0,0010768080706488466;1;4;1;1101;138;205;Baixa remuneração e alto emprego;0,029776956241782834
5223100;Estacionamento de veículos;Subclasse;H;52;522;52231;5223100;119346;1825,239939671208;217835085,84;0,656395718298962;-955,4606176104348;-34,360428170103795;0,0016409218233692973;0,0010770940589229325;1;4;1;1134;133;204;Baixa remuneração e alto emprego;0,029678511131414176
4761003;Comércio varejista de artigos de papelaria;Subclasse;G;47;476;47610;4761003;122222;1784,8975904501644;218153753,3;0,6418877378853927;-995,8029668314784;-35,811226211460735;0,0016804647587337846;0,0010786697225797512;1;4;1;1159;128;203;Baixa remuneração e alto emprego;0,02963967143560218
1732000;Fabricação de embalagens de cartolina e papel-cartão;Subclasse;C;17;173;17320;1732000;15676;3536,5789920898187;55439412,28;1,2718302166081152;755,8784348081758;27,183021660811523;0,00021553374644426378;0,00027412233142656665;3;3;2;395;587;534;Alta remuneração e alto emprego;0,02951179900954031
2221800;Fabricação de laminados planos e tubulares de material plástico;Subclasse;C;22;222;22218;2221800;29220;3282,910796714579;95926653,48;1,1806056528157376;502,2102394329363;18,06056528157376;0,00040175402341805226;0,0004743130710888188;3;3;1;448;410;397;Alta remuneração e alto emprego;0,02950876101778869
1621800;Fabricação de madeira laminada e de chapas de madeira compensada, prensada e aglomerada;Subclasse;C;16;162;16218;1621800;55776;2843,1275439257024;158578281,89;1,0224500931898568;62,426986644059525;2,24500931898568;0,0007668799592801261;0,0007840964858313986;3;4;1;581;251;270;Alta remuneração e alto emprego;0,029496185486442086
8599601;Formação de condutores;Subclasse;P;85;859;85996;8599601;108990;1951,2232595650978;212663823,06;0,7017020421186863;-829,4772977165451;-29,829795788131374;0,0014985342577800657;0,001051524548869082;1;4;1;1052;149;211;Baixa remuneração e alto emprego;0,029438174984280994
1742799;Fabricação de produtos de papel para uso doméstico e higiênico-sanitário não especificados anteriormente;Subclasse;C;17;174;17427;1742799;18722;3471,9710677278067;65002242,33;1,2485958110937108;691,2705104461638;24,859581109371078;0,00025741405976840434;0,0003214061167434558;3;3;2;409;543;495;Alta remuneração e alto emprego;0,02942791781759495
3312103;Manutenção e reparação de aparelhos eletromédicos e eletroterapêuticos e equipamentos de irradiação;Subclasse;C;33;331;33121;3312103;6438;3715,444670705188;23920032,79;1,3361541791962426;934,7441134235451;33,61541791962426;0,00008851787826028133;0,00011827353297105914;3;2;2;359;824;781;Alta remuneração e baixo emprego;0,029406558735275798
2040100;Fabricação de fibras artificiais e sintéticas;Subclasse;C;20;204;20401;2040100;4122;3757,3616545366326;15487844,74;1,351228432237146;976,6610972549897;35,1228432237146;0,000056674540880534276;0,00007658025102176438;3;2;2;353;905;878;Alta remuneração e baixo emprego;0,02931378689144958
2949201;Fabricação de bancos e estofados para veículos automotores;Subclasse;C;29;294;29492;2949201;11875;3594,71776;42687273,4;1,2927381736903465;814,0172027183571;29,27381736903465;0,00016327272512283952;0,00021106888448874556;3;2;2;380;661;621;Alta remuneração e baixo emprego;0,029263632408699728
1111902;Fabricação de outras aguardentes e bebidas destiladas;Subclasse;C;11;111;11119;1111902;5068;3729,6890765588;18902064,24;1,3412767753047345;948,9885192771571;34,127677530473456;0,000069681361761899;0,00009346199220284254;3;2;2;356;869;831;Alta remuneração e baixo emprego;0,029203229689601193
2710401;Fabricação de geradores de corrente contínua e alternada, peças e acessórios;Subclasse;C;27;271;27104;2710401;22277;3389,1134362795706;75499280,02;1,2187984166093382;608,4128789979277;21,87984166093382;0,00030629275768938915;0,00037330912809073523;3;3;1;427;484;459;Alta remuneração e alto emprego;0,029194084642503202
8230001;Serviços de organização de feiras, congressos, exposições e festas;Subclasse;N;82;823;82300;8230001;159414;1324,1738106439836;211091843,85;0,4762015123046796;-1456,5267466376592;-52,37984876953203;0,00219182805917746;0,0010437518364921374;1;4;1;1317;99;213;Baixa remuneração e alto emprego;0,02918383178902489
0112101;Cultivo de algodão herbáceo;Subclasse;A;01;011;01121;0112101;22195;3389,765854471728;75235853,14;1,219033040287335;609,065297190085;21,903304028733505;0,00030516531655590934;0,0003720066036313972;3;3;1;426;486;461;Alta remuneração e alto emprego;0,029180910713374416
2311700;Fabricação de vidro plano e de segurança;Subclasse;C;23;231;23117;2311700;29059;3261,1008310678276;94764329,05;1,172762317944732;480,4002737861847;17,276231794473198;0,0003995403889974395;0,00046856591271317706;3;3;1;457;415;400;Alta remuneração e alto emprego;0,029129997399156247
2223400;Fabricação de tubos e acessórios de material plástico para uso na construção;Subclasse;C;22;222;22234;2223400;21993;3380,785480834811;74353615,08;1,2158035038982404;600,0849235531682;21,580350389824044;0,0003023879615685566;0,0003676443432116976;3;3;1;428;490;464;Alta remuneração e alto emprego;0,02898966968355102
7119799;Atividades técnicas relacionadas à engenharia e arquitetura não especificadas anteriormente;Subclasse;M;71;711;71197;7119799;15025;3511,4514695507487;52759558,33;1,262793816599754;730,7509122691058;26,27938165997541;0,00020658296378700327;0,00026087168928507864;3;3;2;403;595;550;Alta remuneração e alto emprego;0,028956512605605052
3299002;Fabricação de canetas, lápis e outros artigos para escritório;Subclasse;C;32;329;32990;3299002;4603;3719,7163045839666;17121854,15;1,3376903510316431;939,0157473023237;33,76903510316431;0,0000632879455781415;0,00008465967413649564;3;2;2;357;884;854;Alta remuneração e baixo emprego;0,028924189755677846
2722801;Fabricação de baterias e acumuladores para veículos automotores;Subclasse;C;27;272;27228;2722801;12020;3566,373908485857;42867814,38;1,2825451122907936;785,6733512042142;28,25451122907936;0,00016526637102960262;0,00021196157639005367;3;3;2;386;653;619;Alta remuneração e alto emprego;0,028894315041909757
4223500;Construção de redes de transportes por dutos, exceto para água e esgoto;Subclasse;F;42;422;42235;4223500;11169;3575,808327513654;39938203,21;1,2859379332125185;795,1077702320113;28,593793321251848;0,0001535657319492206;0,00019747599995504836;3;2;2;385;681;648;Alta remuneração e baixo emprego;0,02878524108711889
2824102;Fabricação de aparelhos e equipamentos de ar condicionado para uso não industrial;Subclasse;C;28;282;28241;2824102;8776;3623,840128760255;31802820,97;1,303211206712185;843,1395714786122;30,321120671218505;0,00012066369984657176;0,00015725028588340769;3;2;2;374;753;714;Alta remuneração e baixo emprego;0,028783065318861222
5250801;Comissaria de despachos;Subclasse;H;52;525;52508;5250801;11644;3564,02201734799;41499472,37;1,2816993214228383;783,3214600663473;28,169932142283827;0,00016009664095413418;0,0002051957560729896;3;2;2;387;672;633;Alta remuneração e baixo emprego;0,028751704756123795
2945000;Fabricação de material elétrico e eletrônico para veículos automotores, exceto baterias;Subclasse;C;29;294;29450;2945000;53138;2836,501832963228;150726034,4;1,0200673443731516;55,80127568158514;2,0067344373151608;0,0007306093530591534;0,000745270742549237;3;4;1;584;268;281;Alta remuneração e alto emprego;0,028717729092485864
1610203;Serrarias com desdobramento de madeira em bruto;Subclasse;C;16;161;16102;1610203;92346;2147,6644047387003;198328217,12;0,7723465222153276;-633,0361525429425;-22,765347778467238;0,0012696912062478939;0,0009806415874329451;2;4;1;933;173;218;Baixa remuneração e alto emprego;0,028702521500436336
3312102;Manutenção e reparação de aparelhos e instrumentos de medida, teste e controle;Subclasse;C;33;331;33121;3312102;18013;3430,741246322101;61797942,07;1,2337686765078815;650,0406890404579;23,376867650788146;0,0002476658187484386;0,00030556232941350196;3;3;1;417;557;510;Alta remuneração e alto emprego;0,02861619562480914
6810202;Aluguel de imóveis próprios;Subclasse;L;68;681;68102;6810202;41805;3003,207547900969;125549091,54;1,0800183212955676;222,5069906193262;8,001832129556764;0,0005747887388429731;0,0006207823688247843;3;4;1;534;313;315;Alta remuneração e alto emprego;0,02850628876815515
4681805;Comércio atacadista de lubrificantes;Subclasse;G;46;468;46818;4681805;14146;3497,551300721052;49476360,7;1,2577950155626207;716,8507434394091;25,779501556262076;0,00019449734480738424;0,0002446377908388923;3;3;2;406;612;572;Alta remuneração e alto emprego;0,028501987064275484
1731100;Fabricação de embalagens de papel;Subclasse;C;17;173;17311;1731100;40266;3018,2802724382855;121534073,45;1,085438798699309;237,57971515664258;8,543879869930905;0,0005536285936670531;0,0006009299556355541;3;4;1;528;323;327;Alta remuneração e alto emprego;0,028343353224612847
0230600;Atividades de apoio à produção florestal;Subclasse;A;02;023;02306;0230600;81360;2298,984287241888;187045361,61;0,8267644213691707;-481,7162700397548;-17,32355786308293;0,0011186415929258294;0,0009248530692948109;2;4;1;842;187;229;Baixa remuneração e alto emprego;0,028337446800412135
8640205;Serviços de diagnóstico por imagem com uso de radiação ionizante, exceto tomografia;Subclasse;Q;86;864;86402;8640205;69887;2498,7536302888952;174630394,96;0,8986057933298747;-281,94692699274765;-10,139420667012534;0,0009608960792134641;0,000863466783569181;2;4;1;739;205;240;Baixa remuneração e alto emprego;0,02832752083910898
3250704;Fabricação de aparelhos e utensílios para correção de defeitos físicos e aparelhos ortopédicos em geral, exceto sob encomenda;Subclasse;C;32;325;32507;3250704;5995;3646,3635012510426;21859949,19;1,311311098098119;865,6629439693997;31,131109809811907;0,00008242694628306719;0,00010808736944332353;3;2;2;370;843;799;Alta remuneração e baixo emprego;0,028293030773478965
9003500;Gestão de espaços para artes cênicas, espetáculos e outras atividades artísticas;Subclasse;R;90;900;90035;9003500;2668;3711,9738568215894;9903546,25;1,3349059995335637;931,2732995399465;33,49059995335637;0,00003668308468444091;0,00004896846982665797;3;1;2;361;997;972;Alta remuneração e baixo emprego;0,028242506426566956
4922102;Transporte rodoviário coletivo de passageiros, com itinerário fixo, interestadual;Subclasse;H;49;492;49221;4922102;62113;2637,7884937130716;163840956,71;0,9486057341937316;-142,91206356857128;-5,1394265806268375;0,000854009160046731;0,0008101179862743014;3;4;1;657;229;252;Baixa remuneração e alto emprego;0,028241229512788568
4612500;Representantes comerciais e agentes do comércio de combustíveis, minerais, produtos siderúrgicos e químicos;Subclasse;G;46;461;46125;4612500;4464;3669,082385752688;16378783,77;1,3194812998273748;888,3818284710451;31,948129982737484;0,00006137679536407205;0,0000809855337262246;3;2;2;368;890;866;Alta remuneração e baixo emprego;0,028166669337106716
5221400;Concessionárias de rodovias, pontes, túneis e serviços relacionados;Subclasse;H;52;522;52214;5221400;50321;2846,0996995290234;143218582,98;1,0235189445609754;65,3991422473805;2,3518944560975363;0,0006918776253394869;0,0007081498568528258;3;4;1;579;275;291;Alta remuneração e alto emprego;0,02816117522518291
4672900;Comércio atacadista de ferragens e ferramentas;Subclasse;G;46;467;46729;4672900;59948;2664,8975086741843;159755275,85;0,9583547216890318;-115,80304860745855;-4,16452783109682;0,0008242419642664408;0,0007899161782689857;3;4;1;639;234;263;Baixa remuneração e alto emprego;0,028053148409642827
0111302;Cultivo de milho;Subclasse;A;01;011;01113;0111302;66606;2535,5095284208633;168880147,65;0,9118240084432272;-245,19102886077962;-8,81759915567728;0,0009157846845921557;0,000835034461975736;2;4;1;715;218;245;Baixa remuneração e alto emprego;0,028022172795437034
1830003;Reprodução de software em qualquer suporte;Subclasse;C;18;183;18300;1830003;1433;3707,798632240056;5313275,44;1,3334044985644646;927,0980749584132;33,34044985644646;0,000019702721271665602;0,000026271697177600684;3;1;2;364;1095;1064;Alta remuneração e baixo emprego;0,027818914132183934
9493600;Atividades de organizações associativas ligadas à cultura e à arte;Subclasse;S;94;949;94936;9493600;23926;3264,3516805985123;78102878,31;1,1739313936735702;483,6511233168694;17,393139367357023;0,000328965323898026;0,0003861827211538871;3;3;1;455;463;453;Alta remuneração e alto emprego;0,027773348017719374
1065102;Fabricação de óleo de milho em bruto;Subclasse;C;10;106;10651;1065102;121;3730,6969421487606;451414,33;1,3416392255467504;949,9963848671177;34,16392255467504;0,0000016636631359885123;0,0000022320357213383057;3;1;2;355;1267;1261;Alta remuneração e baixo emprego;0,02775043990352156
5250804;Organização logística do transporte de carga;Subclasse;H;52;525;52508;5250804;72959;2395,9819582231116;174808447,69;0,861646879578208;-384,71859905853125;-13,835312042179204;0,0010031338738726104;0,0008643471722215346;2;4;1;794;200;238;Baixa remuneração e alto emprego;0,027703591130078878
2229301;Fabricação de artefatos de material plástico para uso pessoal e doméstico;Subclasse;C;22;222;22293;2229301;60559;2613,2415051437442;158255292,31;0,939778106743862;-167,45905213789865;-6,022189325613803;0,0008326427756390769;0,000782499451284046;2;4;1;672;232;271;Baixa remuneração e alto emprego;0,02755428144873648
5823900;Edição integrada à impressão de revistas;Subclasse;J;58;582;58239;5823900;993;3692,6001812688824;3666751,98;1,3279388072186724;911,8996239872395;32,79388072186724;0,000013653037140798286;0,000018130397855663908;3;1;2;366;1136;1111;Alta remuneração e baixo emprego;0,027476436833498874
4922101;Transporte rodoviário coletivo de passageiros, com itinerário fixo, intermunicipal, exceto em região metropolitana;Subclasse;H;49;492;49221;4922101;58417;2646,9297413424174;154625694,7;0,9518931243463348;-133,77081593922549;-4,810687565366523;0,0008031918133474456;0,0007645527646566983;3;4;1;648;239;273;Baixa remuneração e alto emprego;0,027454267258077175
4783101;Comércio varejista de artigos de joalheria;Subclasse;G;47;478;47831;4783101;57913;2652,834196294442;153633586,81;0,9540164939182806;-127,866360987201;-4,598350608171941;0,0007962621751611793;0,0007596472485870122;3;4;1;644;240;276;Baixa remuneração e alto emprego;0,027404589032823223
1092900;Fabricação de biscoitos e bolachas;Subclasse;C;10;109;10929;1092900;62417;2562,091933928257;159918092,24;0,9213836158010866;-218,60862335338606;-7,861638419891337;0,0008581889418098757;0,0007907212302452918;2;4;1;698;225;262;Baixa remuneração e alto emprego;0,027358092106000383
4763602;Comércio varejista de artigos esportivos;Subclasse;G;47;476;47636;4763602;62129;2566,352632426081;159444922,7;0,922915855037227;-214,3479248555618;-7,708414496277305;0,0008542291485605808;0,000788381625041511;2;4;1;696;228;265;Baixa remuneração e alto emprego;0,027342774354934124
4530705;Comércio a varejo de pneumáticos e câmaras-de-ar;Subclasse;G;45;453;45307;4530705;70416;2402,0550183196997;169143106,17;0,8638308832030086;-378,6455389619432;-13,61691167969914;0,0009681694494526205;0,0008363346706108278;2;4;1;788;204;244;Baixa remuneração e alto emprego;0,027192685155885715
4621400;Comércio atacadista de café em grão;Subclasse;G;46;462;46214;4621400;14150;3407,484951236749;48215912,06;1,2254052103214732;626,7843939551062;22,54052103214732;0,00019455234193584668;0,0002384054534884314;3;3;1;423;611;580;Alta remuneração e alto emprego;0,027186685762237896
4618499;Outros representantes comerciais e agentes do comércio especializado em produtos não especificados anteriormente;Subclasse;G;46;461;46184;4618499;8982;3503,0437129815186;31464338,63;1,2597702056801197;722,3431556998758;25,977020568011966;0,0001234960519623869;0,00015557664678133892;3;2;2;405;747;720;Alta remuneração e baixo emprego;0,02710766983386768
4789001;Comércio varejista de suvenires, bijuterias e artesanatos;Subclasse;G;47;478;47890;4789001;113705;1730,5149706697155;196768204,74;0,6223305728256595;-1050,1855866119274;-37,76694271743405;0,0015633621229551552;0,0009729280455126211;1;4;1;1200;141;220;Baixa remuneração e alto emprego;0,02709255028195475
2866600;Fabricação de máquinas e equipamentos para a indústria do plástico, peças e acessórios;Subclasse;C;28;286;28666;2866600;3855;3601,1582204928663;13882464,94;1,2950543024356733;820,4576632112235;29,505430243567332;0,00005300348255566706;0,0000686423881277908;3;2;2;378;918;909;Alta remuneração e baixo emprego;0,027028882622696995
2452100;Fundição de metais não ferrosos e suas ligas;Subclasse;C;24;245;24521;2452100;19086;3300,444553599497;62992284,75;1,1869111706245512;519,743996317854;18,69111706245512;0,00026241879845848547;0,00031146780327224923;3;3;1;441;539;505;Alta remuneração e alto emprego;0,0269832853377776
2930102;Fabricação de carrocerias para ônibus;Subclasse;C;29;293;29301;2930102;14679;3377,6696859459094;49580813,32;1,2146829967365675;596,9691286642665;21,468299673656755;0,00020182571217500307;0,00024515426088322467;3;3;1;429;601;571;Alta remuneração e alto emprego;0,026898746012277774
3314710;Manutenção e reparação de máquinas e equipamentos para uso geral não especificados anteriormente;Subclasse;C;33;331;33147;3314710;51964;2730,918102340082;141909428,27;0,9820971536071373;-49,7824549415609;-1,790284639286266;0,0007144676958554301;0,0007016766904438679;3;4;1;617;271;294;Baixa remuneração e alto emprego;0,02689832492076495
5620104;Fornecimento de alimentos preparados preponderantemente para consumo domiciliar;Subclasse;I;56;562;56201;5620104;117747;1661,631778049547;195652156,97;0,5975586884745062;-1119,068779232096;-40,24413115254938;0,001618936721266441;0,0009674097038831917;1;4;1;1237;135;222;Baixa remuneração e alto emprego;0,026845036693614217
7912100;Operadores turísticos;Subclasse;N;79;791;79121;7912100;6162;3539,6392129178835;21811256,83;1,2729307381367823;758,9386556362406;27,293073813678227;0,00008472307639637365;0,00010784660817445493;3;2;2;393;837;800;Alta remuneração e baixo emprego;0,02682317071970908
2864000;Fabricação de máquinas e equipamentos para as indústrias do vestuário, do couro e de calçados, peças e acessórios;Subclasse;C;28;286;28640;2864000;3396;3595,9096819787983;12211709,28;1,2931668145864967;815,2091246971554;29,316681458649676;0,0000466925620646032;0,000060381271749965226;3;2;2;379;950;934;Alta remuneração e baixo emprego;0,02682165084263336
2424502;Produção de relaminados, trefilados e perfilados de aço, exceto arames;Subclasse;C;24;242;24245;2424502;11929;3424,224273618912;40847571,36;1,2314250323186056;643,523716337269;23,142503231860555;0,00016401518635708232;0,00020197240616051226;3;3;1;419;659;635;Alta remuneração e alto emprego;0,026805604256039724
2721000;Fabricação de pilhas, baterias e acumuladores elétricos, exceto para veículos automotores;Subclasse;C;27;272;27210;2721000;3615;3589,6162295988934;12976462,67;1,2909035531348367;808,9156723172505;29,090355313483673;0,00004970365484792125;0,0000641626246469691;3;2;2;382;933;921;Alta remuneração e baixo emprego;0,02679638828201167
4631100;Comércio atacadista de leite e laticínios;Subclasse;G;46;463;46311;4631100;31583;3061,5017436595635;96691409,57;1,1009821735902503;280,80118637792066;10,09821735902503;0,0004342435770572329;0,00047809443733607765;3;3;1;516;389;394;Alta remuneração e alto emprego;0,02673556817465404
5099899;Outros transportes aquaviários não especificados anteriormente;Subclasse;H;50;509;50998;5099899;361;3650,4506094182825;1317812,67;1,312780910500802;869,7500521366396;31,278091050080192;0,000004963490843734322;0,0000065159760290999365;3;1;2;369;1221;1198;Alta remuneração e baixo emprego;0,02670220124521912
4330499;Outras obras de acabamento da construção;Subclasse;F;43;433;43304;4330499;103585;1833,0661323550707;189878155,32;0,6592101862801939;-947,6344249265721;-34,07898137198061;0,001424219387945207;0,0009388599280312236;1;4;1;1129;159;227;Baixa remuneração e alto emprego;0,02657093413138264
1220403;Fabricação de filtros para cigarros;Subclasse;C;12;122;12204;1220403;57;3642,2252631578945;207606,84;1,3098228982693703;861,5247058762516;30,982289826937027;7,837090805896297e-7;0,0000010265200993379325;3;1;2;371;1286;1279;Alta remuneração e baixo emprego;0,026498606368823046
2121103;Fabricação de medicamentos fitoterápicos para uso humano;Subclasse;C;21;212;21211;2121103;1084;3618,84389298893;3922826,78;1,3014144523805322;838,143335707287;30,141445238053223;0,000014904221813318572;0,000019396569669337973;3;1;2;375;1128;1101;Alta remuneração e baixo emprego;0,026471799324346006
4723700;Comércio varejista de bebidas;Subclasse;G;47;472;47237;4723700;109298;1747,6467465095427;191014294,1;0,6284915295654873;-1033,0538107721002;-37,15084704345127;0,0015027690366716728;0,0009444776104414336;1;4;1;1182;146;225;Baixa remuneração e alto emprego;0,026467253634946068
7490101;Serviços de tradução, interpretação e similares;Subclasse;M;74;749;74901;7490101;1674;3605,837192353644;6036171,46;1,2967369618103137;825,1366350720009;29,673696181031374;0,00002301629826152702;0,000029846084679772558;3;1;2;377;1073;1043;Alta remuneração e baixo emprego;0,026461313377548024
2592601;Fabricação de produtos de trefilados de metal padronizados;Subclasse;C;25;259;25926;2592601;21775;3214,524869804822;69996279,04;1,1560125959579328;433,8243125231793;15,601259595793282;0,00029939061806735415;0,0003460993255974921;3;3;1;468;496;479;Alta remuneração e alto emprego;0,02643729111669292
4636201;Comércio atacadista de fumo beneficiado;Subclasse;G;46;463;46362;4636201;1575;3590,156336507937;5654496,23;1,291097787248837;809,455779226294;29,109778724883697;0,000021655119332081873;0,00002795887665226042;3;1;2;381;1085;1057;Alta remuneração e baixo emprego;0,026212887921728177
1922502;Rerrefino de óleos lubrificantes;Subclasse;C;19;192;19225;1922502;3789;3544,2191369754555;13429046,31;1,2745777777813707;763,5185796938126;27,45777777813707;0,000052096029936036964;0,00006640044206710577;3;2;2;390;921;916;Alta remuneração e baixo emprego;0,026206002797655944
2391503;Aparelhamento de placas e execução de trabalhos em mármore, granito, ardósia e outras pedras;Subclasse;C;23;239;23915;2391503;69047;2345,614931713181;161957674,19;0,8435338086191513;-435,0856255684621;-15,646619138084873;0,0009493466822363538;0,0008008060225667868;2;4;1;813;211;256;Baixa remuneração e alto emprego;0,026142824162438537
2732500;Fabricação de material elétrico para instalações em circuito de consumo;Subclasse;C;27;273;27325;2732500;11864;3376,3727284221172;40057286,05;1,2142165827890479;595,6721711404743;21,421658278904786;0,00016312148301956785;0,00019806480969150137;3;2;1;430;662;646;Alta remuneração e baixo emprego;0,026093164059924435
4741500;Comércio varejista de tintas e materiais para pintura;Subclasse;G;47;474;47415;4741500;73090;2266,5613561362707;165662969,52;0,8151044348162448;-514,1392011453722;-18,489556518375515;0,001004935029829755;0,0008191269995164287;2;4;1;864;199;250;Baixa remuneração e alto emprego;0,02603060397802029
1749400;Fabricação de produtos de pastas celulósicas, papel, cartolina, papel-cartão e papelão ondulado não especificados anteriormente;Subclasse;C;17;174;17494;1749400;16028;3286,9294110306964;52682904,6;1,182050833349684;506,22885374905354;18,205083334968396;0,00022037349374895763;0,0002604926719341368;3;3;1;447;578;552;Alta remuneração e alto emprego;0,025941248410914303
5240199;Atividades auxiliares dos transportes aéreos, exceto operação dos aeroportos e campos de aterrissagem;Subclasse;H;52;524;52401;5240199;55543;2579,2692713753304;143260353,14;0,9275609574792808;-201,4312859063125;-7,2439042520719195;0,0007636763765471895;0,0007083563910344191;2;4;1;689;254;290;Baixa remuneração e alto emprego;0,025919423122626493
4221903;Manutenção de redes de distribuição de energia elétrica;Subclasse;F;42;422;42219;4221903;34600;2957,990482080925;102346470,68;1,0637572874702472;177,2899247992823;6,375728747024723;0,00047572516120002086;0,0005060561070594803;3;3;1;544;365;381;Alta remuneração e alto emprego;0,025917377740430427
9319101;Produção e promoção de eventos esportivos;Subclasse;R;93;931;93191;9319101;9644;3403,672759228536;32825020,09;1,2240342637093935;622,9722019468932;22,40342637093935;0,0001325980767229191;0,00016230458921081997;3;2;1;424;729;703;Alta remuneração e baixo emprego;0,025865912012532473
4649499;Comércio atacadista de outros equipamentos e artigos de uso pessoal e doméstico não especificados anteriormente;Subclasse;G;46;464;46494;4649499;53286;2617,927466126187;139498882,96;0,9414632795576595;-162,77309115545586;-5,853672044234049;0,0007326442468122633;0,0006897576553529249;2;4;1;669;266;296;Baixa remuneração e alto emprego;0,02584752168924244
1533500;Fabricação de calçados de material sintético;Subclasse;C;15;153;15335;1533500;99077;1845,4325986858707;182839925,58;0,6636574347616662;-935,2679585957721;-33,634256523833386;0,001362237624168048;0,0009040591271911937;1;4;1;1123;163;232;Baixa remuneração e alto emprego;0,02582592921209124
0155505;Produção de ovos;Subclasse;A;01;015;01555;0155505;86020;2030,3187643571264;174648020,11;0,7301464945732687;-750,3817929245165;-26,985350542673125;0,0011827132475845604;0,0008635539318092335;1;4;1;999;181;239;Baixa remuneração e alto emprego;0,025692833384661752
2330301;Fabricação de estruturas pré-moldadas de concreto armado, em série e sob encomenda;Subclasse;C;23;233;23303;2330301;75148;2205,918383722787;165770354,7;0,7932959116889768;-574,7821735588559;-20,670408831102314;0,0010332310524236753;0,0008196579697178006;2;4;1;900;196;249;Baixa remuneração e alto emprego;0,02569105166412952
3211603;Cunhagem de moedas e medalhas;Subclasse;C;32;321;32116;3211603;155;3582,1635483870964;555235,35;1,2882234079490198;801,4629911054535;28,82234079490198;0,0000021311387279191686;0,0000027453827948921705;3;1;2;384;1257;1250;Alta remuneração e baixo emprego;0,025690004820166316
6190601;Provedores de acesso às redes de comunicações;Subclasse;J;61;619;61906;6190601;69624;2298,3939470584855;160023380,17;0,8265521222843748;-482,30661022315735;-17,34478777156252;0,0009572800180170593;0,0007912418305124249;2;4;1;843;207;261;Baixa remuneração e alto emprego;0,025661709183864036
4623106;Comércio atacadista de sementes, flores, plantas e gramas;Subclasse;G;46;462;46231;4623106;21138;3166,979031128773;66943602,76;1,1389140850983064;386,27847384713004;13,891408509830638;0,00029063232535971213;0,0003310052489370499;3;3;1;482;503;485;Alta remuneração e alto emprego;0,025553268910709775
2342702;Fabricação de artefatos de cerâmica e barro cozido para uso na construção, exceto azulejos e pisos;Subclasse;C;23;234;23427;2342702;100896;1800,5981567158262;181673151,62;0,647534000739747;-980,1024005658167;-35,246599926025304;0,0013872475683363382;0,0008982899679413148;1;4;1;1151;161;234;Baixa remuneração e alto emprego;0,02554920891955747
4623109;Comércio atacadista de alimentos para animais;Subclasse;G;46;462;46231;4623109;29524;3017,6560174773067;89093276,26;1,0852143031277366;236,95546019566382;8,52143031277366;0,000405933805181197;0,00044052517150570313;3;3;1;530;405;416;Alta remuneração e alto emprego;0,025518113646123886
4744002;Comércio varejista de madeira e artefatos;Subclasse;G;47;474;47440;4744002;86619;2000,4843191447605;173279951,24;0,7194173834741825;-780,2162381368823;-28,058261652581752;0,0011909490675718094;0,0008567894620435285;1;4;1;1020;180;242;Baixa remuneração e alto emprego;0,02540904627264625
2411300;Produção de ferro-gusa;Subclasse;C;24;241;24113;2411300;20338;3161,447063624742;64297510,38;1,1369246700605942;380,7465063430991;13,692467006059417;0,0002796328996672261;0,00031792154219224833;3;3;1;485;524;498;Alta remuneração e alto emprego;0,025255312478225538
4312600;Perfurações e sondagens;Subclasse;F;43;431;43126;4312600;20659;3151,1700522774577;65100022,11;1,133228834735797;370,4694949958148;13,322883473579704;0,00028404641922633614;0,00032188959267073666;3;3;1;493;517;492;Alta remuneração e alto emprego;0,02518822700546252
4635499;Comércio atacadista de bebidas não especificadas anteriormente;Subclasse;G;46;463;46354;4635499;23766;3092,042118572751;73485472,99;1,1119651522620146;311,34156129110806;11,196515226201464;0,0003267654387595288;0,00036335178086420347;3;3;1;510;465;468;Alta remuneração e alto emprego;0,02513085949922088
4637199;Comércio atacadista especializado em outros produtos alimentícios não especificados anteriormente;Subclasse;G;46;463;46371;4637199;45241;2721,683308945426;123131674,58;0,9787761223761859;-59,01724833621711;-2,122387762381406;0,0006220312721922006;0,000608829356593008;3;4;1;621;301;320;Baixa remuneração e alto emprego;0,02512041054540918
8640203;Serviços de diálise e nefrologia;Subclasse;Q;86;864;86402;8640203;38041;2846,584788254778;108286931,93;1,0236933929475462;65,88423097313489;2,3693392947546243;0,0005230364409598264;0,0005354289488813738;3;3;1;577;339;369;Alta remuneração e alto emprego;0,02505226352939666
4623101;Comércio atacadista de animais vivos;Subclasse;G;46;462;46231;4623101;5165;3434,156811229429;17737419,93;1,2349969874449882;653,4562539477861;23,499698744498822;0,00007101504212711294;0,00008770336309026342;3;2;1;416;863;850;Alta remuneração e baixo emprego;0,025040762649264324
2824101;Fabricação de aparelhos e equipamentos de ar condicionado para uso industrial;Subclasse;C;28;282;28241;2824101;874;3517,2080205949655;3074039,81;1,2648639967308517;736,5074633133227;26,48639967308517;0,00001201687256904099;0,000015199709465882526;3;1;2;400;1151;1131;Alta remuneração e baixo emprego;0,024990346041381006
4221904;Construção de estações e redes de telecomunicações;Subclasse;F;42;422;42219;4221904;46496;2681,462459351342;124677278,51;0,9643118358535829;-99,23809793030068;-3,5688164146417067;0,0006392866212472881;0,0006164716553716066;3;4;1;634;297;318;Baixa remuneração e alto emprego;0,02495371257843091
4511106;Comércio por atacado de ônibus e micro-ônibus novos e usados;Subclasse;G;45;451;45111;4511106;460;3520,0520652173914;1619223,95;1,2658867766252846;739,3515079357485;26,58867766252846;0,000006324669773179468;0,000008006315832389527;3;1;2;399;1209;1183;Alta remuneração e baixo emprego;0,024911530830180273
1081302;Torrefação e moagem de café;Subclasse;C;10;108;10813;1081302;20414;3130,7743494660526;63911627,57;1,1258940993368358;350,07379218440974;12,589409933683582;0,0002806778451080123;0,00031601352962168947;3;3;1;501;521;499;Alta remuneração e alto emprego;0,024818146750685853
2330305;Preparação de massa de concreto e argamassa para construção;Subclasse;C;23;233;23303;2330305;37061;2846,4980097676803;105494062,74;1,0236621855286567;65,7974524860374;2,366218552865673;0,000509562144486531;0,0005216194984877515;3;3;1;578;346;375;Alta remuneração e alto emprego;0,024802160159088645
4399104;Serviços de operação e fornecimento de equipamentos para transporte e elevação de cargas e pessoas para uso em obras;Subclasse;F;43;439;43991;4399104;31289;2936,485971747259;91879709,57;1,0560238009294711;155,7854144656162;5,602380092947112;0,0004302012881152443;0,00045430279944021483;3;3;1;550;394;407;Alta remuneração e alto emprego;0,024727025546824953
4665600;"Comércio atacadista de máquinas e equipamentos para uso comercial; partes e peças";Subclasse;G;46;466;46656;4665600;16948;3181,6905068444653;53923290,71;1,1442046496206777;400,9899495628224;14,420464962067769;0,00023302283329531656;0,0002666258093242853;3;3;1;479;566;541;Alta remuneração e alto emprego;0,02464189834512669
4679699;Comércio atacadista de materiais de construção em geral;Subclasse;G;46;467;46796;4679699;69499;2221,647151613692;154402255,39;0,7989523164570909;-559,0534056679508;-20,104768354290915;0,0009555613577526083;0,0007634479602933294;2;4;1;886;209;275;Baixa remuneração e alto emprego;0,024636508357321417
0721902;Beneficiamento de minério de alumínio;Subclasse;B;07;072;07219;0721902;1039;3480,118873917228;3615843,51;1,2515259382402981;699,4183166355851;25,15259382402981;0,000014285504118116232;0,000017878678944661062;3;1;2;408;1132;1114;Alta remuneração e baixo emprego;0,02451897676137648
1061901;Beneficiamento de arroz;Subclasse;C;10;106;10619;1061901;31806;2912,5782575614667;92637464,06;1,0474260703600335;131,87770027982378;4,7426070360033545;0,00043730966696901337;0,00045804954600380866;3;3;1;562;387;406;Alta remuneração e alto emprego;0,02449064334067623
6491300;Sociedades de fomento mercantil - factoring;Subclasse;K;64;649;64913;6491300;3727;3423,7099678025224;12760167,05;1,2312400768349803;643,0094105208796;23,12400768349803;0,000051243574444869294;0,00006309314253679991;3;2;1;420;925;926;Alta remuneração e baixo emprego;0,02448749628364151
2821602;Fabricação de estufas e fornos elétricos para fins industriais, peças e acessórios;Subclasse;C;28;282;28216;2821602;2558;3439,5698670836596;8798419,72;1,2369436392842363;658,8693098020167;23,694363928423634;0,00003517066365172409;0,0000435041286934054;3;1;1;415;1004;993;Alta remuneração e baixo emprego;0,02438109423736792
4713005;Lojas francas (Duty Free) de aeroportos, portos e em fronteiras terrestres;Subclasse;G;47;471;47130;4713005;3583;3417,76705554005;12245859,36;1,2291028771832917;637,0664982584071;22,91028771832917;0,00004926367782022181;0,00006055012814946535;3;2;1;422;938;931;Alta remuneração e baixo emprego;0,02436310134381396
4643501;Comércio atacadista de calçados;Subclasse;G;46;464;46435;4643501;11295;3263,6988968570163;36863479,04;1,1736966385361332;482,9983395753734;17,369663853613314;0,00015529814149578715;0,00018227290664451416;3;2;1;456;678;671;Alta remuneração e baixo emprego;0,024302839889254087
2062200;Fabricação de produtos de limpeza e polimento;Subclasse;C;20;206;20622;2062200;40819;2731,6572186971753;111503516,01;0,982362955818439;-49,04333858446762;-1,763704418156098;0,0005612319466769841;0,0005513334740373388;3;4;1;615;320;352;Baixa remuneração e alto emprego;0,024140453925444973
9511800;Reparação e manutenção de computadores e de equipamentos periféricos;Subclasse;S;95;951;95118;9511800;40269;2734,174648737242;110102478,93;0,983268278052246;-46,52590854440086;-1,6731721947753964;0,0005536698415134;0,0005444059916743409;3;4;1;614;322;356;Baixa remuneração e alto emprego;0,02403305038239171
1359600;Fabricação de outros produtos têxteis não especificados anteriormente;Subclasse;C;13;135;13596;1359600;71821;2135,1024385625374;153345192,24;0,7678289677655082;-645,5981187191055;-23,217103223449175;0,0009874871908250491;0,000758221270412859;2;4;1;938;201;278;Baixa remuneração e alto emprego;0,024021952969634924
3250707;Fabricação de artigos ópticos;Subclasse;C;32;325;32507;3250707;17170;3134,5248858474083;53819792,29;1,1272428732533708;353,8243285657654;12,72428732533708;0,00023607517392498144;0,0002661140573589853;3;3;1;500;564;543;Alta remuneração e alto emprego;0,024005565630717693
0899199;Extração de outros minerais não metálicos não especificados anteriormente;Subclasse;B;08;089;08991;0899199;10743;3246,188799218096;34873806,27;1,16739962910336;465,48824193645305;16,739962910335993;0,00014770853776797178;0,0001724348922057299;3;2;1;461;694;682;Alta remuneração e baixo emprego;0,023898552475040163
0810004;Extração de calcário e dolomita e beneficiamento associado;Subclasse;B;08;081;08100;0810004;15433;3156,186340309726;48709423,79;1,1350328002937327;375,485783028083;13,503280029373265;0,00021219267089017115;0,0002408456414422774;3;3;1;491;592;576;Alta remuneração e alto emprego;0,02385846321437793
1330800;Fabricação de tecidos de malha;Subclasse;C;13;133;13308;1330800;36223;2796,0247732103912;101280405,36;1,005510919141804;15,324215928748345;0,5510919141803905;0,0004980402460736518;0,000500784905599128;3;3;1;594;347;387;Alta remuneração e alto emprego;0,02379786835221788
8640212;Serviços de hemoterapia;Subclasse;Q;86;864;86402;8640212;9977;3252,750295680064;32452689,7;1,1697592849982694;472,04973839842114;16,975928499826942;0,00013717658766741641;0,00016046358710833947;3;2;1;459;717;708;Alta remuneração e baixo emprego;0,02378391265590786
1094500;Fabricação de massas alimentícias;Subclasse;C;10;109;10945;1094500;57752;2358,8540452278708;136228538,82;0,8482948798822981;-421,84651205377213;-15,170512011770187;0,0007940485407405666;0,0006735873114882331;2;4;1;808;243;299;Baixa remuneração e alto emprego;0,023713981190082188
5912001;Serviços de dublagem;Subclasse;J;59;591;59120;5912001;296;3423,234527027027;1013277,42;1,2310690980597754;642,5339697453842;23,106909805977537;0,000004069787506219832;0,0000050101896345769914;3;1;1;421;1235;1217;Alta remuneração e baixo emprego;0,023514293201162502
4649401;Comércio atacadista de equipamentos elétricos de uso pessoal e doméstico;Subclasse;G;46;464;46494;4649401;11835;3183,7366928601605;37679523,76;1,1449405023216588;403,0361355785176;14,494050232165879;0,00016272275383821523;0,00018630787151868977;3;2;1;475;663;660;Alta remuneração e baixo emprego;0,02329098283219209
3091102;Fabricação de peças e acessórios para motocicletas;Subclasse;C;30;309;30911;3091102;13189;3158,6274607627565;41659137,58;1,1359106799513023;377,92690348111364;13,591067995130235;0,00018133928182274782;0,00020598522691715838;3;3;1;490;629;630;Alta remuneração e alto emprego;0,02329088006166751
0723501;Extração de minério de manganês;Subclasse;B;07;072;07235;0723501;2108;3368,4782210626186;7100752,09;1,2113775473744557;587,7776637809757;21,13775473744557;0,000028983486699700693;0,00003510994503264358;3;1;1;432;1032;1022;Alta remuneração e baixo emprego;0,023256264150187327
9602502;Atividades de estética e outros serviços de cuidados com a beleza;Subclasse;S;96;960;96025;9602502;91091;1771,4876314893897;161366579,84;0,6370652269085603;-1009,2129257922531;-36,293477309143974;0,0012524358571928064;0,0007978833335509524;1;4;1;1164;176;257;Baixa remuneração e alto emprego;0,023147916137934505
4391600;Obras de fundações;Subclasse;F;43;439;43916;4391600;47170;2511,3012883188467;118458081,77;0,9031182022611757;-269,3992689627962;-9,688179773882432;0,0006485536373932076;0,0005857205950725001;2;4;1;728;293;334;Baixa remuneração e alto emprego;0,02309304666744473
3102100;Fabricação de móveis com predominância de metal;Subclasse;C;31;310;31021;3102100;49083;2472,7946392844774;121372179,28;0,8892703792967308;-307,9059179971655;-11,07296207032692;0,0006748560140803648;0,000600129463611926;2;4;1;752;283;329;Baixa remuneração e alto emprego;0,023085469414702728
2392300;Fabricação de cal e gesso;Subclasse;C;23;239;23923;2392300;10882;3185,758081235067;34667419,44;1,1456674372552362;405,05752395342415;14,566743725523622;0,00014961968798204124;0,00017141440449331327;3;2;1;474;688;685;Alta remuneração e baixo emprego;0,02306278881495424
2449103;Fabricação de ânodos para galvanoplastia;Subclasse;C;24;244;24491;2449103;137;3393,9963503649633;464977,5;1,22055441801431;613,2957930833204;22,055441801430998;0,0000018836516498382328;0,0000022990993432099998;3;1;1;425;1262;1257;Alta remuneração e baixo emprego;0,023061956419142226
1069400;Moagem e fabricação de produtos de origem vegetal não especificados anteriormente;Subclasse;C;10;106;10694;1069400;28934;2865,4840644224787;82909915,92;1,030489980993753;84,78350714083581;3,0489980993753107;0,00039782172873298853;0,0004099513056809594;3;3;1;573;416;431;Alta remuneração e alto emprego;0,023030515954318573
5250802;Atividades de despachantes aduaneiros;Subclasse;H;52;525;52508;5250802;6471;3264,9152974810695;21127266,89;1,1741340824820006;484,2147401994266;17,413408248200057;0,00008897160457009639;0,0001044645932988615;3;2;1;454;820;803;Alta remuneração e baixo emprego;0,02299848167464481
2542000;Fabricação de artigos de serralheria, exceto esquadrias;Subclasse;C;25;254;25420;2542000;55994;2329,4838543415367;130437118,94;0,837732724669496;-451,2167029401062;-16,2267275330504;0,0007698773027813285;0,0006449514105202049;2;4;1;823;250;304;Baixa remuneração e alto emprego;0,02294694493028456
1741902;Fabricação de produtos de papel, cartolina, papel-cartão e papelão ondulado para uso comercial e de escritório;Subclasse;C;17;174;17419;1741902;31452;2818,294816227903;88641008,56;1,013519707775731;37,5942589462602;1,3519707775730971;0,0004324424211000883;0,00043828891626319114;3;3;1;588;393;417;Alta remuneração e alto emprego;0,02294271440221779
6621501;Peritos e avaliadores de seguros;Subclasse;K;66;662;66215;6621501;2940;3329,562911564626;9788914,96;1,1973827612778054;548,8623542829832;19,73827612778054;0,000040422889419886164;0,00004840167095241069;3;2;1;436;977;974;Alta remuneração e baixo emprego;0,022940721923603188
2439300;Produção de outros tubos de ferro e aço;Subclasse;C;24;243;24393;2439300;3221;3322,9909189692644;10703353,75;1,1950193307465489;542,2903616876215;19,501933074654886;0,000044286437694371885;0,00005292314913467703;3;2;1;438;964;955;Alta remuneração e baixo emprego;0,022926019375187952
4642701;Comércio atacadista de artigos do vestuário e acessórios, exceto profissionais e de segurança;Subclasse;G;46;464;46427;4642701;48467;2463,680175170735;119407187,05;0,8859926210750212;-317,02038211090803;-11,400737892497881;0,0006663864562971506;0,0005904134830636075;2;4;1;758;286;331;Baixa remuneração e alto emprego;0,022831140655474574
0111399;Cultivo de outros cereais não especificados anteriormente;Subclasse;A;01;011;01113;0111399;41544;2602,775938041594;108129723,57;0,9360144626956941;-177,92461924004874;-6,3985537304305895;0,0005712001762107996;0,0005346516260276374;2;4;1;678;315;372;Baixa remuneração e alto emprego;0,022820720236351615
4330404;Serviços de pintura de edifícios em geral;Subclasse;F;43;433;43304;4330404;91997;1733,8216911421025;159506394,12;0,6235197409522771;-1046,8788661395404;-37,64802590477229;0,0012648927067895467;0,0007886855728698428;1;4;1;1196;175;264;Baixa remuneração e alto emprego;0,02280060643009273
1321900;Tecelagem de fios de algodão;Subclasse;C;13;132;13219;1321900;38879;2652,1936611023943;103114637,35;0,9537861436238664;-128,50689617924854;-4,621385637613362;0,0005345583393727055;0,0005098543370522709;3;4;1;646;330;379;Baixa remuneração e alto emprego;0,02274439618400413
2759799;Fabricação de outros aparelhos eletrodomésticos não especificados anteriormente, peças e acessórios;Subclasse;C;27;275;27597;2759799;29133;2838,053365942402;82681008,71;1,0206253091547641;57,35280866075891;2,0625309154764127;0,00040055783587399443;0,0004088194650732589;3;3;1;582;414;433;Alta remuneração e alto emprego;0,02266039966708012
4721104;Comércio varejista de doces, balas, bombons e semelhantes;Subclasse;G;47;472;47211;4721104;93350;1703,6938411355115;159039820,07;0,6126851151499061;-1077,0067161461313;-38,73148848500939;0,0012834954854919639;0,0007863785793230286;1;4;1;1215;172;267;Baixa remuneração e alto emprego;0,022645187400351
1813099;Impressão de material para outros usos;Subclasse;C;18;181;18130;1813099;41942;2578,803745171904;108160186,68;0,9273935441984056;-201,89681210973868;-7,260645580159442;0,0005766723904928113;0,0005348022520604953;2;4;1;690;312;371;Baixa remuneração e alto emprego;0,022637634654076633
2532201;Produção de artefatos estampados de metal;Subclasse;C;25;253;25322;2532201;38656;2643,8309506932947;102199929,23;0,9507787322766788;-136,86960658834823;-4,922126772332125;0,0005314922494609251;0,0005053315271573386;3;3;1;654;333;383;Baixa remuneração e alto emprego;0,022593746544415722
3250703;Fabricação de aparelhos e utensílios para correção de defeitos físicos e aparelhos ortopédicos em geral sob encomenda;Subclasse;C;32;325;32507;3250703;3669;3287,5017470700463;12061843,91;1,1822566577552824;506,80118978840346;18,225665775528242;0,00005044611608216406;0,00005964025659603429;3;2;1;446;930;936;Alta remuneração e baixo emprego;0,022549307836436275
4329199;Outras obras de instalações em construções não especificadas anteriormente;Subclasse;F;43;432;43291;4329199;46520;2478,192009673259;115285492,29;0,8912113903037044;-302,5085476083841;-10,878860969629557;0,0006396166040180627;0,0005700336029282718;2;4;1;748;296;342;Baixa remuneração e alto emprego;0,02254536336795357
7733100;Aluguel de máquinas e equipamentos para escritório;Subclasse;N;77;773;77331;7733100;30699;2803,7681683442456;86072879;1,0082956113351353;23,067611062602737;0,8295611335135344;0,00042208921166703584;0,0004255906997157793;3;3;1;592;400;425;Alta remuneração e alto emprego;0,022528672061650025
0121101;Horticultura, exceto morango;Subclasse;A;01;012;01211;0121101;73331;1996,3978307946163;146397849,33;0,7179477939711189;-784,3027264870266;-28,205220602888115;0,0010082486068196165;0,0007238698630405977;1;4;1;1023;198;288;Baixa remuneração e alto emprego;0,0225260813116984
5912002;Serviços de mixagem sonora em produção audiovisual;Subclasse;J;59;591;59120;5912002;167;3350,3674251497005;559511,36;1,2048645138637122;569,6668678680576;20,48645138637122;0,000002296130113306459;0,0000027665256927368176;3;1;1;434;1252;1249;Alta remuneração e baixo emprego;0,022462163303117382
2539002;Serviços de tratamento e revestimento em metais;Subclasse;C;25;253;25390;2539002;38240;2638,076920240586;100880061,43;0,9487094586047471;-142,623637041057;-5,129054139525291;0,0005257725481008323;0,0004988053894579791;3;3;1;656;336;388;Baixa remuneração e alto emprego;0,022426199901585085
3314708;Manutenção e reparação de máquinas, equipamentos e aparelhos para transporte e elevação de cargas;Subclasse;C;33;331;33147;3314708;9631;3158,7434897726093;30421858,55;1,1359524064901594;378,04293249096645;13,595240649015938;0,0001324193360554162;0,00015042206345797918;3;2;1;489;730;725;Alta remuneração e baixo emprego;0,022335799240110536
1811302;Impressão de livros, revistas e outras publicações periódicas;Subclasse;C;18;181;18113;1811302;19385;2980,798333247356;57782775,69;1,0719594835343669;200,09777596571303;7,1959483534366875;0,00026652983381105215;0,00028570918299859613;3;3;1;540;536;524;Alta remuneração e alto emprego;0,022312770599194596
5620102;Serviços de alimentação para eventos e recepções - bufê;Subclasse;I;56;562;56201;5620102;98971;1602,8231960877429;158633014,54;0,5764098517873606;-1177,8773611939;-42,35901482126394;0,0013607802002637936;0,0007843671135492283;1;4;1;1265;164;269;Baixa remuneração e alto emprego;0,022307457031356732
0810002;Extração de granito e beneficiamento associado;Subclasse;B;08;081;08100;0810002;12116;3110,501157147574;37686832,02;1,118603421358083;329,80059986593096;11,86034213580831;0,00016658630211270094;0,00018634400749465853;3;3;1;505;647;659;Alta remuneração e alto emprego;0,022303649899894203
6437900;Sociedades de crédito ao microempreendedor;Subclasse;K;64;643;64379;6437900;646;3325,077987616099;2148000,38;1,1957698857249948;544,3774303344562;19,576988572499477;0,00000888203624668247;0,000010620871467700759;3;1;1;437;1179;1164;Alta remuneração e baixo emprego;0,022242278729223366
8640299;Atividades de serviços de complementação diagnóstica e terapêutica não especificadas anteriormente;Subclasse;Q;86;864;86402;8640299;34256;2707,7595364315744;92757010,68;0,9737688329442512;-72,94102085006853;-2,6231167055748794;0,00047099540815225184;0,00045864064891851957;3;3;1;625;368;404;Baixa remuneração e alto emprego;0,022241467672167142
0810009;Extração de basalto e beneficiamento associado;Subclasse;B;08;081;08100;0810009;3659;3265,1609975403117;11947224,09;1,1742224415318805;484,46044025866877;17,42224415318805;0,00005030862326100798;0,00005907351443564836;3;2;1;453;931;940;Alta remuneração e baixo emprego;0,0222313474026977
2521700;Fabricação de tanques, reservatórios metálicos e caldeiras para aquecimento central;Subclasse;C;25;252;25217;2521700;12078;3105,3629027984766;37506573,14;1,116755594077421;324,66234551683374;11,675559407742098;0,00016606382939230786;0,00018545271044777826;3;3;1;507;650;662;Alta remuneração e alto emprego;0,022218932194260386
5911101;Estúdios cinematográficos;Subclasse;J;59;591;59111;5911101;1063;3313,4947224835373;3522244,89;1,1916042933161934;532,7941652018944;19,160429331619344;0,000014615486888890814;0,00001741587692570883;3;1;1;440;1131;1118;Alta remuneração e baixo emprego;0,02219579009764593
4319300;Serviços de preparação do terreno não especificados anteriormente;Subclasse;F;43;431;43193;4319300;20940;2941,732259789876;61599873,52;1,0579104794604905;161,03170250823314;5,791047946049055;0,00028790996750082185;0,00030458297176024873;3;3;1;549;507;511;Alta remuneração e alto emprego;0,02213371493864101
1099607;Fabricação de alimentos dietéticos e complementos alimentares;Subclasse;C;10;109;10996;1099607;9667;3141,1152870590668;30365161,48;1,1296129239207828;360,4147297774239;12,961292392078283;0,00013291431021157809;0,0001501417225890147;3;2;1;496;728;726;Alta remuneração e baixo emprego;0,022091640407345393
3313901;Manutenção e reparação de geradores, transformadores e motores elétricos;Subclasse;C;33;331;33139;3313901;22616;2903,671898213654;65669443,65;1,0442231511084479;122,97134093201112;4,422315110844788;0,0003109537643265801;0,0003247051196341352;3;3;1;564;477;488;Alta remuneração e alto emprego;0,021994936550751652
4679601;Comércio atacadista de tintas, vernizes e similares;Subclasse;G;46;467;46796;4679601;8288;3159,394378619691;26185060,61;1,136186480182624;378,6938213380481;13,618648018262402;0,00011395405017415528;0,00012947305116992766;3;2;1;488;765;761;Alta remuneração e baixo emprego;0,021983986205481545
0154700;Criação de suínos;Subclasse;A;01;015;01547;0154700;53366;2299,5950873215156;122720191,43;0,8269840782747041;-481,10546996012727;-17,30159217252959;0,0007337441893815119;0,0006067947621450897;2;4;1;841;265;321;Baixa remuneração e alto emprego;0,02198073682192137
1510600;Curtimento e outras preparações de couro;Subclasse;C;15;151;15106;1510600;47942;2401,9208030536897;115152887,14;0,8637826164935067;-378,77975422795316;-13,621738350649327;0,0006591680831864567;0,000569377931603807;2;4;1;790;288;343;Baixa remuneração e alto emprego;0,021969842811655302
8593700;Ensino de idiomas;Subclasse;P;85;859;85937;8593700;86707;1749,6521144774931;151707085,89;0,6292127032145878;-1031,0484428041498;-37,07872967854122;0,0011921590043979828;0,0007501215898188665;1;4;1;1178;179;280;Baixa remuneração e alto emprego;0,021961294618193405
6143400;Operadoras de televisão por assinatura por satélite;Subclasse;J;61;614;61434;6143400;300;3297,3625666666667;989208,77;1,185802821534334;516,6620093850238;18,58028215343339;0,000004124784634682262;0,000004891181258027693;3;1;1;442;1234;1220;Alta remuneração e baixo emprego;0,021759914154755845
5021101;Transporte por navegação interior de carga, municipal, exceto travessia;Subclasse;H;50;502;50211;5021101;1102;3281,186152450091;3615867,14;1,1799854334756967;500,48559516844807;17,998543347569672;0,000015151708891399508;0,00001787879578411562;3;1;1;449;1125;1113;Alta remuneração e baixo emprego;0,021754716700595915
4784900;Comércio varejista de gás liqüefeito de petróleo (GLP);Subclasse;G;47;478;47849;4784900;78196;1858,5782747199346;145333386,77;0,6683849038879769;-922,1222825617083;-33,16150961120231;0,001075138864312047;0,0007186065864894363;1;4;1;1115;192;289;Baixa remuneração e alto emprego;0,02171297278603608
1411801;Confecção de roupas íntimas;Subclasse;C;14;141;14118;1411801;85731;1737,0902124085803;148922481;0,6246951718191206;-1043,6103448730626;-37,53048281808794;0,0011787397050531498;0,0007363530025781971;1;4;1;1193;184;284;Baixa remuneração e alto emprego;0,02159231944633944
4649408;Comércio atacadista de produtos de higiene, limpeza e conservação domiciliar;Subclasse;G;46;464;46494;4649408;28460;2766,406011243851;78731915,08;0,9948593723979522;-14,29454603779186;-0,5140627602047809;0,00039130456901019056;0,0003892930179419294;3;3;1;600;421;450;Baixa remuneração e alto emprego;0,02145459544653883
4618401;Representantes comerciais e agentes do comércio de medicamentos, cosméticos e produtos de perfumaria;Subclasse;G;46;461;46184;4618401;3738;3207,6117148207595;11990052,59;1,153526476060571;426,91115753911663;15,3526476060571;0,00005139481654814098;0,0000592852816205566;3;2;1;469;924;939;Alta remuneração e baixo emprego;0,02144080592134221
3312104;Manutenção e reparação de equipamentos e instrumentos ópticos;Subclasse;C;33;331;33121;3312104;413;3268,6709200968526;1349961,09;1,1754846855183285;487,9703628152097;17,54846855183285;0,0000056784535137459135;0,000006674935142836063;3;1;1;452;1216;1197;Alta remuneração e baixo emprego;0,02139074574543753
1122403;Fabricação de refrescos, xaropes e pós para refrescos, exceto refrescos de frutas;Subclasse;C;11;112;11224;1122403;9786;3086,6243531575724;30205705,92;1,1100168067628953;305,9237958759295;11,001680676289528;0,00013455047478333539;0,0001493532883674294;3;2;1;511;725;727;Alta remuneração e baixo emprego;0,021338576478539123
4322301;Instalações hidráulicas, sanitárias e de gás;Subclasse;F;43;432;43223;4322301;51401;2280,683816268166;117229428,84;0,8201831766084575;-500,0167410134768;-17,981682339154247;0,0007067268500243431;0,0005796454728474547;2;4;1;857;272;336;Baixa remuneração e alto emprego;0,02130488251236333
8690902;Atividades de bancos de leite humano;Subclasse;Q;86;869;86909;8690902;6;3268,965;19613,79;1,1755904430053679;488,26444271835726;17,559044300536787;8,249569269364523e-8;9,698114791975711e-8;3;1;1;451;1313;1310;Alta remuneração e baixo emprego;0,021283234786992334
2319200;Fabricação de artigos de vidro;Subclasse;C;23;231;23192;2319200;29137;2730,996766654083;79573052,79;0,9821254429940671;-49,70379062756001;-1,7874557005932878;0,00040061283300245684;0,0003934520560816462;3;3;1;616;413;445;Baixa remuneração e alto emprego;0,021233005770270198
1354500;Fabricação de tecidos especiais, inclusive artefatos;Subclasse;C;13;135;13545;1354500;28104;2752,648773840023;77360441,14;0,9899119725897265;-28,051783441620046;-1,0088027410273481;0,00038640982457703425;0,0003825117116751022;3;3;1;606;425;454;Baixa remuneração e alto emprego;0,02121447097098707
9603304;Serviços de funerárias;Subclasse;S;96;960;96033;9603304;55769;2192,0701723179545;122249561,44;0,7883157956644129;-588,6303849636884;-21,16842043355871;0,0007667837143053169;0,0006044677138451097;2;4;1;910;252;322;Baixa remuneração e alto emprego;0,02120194921704109
8592903;Ensino de música;Subclasse;P;85;859;85929;8592903;5784;3151,5148547717845;18228361,92;1,133352833162533;370,8142974901416;13,33528331625331;0,000079525847756674;0,00009013084486467877;3;2;1;492;849;838;Alta remuneração e baixo emprego;0,021198581158524514
6010100;Atividades de rádio;Subclasse;J;60;601;60101;6010100;34056;2619,4562731970873;89208202,84;0,9420130716116428;-161,2442840845556;-5,798692838835717;0,0004682455517291303;0,0004410934304528465;2;3;1;668;372;415;Baixa remuneração e alto emprego;0,02119647767523995
2821601;Fabricação de fornos industriais, aparelhos e equipamentos não elétricos para instalações térmicas, peças e acessórios;Subclasse;C;28;282;28216;2821601;5734;3149,3568852459016;18058412,38;1,1325767806961027;368,6563279642587;13,257678069610268;0,00007883838365089363;0,00008929052275061337;3;2;1;494;850;843;Alta remuneração e baixo emprego;0,02115448966414548
3314722;Manutenção e reparação de máquinas e aparelhos para a indústria do plástico;Subclasse;C;33;331;33147;3314722;906;3240,642825607064;2936022,4;1,1654051771669551;459,9422683254211;16,54051771669551;0,00001245684959674043;0,000014517277011231397;3;1;1;463;1145;1136;Alta remuneração e baixo emprego;0,02113421481678987
4623108;Comércio atacadista de matérias-primas agrícolas com atividade de fracionamento e acondicionamento associada;Subclasse;G;46;462;46231;4623108;5523;3148,749302915082;17390542,4;1,132358280962563;368,048745633439;13,235828096256297;0,00007593728512450044;0,00008598821364454333;3;2;1;495;854;853;Alta remuneração e baixo emprego;0,02108921879893942
1351100;Fabricação de artefatos têxteis para uso doméstico;Subclasse;C;13;135;13511;1351100;62677;2054,001493211226;128738651,59;0,7386633155564137;-726,6990640704171;-26,133668444358626;0,0008617637551599337;0,0006365532726127823;2;4;1;989;223;308;Baixa remuneração e alto emprego;0,020989012470859977
3011302;Construção de embarcações para uso comercial e para usos especiais, exceto de grande porte;Subclasse;C;30;301;30113;3011302;4242;3162,955792079208;13417258,47;1,1374672414102907;382,2552347975652;13,746724141029066;0,00005832445473440718;0,0000663421566335055;3;2;1;483;901;917;Alta remuneração e baixo emprego;0,020946209801137313
6810201;Compra e venda de imóveis próprios;Subclasse;L;68;681;68102;6810201;35029;2574,519840417939;90182855,49;0,9258529594911644;-206,18071686370376;-7,414704050883558;0,0004816236032276165;0,0004459126384090871;2;3;1;693;363;412;Baixa remuneração e alto emprego;0,02092400863209253
8650004;Atividades de fisioterapia;Subclasse;Q;86;865;86500;8650004;56333;2154,788239752898;121385685,91;0,7749084072034623;-625,912317528745;-22,50915927965377;0,0007745383094185195;0,0006001962476695675;2;4;1;925;249;328;Baixa remuneração e alto emprego;0,020866767677404176
7119703;Serviços de desenho técnico relacionados à arquitetura e engenharia;Subclasse;M;71;711;71197;7119703;9896;3045,962776879547;30142847,64;1,0953940254024401;265,2622195979043;9,539402540244012;0,0001360628958160522;0,00014904248315585826;3;2;1;521;720;728;Alta remuneração e baixo emprego;0,020781811131682582
4619200;Representantes comerciais e agentes do comércio de mercadorias em geral não especializado;Subclasse;G;46;461;46192;4619200;35742;2537,939734765822;90711042;0,9126979631517249;-242,76082251582102;-8,730203684827508;0,0004914268413760447;0,0004485242771620018;2;3;1;713;353;411;Baixa remuneração e alto emprego;0,020680198664673854
1093702;Fabricação de frutas cristalizadas, balas e semelhantes;Subclasse;C;10;109;10937;1093702;20277;2853,603867436011;57862525,62;1,0262176054748007;72,90331015436823;2,6217605474800676;0,0002787941934581741;0,00028610350963092574;3;3;1;576;527;522;Alta remuneração e alto emprego;0,020648163542848142
0722701;Extração de minério de estanho;Subclasse;B;07;072;07227;0722701;829;3206,65548854041;2658317,4;1,153182596430006;425,9549312587669;15,318259643000598;0,00001139815487383865;0,000013144153831924585;3;1;1;470;1156;1144;Alta remuneração e baixo emprego;0,020638321661829877
3313999;Manutenção e reparação de máquinas, aparelhos e materiais elétricos não especificados anteriormente;Subclasse;C;33;331;33139;3313999;14322;2955,30557533864;42325886,45;1,0627917369958337;174,60501805699732;6,279173699583374;0,00019691721845973117;0,00020928199265120577;3;3;1;546;609;625;Alta remuneração e alto emprego;0,020622028190367566
4221901;"Construção de barragens e represas para geração de energia 
elétrica";Subclasse;F;42;422;42219;4221901;14033;2960,179820423288;41540203,42;1,064544620840836;179,47926314164533;6,454462084083601;0,00019294367592832058;0,00020539715233475122;3;3;1;543;613;632;Alta remuneração e alto emprego;0,020618372696834347
2592602;Fabricação de produtos de trefilados de metal, exceto padronizados;Subclasse;C;25;259;25926;2592602;18205;2886,626068662455;52551027,58;1,0380931025109597;105,92551138081217;3,8093102510959653;0,00025030568091463526;0,00025984060087679207;3;3;1;569;555;553;Alta remuneração e alto emprego;0,020610693755686076
3319800;Manutenção e reparação de equipamentos e produtos não especificados anteriormente;Subclasse;C;33;331;33198;3319800;25479;2752,7627442207304;70137641,96;0,9899529588010642;-27,937813060912504;-1,0047041198935847;0,0003503179590235645;0,0003467983000565277;3;3;1;605;446;478;Baixa remuneração e alto emprego;0,020561365329237167
1112700;Fabricação de vinho;Subclasse;C;11;111;11127;1112700;10570;3017,3935941343425;31893850,29;1,0851199300237082;236,6930368526996;8,511993002370822;0,00014532991196197168;0,0001577003838985264;3;2;1;531;699;713;Alta remuneração e baixo emprego;0,020546746710328544
5229099;Outras atividades auxiliares dos transportes terrestres não especificadas anteriormente;Subclasse;H;52;522;52290;5229099;15956;2920,1522298821756;46593948,98;1,0501498344492217;139,45167260053267;5,014983444922172;0,0002193835454366339;0,00023038559392116442;3;3;1;557;582;592;Alta remuneração e alto emprego;0,020528467533341248
1412603;Facção de peças do vestuário, exceto roupas íntimas;Subclasse;C;14;141;14126;1412603;88605;1615,6288155295974;143152791,2;0,5810150292158763;-1165,0717417520455;-41,89849707841237;0,0012182551418534059;0,0007078245468363484;1;4;1;1258;177;292;Baixa remuneração e alto emprego;0,020477885506756607
8412400;Regulação das atividades de saúde, educação, serviços culturais e outros serviços sociais;Subclasse;O;84;841;84124;8412400;8129;3056,9447828761226;24849904,14;1,099343392035182;276,24422559447976;9,934339203518206;0,00011176791431777369;0,00012287131804679895;3;2;1;519;769;771;Alta remuneração e baixo emprego;0,020473607239642137
4649403;Comércio atacadista de bicicletas, triciclos e outros veículos recreativos;Subclasse;G;46;464;46494;4649403;2439;3159,9570028700286;7707135,13;1,1363888120190615;379,25644558838576;13,63888120190615;0,00003353449907996679;0,00003810822957113778;3;1;1;487;1009;1008;Alta remuneração e baixo emprego;0,02041886966549407
4399102;Montagem e desmontagem de andaimes e outras estruturas temporárias;Subclasse;F;43;439;43991;4399102;31490;2600,0147799301367;81874465,42;0,935021490581445;-180,6857773515062;-6,497850941855498;0,00043296489382048137;0,00040483148038946364;2;3;1;679;390;437;Baixa remuneração e alto emprego;0,020356585142233517
2229303;Fabricação de artefatos de material plástico para uso na construção, exceto tubos e acessórios;Subclasse;C;22;222;22293;2229303;30331;2623,4958933104745;79573253,94;0,943465806284137;-157,20466397116843;-5,653419371586299;0,00041702947584849225;0,00039345305067564883;2;3;1;664;402;444;Baixa remuneração e alto emprego;0,020336737181424792
2330302;Fabricação de artefatos de cimento para uso na construção;Subclasse;C;23;233;23303;2330302;59172;2062,1643834921924;122022390,9;0,7415988672682264;-718,5361737894505;-25,840113273177355;0,0008135725213447293;0,0006033444602698063;2;4;1;981;236;323;Baixa remuneração e alto emprego;0,020335642214042018
0210101;Cultivo de eucalipto;Subclasse;A;02;021;02101;0210101;39659;2425,0251703270383;96174073,23;0,8720914461561781;-355,6753869546046;-12,790855384382194;0,0005452827794228793;0,00047553644767095915;2;4;1;777;326;395;Baixa remuneração e alto emprego;0,020312308103867277
8421300;Relações exteriores;Subclasse;O;84;842;84213;8421300;63;3189,7669841269844;200955,32;1,147109125351216;409,06642684534154;14,7109125351216;8,662047732832749e-7;9,93631399856026e-7;3;1;1;473;1283;1280;Alta remuneração e baixo emprego;0,020195218107905435
6821801;Corretagem na compra e venda e avaliação de imóveis;Subclasse;L;68;682;68218;6821801;57457;2078,5819334458815;119429082,15;0,7475029729478896;-702,1186238357614;-25,249702705211043;0,0007899925025164624;0,0005905217442375988;2;4;1;974;245;330;Baixa remuneração e alto emprego;0,02016906220183249
2829101;Fabricação de máquinas de escrever, calcular e outros equipamentos não eletrônicos para escritório, peças e acessórios;Subclasse;C;28;282;28291;2829101;568;3177,1428697183096;1804617,15;1,1425692210542155;396,4423124366667;14,256922105421555;0,000007809592241665082;0,00000892299972431032;3;1;1;481;1189;1176;Alta remuneração e baixo emprego;0,020155544577932887
0111301;Cultivo de arroz;Subclasse;A;01;011;01113;0111301;28515;2644,6590594423988;75412453,08;0,9510765380749103;-136,04149783924413;-4,892346192508967;0,00039206077952654895;0,0003728798089070609;3;3;1;652;420;460;Baixa remuneração e alto emprego;0,020128328908641455
2349401;Fabricação de material sanitário de cerâmica;Subclasse;C;23;234;23494;2349401;12230;2955,1503221586263;36141488,44;1,0627359045979126;174,4497648769834;6,273590459791256;0,0001681537202738802;0,00017870299602676642;3;3;1;547;646;676;Alta remuneração e alto emprego;0,020077795833455155
4773300;Comércio varejista de artigos médicos e ortopédicos;Subclasse;G;47;477;47733;4773300;30651;2578,3015477472186;79027520,74;0,9272129431540498;-202,3990095344243;-7,278705684595021;0,00042142924612548666;0,000390754651631205;2;3;1;691;401;449;Baixa remuneração e alto emprego;0,01991240590247004
3831999;Recuperação de materiais metálicos, exceto alumínio;Subclasse;E;38;383;38319;3831999;13300;2923,0366203007516;38876387,05;1,0511871235636583;142,33606301910868;5,118712356365829;0,00018286545213758027;0,00019222580863167084;3;3;1;554;626;653;Alta remuneração e alto emprego;0,019886928470146458
4511102;Comércio a varejo de automóveis, camionetas e utilitários usados;Subclasse;G;45;451;45111;4511102;55297;2089,364513264734;115535589,49;0,7513806216183359;-691,336044016909;-24,861937838166416;0,00076029405314675;0,0005712702182661293;2;4;1;967;255;340;Baixa remuneração e alto emprego;0,019833663949190984
9102301;Atividades de museus e de exploração de lugares e prédios históricos e atrações similares;Subclasse;R;91;910;91023;9102301;3134;3100,832964262923;9718010,51;1,1151265303065336;320,1324069812799;11,512653030653365;0,000043090250150314026;0,00004805108114016027;3;2;1;508;970;977;Alta remuneração e baixo emprego;0,019773111284220934
4686902;Comércio atacadista de embalagens;Subclasse;G;46;468;46869;4686902;50069;2176,074072779564;108953852,75;0,7825632526599162;-604,6264845020787;-21,74367473400838;0,0006884128062463539;0,0005387265648288874;2;4;1;919;278;366;Baixa remuneração e alto emprego;0,01974284133616671
3291400;Fabricação de escovas, pincéis e vassouras;Subclasse;C;32;329;32914;3291400;11797;2936,3785309824534;34640457,53;1,0559851629090902;155,67797370081053;5,598516290909017;0,00016220028111782215;0,00017128109028010364;3;2;1;551;666;686;Alta remuneração e baixo emprego;0,01969338130459552
0990403;Atividades de apoio à extração de minerais não metálicos;Subclasse;B;09;099;09904;0990403;2818;3098,8390560681337;8732528,46;1,1144094778394609;318,1384987864908;11,440947783946086;0,00003874547700178204;0,00004317832679419678;3;2;1;509;985;996;Alta remuneração e baixo emprego;0,01966097009595641
4771704;Comércio varejista de medicamentos veterinários;Subclasse;G;47;477;47717;4771704;49812;2173,8468579860273;108283659,69;0,7817622980991296;-606,8536992956156;-21,823770190087043;0,0006848792407426427;0,0005354127691633555;2;4;1;922;279;370;Baixa remuneração e alto emprego;0,019659134860908395
9412099;Outras atividades associativas profissionais;Subclasse;S;94;941;94120;9412099;36100;2438,2012157894737;88019063,89;0,8768298367850907;-342,49934149216915;-12,317016321490925;0,0004963490843734322;0,0004352136866395858;2;3;1;772;349;419;Baixa remuneração e alto emprego;0,019631370786982284
3822000;Tratamento e disposição de resíduos perigosos;Subclasse;E;38;382;38220;3822000;10867;2942,061199963191;31971379,06;1,0580287734538705;161,36064268154814;5,8028773453870475;0,00014941344875030714;0,00015808372791880024;3;2;1;548;690;712;Alta remuneração e baixo emprego;0,01953545382233173
3104700;Fabricação de colchões;Subclasse;C;31;310;31047;3104700;41399;2321,768305514626;96118886,08;0,8349580466097867;-458,9322517670171;-16,504195339021333;0,0005692065303040365;0,0004752635726601927;2;4;1;829;317;396;Baixa remuneração e alto emprego;0,01951766331835643
3821100;Tratamento e disposição de resíduos não perigosos;Subclasse;E;38;382;38211;3821100;23297;2705,0552165514873;63019671,38;0,9727963010860454;-75,64534073015557;-2,7203698913954577;0,00032031702544730884;0,00031160321753002674;3;3;1;628;472;504;Baixa remuneração e alto emprego;0,019504378576073515
4929901;Transporte rodoviário coletivo de passageiros, sob regime de fretamento, municipal;Subclasse;H;49;492;49299;4929901;46175;2202,8147852734164;101714972,71;0,7921797906304748;-577,8857720082265;-20,782020936952517;0,0006348731016881782;0,0005029336407722611;2;4;1;904;299;384;Baixa remuneração e alto emprego;0,019197871525234687
1095300;Fabricação de especiarias, molhos, temperos e condimentos;Subclasse;C;10;109;10953;1095300;24462;2649,1647023955525;64803866,95;0,9526968646294381;-131,53585488609042;-4,730313537056185;0,0003363349391119916;0,00032042524195732743;3;3;1;647;458;496;Baixa remuneração e alto emprego;0,019187892059725122
1122499;Fabricação de outras bebidas não alcoólicas não especificadas anteriormente;Subclasse;C;11;112;11224;1122499;3511;3045,866300199373;10694036,58;1,0953593303037819;265,1657429177303;9,535933030378185;0,00004827372950789807;0,00005287708002503715;3;2;1;522;941;957;Alta remuneração e baixo emprego;0,019098293813424195
4637101;Comércio atacadista de café torrado, moído e solúvel;Subclasse;G;46;463;46371;4637101;2329;3064,2523701159294;7136643,77;1,1019713582937822;283,55181283428647;10,197135829378222;0,00003202207804724996;0,00003528741284111755;3;1;1;514;1013;1021;Alta remuneração e baixo emprego;0,01904512581343714
0155502;Produção de pintos de um dia;Subclasse;A;01;015;01555;0155502;29449;2523,5296369995585;74315424,28;0,9075157806515171;-257,17092028208435;-9,248421934848295;0,00040490260902252643;0,0003674555073149141;2;3;1;722;407;465;Baixa remuneração e alto emprego;0,0190175880883319
8730199;Atividades de assistência social prestadas em residências coletivas e particulares não especificadas anteriormente;Subclasse;Q;87;873;87301;8730199;34213;2422,2700111068893;82873123,89;0,8711006313728552;-358,43054617475354;-12,88993686271448;0,00047040418902128073;0,0004097693860568736;2;3;1;779;369;432;Baixa remuneração e alto emprego;0,019009942403034195
4687703;Comércio atacadista de resíduos e sucatas metálicos;Subclasse;G;46;468;46877;4687703;44832;2212,1274935314063;99174099,79;0,7955288417297035;-568,5730637502365;-20,44711582702965;0,0006164078158069172;0,0004903701957420133;2;4;1;896;302;390;Baixa remuneração e alto emprego;0,01900864497447482
4757100;Comércio varejista especializado de peças e acessórios para aparelhos eletroeletrônicos para uso doméstico, exceto informática e comunicação;Subclasse;G;47;475;47571;4757100;54923;2028,214269977969;111395612,35;0,7293896729249807;-752,4862873036739;-27,06103270750193;0,0007551518216355129;0,0005507999401914302;1;4;1;1002;258;353;Baixa remuneração e alto emprego;0,019001302843376984
1311100;Preparação e fiação de fibras de algodão;Subclasse;C;13;131;13111;1311100;32241;2458,9416054092612;79278736,3;0,8842885290076229;-321,75895187238166;-11,571147099237711;0,00044329060468930264;0,0003919967967436032;2;3;1;761;385;447;Baixa remuneração e alto emprego;0,018960106653933537
4329104;Montagem e instalação de sistemas e equipamentos de iluminação e sinalização em vias públicas, portos e aeroportos;Subclasse;F;43;432;43291;4329104;16582;2796,822540103727;46376911,36;1,0057978133531373;16,121982822084192;0,5797813353137338;0,00022799059604100422;0,00022931244296312052;3;3;1;593;570;593;Alta remuneração e alto emprego;0,01887244978987713
0810005;Extração de gesso e caulim;Subclasse;B;08;081;08100;0810005;1690;3063,6108816568044;5177502,39;1,1017406651839308;282,9103243751615;10,174066518393076;0,00002323628677537674;0,000025600362048308148;3;1;1;515;1070;1068;Alta remuneração e baixo emprego;0,018867223579207695
3250702;Fabricação de mobiliário para uso médico, cirúrgico, odontológico e de laboratório;Subclasse;C;32;325;32507;3250702;2569;3038,9443402101983;7807048,01;1,0928700439363415;258,24378292855545;9,287004393634145;0,00003532190575499577;0,00003860225269437754;3;1;1;524;1002;1005;Alta remuneração e baixo emprego;0,0187528258579294
2593400;Fabricação de artigos de metal para uso doméstico e pessoal;Subclasse;C;25;259;25934;2593400;33706;2406,040997151842;81098017,85;0,8652643273117978;-374,65956012980087;-13,473567268820219;0,0004634333029886677;0,0004009923051643742;2;3;1;787;375;442;Baixa remuneração e alto emprego;0,01870896053566487
0810006;Extração de areia, cascalho ou pedregulho e beneficiamento associado;Subclasse;B;08;081;08100;0810006;23316;2622,034023846286;61135345,3;0,9429400864397761;-158,666533435357;-5,7059913560223885;0,0003205782618075054;0,0003022860938994823;2;3;1;666;471;513;Baixa remuneração e alto emprego;0,0186161624879819
4713002;Lojas de variedades, exceto lojas de departamentos ou magazines;Subclasse;G;47;471;47130;4713002;69202;1760,0905943469843;121801789,31;0,6329666061086467;-1020,6099629346586;-36,70333938913532;0,0009514778209642729;0,0006022536871234065;1;4;1;1171;210;325;Baixa remuneração e alto emprego;0,018582032891620758
4679604;Comércio atacadista especializado de materiais de construção não especificados anteriormente;Subclasse;G;46;467;46796;4679604;18654;2723,8721839819877;50811111,72;0,9795632891319986;-56,82837329965514;-2,043671086800136;0,00025647910858454304;0,000251237519198718;3;3;1;620;546;563;Baixa remuneração e alto emprego;0,01855582337511196
8130300;Atividades paisagísticas;Subclasse;N;81;813;81303;8130300;69859;1745,1498939292003;121914426,44;0,6275936074307922;-1035,5506633524426;-37,24063925692078;0,000960511099314227;0,0006028106257959316;1;4;1;1184;206;324;Baixa remuneração e alto emprego;0,0185199683968202
0116401;Cultivo de amendoim;Subclasse;A;01;011;01164;0116401;2274;3027,0500835532102;6883511,89;1,0885926122560976;246,34952627156736;8,85926122560976;0,000031265867530891545;0,000034035792409906336;3;1;1;526;1019;1025;Alta remuneração e baixo emprego;0,018508185414238185
6911702;Atividades auxiliares da justiça;Subclasse;M;69;691;69117;6911702;1214;3039,261507413509;3689663,47;1,092984104115342;258,5609501318663;9,298410411534208;0,000016691628488347553;0,000018243684609562675;3;1;1;523;1118;1110;Alta remuneração e baixo emprego;0,018400742296067273
3311200;Manutenção e reparação de tanques, reservatórios metálicos e caldeiras, exceto para veículos;Subclasse;C;33;331;33112;3311200;29486;2465,4128379569966;72695162,94;0,8866157240487392;-315,28771932464633;-11,338427595126078;0,0004054113324608039;0,0003594440620672998;2;3;1;756;406;469;Baixa remuneração e alto emprego;0,01838400797322628
4729602;Comércio varejista de mercadorias em lojas de conveniência;Subclasse;G;47;472;47296;4729602;62566;1846,1898903557844;115508716,68;0,6639297732081525;-934,5106669258585;-33,60702267918475;0,0008602375848451013;0,000571137344611337;1;4;1;1122;224;341;Baixa remuneração e alto emprego;0,018335692903060148
1051100;Preparação do leite;Subclasse;C;10;105;10511;1051100;20673;2652,634254341411;54837907,94;0,9539445904720404;-128,0663029402317;-4,605540952795961;0,00028423890917595465;0,0002711481698100756;3;3;1;645;515;536;Baixa remuneração e alto emprego;0,018299223412898993
1340502;Alvejamento, tingimento e torção em fios, tecidos, artefatos têxteis e peças do vestuário;Subclasse;C;13;134;13405;1340502;21060;2641,7244116809115;55634716,11;0,9500211753341066;-138,97614560073134;-4,997882466589343;0,0002895598813546948;0,0002750880188141916;3;3;1;655;505;533;Baixa remuneração e alto emprego;0,0182776735490527
1013902;Preparação de subprodutos do abate;Subclasse;C;10;101;10139;1013902;21872;2622,329351225311;57355587,57;0,943046292546094;-158,37120605633208;-5,695370745390605;0,0003007242984325681;0,00028359693471535855;2;3;1;665;493;525;Baixa remuneração e alto emprego;0,01826848561699258
0155501;Criação de frangos para corte;Subclasse;A;01;015;01555;0155501;49701;2058,558830405827;102312432,43;0,7403022324770678;-722,141726875816;-25,969776752293217;0,0006833530704278103;0,000505887803607767;2;4;1;982;281;382;Baixa remuneração e alto emprego;0,018247561979835698
1053800;Fabricação de sorvetes e outros gelados comestíveis;Subclasse;C;10;105;10538;1053800;50358;2045,7357240160452;103019159,59;0,7356907663642559;-734,9648332655977;-26,43092336357441;0,0006923863487777644;0,0005093822435524625;1;4;1;993;274;380;Baixa remuneração e alto emprego;0,018234607945174
4649406;Comércio atacadista de lustres, luminárias e abajures;Subclasse;G;46;464;46494;4649406;3421;2985,173402513885;10212278,21;1,0735328529700194;204,47284523224198;7,3532852970019436;0,00004703629411749339;0,00005049500701708963;3;2;1;538;949;965;Alta remuneração e baixo emprego;0,018218956157044525
7410203;Desing de produto;Subclasse;M;74;741;74102;7410203;1623;3018,2008687615526;4898540,01;1,0854102434215662;237,50031147990967;8,541024342156621;0,000022315084873631034;0,000024221021704660774;3;1;1;529;1080;1077;Alta remuneração e baixo emprego;0,01821328792501087
3099700;Fabricação de equipamentos de transporte não especificados anteriormente;Subclasse;C;30;309;30997;3099700;3220;2988,3322049689436;9622429,7;1,0746688265817004;207,63164768730076;7,466882658170038;0,000044272688412256276;0,000047578478105616706;3;2;1;535;965;979;Alta remuneração e baixo emprego;0,01821109353481348
4743100;Comércio varejista de vidros;Subclasse;G;47;474;47431;4743100;56431;1937,4059718948806;109329756,4;0,6967330469372257;-843,2945853867623;-30,32669530627743;0,000775885739065849;0,0005405852350544903;1;4;1;1060;248;365;Baixa remuneração e alto emprego;0,01820234596246635
0810003;Extração de mármore e beneficiamento associado;Subclasse;B;08;081;08100;0810003;1701;3015,155385067607;5128779,31;1,0843150216847377;234,45482778596397;8,43150216847377;0,000023387528878648424;0,000025359448883204098;3;1;1;532;1067;1069;Alta remuneração e baixo emprego;0,01819105177390228
1323500;Tecelagem de fios de fibras artificiais e sintéticas;Subclasse;C;13;132;13235;1323500;28231;2474,1929481775355;69848941,12;0,8897732413864285;-306,50760910410736;-11,022675861357145;0,00038815598340571645;0,0003453708075184411;2;3;1;750;424;480;Baixa remuneração e alto emprego;0,018185115796737532
5611204;Bares e outros estabelecimentos especializados em servir bebidas, sem entretenimento;Subclasse;I;56;561;56112;5611204;76338;1619,6347124629935;123639674,68;0,5824556363042255;-1161,0658448186493;-41,754436369577455;0,0010495926981412484;0,0006113411828561297;1;4;1;1256;194;319;Baixa remuneração e alto emprego;0,01814773270016391
7500100;Atividades veterinárias;Subclasse;M;75;750;75001;7500100;57539;1913,4534321069189;110098197,03;0,6881191961127495;-867,247125174724;-31,188080388725048;0,0007911199436499422;0,000544384819653162;1;4;1;1074;244;357;Baixa remuneração e alto emprego;0,018137624577026546
0722702;Beneficiamento de minério de estanho;Subclasse;B;07;072;07227;0722702;212;3038,3579245283017;644131,88;1,0926591561870795;257,65736724665885;9,265915618707954;0,000002914847808508798;0,000003184935146858982;3;1;1;525;1247;1240;Alta remuneração e baixo emprego;0,018124487340708144
5829800;Edição integrada à impressão de cadastros, listas e outros produtos gráficos;Subclasse;J;58;582;58298;5829800;12358;2816,2401942061824;34803096,32;1,0127808213047156;35,539636924539536;1,2780821304715584;0,00016991362838467798;0,00017208526410629837;3;3;1;589;644;683;Alta remuneração e alto emprego;0,018092630022650012
1539400;"Fabricação de calçados de materiais não especificados
anteriormente";Subclasse;C;15;153;15394;1539400;62225;1829,5774899156288;113845459,31;0,6579555950836314;-951,1230673660141;-34,20444049163686;0,0008555490796436791;0,0005629133038202102;1;4;1;1133;227;345;Baixa remuneração e alto emprego;0,018055715162923397
2930103;Fabricação de cabines, carrocerias e reboques para outros veículos automotores, exceto caminhões e ônibus;Subclasse;C;29;293;29301;2930103;9366;2854,074036942131;26731257,43;1,0263866885876474;73,3734796604881;2,6386688587647367;0,00012877577629478022;0,00013217374260150313;3;2;1;575;738;757;Alta remuneração e baixo emprego;0,017881847040505053
4637104;Comércio atacadista de pães, bolos, biscoitos e similares;Subclasse;G;46;463;46371;4637104;20671;2611,5575318078468;53983505,74;0,9391725135484754;-169,14302547379611;-6,082748645152458;0,0002842114106117234;0,00026692354488337016;2;3;1;673;516;540;Baixa remuneração e alto emprego;0,017862199436966073
1813001;Impressão de material para uso publicitário;Subclasse;C;18;181;18130;1813001;44201;2120,3683167801632;93722399,97;0,762530259228269;-660,3322405014796;-23,7469740771731;0,0006077320187919688;0,0004634140538307593;2;4;1;948;303;402;Baixa remuneração e alto emprego;0,017788304165356046
6201502;Web desing;Subclasse;J;62;620;62015;6201502;2026;2979,0341806515303;6035523,25;1,0713250561447631;198,3336233698874;7,132505614476314;0,000027856045566220873;0,00002984287958020266;3;1;1;541;1041;1044;Alta remuneração e baixo emprego;0,017769402499850172
1111901;Fabricação de aguardente de cana-de-açúcar;Subclasse;C;11;111;11119;1111901;8916;2845,3100201884254;25368784,14;1,0232349588083456;64,60946290678248;2,3234958808345585;0,00012258859934275682;0,00012543694039885857;3;2;1;580;750;767;Alta remuneração e baixo emprego;0,017641586943515506
1210700;Processamento industrial do fumo;Subclasse;C;12;121;12107;1210700;21917;2559,886708491126;56105036,99;0,9205905690879638;-220,8138487905171;-7,940943091203623;0,00030134301612777043;0,0002774135387077477;2;3;1;700;492;529;Baixa remuneração e alto emprego;0,017612060472580605
3314703;Manutenção e reparação de válvulas industriais;Subclasse;C;33;331;33147;3314703;4479;2921,7295110515743;13086426,48;1,0507170588363526;141,02895376993138;5,071705883635258;0,00006158303459580617;0,00006470634498472281;3;2;1;556;888;920;Alta remuneração e baixo emprego;0,017596926612224235
4647801;Comércio atacadista de artigos de escritório e de papelaria;Subclasse;G;46;464;46478;4647801;22997;2532,263213027786;58234457,11;0,910656563288237;-248,43734425385674;-8,934343671176304;0,0003161922408126266;0,00028794253935683314;2;3;1;718;475;521;Baixa remuneração e alto emprego;0,017574541142041145
0119903;Cultivo de batata-inglesa;Subclasse;A;01;011;01199;0119903;25000;2480,9882463999998;62024706,16;0,8922169774459153;-299,71231088164313;-10,778302255408468;0,00034373205289018845;0,00030668357328096353;2;3;1;747;452;509;Baixa remuneração e alto emprego;0,017496847846666507
8030700;Atividades de investigação particular;Subclasse;N;80;803;80307;8030700;484;2987,3876033057854;1445895,6;1,074329127414638;206,68704602414255;7,432912741463804;0,000006654652543954049;0,000007149287060793756;3;1;1;536;1203;1193;Alta remuneração e baixo emprego;0,017484722770275896
9002701;"Atividades de artistas plásticos, jornalistas independentes e
escritores";Subclasse;R;90;900;90027;9002701;548;2982,9966605839413;1634682,17;1,0727500495414937;202,29610330229843;7,275004954149367;0,000007534606599352931;0,000008082749602731524;3;1;1;539;1194;1182;Alta remuneração e baixo emprego;0,017440110548163225
2670102;Fabricação de aparelhos fotográficos e cinematográficos, peças e acessórios;Subclasse;C;26;267;26701;2670102;163;2987,121349693252;486900,78;1,0742333768629162;206,420792411609;7,42333768629162;0,0000022411329848440288;0,0000024074998543078676;3;1;1;537;1254;1256;Alta remuneração e baixo emprego;0,01739735132228574
8712300;Atividades de fornecimento de infraestrutura de apoio e assistência a paciente no domicílio;Subclasse;Q;87;871;87123;8712300;33601;2291,227255141216;76987527;0,8239748250279325;-489,47330214042677;-17,602517497206748;0,0004619896283665289;0,00038066782319803026;2;3;1;851;378;457;Baixa remuneração e alto emprego;0,01739261202192965
3315500;Manutenção e reparação de veículos ferroviários;Subclasse;C;33;331;33155;3315500;3334;2922,885983803239;9744901,87;1,0511329514245122;142,18542652159613;5,113295142451224;0,00004584010657343554;0,00004818404651614948;3;2;1;555;953;975;Alta remuneração e baixo emprego;0,01731844712954542
8640206;Serviços de ressonância magnética;Subclasse;Q;86;864;86402;8640206;10524;2794,5468909160018;29409811,48;1,0049794407377308;13,84633363435887;0,49794407377308225;0,00014469744498465373;0,0001454179573368559;3;2;1;595;702;735;Alta remuneração e baixo emprego;0,017316549378980958
4651602;Comércio atacadista de suprimentos para informática;Subclasse;G;46;465;46516;4651602;3584;2915,867985491071;10450470,86;1,048609127601127;135,16742820942818;4,86091276011269;0,00004927742710233742;0,00005167275984421018;3;2;1;559;937;962;Alta remuneração e baixo emprego;0,017283830569207716
6399200;Outras atividades de prestação de serviços de informação não especificadas anteriormente;Subclasse;J;63;639;63992;6399200;25893;2441,209793766655;63210245,19;0,8779117864287885;-339,490763514988;-12,208821357121147;0,000356010161819426;0,0003125455171496944;2;3;1;771;443;502;Baixa remuneração e alto emprego;0,01727493985800035
9200302;Exploração de apostas em corridas de cavalos;Subclasse;R;92;920;92003;9200302;649;2964,3146379044683;1923840,2;1,0660315905436157;183,61408062282544;6,603159054361574;0,000008923284093029292;0,000009512502734564563;3;1;1;542;1178;1168;Alta remuneração e baixo emprego;0,017205543103740926
4611700;Representantes comerciais e agentes do comércio de matérias-primas agrícolas e animais vivos;Subclasse;G;46;461;46117;4611700;5148;2881,6387645687646;14834676,36;1,0362995602035614;100,93820728712171;3,62995602035614;0,00007078130433114762;0,0000733506345490027;3;2;1;571;865;894;Alta remuneração e baixo emprego;0,017200626788236185
4637107;Comércio atacadista de chocolates, confeitos, balas, bombons e semelhantes;Subclasse;G;46;463;46371;4637107;12999;2727,120338487576;35449837,28;0,9807313956715837;-53,580218794066695;-1,9268604328416261;0,0001787269182207824;0,00017528309995074894;3;3;1;618;635;679;Baixa remuneração e alto emprego;0,017187362799559885
1031700;Fabricação de conservas de frutas;Subclasse;C;10;103;10317;1031700;47345;2004,9885751399304;94926184,09;0,7210372112486527;-775,7119821417125;-27,896278875134726;0,0006509597617634389;0,00046936621125699744;1;4;1;1015;290;399;Baixa remuneração e alto emprego;0,017100941542770816
8299706;Casas lotéricas;Subclasse;N;82;829;82997;8299706;66951;1677,1231932308704;112285074,91;0,6031297360800303;-1103,5773640507725;-39,68702639199697;0,0009205281869220403;0,000555197922432519;1;4;1;1229;215;350;Baixa remuneração e alto emprego;0,0170615774294439
9601701;Lavanderias;Subclasse;S;96;960;96017;9601701;70844;1612,011796482412;114201363,71;0,5797142710174742;-1168,688760799231;-42,028572898252584;0,0009740541421981004;0,0005646730869759231;1;4;1;1261;202;344;Baixa remuneração e alto emprego;0,016979669941736827
0162801;Serviço de inseminação artificial em animais;Subclasse;A;01;016;01628;0162801;946;2935,5;2776983;1,0556692241863272;154,7994427183571;5,566922418632725;0,000013006820881364731;0,00001373090050896083;3;1;1;552;1140;1140;Alta remuneração e baixo emprego;0,016879845958513936
0810007;Extração de argila e beneficiamento associado;Subclasse;B;08;081;08100;0810007;2680;2901,5682947761193;7776203,03;1,0434666498620169;120,86773749447639;4,346664986201687;0,0000368480760698282;0,0000384497384904444;3;1;1;566;996;1006;Alta remuneração e baixo emprego;0,016850273861872968
1629301;Fabricação de artefatos diversos de madeira, exceto móveis;Subclasse;C;16;162;16293;1629301;38226;2148,3014919164966;82120972,83;0,7725756325293196;-632,3990653651463;-22,74243674706804;0,0005255800581512138;0,00040605034587097057;2;3;1;931;338;435;Baixa remuneração e alto emprego;0,016802104916749126
1821100;Serviços de pré-impressão;Subclasse;C;18;182;18211;1821100;13968;2659,776909364261;37151763,87;0,95651324354191;-120,92364791738191;-4,3486756458089975;0,00019204997259080611;0,00018369834220496688;3;3;1;641;615;667;Baixa remuneração e alto emprego;0,01673385738555531
1622602;Fabricação de esquadrias de madeira e de peças de madeira para instalações industriais e comerciais;Subclasse;C;16;162;16226;1622602;30837;2279,238972986996;70284892,21;0,8196635797473765;-501,46158429464685;-18,033642025262353;0,00042398661259898966;0,000347526384647852;2;3;1;858;398;477;Baixa remuneração e alto emprego;0,016631984410320766
4755502;Comercio varejista de artigos de armarinho;Subclasse;G;47;475;47555;4755502;68198;1623,8869914073728;110745845,04;0,5839848476870347;-1156,8135658742701;-41,601515231296524;0,000937673541720203;0,0005475871404416352;1;4;1;1250;212;354;Baixa remuneração e alto emprego;0,01661949686424899
5320202;Serviços de entrega rápida;Subclasse;H;53;532;53202;5320202;66964;1641,4904542739382;109920766,78;0,590315433272911;-1139,2101030077047;-40,968456672708896;0,0009207069275895432;0,000543507508877392;1;4;1;1245;214;358;Baixa remuneração e alto emprego;0,016605711368843968
2531402;Produção de forjados de metais não ferrosos e suas ligas;Subclasse;C;25;253;25314;2531402;1012;2913,048290513834;2948004,87;1,0475951043652005;132,34773323219133;4,759510436520054;0,000013914273500994829;0,000014576524800440625;3;1;1;561;1135;1135;Alta remuneração e baixo emprego;0,016582980055087862
7319099;Outras atividades de publicidade não especificadas anteriormente;Subclasse;M;73;731;73190;7319099;16040;2591,2573628428927;41563768,1;0,9318721341847948;-189,4431944387502;-6,812786581520525;0,00022053848513434494;0,00020551366881202366;2;3;1;685;577;631;Baixa remuneração e alto emprego;0,016528211599300992
4618402;Representantes comerciais e agentes do comércio de instrumentos e materiais odonto-médico-hospitalares;Subclasse;G;46;461;46184;4618402;7387;2793,0800473805334;20632482,31;1,0044519321098682;12,379490098890528;0,4451932109868162;0,00010156594698799289;0,00010201811168865791;3;2;1;596;789;811;Alta remuneração e baixo emprego;0,016507263188384497
2599302;Serviço de corte e dobra de metais;Subclasse;C;25;259;25993;2599302;21689;2459,804030153534;53350689,61;0,8845986755791457;-320,896527128109;-11,540132442085426;0,00029820817980541193;0,0002637945609027352;2;3;1;760;497;545;Baixa remuneração e alto emprego;0,01648881539685166
3299005;Fabricação de aviamentos para costura;Subclasse;C;32;329;32990;3299005;4753;2829,4734083736585;13448487,11;1,0175397710351433;48,77285109201557;1,753977103514326;0,00006535033789548263;0,00006649656785923866;3;2;1;585;881;915;Alta remuneração e baixo emprego;0,016360932137173635
2212900;Reforma de pneumáticos usados;Subclasse;C;22;221;22129;2212900;26804;2337,2737028055512;62648284,33;0,84053412248402;-443,42685447609165;-15,946587751597995;0,00036853575782674447;0,000309766879808886;2;3;1;819;436;507;Baixa remuneração e alto emprego;0,016352931733443148
8621601;UTI móvel;Subclasse;Q;86;862;86216;8621601;20859;2464,017237163814;51396935,55;0,8861138358502679;-316,68332011782877;-11,388616414973207;0,00028679627564945766;0,0002541341479233117;2;3;1;757;511;559;Baixa remuneração e alto emprego;0,01633848287348171
0163600;Atividades de pós-colheita;Subclasse;A;01;016;01636;0163600;31466;2237,527515413462;70406040,8;0,8046632383894021;-543,1730418681809;-19,533676161059788;0,0004326349110497068;0,00034812540856556806;2;3;1;880;391;476;Baixa remuneração e alto emprego;0,016309331018081002
1313800;Fiação de fibras artificiais e sintéticas;Subclasse;C;13;131;13138;1313800;14161;2613,7318727490992;37013057,05;0,9399544535295923;-166,96868453254365;-6,004554647040772;0,00019470358403911835;0,00018301250093574257;2;3;1;671;610;669;Baixa remuneração e alto emprego;0,01630625783573081
0141502;Produção de sementes certificadas de forrageiras para formação de pasto;Subclasse;A;01;014;01415;0141502;4879;2822,7615372002456;13772253,54;1,0151260371450137;42,0609799186027;1,5126037145013704;0,00006708274744204918;0,00006809744357164721;3;2;1;586;875;910;Alta remuneração e baixo emprego;0,01629771388766015
8720499;Atividades de assistência psicossocial e à saúde a portadores de distúrbios psíquicos, deficiência mental e dependência química e grupos similares não especificadas anteriormente;Subclasse;Q;87;872;87204;8720499;17976;2516,217919448153;45231533,32;0,9048863290436269;-264,48263783348966;-9,511367095637313;0,0002471570953101611;0,0002236490766722975;2;3;1;724;558;600;Baixa remuneração e alto emprego;0,016208008981121607
3299099;Fabricação de produtos diversos não especificados anteriormente;Subclasse;C;32;329;32990;3299099;21798;2427,8251674465546;52921733;0,8730983856168777;-352,8753898350883;-12,69016143831223;0,00029970685155601316;0,00026167356825187234;2;3;1;775;495;548;Baixa remuneração e alto emprego;0,016172851242541864
3314719;Manutenção e reparação de máquinas e equipamentos para as indústrias de alimentos, bebidas e fumo;Subclasse;C;33;331;33147;3314719;8453;2736,9678705784927;23135589,41;0,9842727809764952;-43,73268670315019;-1,5727219023504824;0,00011622268172323052;0,00011439482215227022;3;2;1;612;759;788;Baixa remuneração e baixo emprego;0,016158611374569625
0322107;Atividades de apoio à aquicultura em água doce;Subclasse;A;03;032;03221;0322107;318;2894,5917610062893;920480,18;1,040957737583936;113,8912037246464;4,095773758393606;0,000004372271712763197;0,00000455135007022022;3;1;1;567;1228;1225;Alta remuneração e baixo emprego;0,016147177477244985
4642702;Comércio atacadista de roupas e acessórios para uso profissional e de segurança do trabalho;Subclasse;G;46;464;46427;4642702;17165;2528,481064375182;43401377,47;0,9092964209159488;-252,2194929064608;-9,070357908405125;0,0002360064275144034;0,00021459979985200632;2;3;1;721;565;616;Baixa remuneração e alto emprego;0,016143363944782614
4512901;Representantes comerciais e agentes do comércio de veículos automotores;Subclasse;G;45;451;45129;4512901;2465;2855,163411764706;7037977,81;1,0267784513107936;74,46285448306298;2,6778451310793594;0,000033891980414972587;0,0000347995551623413;3;1;1;574;1006;1023;Alta remuneração e baixo emprego;0,016143077130691266
4686901;Comércio atacadista de papel e papelão em bruto;Subclasse;G;46;468;46869;4686901;4832;2811,8124958609274;13586677,98;1,0111885253152533;31,11193857928447;1,1188525315253273;0,00006643653118261563;0,00006717985799360994;3;2;1;590;876;913;Alta remuneração e baixo emprego;0,016130736050021664
0893200;Extração de gemas (pedras preciosas e semipreciosas);Subclasse;B;08;089;08932;0893200;1400;2872,7325714285716;4021825,6;1,0330967007238268;92,03201414692876;3,3096700723826755;0,000019248994961850555;0,00001988607318733737;3;1;1;572;1101;1097;Alta remuneração e baixo emprego;0,01611828945242806
4541206;Comércio a varejo de peças e acessórios novos para motocicletas e motonetas;Subclasse;G;45;454;45412;4541206;58586;1730,3888311200628;101376560,06;0,622285210318243;-1050,31172616158;-37,7714789681757;0,0008055154420249833;0,0005012603462551093;1;4;1;1201;238;386;Baixa remuneração e alto emprego;0,016075079579386267
5510803;Motéis;Subclasse;I;55;551;55108;5510803;57876;1737,9420182804618;100585132,25;0,6250014996147011;-1042,7585390011811;-37,49985003852989;0,0007957534517229019;0,0004973471006503884;1;4;1;1192;241;389;Baixa remuneração e alto emprego;0,016027042019296694
4674500;Comércio atacadista de cimento;Subclasse;G;46;467;46745;4674500;7044;2757,3777271436684;19422968,71;0,9916126063711174;-23,322830137974506;-0,8387393628882633;0,0000968499432223395;0,00009603762462559882;3;2;1;601;800;827;Baixa remuneração e baixo emprego;0,016011908400527176
3314718;Manutenção e reparação de máquinas para a indústria metalúrgica, exceto máquinas-ferramenta;Subclasse;C;33;331;33147;3314718;9273;2700,4118710234015;25040919,28;0,9711264537103809;-80,28868625824134;-2,8873546289619134;0,00012749709305802872;0,00012381579983982585;3;2;1;630;744;769;Baixa remuneração e baixo emprego;0,0159940466090427
2740602;Fabricação de luminárias e outros equipamentos de iluminação;Subclasse;C;27;274;27406;2740602;15448;2549,5841293371313;39385975,63;0,9168855390274577;-231,11642794451154;-8,311446097254226;0,00021239891012190526;0,00019474548919596766;2;3;1;703;590;650;Baixa remuneração e alto emprego;0,015952909584449077
7990200;Serviços de reservas e outros serviços de turismo não especificados anteriormente;Subclasse;N;79;799;79902;7990200;11794;2632,1877022214685;31044021,76;0,9465915685630827;-148,5128550601744;-5,340843143691732;0,0001621590332714753;0,00015349837366111896;2;2;1;661;667;722;Baixa remuneração e baixo emprego;0,01592033940116911
7111100;Serviços de arquitetura;Subclasse;M;71;711;71111;7111100;19651;2449,889526741642;48142779,09;0,8810332059402343;-330,81103054000096;-11,896679405976574;0,00027018714285380373;0,00023804384467231878;2;3;1;767;532;582;Baixa remuneração e alto emprego;0,01590477438654057
8650003;Atividades de psicologia e psicanálise;Subclasse;Q;86;865;86500;8650003;35243;2125,8090386743465;74919887,95;0,7644868603732344;-654,8915186072963;-23,551313962676556;0,00048456594960035647;0,0003704443014537516;2;3;1;945;360;463;Baixa remuneração e alto emprego;0,015890799377234303
7732202;Aluguel de andaimes;Subclasse;N;77;773;77322;7732202;17438;2494,9332303016404;43506645,67;0,8972318949511907;-285,7673269800025;-10,27681050488093;0,00023975998153196427;0,0002151203025633868;2;3;1;741;560;614;Baixa remuneração e alto emprego;0,01585717737859476
3314705;Manutenção e reparação de equipamentos de transmissão para fins industriais;Subclasse;C;33;331;33147;3314705;5497;2780,6365581226123;15285159,16;0,9999769845196517;-0,06399915903057263;-0,0023015480348331785;0,00007557980378949464;0,00007557806428400581;3;2;1;598;855;886;Baixa remuneração e baixo emprego;0,015856044153384208
9319199;Outras atividades esportivas não especificadas anteriormente;Subclasse;R;93;931;93191;9319199;10552;2655,643084723275;28022345,83;0,9550266308859154;-125,05747255836786;-4,497336911408456;0,00014508242488389076;0,0001385575794376211;3;2;1;643;700;746;Baixa remuneração e baixo emprego;0,015855767580734936
8640201;Laboratórios de anatomia patológica e citológica;Subclasse;Q;86;864;86402;8640201;16630;2512,068423932652;41775697,89;0,9033940808025729;-268,6321333489909;-9,66059191974271;0,00022865056158255338;0,0002065615639058629;2;3;1;726;568;629;Baixa remuneração e alto emprego;0,015844585073843388
4755503;Comercio varejista de artigos de cama, mesa e banho;Subclasse;G;47;475;47555;4755503;49137;1866,393238292936;91708964,55;0,6711953336383277;-914,3073189887068;-32,88046663616723;0,0006755984753146077;0,0004534585440443336;1;4;1;1107;282;408;Baixa remuneração e alto emprego;0,015819227860937056
9321200;Parques de diversão e parques temáticos;Subclasse;R;93;932;93212;9321200;31276;2196,1400847295054;68686477,29;0,7897794241018198;-584,5604725521375;-21,022057589818022;0,0004300225474477414;0,0003396229598740747;2;3;1;908;395;481;Baixa remuneração e alto emprego;0,01580564367571863
3211602;Fabricação de artefatos de joalheria e ourivesaria;Subclasse;C;32;321;32116;3211602;13532;2577,271126219332;34875632,88;0,9268423813094139;-203,42943106231087;-7,315761869058612;0,00018605528558840123;0,00017244392394995687;2;3;1;692;620;681;Baixa remuneração e alto emprego;0,015778793883715437
1099601;Fabricação de vinagres;Subclasse;C;10;109;10996;1099601;1977;2836,621750126454;5608001,2;1,0201104691759686;55,92119284481123;2,0110469175968593;0,000027182330742556103;0,00002772898016708527;3;1;1;583;1044;1060;Alta remuneração e baixo emprego;0,015758913540302545
4637105;Comércio atacadista de massas alimentícias;Subclasse;G;46;463;46371;4637105;5615;2767,5197916295638;15539623,63;0,9952599118889075;-13,180765652079117;-0,47400881110925;0,00007720221907913633;0,00007683627375832937;3;2;1;599;852;877;Baixa remuneração e baixo emprego;0,01575576999434331
4634602;Comércio atacadista de aves abatidas e derivados;Subclasse;G;46;463;46346;4634602;7624;2709,4252177334733;20656657,86;0,9743678479289957;-71,27533954816954;-2,5632152071004333;0,00010482452684939187;0,00010213764863641719;3;2;1;624;783;810;Baixa remuneração e baixo emprego;0,01567726107650757
2950600;Recondicionamento e recuperação de motores para veículos automotores;Subclasse;C;29;295;29506;2950600;18463;2448,1173796241133;45199591,18;0,8803959035478972;-332,58317765752963;-11,96040964521028;0,00025385299570046196;0,0002234911375180487;2;3;1;768;549;601;Baixa remuneração e alto emprego;0,015607382621714672
0111303;Cultivo de trigo;Subclasse;A;01;011;01113;0111303;2001;2821,8473413293354;5646516,53;1,0147972725577892;41,14678404769256;1,4797272557789176;0,000027512313513330684;0,00002791942071508279;3;1;1;587;1043;1059;Alta remuneração e baixo emprego;0,015557723414651118
0119999;Cultivo de outras plantas de lavoura temporária não especificadas anteriormente;Subclasse;A;01;011;01199;0119999;41014;1987,0378495147997;81496370,36;0,714581742471864;-793,6627077668431;-28,541825752813597;0,0005639130566895276;0,0004029619746518377;1;4;1;1028;319;440;Baixa remuneração e alto emprego;0,01554321417438324
8423000;Justiça;Subclasse;O;84;842;84230;8423000;13443;2555,602161719854;34354959,86;0,9190497534974278;-225,09839556178895;-8,095024650257221;0,00018483159948011214;0,0001698694359407324;2;3;1;702;624;690;Baixa remuneração e alto emprego;0,015534652584035361
8122200;Imunização e controle de pragas urbanas;Subclasse;N;81;812;81222;8122200;38661;2024,4467678021779;78267136,49;0,7280347977422051;-756,253789479465;-27,196520225779487;0,000531560995871503;0,00038699490211695486;1;3;1;1005;332;452;Baixa remuneração e alto emprego;0,01547386236867649
4520002;Serviços de lanternagem ou funilaria e pintura de veículos automotores;Subclasse;G;45;452;45200;4520002;39231;2006,1161295913944;78701941,88;0,7214427041912537;-774,5844276902485;-27,855729580874634;0,0005393980866773994;0,00038914481428813124;1;4;1;1013;327;451;Baixa remuneração e alto emprego;0,015384626946091665
6810203;Loteamento de imóveis próprios;Subclasse;L;68;681;68102;6810203;11186;2592,434471661005;28998972;0,9322954479483101;-188,26608562063802;-6,77045520516899;0,00015379946974518593;0,0001433865455403007;2;2;1;683;680;740;Baixa remuneração e baixo emprego;0,015368081676305698
1121600;Fabricação de águas envasadas;Subclasse;C;11;112;11216;1121600;35933;2065,691033033702;74226475,89;0,7428671266398709;-715,009524247941;-25,713287336012915;0,0004940529542601257;0,00036701569853915913;2;3;1;979;351;466;Baixa remuneração e alto emprego;0,015358635199356879
0210103;Cultivo de pinus;Subclasse;A;02;021;02101;0210103;14540;2510,67269738652;36505181,02;0,902892147380624;-270,0278598951227;-9,710785261937605;0,0001999145619609336;0,00018050128814156417;2;3;1;729;605;673;Baixa remuneração e alto emprego;0,015333493482171974
4329105;Tratamentos térmicos, acústicos ou de vibração;Subclasse;F;43;432;43291;4329105;11345;2583,9529801674744;29314946,56;0,9292453203567863;-196,7475771141685;-7,075467964321369;0,00015598560560156752;0,00014494889404827597;2;2;1;687;677;736;Baixa remuneração e baixo emprego;0,015320173309287524
4671100;Comércio atacadista de madeira e produtos derivados;Subclasse;G;46;467;46711;4671100;28657;2203,3615381931118;63141731,6;0,7923764147934986;-577,3390190885311;-20,76235852065014;0,00039401317758696523;0,00031220674903775363;2;3;1;903;418;503;Baixa remuneração e alto emprego;0,015302794225155849
9603301;Gestão e manutenção de cemitérios;Subclasse;S;96;960;96033;9603301;14528;2507,5212327918503;36429268,47;0,9017588126220799;-273,17932448979263;-9,82411873779201;0,00019974957057554632;0,000180125935583975;2;3;1;732;606;675;Baixa remuneração e alto emprego;0,01529808695911675
1352900;Fabricação de artefatos de tapeçaria;Subclasse;C;13;135;13529;1352900;10443;2603,121518720674;27184398,02;0,9361387409744807;-177,5790385609689;-6,386125902551932;0,00014358375313328954;0,00013441431388258831;2;2;1;677;705;752;Baixa remuneração e baixo emprego;0,015296916442374813
8541400;Educação profissional de nível técnico;Subclasse;P;85;854;85414;8541400;46954;1860,0495857647911;87336768,25;0,66891401912874;-920,6509715168518;-33,108598087126;0,0006455837924562364;0,0004318400492962755;1;4;1;1113;294;421;Baixa remuneração e alto emprego;0,015293123162443727
3317102;Manutenção e reparação de embarcações para esporte e lazer;Subclasse;C;33;331;33171;3317102;1899;2804,587203791469;5325911,1;1,0085901541779736;23,886646509826278;0,8590154177973597;0,000026109886737538716;0,000026334174690183603;3;1;1;591;1051;1063;Alta remuneração e baixo emprego;0,015289898964927235
3092000;Fabricação de bicicletas e triciclos não motorizados, peças e acessórios;Subclasse;C;30;309;30920;3092000;14582;2501,9418577698534;36483316,17;0,8997523488166239;-278,7586995117895;-10,024765118337609;0,00020049203180978913;0,00018039317653987508;2;3;1;734;603;674;Baixa remuneração e alto emprego;0,01525325650120273
4744003;Comércio varejista de materiais hidráulicos;Subclasse;G;47;474;47440;4744003;21921;2336,729707130149;51223451,91;0,8403384898856169;-443,9708501514938;-15,966151011438312;0,00030139801325623284;0,00025327635131426786;2;3;1;820;491;562;Baixa remuneração e alto emprego;0,01522797528046357
4789002;Comércio varejista de plantas e flores naturais;Subclasse;G;47;478;47890;4789002;48472;1825,1514189635252;88468739,58;0,6563638843399078;-955,5491383181177;-34,363611566009226;0,0006664552027077286;0,00043743712558778544;1;4;1;1135;285;418;Baixa remuneração e alto emprego;0,015188232170850885
4763601;Comércio varejista de brinquedos e artigos recreativos;Subclasse;G;47;476;47636;4763601;50094;1795,4528434543058;89941414,74;0,6456836349216633;-985,2477138273371;-35,43163650783367;0,000688756538299244;0,0004447188252251177;1;4;1;1154;277;413;Baixa remuneração e alto emprego;0,015161958393388943
7119701;Serviços de cartografia, topografia e geodésia;Subclasse;M;71;711;71197;7119701;22027;2325,7050923866163;51228306,07;0,8363738002268677;-454,99546489502654;-16,36261997731323;0,00030285543716048727;0,0002533003528972861;2;3;1;826;489;561;Baixa remuneração e alto emprego;0,015134382033541052
1072401;Fabricação de açúcar de cana refinado;Subclasse;C;10;107;10724;1072401;7054;2667,636823079104;18817510,15;0,9593398383344564;-113,06373420253885;-4,066016166554364;0,00009698743604349558;0,00009304391121444047;3;2;1;638;799;833;Baixa remuneração e baixo emprego;0,015119778936491723
0161001;Serviço de pulverização e controle de pragas agrícolas;Subclasse;A;01;016;01610;0161001;11437;2561,7137675963977;29298320,36;0,9212476190175175;-218,98678968524518;-7,87523809824825;0,00015725053955620343;0,00014486668515537238;2;2;1;699;675;737;Baixa remuneração e baixo emprego;0,015115941483456173
5091202;Transporte por navegação de travessia, intermunicipal, interestadual e internacional;Subclasse;H;50;509;50912;5091202;3459;2745,7879762937264;9497680,61;0,9874446815582163;-34,9125809879165;-1,2555318441783703;0,00004755876683788648;0,00004696165137553827;3;2;1;610;945;981;Baixa remuneração e baixo emprego;0,015003919212097736
4637106;Comércio atacadista de sorvetes;Subclasse;G;46;463;46371;4637106;11273;2545,7225228421894;28697930;0,915496821898305;-234,9780344394535;-8,450317810169505;0,0001549956572892438;0,00014189803165634153;2;2;1;708;679;744;Baixa remuneração e baixo emprego;0,01491389642641608
1340501;Estamparia e texturização em fios, tecidos, artefatos têxteis e peças do vestuário;Subclasse;C;13;134;13405;1340501;20815;2328,166706221475;48460789,99;0,8372590497473213;-452,53385106016776;-16,274095025267865;0,00028619130723637093;0,00023961626194266762;2;3;1;824;512;578;Baixa remuneração e alto emprego;0,014883457220530086
4399105;Perfuração e construção de poços de água;Subclasse;F;43;439;43991;4399105;10068;2568,479248112833;25859449,07;0,9236806319856773;-212,22130916880997;-7,631936801432271;0,0001384277723399367;0,0001278630522393222;2;2;1;695;713;763;Baixa remuneração e baixo emprego;0,014855753981275652
7739003;Aluguel de palcos, coberturas e outras estruturas de uso temporário, exceto andaimes;Subclasse;N;77;773;77390;7739003;24379;2243,768935969482;54700842,89;0,8069077880729975;-536,931621312161;-19,309221192700253;0,0003351937486963962;0,0002704704463365053;2;3;1;878;460;539;Baixa remuneração e alto emprego;0,014786675360652004
8720401;Atividades de centros de assistência psicossocial;Subclasse;Q;87;872;87204;8720401;4771;2682,60480612031;12798707,53;0,9647226484331598;-98,09575116133283;-3,52773515668402;0,00006559782497356357;0,00006328370743995113;3;2;1;632;880;925;Baixa remuneração e baixo emprego;0,014707633753942
8299701;Medição de consumo de energia elétrica, gás e água;Subclasse;N;82;829;82997;8299701;38232;1963,7074550115087;75076463,42;0,7061916285337785;-816,9931022701342;-29,380837146622152;0,0005256625538439075;0,00037121849495825405;1;3;1;1044;337;462;Baixa remuneração e alto emprego;0,01468496303864085
1064300;Fabricação de farinha de milho e derivados, exceto óleos de milho;Subclasse;C;10;106;10643;1064300;13970;2460,2162061560484;34369220,4;0,8847469029750928;-320,48435112559446;-11,525309702490716;0,00019207747115503732;0,00016993994773570703;2;3;1;759;614;689;Baixa remuneração e alto emprego;0,0146782055134663
4755501;Comércio varejista de tecidos;Subclasse;G;47;475;47555;4755501;45973;1823,285018380354;83821882,15;0,6556926863648924;-957,415538901289;-34,43073136351076;0,0006320957467008254;0,00041446055819408683;1;4;1;1137;300;429;Baixa remuneração e alto emprego;0,014655238582889026
7410299;Atividades de desing não especificadas anteriormente;Subclasse;M;74;741;74102;7410299;1890;2748,7110793650795;5195063,94;0,988495892579014;-31,989477916563374;-1,1504107420985954;0,000025986143198498247;0,000025687195815685606;3;1;1;609;1052;1067;Baixa remuneração e baixo emprego;0,01464173982728426
3900500;Descontaminação e outros serviços de gestão de resíduos;Subclasse;E;39;390;39005;3900500;2769;2724,9734019501625;7545451,35;0,9799593109061847;-55,72715533148039;-2,004068909381529;0,00003807176217811727;0,00003730877782905195;3;1;1;619;990;1010;Baixa remuneração e baixo emprego;0,014628961454434672
3314717;Manutenção e reparação de máquinas e equipamentos de terraplenagem, pavimentação e construção, exceto tratores;Subclasse;C;33;331;33147;3314717;2200;2737,3311545454544;6022128,54;0,9844034257401;-43,369402736188476;-1,559657425990002;0,000030248420654336585;0,000029776648915356536;3;1;1;611;1027;1045;Baixa remuneração e baixo emprego;0,014608180093320206
4641901;Comércio atacadista de tecidos;Subclasse;G;46;464;46419;4641901;20338;2311,204770872259;47005282,63;0,8311591713174777;-469,495786409384;-16,884082868252225;0,0002796328996672261;0,0002324194491605151;2;3;1;834;523;588;Baixa remuneração e alto emprego;0,014594356188440785
4649410;Comércio atacadista de jóias, relógios e bijuterias, inclusive pedras preciosas e semipreciosas lapidadas;Subclasse;G;46;464;46494;4649410;9977;2534,3473549163073;25285183,56;0,9114060657411578;-246,35320236533562;-8,859393425884221;0,00013717658766741641;0,00012502357407775705;2;2;1;716;716;768;Baixa remuneração e baixo emprego;0,014488797035488936
1033302;Fabricação de sucos de frutas, hortaliças e legumes, exceto concentrados;Subclasse;C;10;103;10333;1033302;9567;2542,9062590153653;24327984,18;0,9144840325782002;-237,79429826627756;-8,551596742179978;0,00013153938200001733;0,00012029066449422018;2;2;1;709;731;777;Baixa remuneração e baixo emprego;0,014477285397801028
8630506;Serviços de vacinação e imunização humana;Subclasse;Q;86;863;86305;8630506;4596;2662,764569190601;12238065,96;0,9575876705666093;-117,93598809104196;-4,241232943339068;0,00006319170060333225;0,000060511593379887534;3;2;1;640;885;932;Baixa remuneração e baixo emprego;0,014469174483915551
4789003;Comércio varejista de objetos de arte;Subclasse;G;47;478;47890;4789003;2923;2704,2993294560383;7904666,94;0,9725244677548838;-76,40122782560456;-2,747553224511623;0,000040189151623920834;0,00003908493329257394;3;2;1;629;979;1004;Baixa remuneração e baixo emprego;0,014465173355757975
8299704;Leiloeiros independentes;Subclasse;N;82;829;82997;8299704;2783;2698,159780812073;7508978,67;0,9703165534118999;-82,54077646956966;-2,968344658810007;0,00003826425212773578;0,000037128437243468545;3;2;1;631;988;1011;Baixa remuneração e baixo emprego;0,014370665070386751
8650099;Atividades de profissionais da área de saúde não especificadas anteriormente;Subclasse;Q;86;865;86500;8650099;23883;2214,164326089687;52880886,6;0,7962613307253082;-566,5362311919557;-20,373866927469177;0,0003283741047670548;0,0002614716016375469;2;3;1;892;464;549;Baixa remuneração e alto emprego;0,014356023900334105
3012100;Construção de embarcações para esporte e lazer;Subclasse;C;30;301;30121;3012100;6870;2593,8999257641917;17820092,49;0,9328224569063043;-186,80063151745117;-6,717754309369573;0,0000944575681342238;0,0000881121407803613;2;2;1;682;805;847;Baixa remuneração e baixo emprego;0,014340243782635249
5911102;Produção de filmes para publicidade;Subclasse;J;59;591;59111;5911102;3371;2679,758415900326;9033465,62;0,9636990250111662;-100,94214138131701;-3,630097498883378;0,00004634883001171302;0,00004466632229269612;3;2;1;635;951;991;Baixa remuneração e baixo emprego;0,014335522865454286
6612604;Corretoras de contratos de mercadorias;Subclasse;K;66;661;66126;6612604;349;2754,822378223496;961433,01;0,9906936476887519;-25,878179058146998;-0,9306352311248101;0,000004798499458347031;0,000004753842931822321;3;1;1;602;1222;1224;Baixa remuneração e baixo emprego;0,014316844787259171
3314707;Manutenção e reparação de máquinas e aparelhos de refrigeração e ventilação para uso industrial e comercial;Subclasse;C;33;331;33147;3314707;20680;2277,3495449709867;47095588,59;0,8189841006099837;-503,3510123106562;-18,101589939001627;0,0002843351541507639;0,00023286597049396448;2;3;1;860;514;587;Baixa remuneração e alto emprego;0,014312503919118934
1011202;Frigorífico - abate de equinos;Subclasse;C;10;101;10112;1011202;268;2753,6029850746268;737965,6;0,9902551275663043;-27,09757220701613;-0,9744872433695706;0,0000036848076069828205;0,000003648899626910062;3;1;1;603;1240;1236;Baixa remuneração e baixo emprego;0,014284889075320115
6619302;Correspondentes de instituições financeiras;Subclasse;K;66;661;66193;6619302;28609;2111,5032965150826;60407997,81;0,7593422064040027;-669,1972607665602;-24,065779359599727;0,0003933532120454161;0,00029868969593066784;2;3;1;954;419;516;Baixa remuneração e alto emprego;0,014280644564125726
3832700;Recuperação de materiais plásticos;Subclasse;E;38;383;38327;3832700;26681;2148,189072373599;57315832,64;0,7725352040327657;-632,5114849080437;-22,746479596723436;0,00036684459612652473;0,00028340036491692237;2;3;1;932;438;526;Baixa remuneração e alto emprego;0,014260338680475115
3839499;Recuperação de materiais não especificados anteriormente;Subclasse;E;38;383;38394;3839499;19806;2289,7414778349994;45350619,71;0,8234405074070272;-490,9590794466435;-17,655949259297277;0,0002723182815817229;0,00022423790396186368;2;3;1;853;530;599;Baixa remuneração e alto emprego;0,01424589729720212
9001902;Produção musical;Subclasse;R;90;900;90019;9001902;6104;2597,870126146789;15857399,25;0,9342502267437293;-182,83043113485382;-6,574977325627074;0,00008392561803366841;0,00007840752767756234;2;2;1;680;840;872;Baixa remuneração e baixo emprego;0,01419457569057795
4679602;Comércio atacadista de mármores e granitos;Subclasse;G;46;467;46796;4679602;10525;2492,408750593824;26232602,1;0,8963240375045464;-288,29180668781873;-10,367596249545363;0,00014471119426676934;0,00012970812191729549;2;2;1;742;701;760;Baixa remuneração e baixo emprego;0,014194492754523658
0723502;Beneficiamento de minério de manganês;Subclasse;B;07;072;07235;0723502;41;2749,5956097560975;112733,42;0,9888139888187195;-31,104947525545413;-1,1186011181280486;5,637205667399091e-7;5,574147821772388e-7;3;1;1;608;1292;1289;Baixa remuneração e baixo emprego;0,014189702803063836
7739002;Aluguel de equipamentos científicos, médicos e hospitalares, sem operador;Subclasse;N;77;773;77390;7739002;5114;2620,632993742667;13401917,13;0,9424362457439666;-160,06756353897572;-5,756375425603344;0,00007031382873921696;0,00006626630078087185;2;2;1;667;867;918;Baixa remuneração e baixo emprego;0,014179990386862771
4615000;Representantes comerciais e agentes do comércio de eletrodomésticos, móveis e artigos de uso doméstico;Subclasse;G;46;461;46150;4615000;4043;2645,250405639377;10694747,39;0,9512891989439239;-135,45015164226606;-4,871080105607605;0,00005558834759340128;0,00005288059465274311;3;2;1;651;908;956;Baixa remuneração e baixo emprego;0,014161680672985942
3314721;Manutenção e reparação de máquinas e aparelhos para a indústria de celulose, papel e papelão e artefatos;Subclasse;C;33;331;33147;3314721;10461;2490,3329758149316;26051373,26;0,895577544045027;-290,3675814667113;-10,442245595497301;0,00014383124021137046;0,0001288120288654495;2;2;1;743;703;762;Baixa remuneração e baixo emprego;0,014158309219732526
9601703;Toalheiros;Subclasse;S;96;960;96017;9601703;25920;2151,6266739969137;55770163,39;0,7737714398490648;-629,0738832847292;-22,622856015093518;0,0003563813924365474;0,00027575774316104194;2;3;1;927;442;530;Baixa remuneração e alto emprego;0,014130285536977046
3702900;Atividades relacionadas a esgoto, exceto a gestão de redes;Subclasse;E;37;370;37029;3702900;13589;2401,9588549562145;32640218,88;0,8637963007798011;-378,7417023254284;-13,620369922019893;0,00018683899466899085;0,0001613908324364913;2;3;1;789;619;706;Baixa remuneração e alto emprego;0,013989446820788861
4639702;Comércio atacadista de produtos alimentícios em geral, com atividade de fracionamento e acondicionamento associada;Subclasse;G;46;463;46397;4639702;17337;2313,0227426890465;40100875,29;0,8318129532617533;-467,6778145925964;-16,81870467382467;0,0002383713040382879;0,00019828033838494358;2;3;1;832;561;645;Baixa remuneração e alto emprego;0,013929361761461668
3812200;Coleta de resíduos perigosos;Subclasse;E;38;381;38122;3812200;16008;2341,390257996002;37480975,25;0,8420145246724798;-439,31029928564067;-15,798547532752016;0,00022009850810664547;0,00018532614068453903;2;3;1;817;581;663;Baixa remuneração e alto emprego;0,013921399567723158
0142300;Produção de mudas e outras formas de propagação vegetal, certificadas;Subclasse;A;01;014;01423;0142300;13507;2396,83529873399;32374054,38;0,861953759263129;-383,86525854765296;-13,8046240736871;0,00018571155353551102;0,00016007477170852958;2;3;1;793;622;709;Baixa remuneração e alto emprego;0,013917721628165874
3313902;Manutenção e reparação de baterias e acumuladores elétricos, exceto para veículos;Subclasse;C;33;331;33139;3313902;560;2706,6073928571427;1515700,14;0,9733544972217605;-74,09316442450017;-2,6645502778239516;0,000007699597984740221;0,0000074944383252465;3;1;1;627;1191;1189;Baixa remuneração e baixo emprego;0,013903947706284146
9602501;Cabeleireiros, manicure e pedicure;Subclasse;S;96;960;96025;9602501;61886;1503,0568028310117;93018173,3;0,5405317012272511;-1277,6437544506311;-45,94682987727489;0,0008508880730064882;0,00045993197765617456;1;4;1;1291;230;403;Baixa remuneração e alto emprego;0,013865672553132685
0162899;Atividades de apoio à pecuária não especificadas anteriormente;Subclasse;A;01;016;01628;0162899;33815;1973,3164347183204;66727695,24;0,7096472252472215;-807,3841225633225;-29,035277475277855;0,0004649319747392689;0,0003299376858024335;1;3;1;1039;374;486;Baixa remuneração e alto emprego;0,013860622198695776
0119902;Cultivo de alho;Subclasse;A;01;011;01199;0119902;16398;2326,001558116843;38141773,55;0,8364804157088729;-454,6989991647997;-16,351958429112713;0,00022546072813173243;0,00018859348359365674;2;3;1;825;573;655;Baixa remuneração e alto emprego;0,013850500490250573
4330401;Impermeabilização em obras de engenharia civil;Subclasse;F;43;433;43304;4330401;20273;2241,845393873625;45448931,67;0,8062160407754254;-538,8551634080177;-19,378395922457457;0,0002787391963297116;0,00022472401127386412;2;3;1;879;528;598;Baixa remuneração e alto emprego;0,0138437716174712
7719599;Locação de outros meios de transporte não especificados anteriormente, sem condutor;Subclasse;N;77;771;77195;7719599;21864;2205,165335711672;48213734,9;0,7930250993538828;-575,5352215699709;-20,697490064611724;0,0003006143041756432;0,00023839468843608785;2;3;1;902;494;581;Baixa remuneração e alto emprego;0,013809149038391942
4689302;Comércio atacadista de fios e fibras beneficiados;Subclasse;G;46;468;46893;4689302;3007;2629,1924143664783;7905981,59;0,94551439833447;-151,50814291516463;-5,448560166552996;0,00004134409132163187;0,000039091433630658144;2;2;1;662;976;1003;Baixa remuneração e baixo emprego;0,013751872726546849
4541202;Comércio por atacado de peças e acessórios para motocicletas e motonetas;Subclasse;G;45;454;45412;4541202;13524;2377,1814566696244;32149002,02;0,8548858130173892;-403,5191006120185;-14,51141869826108;0,00018594529133147635;0,00015896199155666446;2;3;1;803;621;711;Baixa remuneração e alto emprego;0,01371959044437071
2349499;Fabricação de produtos cerâmicos não refratários não especificados anteriormente;Subclasse;C;23;234;23494;2349499;19432;2247,8002346644707;43679254,16;0,8083575301836438;-532,9003226171722;-19,164246981635625;0,00026717605007048567;0,0002159737719591994;2;3;1;876;535;613;Baixa remuneração e alto emprego;0,013717828847795651
1099606;Fabricação de adoçantes naturais e artificiais;Subclasse;C;10;109;10996;1099606;690;2682,481144927536;1850911,99;0,9646781771964242;-98,21941235410668;-3,5321822803575764;0,000009487004659769203;0,000009151906362240138;3;1;1;633;1172;1173;Baixa remuneração e baixo emprego;0,013702973191221712
8640204;Serviços de tomografia;Subclasse;Q;86;864;86402;8640204;9359;2469,8901250133563;23115701,68;0,8882258532101246;-310,8104322682866;-11,17741467898754;0,00012867953131997096;0,00011429648649736016;2;2;1;754;740;789;Baixa remuneração e baixo emprego;0,013691513057244871
1020102;Fabricação de conservas de peixes, crustáceos e moluscos;Subclasse;C;10;102;10201;1020102;24848;2131,510219333548;52963765,93;0,7665371281175524;-649,190337948095;-23,346287188244762;0,0003416421620086161;0,0002618814017099562;2;3;1;939;454;547;Baixa remuneração e alto emprego;0,013676367645574082
0132600;Cultivo de uva;Subclasse;A;01;013;01326;0132600;67913;1399,8738839397465;95069635,08;0,5034248942317742;-1380,8266733418964;-49,65751057682258;0,0009337549963172548;0,0004700755102594047;1;4;1;1310;213;398;Baixa remuneração e alto emprego;0,013671703161754114
3314713;Manutenção e reparação de máquinas-ferramenta;Subclasse;C;33;331;33147;3314713;9786;2453,7446219088497;24012344,87;0,8824195814552507;-326,9559353727932;-11,758041854474932;0,00013455047478333539;0,00011872997364291607;2;2;1;764;724;779;Baixa remuneração e baixo emprego;0,013629028988092727
3240099;Fabricação de outros brinquedos e jogos recreativos não especificados anteriormente;Subclasse;C;32;324;32400;3240099;21396;2193,598758179099;46934239,03;0,7888655081665885;-587,1017991025437;-21,11344918334115;0,0002941796401455389;0,0002320681713156747;2;3;1;909;501;590;Baixa remuneração e alto emprego;0,013581549479212788
5091201;Transporte por navegação de travessia, municipal;Subclasse;H;50;509;50912;5091201;1654;2644,582418379686;4374139,32;0,9510489762928579;-136,11813890195708;-4,895102370714211;0,00002274131261921487;0,000021628102086060153;3;1;1;653;1075;1089;Baixa remuneração e baixo emprego;0,013572085759572312
4754702;Comércio varejista de artigos de colchoaria;Subclasse;G;47;475;47547;4754702;29425;2030,09292404418;59735484,29;0,7300652775172449;-750,6076332374628;-26,99347224827551;0,0004045726262517518;0,00029536442666036584;1;3;1;1000;408;518;Baixa remuneração e alto emprego;0,013559129447054234
3314702;Manutenção e reparação de equipamentos hidráulicos e pneumáticos, exceto válvulas;Subclasse;C;33;331;33147;3314702;10623;2426,4175854278456;25775834,01;0,8725921887108415;-354,28297185379733;-12,740781128915845;0,0001460586239140989;0,00012744961432129722;2;2;1;776;697;764;Baixa remuneração e baixo emprego;0,013548437751979154
9329899;Outras atividades de recreação e lazer não especificadas anteriormente;Subclasse;R;93;932;93298;9329899;33433;1950,4921290341879;65210803,35;0,7014391117830213;-830,208428247455;-29,856088821697867;0,00045967974897110687;0,0003224373548229354;1;3;1;1053;379;491;Baixa remuneração e alto emprego;0,013523149115861745
0119905;Cultivo de feijão;Subclasse;A;01;011;01199;0119905;3529;2592,164139982998;9147747,25;0,9321982308361336;-188,53641729864466;-6,780176916386638;0,000048521216585979;0,000045231392259466494;2;2;1;684;940;987;Baixa remuneração e baixo emprego;0,013516054556273947
2330399;Fabricação de outros artefatos e produtos de concreto, cimento, fibrocimento, gesso e materiais semelhantes;Subclasse;C;23;233;23303;2330399;24932;2113,4839347023903;52693381,46;0,7600544866896743;-667,2166225792525;-23,994551331032564;0,00034279710170632716;0,0002605444751761106;2;3;1;953;453;551;Baixa remuneração e alto emprego;0,013499499646734407
2092403;Fabricação de fósforos de segurança;Subclasse;C;20;209;20924;2092403;1718;2635,0393073341097;4526997,53;0,9476170673731483;-145,66124994753318;-5,2382932626851675;0,00002362126667461375;0,000022383915453836565;3;1;1;659;1065;1085;Baixa remuneração e baixo emprego;0,013495031817677666
5022002;Transporte por navegação interior de passageiros em linhas regulares, intermunicipal, interestadual e internacional, exceto travessia;Subclasse;H;50;502;50220;5022002;2776;2607,316264409222;7237909,95;0,937647262155434;-173,3842928724207;-6,235273784456597;0,00003816800715292653;0,00003578812740887058;2;2;1;675;989;1019;Baixa remuneração e baixo emprego;0,013482111182399815
2680900;Fabricação de mídias virgens, magnéticas e ópticas;Subclasse;C;26;268;26809;2680900;13;2670,9253846153847;34722,03;0,9605224761153095;-109,77517266625819;-3,94775238846905;1,78740667502898e-7;1,7168442853238684e-7;3;1;1;637;1307;1306;Baixa remuneração e baixo emprego;0,0134252462361463
1822999;Serviços de acabamentos gráficos, exceto encadernação e plastificação;Subclasse;C;18;182;18229;1822999;12066;2379,622449030333;28712524,47;0,8557636466101924;-401,0781082513099;-14,423635338980755;0,00016589883800692057;0,00014197019458119596;2;3;1;800;651;743;Baixa remuneração e alto emprego;0,01340754173841498
1811301;Impressão de jornais;Subclasse;C;18;181;18113;1811301;2317;2610,826361674579;6049284,68;0,9389095689709468;-169,87419560706394;-6,1090431029053205;0,00003185708666186267;0,00002991092350635958;2;1;1;674;1015;1041;Baixa remuneração e baixo emprego;0,013405107861821515
1623400;Fabricação de artefatos de tanoaria e de embalagens de madeira;Subclasse;C;16;162;16234;1623400;29165;2017,9500068575348;58853511,95;0,7256984221379962;-762,750550424108;-27,430157786200382;0,00040099781290169387;0,00029100348010354667;1;3;1;1009;412;519;Baixa remuneração e alto emprego;0,01336936781601765
1540800;Fabricação de partes para calçados, de qualquer material;Subclasse;C;15;154;15408;1540800;38581;1838,7236313211167;70939796,42;0,6612447451438698;-941,9769259605262;-33,875525485613025;0,0005304610533022544;0,000350764583999598;1;3;1;1126;334;471;Baixa remuneração e alto emprego;0,013322183132052712
4782202;Comércio varejista de artigos de viagem;Subclasse;G;47;478;47822;4782202;20442;2186,6065287153897;44698610,66;0,7863509513778687;-594,0940285662532;-21,36490486221313;0,0002810628250072493;0,00022101401984140197;2;3;1;916;520;605;Baixa remuneração e alto emprego;0,013295296263636552
7739001;Aluguel de máquinas e equipamentos para extração de minérios e petróleo, sem operador;Subclasse;N;77;773;77390;7739001;1939;2606,850634347602;5054683,38;0,9374798115249082;-173,84992293404093;-6,252018847509177;0,000026659858022163017;0,0000249930786738982;2;1;1;676;1046;1071;Baixa remuneração e baixo emprego;0,013274823508185712
7319003;Marketing direto;Subclasse;M;73;731;73190;7319003;38393;1834,3256007605555;70425262,79;0,6596631183307833;-946,3749565210874;-34,03368816692167;0,0005278761882645202;0,0003482204524431411;1;3;1;1128;335;475;Baixa remuneração e alto emprego;0,013233119062340065
4789005;Comércio varejista de produtos saneantes domissanitários;Subclasse;G;47;478;47890;4789005;38854;1822,323255520667;70804547,77;0,655346815660775;-958,3773017609758;-34,4653184339225;0,0005342146073198153;0,0003500958417865123;1;3;1;1138;331;473;Baixa remuneração e alto emprego;0,013189462888354379
4520007;Serviços de instalação, manutenção e reparação de acessórios para veículos automotores;Subclasse;G;45;452;45200;4520007;34197;1902,6365847881393;65064463,29;0,6842292241089485;-878,0639724935036;-31,57707758910515;0,000470184200507431;0,0003217137707014858;1;3;1;1089;370;493;Baixa remuneração e alto emprego;0,013144094497939324
8640213;Serviços de litotripsia;Subclasse;Q;86;864;86402;8640213;106;2636,071886792453;279423,62;0,9479884052562007;-144,62867048918997;-5,201159474379935;0,000001457423904254399;0,0000013816209627763934;3;1;1;658;1272;1270;Baixa remuneração e baixo emprego;0,013112315506231662
0116499;Cultivo de outras oleaginosas de lavoura temporária não especificadas anteriormente;Subclasse;A;01;011;01164;0116499;7990;2443,878753441802;19526591,24;0,878871601993308;-336,82180383984087;-12,112839800669196;0,00010985676410370423;0,0000965499902576235;2;2;1;770;772;824;Baixa remuneração e baixo emprego;0,013108488649404742
4330402;Instalação de portas, janelas, tetos, divisórias e armários embutidos de qualquer material;Subclasse;F;43;433;43304;4330402;30983;1954,6617261078654;60561284,26;0,7029385889787081;-826,0388311737775;-29,70614110212919;0,0004259940077878684;0,0002994476267477891;1;3;1;1051;397;515;Baixa remuneração e alto emprego;0,013053834410837132
4520005;Serviços de lavagem, lubrificação e polimento de veículos automotores;Subclasse;G;45;452;45200;4520005;53740;1562,2651386304428;83956128,55;0,561824298031458;-1218,4354186512;-43,817570196854206;0,0007388864208927492;0,0004151243447430452;1;4;1;1282;262;428;Baixa remuneração e alto emprego;0,01305110765874242
4617600;Representantes comerciais e agentes do comércio de produtos alimentícios, bebidas e fumo;Subclasse;G;46;461;46176;4617600;20751;2151,6109493518384;44648078,81;0,7737657849269503;-629,0896079298045;-22,623421507304975;0,00028531135318097205;0,0002207641631426452;2;3;1;928;513;606;Baixa remuneração e alto emprego;0,012991821353915214
8640209;Serviços de diagnóstico por métodos ópticos - endoscopia e outros exames análogos;Subclasse;Q;86;864;86402;8640209;6208;2473,0299855025773;15352570,15;0,8893550148816318;-307,67057177906554;-11,064498511836817;0,00008535554337369161;0,00007591138054733927;2;2;1;751;835;884;Baixa remuneração e baixo emprego;0,012980300291996674
3292202;Fabricação de equipamentos e acessórios para segurança pessoal e profissional;Subclasse;C;32;329;32922;3292202;24145;2078,636609650031;50188680,94;0,7475226356922317;-702,0639476316119;-25,247736430776836;0,00033197641668134405;0,0002481598859853008;2;3;1;973;462;567;Baixa remuneração e alto emprego;0,01295145465872719
0133407;Cultivo de maçã;Subclasse;A;01;013;01334;0133407;52204;1578,2363631139376;82390251,1;0,5675678954287655;-1202,4641941677053;-43,243210457123446;0,000717767523563176;0,0004073818027558687;1;4;1;1273;269;434;Baixa remuneração e alto emprego;0,012950701870145912
2722802;Recondicionamento de baterias e acumuladores para veículos automotores;Subclasse;C;27;272;27228;2722802;26;2616,961923076923;68041,01;0,9411160494156957;-163,7386342047198;-5,888395058430429;3,57481335005796e-7;3,364314217405036e-7;2;1;1;670;1300;1298;Baixa remuneração e baixo emprego;0,012908811048273558
5320201;Serviços de malote não realizados pelo Correio Nacional;Subclasse;H;53;532;53202;5320201;22313;2111,3336292744143;47110187,27;0,7592811903984411;-669,3669280072286;-24,071880960155887;0,000306787731845551;0,00023293815423532771;2;3;1;955;483;586;Baixa remuneração e alto emprego;0,01290456067148683
9103100;Atividades de jardins botânicos, zoológicos, parques nacionais, reservas ecológicas e áreas de proteção ambiental;Subclasse;R;91;910;91031;9103100;3314;2531,8116656608327;8390423,86;0,910494177098983;-248,88889162081023;-8,950582290101705;0,000045565120931123386;0,00004148677728659883;2;2;1;719;954;998;Baixa remuneração e baixo emprego;0,01287338959138099
4616800;Representantes comerciais e agentes do comércio de têxteis, vestuário, calçados e artigos de viagem;Subclasse;G;46;461;46168;4616800;4485;2501,2592686733556;11218147,82;0,8995068750295561;-279,4412886082873;-10,049312497044394;0,00006166553028849981;0,00005546856844684891;2;2;1;735;887;949;Baixa remuneração e baixo emprego;0,012852005256396386
1422300;Fabricação de artigos do vestuário, produzidos em malharias e tricotagens, exceto meias;Subclasse;C;14;142;14223;1422300;20896;2135,2695826952527;44618593,2;0,7678890764069359;-645,4309745863902;-23,211092359306406;0,0002873049990877351;0,00022061837039657654;2;3;1;937;510;607;Baixa remuneração e alto emprego;0,012849910032378564
4924800;Transporte escolar;Subclasse;H;49;492;49248;4924800;48994;1621,1504420949504;79426644,76;0,5830007254286145;-1159,5501151866924;-41,69992745713855;0,0006736323279720758;0,0003927281358798866;1;4;1;1255;284;446;Baixa remuneração e alto emprego;0,012847619418748972
3329501;Serviços de montagem de móveis de qualquer material;Subclasse;C;33;332;33295;3329501;24625;2058,493671472081;50690406,66;0,740278799916674;-722,2068858095618;-25,9721200083326;0,00033857607209683565;0,0002506406883323468;2;3;1;983;457;564;Baixa remuneração e alto emprego;0,01283754867854568
5611205;Bares e outros estabelecimentos especializados em servir bebidas, com entretenimento;Subclasse;I;56;561;56112;5611205;40043;1768,7270371850261;70825136,75;0,6360724575515238;-1011,9735200966168;-36,39275424484762;0,0005505625037552727;0,00035019764479933633;1;4;1;1168;324;472;Baixa remuneração e alto emprego;0,012812589392640607
8711503;Atividades de assistência a deficientes físicos, imunodeprimidos e convalescentes;Subclasse;Q;87;871;87115;8711503;7795;2418,7709377806286;18854319,46;0,8698422890040237;-361,92961950101426;-13,015771099597629;0,00010717565409116077;0,00009322591628015875;2;2;1;782;777;832;Baixa remuneração e baixo emprego;0,012811592681917158
0810008;Extração de saibro e beneficiamento associado;Subclasse;B;08;081;08100;0810008;678;2588,880825958702;1755261,2;0,9310174801739675;-191,8197313229407;-6,898251982603254;0,00000932201327438191;0,000008678957308863322;2;1;1;686;1175;1178;Baixa remuneração e baixo emprego;0,012795776949214773
0892401;Extração de sal marinho;Subclasse;B;08;089;08924;0892401;3963;2507,949253091093;9939002,89;0,9019127379694611;-272,75130419054994;-9,808726203053887;0,000054488405024152676;0,00004914378656292249;2;2;1;731;912;971;Baixa remuneração e baixo emprego;0,01279392125655105
9001999;Artes cênicas, espetáculos e atividades complementares não especificados anteriormente;Subclasse;R;90;900;90019;9001999;8643;2393,1545921555016;20684035,14;0,8606300976524425;-387,54596512614125;-13,936990234755752;0,00011883504532519596;0,00010227301666275584;2;2;1;796;757;809;Baixa remuneração e baixo emprego;0,012751951816865044
1032599;Fabricação de conservas de legumes e outros vegetais, exceto palmito;Subclasse;C;10;103;10325;1032599;14698;2248,497565655191;33048417,22;0,8086083054743863;-532,2029916264519;-19,139169452561365;0,0002020869485351996;0,0001634091850135373;2;3;1;875;600;700;Baixa remuneração e alto emprego;0,012660523572756632
1421500;Fabricação de meias;Subclasse;C;14;142;14215;1421500;18025;2175,3467927877946;39210625,94;0,7823017070613205;-605,3537644938483;-21,76982929386795;0,0002478308101338259;0,00019387846583008203;2;3;1;921;556;652;Baixa remuneração e alto emprego;0,01264072610056485
6141800;Operadoras de televisão por assinatura por cabo;Subclasse;J;61;614;61418;6141800;2794;2516,272795275591;7030466,19;0,9049060635768162;-264,42776200605203;-9,509393642318376;0,00003841549423100746;0,00003476241366493886;2;2;1;723;986;1024;Baixa remuneração e baixo emprego;0,012597613023075625
4649404;Comércio atacadista de móveis e artigos de colchoaria;Subclasse;G;46;464;46494;4649404;12739;2283,37469738598;29087910,27;0,8211508755973932;-497,3258598956627;-17,88491244026068;0,00017515210487072444;0,00014382630427732182;2;3;1;856;637;739;Baixa remuneração e alto emprego;0,012577220616539452
0322199;Cultivos e semicultivos da aquicultura em água doce não especificados anteriormente;Subclasse;A;03;032;03221;0322199;474;2569,107869198312;1217757,13;0,9239066977099543;-211,5926880833308;-7,6093302290045735;0,000006517159722797973;0,000006021247517938597;2;1;1;694;1206;1206;Baixa remuneração e baixo emprego;0,01255571451714891
5229002;Serviços de reboque de veículos;Subclasse;H;52;522;52290;5229002;24405;2035,6785326777301;49680734,59;0,7320739830640983;-745,0220246039128;-26,792601693590168;0,000335551230031402;0,000245648325491146;1;3;1;997;459;570;Baixa remuneração e alto emprego;0,012543509401267977
4754703;Comércio varejista de artigos de iluminação;Subclasse;G;47;475;47547;4754703;11690;2296,2141693755348;26842743,64;0,8257682271334774;-484,4863879061081;-17,42317728665226;0,00016072910793145213;0,00013272499050530058;2;2;1;845;670;755;Baixa remuneração e baixo emprego;0,012470406327719395
2391501;Britamento de pedras, exceto associado à extração;Subclasse;C;23;239;23915;2391501;2932;2499,6716678035473;7329037,33;0,8989359394551911;-281,0288894780956;-10,106406054480887;0,000040312895162961304;0,00003623871028547525;2;2;1;738;978;1014;Baixa remuneração e baixo emprego;0,012468247925942625
4759801;Comércio varejista de artigos de tapeçaria, cortinas e persianas;Subclasse;G;47;475;47598;4759801;22403;2068,329528188189;46336786,42;0,7438159865045472;-712,3710290934537;-25,618401349545284;0,0003080251672359557;0,0002291140436358405;2;3;1;977;482;594;Baixa remuneração e alto emprego;0,012463585819182223
9101500;Atividades de bibliotecas e arquivos;Subclasse;R;91;910;91015;9101500;2248;2513,825004448399;5651078,61;0,9040257851085785;-266,875552833244;-9,597421489142155;0,000030908386195885746;0,000027941978097174765;2;1;1;725;1023;1058;Baixa remuneração e baixo emprego;0,012443916122841108
2391502;Aparelhamento de pedras para construção, exceto associado à extração;Subclasse;C;23;239;23915;2391502;6401;2414,400698328386;15454578,87;0,8682706564739412;-366,2998589532567;-13,17293435260588;0,00008800915482200385;0,00007641576663301802;2;2;1;785;827;881;Baixa remuneração e baixo emprego;0,01244317828015467
4649405;"Comércio atacadista de artigos de tapeçaria; persianas e cortinas";Subclasse;G;46;464;46494;4649405;2652;2502,8657767722475;6637600,04;0,9000846100520075;-277,8347805093954;-9,991538994799253;0,00003646309617059119;0,00003281987169799542;2;1;1;733;999;1031;Baixa remuneração e baixo emprego;0,01243303808820765
1314600;Fabricação de linhas para costurar e bordar;Subclasse;C;13;131;13146;1314600;6842;2400,6747909967844;16425416,92;0,8633345236366032;-380,0257662848585;-13,666547636339676;0,00009407258823498678;0,00008121611315111466;2;2;1;792;807;865;Baixa remuneração e baixo emprego;0,01240920368895097
3314711;Manutenção e reparação de máquinas e equipamentos para agricultura e pecuária;Subclasse;C;33;331;33147;3314711;13301;2252,5967521239004;29961789,4;0,8100824614952405;-528,1038051577425;-18,991753850475945;0,00018287920141969589;0,00014814723364235113;2;3;1;872;625;729;Baixa remuneração e alto emprego;0,012388441684825818
1741901;Fabricação de formulários contínuos;Subclasse;C;17;174;17419;1741901;686;2546,344416909621;1746792,27;0,9157204684415485;-234,35614037202186;-8,427953155845147;0,000009432007531306772;0,000008637082354912451;2;1;1;707;1173;1179;Baixa remuneração e baixo emprego;0,012386759373959451
3314712;Manutenção e reparação de tratores agrícolas;Subclasse;C;33;331;33147;3314712;3599;2472,197113086969;8897437,41;0,8890554959660019;-308,5034441946741;-11,094450403399813;0,00004948366633407153;0,00004399372551485412;2;2;1;753;936;992;Baixa remuneração e baixo emprego;0,012357051867018442
5222200;Terminais rodoviários e ferroviários;Subclasse;H;52;522;52222;5222200;11159;2295,7432691101353;25618199,14;0,825598881223805;-484,95728817150757;-17,4401118776195;0,0001534282391280645;0,0001266701825722685;2;2;1;847;682;766;Baixa remuneração e baixo emprego;0,01234497185235335
8650005;Atividades de terapia ocupacional;Subclasse;Q;86;865;86500;8650005;6812;2394,0611142102175;16308344,31;0,8609561025695639;-386,6394430714254;-13,90438974304361;0,00009366010977151856;0,00008063724307512414;2;2;1;795;809;867;Baixa remuneração e baixo emprego;0,012336381811267186
8711504;Centros de apoio a pacientes com câncer e com AIDS;Subclasse;Q;87;871;87115;8711504;2195;2500,2427334851936;5488032,8;0,8991413070127122;-280,45782379644925;-10,085869298728777;0,00003017967424375855;0,00002713579174475095;2;1;1;737;1028;1062;Baixa remuneração e baixo emprego;0,012299106024037654
4929999;Outros transportes rodoviários de passageiros não especificados anteriormente;Subclasse;H;49;492;49299;4929999;741;2532,654547908232;1876697,02;0,9107972957663965;-248,04600937341093;-8,920270423360355;0,000010188218047665186;0,000009279401446491848;2;1;1;717;1167;1169;Baixa remuneração e baixo emprego;0,012267625274484158
9001903;Produção de espetáculos de dança;Subclasse;R;90;900;90019;9001903;317;2537,9545110410095;804531,58;0,9127032770195375;-242,7460462406334;-8,729672298046253;0,00000435852243064759;0,000003978037705415215;2;1;1;712;1229;1231;Baixa remuneração e baixo emprego;0,012217551839309506
1412602;Confecção, sob medida, de peças do vestuário, exceto roupas íntimas;Subclasse;C;14;141;14126;1412602;37199;1762,3380572058388;65557213,39;0,6337748423111998;-1018,3625000758041;-36,622515768880014;0,0005114595454184848;0,0003241501927461582;1;3;1;1170;345;489;Baixa remuneração e alto emprego;0,01216593999555432
8599605;Cursos preparatórios para concursos;Subclasse;P;85;859;85996;8599605;21315;2057,4408313394324;43854351,32;0,7399001758573909;-723,2597259422105;-26,00998241426091;0,0002930659482941747;0,0002168395466806729;2;3;1;984;502;612;Baixa remuneração e alto emprego;0,012112315662474962
3839401;Usinas de compostagem;Subclasse;E;38;383;38394;3839401;2416;2475,393443708609;5980550,56;0,8902049655172163;-305,3071135730338;-10,979503448278372;0,000033218265591307816;0,00002957106497525191;2;1;1;749;1011;1047;Baixa remuneração e baixo emprego;0,0121093488016755
1096100;Fabricação de alimentos e pratos prontos;Subclasse;C;10;109;10961;1096100;33610;1818,2564721808985;61111600,03;0,6538843125051874;-962,4440851007444;-34,61156874948126;0,0004621133719055694;0,00030216868448792723;1;3;1;1140;377;514;Baixa remuneração e alto emprego;0,012072375343804152
4687701;Comércio atacadista de resíduos de papel e papelão;Subclasse;G;46;468;46877;4687701;22433;2030,8635251638211;45558361,46;0,730342402329416;-749,8370321178218;-26,965759767058394;0,00030843764569942394;0,00022526509112894658;1;3;1;998;481;597;Baixa remuneração e alto emprego;0,012068717001615131
8621602;Serviços móveis de atendimento a urgências, exceto por UTI móvel;Subclasse;Q;86;862;86216;8621602;6203;2377,7727599548607;14749324,43;0,8550984584544132;-402,9277973267822;-14,490154154558677;0,00008528679696311357;0,00007292860860967294;2;2;1;802;836;897;Baixa remuneração e baixo emprego;0,012033424168309733
8650001;Atividades de enfermagem;Subclasse;Q;86;865;86500;8650001;8743;2315,049892485417;20240481,21;0,83254196012697;-465,650664796226;-16,745803987303;0,00012020997353675672;0,00010007984699510265;2;2;1;831;755;816;Baixa remuneração e baixo emprego;0,011990139772433574
0311601;Pesca de peixes em água salgada;Subclasse;A;03;031;03116;0311601;10735;2265,626173265021;24321496,97;0,8147681228502546;-515,0743840166219;-18,523187714974544;0,00014759854351104694;0,00012025858823192733;2;2;1;865;695;778;Baixa remuneração e baixo emprego;0,011943049721306713
4311801;Demolição de edifícios e outras estruturas;Subclasse;F;43;431;43118;4311801;7444;2336,3868619022032;17392063,8;0,84021519533416;-444,31369537943965;-15,978480466584;0,00010234965606858252;0,00008599573626604816;2;2;1;821;786;852;Baixa remuneração e baixo emprego;0,01190692560314395
4632003;Comércio atacadista de cereais e leguminosas beneficiados, farinhas, amidos e féculas, com atividade de fracionamento e acondicionamento associada;Subclasse;G;46;463;46320;4632003;10444;2264,84981999234;23654091,52;0,8144889294395697;-515,8507372893027;-18,551107056043026;0,00014359750241540512;0,00011695857601251937;2;2;1;866;704;784;Baixa remuneração e baixo emprego;0,011869496299293337
4635403;Comércio atacadista de bebidas com atividade de fracionamento e acondicionamento associada;Subclasse;G;46;463;46354;4635403;6827;2346,580719203164;16020106,57;0,8438811266672792;-434,119838078479;-15,61188733327208;0,00009386634900325266;0,00007921204035300891;2;2;1;811;808;870;Baixa remuneração e baixo emprego;0,01186705126252993
0210108;Produção de carvão vegetal - florestas plantadas;Subclasse;A;02;021;02101;0210108;25154;1956,9629263735392;49225445,45;0,7037661503137996;-823,7376309081037;-29,623384968620037;0,000345849442335992;0,00024339713062097558;1;3;1;1050;449;573;Baixa remuneração e alto emprego;0,011850656595320835
1020101;Preservação de peixes, crustáceos e moluscos;Subclasse;C;10;102;10201;1020101;20612;2046,1804550747138;42175871,54;0,735850701261778;-734,5201022069291;-26,414929873822203;0,00028340020296690257;0,0002085402380909255;1;3;1;991;518;626;Baixa remuneração e alto emprego;0,011841069522272787
4732600;Comércio varejista de lubrificantes;Subclasse;G;47;473;47326;4732600;19568;2066,8568290065414;40444254,43;0,7432863720598017;-713,8437282751015;-25,671362794019824;0,0002690459524382083;0,00019997818990516987;2;3;1;978;533;640;Baixa remuneração e alto emprego;0,011835117876893675
4950700;Trens turísticos, teleféricos e similares;Subclasse;H;49;495;49507;4950700;243;2498,5117283950617;607138,35;0,8985188001823384;-282,1888288865812;-10,148119981766158;0,000003341075554092632;0,0000030020191981818535;2;1;1;740;1243;1243;Baixa remuneração e baixo emprego;0,011819657872375409
0112102;Cultivo de juta;Subclasse;A;01;011;01121;0112102;64;2500,3634375;160023,26;0,8991847147843582;-280,33711978164274;-10,081528521564175;8,799540553988825e-7;7,912412363271836e-7;2;1;1;736;1282;1284;Baixa remuneração e baixo emprego;0,01179507107409945
4322303;Instalações de sistema de prevenção contra incêndio;Subclasse;F;43;432;43223;4322303;17791;2099,3403867123825;37349364,82;0,7549681612480618;-681,3601705692604;-24,503183875193823;0,0002446134781187737;0,0001846753877918236;2;3;1;964;559;665;Baixa remuneração e alto emprego;0,011791766539568293
9601702;Tinturarias;Subclasse;S;96;960;96017;9601702;520;2488,1041346153843;1293814,15;0,8947760045934989;-292,5964226662586;-10,522399540650106;0,00000714962670011592;0,000006397314413064726;2;1;1;745;1199;1199;Baixa remuneração e baixo emprego;0,011784837989371818
4211102;Pintura para sinalização em pistas rodoviárias e aeroportos;Subclasse;F;42;421;42111;4211102;10384;2257,4701945300462;23441570,5;0,8118350566797109;-523,2303627515967;-18,81649433202891;0,00014277254548846868;0,00011590775755893759;2;2;1;869;707;787;Baixa remuneração e baixo emprego;0,011781199536558321
8730102;Albergues assistenciais;Subclasse;Q;87;873;87301;8730102;7182;2325,5655959342803;16702212,11;0,8363236342886581;-455,1349613473626;-16,36763657113419;0,00009874734415429334;0,00008258473773947148;2;2;1;827;795;858;Baixa remuneração e baixo emprego;0,011738944794095731
9521500;Reparação e manutenção de equipamentos eletroeletrônicos de uso pessoal e doméstico;Subclasse;S;95;952;95215;9521500;27401;1902,6538089850737;52134617,02;0,6842354183023108;-878,0467482965691;-31,576458169768916;0,00037674407924976217;0,00025778164265837997;1;3;1;1088;430;558;Baixa remuneração e alto emprego;0,011729504098992096
3240001;Fabricação de jogos eletrônicos;Subclasse;C;32;324;32400;3240001;184;2488,223913043478;457833,2;0,894819079504165;-292,4766442381647;-10,518092049583505;0,000002529867909271787;0,0000022637740738417073;2;1;1;744;1251;1259;Baixa remuneração e baixo emprego;0,011706533737271145
0152102;Criação de equinos;Subclasse;A;01;015;01521;0152102;12115;2205,2398992983904;26716481,38;0,7930519140306818;-575,4606579832525;-20,694808596931825;0,00016657255283058532;0,00013210068184727258;2;3;1;901;648;758;Baixa remuneração e alto emprego;0,011637789278619784
1610204;Serrarias sem desdobramento de madeira em bruto - Resseragem;Subclasse;C;16;161;16102;1610204;12481;2191,634989183559;27353796,3;0,788159294406751;-589,065568098084;-21,184070559324898;0,00017160479008489769;0,00013525191027013162;2;3;1;912;640;750;Baixa remuneração e alto emprego;0,011580140460430528
0122900;Cultivo de flores e plantas ornamentais;Subclasse;A;01;012;01229;0122900;28401;1868,9768958839477;53080812,82;0,6721244727303619;-911,7236613976952;-32,78755272696381;0,0003904933613653697;0,0002624601446124058;1;3;1;1106;422;546;Baixa remuneração e alto emprego;0,011567202321398275
7119704;Serviços de perícia técnica relacionados à segurança do trabalho;Subclasse;M;71;711;71197;7119704;15920;2116,148457914573;33689083,45;0,761012706806258;-664,5520993670698;-23,8987293193742;0,00021888857128047202;0,00016657698411910656;2;3;1;951;583;695;Baixa remuneração e alto emprego;0,011559235731890922
4763605;"Comércio varejista de embarcações e outros veículos recreativos; peças e acessórios";Subclasse;G;47;476;47636;4763605;4465;2370,2227547592383;10583044,6;0,8523833134612382;-410,47780252240455;-14,761668653876182;0,00006139054464618767;0,000052328275860707525;2;2;1;804;889;959;Baixa remuneração e baixo emprego;0,011557365484962142
4222702;Obras de irrigação;Subclasse;F;42;422;42227;4222702;2194;2418,5102142206015;5306211,41;0,8697485271786648;-362,1903430610414;-13,02514728213352;0,00003016592496164294;0,000026236768806371075;2;1;1;783;1029;1065;Baixa remuneração e baixo emprego;0,011503284179742113
3230200;Fabricação de artefatos para pesca e esporte;Subclasse;C;32;323;32302;3230200;9093;2256,5955350269437;20519223,2;0,8115205102245695;-524,1050222546992;-18,847948977543048;0,00012502222227721936;0,0001014580976118186;2;2;1;870;746;813;Baixa remuneração e baixo emprego;0,011481488562643631
8730101;Orfanatos;Subclasse;Q;87;873;87301;8730101;6794;2306,85204739476;15672752,81;0,8295938379103619;-473,84850988688277;-17,04061620896381;0,00009341262269343762;0,00007749453616952149;2;2;1;836;810;876;Baixa remuneração e baixo emprego;0,011463918504875485
3103900;Fabricação de móveis de outros materiais, exceto madeira e metal;Subclasse;C;31;310;31039;3103900;12015;2190,35356803995;26317098,12;0,787698467677223;-590,3469892416929;-21,230153232277704;0,0001651976246190246;0,00013012591577632275;2;3;1;914;654;759;Baixa remuneração e alto emprego;0,011463536587237687
8292000;Envasamento e empacotamento sob contrato;Subclasse;N;82;829;82920;8292000;32424;1783,4551798050827;57826750,75;0,6413690158528083;-997,2453774765602;-35,863098414719175;0,00044580672331645885;0,0002859266193940424;1;3;1;1160;383;523;Baixa remuneração e alto emprego;0,011440695325026456
1413401;Confecção de roupas profissionais, exceto sob medida;Subclasse;C;14;141;14134;1413401;34388;1745,3966584273583;60020700,29;0,6276823492759044;-1035,3038988542846;-37,23176507240956;0,00047281031339151206;0,00029677468827146096;1;3;1;1183;367;517;Baixa remuneração e alto emprego;0,011408541469588168
5099801;Transporte aquaviário para passeios turísticos;Subclasse;H;50;509;50998;5099801;1831;2412,7541725832875;4417752,89;0,8676785302412956;-367,94638469835536;-13,23214697587044;0,000025174935553677405;0,00002184375108013415;2;1;1;786;1057;1088;Baixa remuneração e baixo emprego;0,011362733628950529
4923002;Serviço de transporte de passageiros - locação de automóveis com motorista;Subclasse;H;49;492;49230;4923002;26995;1870,944918318207;50506158,07;0,6728322161186623;-909,7556389634358;-32,71677838813377;0,0003711618707108255;0,0002497296640091132;1;3;1;1103;434;565;Baixa remuneração e alto emprego;0,011298308314379966
6511102;Planos de auxílio-funeral;Subclasse;K;65;651;65111;6511102;3720;2359,028303763441;8775585,29;0,8483575470167056;-421,67225351820207;-15,164245298329437;0,00005114732947006004;0,000043391222965675394;2;2;1;807;926;994;Baixa remuneração e baixo emprego;0,011275638260544868
7410202;Design de interiores;Subclasse;M;74;741;74102;7410202;4339;2343,857003917953;10169995,54;0,8429016198023352;-436,8435533636898;-15,709838019766476;0,00005965813509962111;0,00005028593870985719;2;2;1;815;897;966;Baixa remuneração e baixo emprego;0,011268908038937308
0210104;Cultivo de teca;Subclasse;A;02;021;02101;0210104;1031;2421,2027352085356;2496260,02;0,8707168159003266;-359,4978220731073;-12,928318409967343;0,000014175509861191372;0,000012342854810100231;2;1;1;780;1133;1152;Baixa remuneração e baixo emprego;0,011258224299467686
8640207;Serviços de diagnóstico por imagem sem uso de radiação ionizante, exceto ressonância magnética;Subclasse;Q;86;864;86402;8640207;15056;2099,5964485919235;31611524,13;0,7550602466323979;-681,1041086897194;-24,493975336760208;0,0002070091915325871;0,00015630441121376853;2;3;1;963;594;717;Baixa remuneração e alto emprego;0,011199040998499967
4649409;Comércio atacadista de produtos de higiene, limpeza e conservação domiciliar, com atividade de fracionamento e acondicionamento associada;Subclasse;G;46;464;46494;4649409;5339;2312,803554972841;12348058,18;0,8317341286232529;-467,8970023088018;-16,826587137674707;0,00007340741721522864;0,00006105545419199179;2;2;1;833;859;930;Baixa remuneração e baixo emprego;0,011191421733383068
9603399;Atividades funerárias e serviços relacionados não especificados anteriormente;Subclasse;S;96;960;96033;9603399;6786;2279,1854627173593;15466552,55;0,8196443362982764;-501,5150945642836;-18,03556637017236;0,00009330262843651276;0,00007647497095973019;2;2;1;859;811;879;Baixa remuneração e baixo emprego;0,011186647828351258
3299004;Fabricação de painéis e letreiros luminosos;Subclasse;C;32;329;32990;3299004;10390;2191,825212704524;22773063,96;0,7882277028948447;-588,875344577119;-21,177229710515533;0,00014285504118116232;0,00011260230095717603;2;2;1;911;706;793;Baixa remuneração e baixo emprego;0,011117551037231305
8650007;Atividades de terapia de nutrição enteral e parenteral;Subclasse;Q;86;865;86500;8650007;469;2420,2018123667376;1135074,65;0,8703568624205543;-360,4987449149053;-12,964313757944568;0,0000064484133122199355;0,000005612420778014678;2;1;1;781;1207;1210;Baixa remuneração e baixo emprego;0,011117478700359293
5211702;Guarda-móveis;Subclasse;H;52;521;52117;5211702;3744;2340,3370032051284;8762221,74;0,84163575149314;-440,36355407651445;-15,836424850686004;0,000051477312240834624;0,000043325146372661864;2;2;1;818;923;995;Baixa remuneração e baixo emprego;0,01109782219921735
3220500;Fabricação de instrumentos musicais, peças e acessórios;Subclasse;C;32;322;32205;3220500;2042;2378,168251714006;4856219,57;0,8552406858359664;-402,53230556763674;-14,475931416403364;0,000028076034080070594;0,000024011766642193543;2;1;1;801;1039;1078;Baixa remuneração e baixo emprego;0,011075457664505555
1122402;Fabricação de chá mate e outros chás prontos para consumo;Subclasse;C;11;112;11224;1122402;315;2418,335587301587;761775,71;0,8696857275656116;-362,3649699800558;-13,031427243438841;0,000004331023866416375;0,0000037666296423683533;2;1;1;784;1230;1233;Baixa remuneração e baixo emprego;0,01106356945640755
0220901;Extração de madeira em florestas nativas;Subclasse;A;02;022;02209;0220901;4296;2319,4205260707636;9964230,58;0,8341137343958325;-461,2800312108793;-16,588626560416753;0,00005906691596864999;0,00004926852585785547;2;2;1;830;899;970;Baixa remuneração e baixo emprego;0,011018690950327075
2399101;Decoração, lapidação, gravação, vitrificação e outros trabalhos em cerâmica, louça, vidro e cristal;Subclasse;C;23;239;23991;2399101;8009;2232,9493482332373;17883691,33;0,8030168305558668;-547,7512090484056;-19,698316944413317;0,00011011800046390077;0,00008842660771967108;2;2;1;881;771;846;Baixa remuneração e baixo emprego;0,011000453170882796
4744006;Comércio varejista de pedras para revestimento;Subclasse;G;47;474;47440;4744006;16825;2042,8794953937593;34371447,51;0,7346636048402267;-737,8210618878836;-26,533639515977324;0,00023133167159509685;0,00016995095976776934;1;3;1;994;567;688;Baixa remuneração e alto emprego;0,010991950737100433
9512600;Reparação e manutenção de equipamentos de comunicação;Subclasse;S;95;951;95126;9512600;22549;1927,294950552131;43458573,84;0,6930969052044266;-853,4056067295119;-30,690309479557342;0,00031003256242483437;0,00021488260952925095;1;3;1;1068;479;615;Baixa remuneração e alto emprego;0,010983525805396393
4330403;Obras de acabamento em gesso e estuque;Subclasse;F;43;433;43304;4330403;39016;1623,6944299774452;63350061,88;0,5839155984363654;-1157,0061273041977;-41,60844015636346;0,0005364419910225438;0,00031323684621432403;1;4;1;1251;329;501;Baixa remuneração e alto emprego;0,010935499821144168
4679603;Comércio atacadista de vidros, espelhos e vitrais;Subclasse;G;46;467;46796;4679603;7634;2231,5153392716797;17035388,1;0,8025011299502037;-549,1852180099631;-19,749887004979627;0,00010496201967054795;0,00008423213938747025;2;2;1;882;782;855;Baixa remuneração e baixo emprego;0,010902061941657331
4744004;Comércio varejista de cal, areia, pedra britada, tijolos e telhas;Subclasse;G;47;474;47440;4744004;15746;2054,2819395402007;32346723,42;0,7387641701156149;-726,4186177414422;-26,12358298843851;0,0002164961961923563;0,00015993963271323348;2;3;1;988;585;710;Baixa remuneração e alto emprego;0,010878472805176755
3314716;Manutenção e reparação de tratores, exceto agrícolas;Subclasse;C;33;331;33147;3314716;780;2384,079282051282;1859581,84;0,8573664200585158;-396,6212752303609;-14,263357994148418;0,000010724440050173881;0,000009194774772949751;2;1;1;797;1166;1171;Baixa remuneração e baixo emprego;0,01084085669781765
4632002;Comércio atacadista de farinhas, amidos e féculas;Subclasse;G;46;463;46320;4632002;4931;2283,426246197526;11259574,82;0,8211694136637846;-497,274311084117;-17,88305863362154;0,00006779771011206078;0,0000556734058604682;2;2;1;855;874;948;Baixa remuneração e baixo emprego;0,010808548021130265
4530706;Representantes comerciais e agentes do comércio de peças e acessórios novos e usados para veículos automotores;Subclasse;G;45;453;45307;4530706;1904;2351,509716386555;4477274,5;0,8456537005499591;-429,19084089508806;-15,434629945004087;0,000026178633148116752;0,00002213805799704476;2;1;1;810;1050;1086;Baixa remuneração e baixo emprego;0,010784435831788123
7731400;Aluguel de máquinas e equipamentos agrícolas sem operador;Subclasse;N;77;773;77314;7731400;16592;2026,5149499758918;33623936,05;0,728778560736857;-754,1856073057511;-27,1221439263143;0,00022812808886216027;0,000166254860264615;1;3;1;1004;569;696;Baixa remuneração e alto emprego;0,01077118149578948
4643502;Comércio atacadista de bolsas, malas e artigos de viagem;Subclasse;G;46;464;46435;4643502;3966;2300,321959152799;9123076,89;0,8272454770899703;-480,3785981288438;-17,275452291002967;0,000054529652870499496;0,00004510940870440683;2;2;1;840;911;988;Baixa remuneração e baixo emprego;0,01075580083633711
9603305;Serviços de somatoconservação;Subclasse;S;96;960;96033;9603305;1269;2362,298282111899;2997756,52;0,8495335018817108;-418,4022751697439;-15,046649811828916;0,000017447839004705965;0,000014822523769936168;2;1;1;806;1115;1133;Baixa remuneração e baixo emprego;0,010742995625925634
4634603;Comércio atacadista de pescados e frutos do mar;Subclasse;G;46;463;46346;4634603;10258;2154,3258978358353;22099075,06;0,7747421390607628;-626,3746594458075;-22,525786093923717;0,00014104013594190212;0,00010926973661305006;2;2;1;926;709;796;Baixa remuneração e baixo emprego;0,01070858761086958
4530704;Comércio a varejo de peças e acessórios usados para veículos automotores;Subclasse;G;45;453;45307;4530704;20333;1941,864523680716;39483931,36;0,6983364384905377;-838,8360336009268;-30,16635615094623;0,0002795641532566481;0,0001952298351148705;1;3;1;1057;525;649;Baixa remuneração e alto emprego;0,010674158394475783
1061902;Fabricação de produtos do arroz;Subclasse;C;10;106;10619;1061902;1094;2357,099552102377;2578666,91;0,8476639262469275;-423,60100517926594;-15,233607375307246;0,000015041714634474647;0,00001275031888454465;2;1;1;809;1127;1147;Baixa remuneração e baixo emprego;0,010652347389425745
0899102;Extração de quartzo;Subclasse;B;08;089;08991;0899102;1344;2346,3625669642856;3153511,29;0,8438026744087981;-434,33799031735725;-15,619732559120191;0,00001847903516337653;0,000015592659291351343;2;1;1;812;1108;1128;Baixa remuneração e baixo emprego;0,010605812272836298
0151203;Criação de bovinos, exceto para corte e leite;Subclasse;A;01;015;01512;0151203;22236;1896,328972836841;42166771,04;0,681960870569485;-884,3715844448018;-31,803912943051504;0,0003057290371226492;0,00020849524031453227;1;3;1;1091;485;627;Baixa remuneração e alto emprego;0,010586564837394855
4687702;Comércio atacadista de resíduos e sucatas não metálicos, exceto de papel e papelão;Subclasse;G;46;468;46877;4687702;14421;2053,3470501352194;29611317,81;0,7384279636864353;-727,3535071464235;-26,157203631356474;0,0001982783973891763;0,0001464143132270993;1;3;1;990;607;733;Baixa remuneração e alto emprego;0,010583269476771934
5310502;Atividades de franqueadas e permissionárias do Correio Nacional;Subclasse;H;53;531;53105;5310502;13040;2075,848425613497;27069063,47;0,746519944471405;-704,8521316681458;-25,348005552859497;0,0001792906387875223;0,0001338440377119039;2;3;1;976;633;753;Baixa remuneração e alto emprego;0,010516540450386583
4789007;Comércio varejista de equipamentos para escritório;Subclasse;G;47;478;47890;4789007;6903;2207,8591887585108;15240851,98;0,7939938671127069;-572,8413685231321;-20,600613288729306;0,00009491129444403884;0,00007535898570829518;2;2;1;899;803;887;Baixa remuneração e baixo emprego;0,010502605798265027
0810001;Extração de ardósia e beneficiamento associado;Subclasse;B;08;081;08100;0810001;1023;2343,129149560117;2397021,12;0,8426398676492924;-437,5714077215257;-15,736013235070756;0,000014065515604266512;0,000011852164207198194;2;1;1;816;1134;1156;Baixa remuneração e baixo emprego;0,010500809685496491
4520003;Serviços de manutenção e reparação elétrica de veículos automotores;Subclasse;G;45;452;45200;4520003;16439;2003,5248220694689;32935944,55;0,720510814018779;-777,175735212174;-27,9489185981221;0,00022602444869847233;0,00016285305951988207;1;3;1;1016;571;702;Baixa remuneração e alto emprego;0,010498794531152648
5011402;Transporte marítimo de cabotagem - Passageiros;Subclasse;H;50;501;50114;5011402;112;2363,2270535714283;264681,43;0,849867508165522;-417,4735037102146;-15,013249183447797;0,0000015399195969480444;0,0000013087276306334897;2;1;1;805;1271;1273;Baixa remuneração e baixo emprego;0,010485368364990975
1063500;Fabricação de farinha de mandioca e derivados;Subclasse;C;10;106;10635;1063500;6670;2209,3626176911544;14736448,66;0,794534532639855;-571,3379395904885;-20,546546736014506;0,00009170771171110228;0,00007286494386385121;2;2;1;898;815;898;Baixa remuneração e baixo emprego;0,010465621726098554
2759701;Fabricação de aparelhos elétricos de uso pessoal, peças e acessórios;Subclasse;C;27;275;27597;2759701;2827;2296,1724548991865;6491279,53;0,8257532257065028;-484,5281023824564;-17,42467742934972;0,00003886922054082251;0,00003209638424228165;2;2;1;846;984;1034;Baixa remuneração e baixo emprego;0,010456268194328041
3299003;Fabricação de letras, letreiros e placas de qualquer material, exceto luminosos;Subclasse;C;32;329;32990;3299003;16396;1999,119592583557;32777564,84;0,718926598316597;-781,5809646980858;-28,1073401683403;0,00022543322956750122;0,00016206994488048815;1;3;1;1021;574;704;Baixa remuneração e alto emprego;0,010443727873108256
5510802;Apart-hotéis;Subclasse;I;55;551;55108;5510802;7366;2188,154057833288;16117942,79;0,7869074762844596;-592,546499448355;-21,309252371554045;0,00010127721206356513;0,00007969579535006607;2;2;1;915;790;868;Baixa remuneração e baixo emprego;0,010409087475612986
1081301;Beneficiamento de café;Subclasse;C;10;108;10813;1081301;1385;2323,1080216606497;3217504,61;0,8354398374817005;-457,5925356209932;-16,45601625182995;0,00001904275573011644;0,000015909076752372202;2;1;1;828;1104;1126;Baixa remuneração e baixo emprego;0,01038977682272584
3329599;Instalação de outros equipamentos não especificados anteriormente;Subclasse;C;33;332;33295;3329599;7749;2175,9618324945154;16861528,24;0,7825228886283577;-604,7387247871275;-21,747711137164227;0,00010654318711384283;0,0000833724825439959;2;2;1;920;779;856;Baixa remuneração e baixo emprego;0,01037215299851926
1353700;Fabricação de artefatos de cordoaria;Subclasse;C;13;135;13537;1353700;6677;2199,8095402126705;14688128,3;0,7910990395755378;-580,8910170689724;-20,890096042446217;0,00009180395668591154;0,0000726260219634589;2;2;1;906;814;899;Baixa remuneração e baixo emprego;0,010372122545975327
3250706;Serviços de prótese dentária;Subclasse;C;32;325;32507;3250706;19055;1934,230990816059;36856771,53;0,6955912551428854;-846,469566465584;-30,440874485711454;0,00026199257071290164;0,00018223974110029843;1;3;1;1062;540;672;Baixa remuneração e alto emprego;0,010325155335033321
6621502;Auditoria e consultoria atuarial;Subclasse;K;66;662;66215;6621502;4034;2245,696011403074;9059137,71;0,8076008060351602;-535,0045458785689;-19,239919396483984;0,000055464604054360815;0,000044793258940722816;2;2;1;877;909;990;Baixa remuneração e baixo emprego;0,01023467568566025
0133402;Cultivo de banana;Subclasse;A;01;013;01334;0133402;35319;1622,4732070556925;57304131,2;0,5834764202880549;-1158,2273502259504;-41,65235797119451;0,0004856108950411427;0,00028334250669148436;1;3;1;1253;358;527;Baixa remuneração e alto emprego;0,01020187954080342
3600602;Distribuição de água por caminhões;Subclasse;E;36;360;36006;3600602;5355;2211,8084948646124;11844234,49;0,7954141229168638;-568,8920624170305;-20,458587708313626;0,00007362740572907836;0,000058564278350638956;2;2;1;897;858;941;Baixa remuneração e baixo emprego;0,010196548898318683
1099605;Fabricação de produtos para infusão (chá, mate, etc.);Subclasse;C;10;109;10996;1099605;5122;2215,56092737212;11348103,07;0,7967635787213306;-565,1396299095227;-20,323642127866936;0,00007042382299614182;0,0000561111372376435;2;2;1;891;866;946;Baixa remuneração e baixo emprego;0,010181618000742567
3211601;Lapidação de gemas;Subclasse;C;32;321;32116;3211601;1642;2293,522551766139;3765964,03;0,8248002632862563;-487,1780055155041;-17,519973671374366;0,00002257632123382758;0,00001862095569769609;2;1;1;849;1077;1107;Baixa remuneração e baixo emprego;0,010161307483573785
0322101;Criação de peixes em água doce;Subclasse;A;03;032;03221;0322101;9721;2110,9338020779755;20520387,49;0,7591374038999662;-669,7667552036673;-24,08625961000338;0,0001336567714458209;0,0001014638544890316;2;2;1;956;726;812;Baixa remuneração e baixo emprego;0,010152091908231412
3314720;Manutenção e reparação de máquinas e equipamentos para a indústria têxtil, do vestuário, do couro e calçados;Subclasse;C;33;331;33147;3314720;1338;2293,4724962630794;3068666,2;0,8247822622458608;-487,2280610185635;-17,52177377541392;0,000018396539470682886;0,000015173139442125105;2;1;1;850;1110;1132;Baixa remuneração e baixo emprego;0,010091791112295525
0892403;Refino e outros tratamentos do sal;Subclasse;B;08;089;08924;0892403;3228;2249,3018060718714;7260746,23;0,8088975277045809;-531,3987512097715;-19,110247229541912;0,000044382682669181136;0,00003590104228399757;2;2;1;874;962;1018;Baixa remuneração e baixo emprego;0,010088794934926057
8690901;Atividades de práticas integrativas e complementares em saúde humana;Subclasse;Q;86;869;86909;8690901;9380;2109,8420533049043;19790318,46;0,7587447874529301;-670,8585039767386;-24,125521254706996;0,0001289682662443987;0,0000978539997597792;2;2;1;957;736;819;Baixa remuneração e baixo emprego;0,010066662708750588
9603302;Serviços de cremação;Subclasse;S;96;960;96033;9603302;784;2302,8209821428572;1805411,65;0,828144179750893;-477,87957513878564;-17,185582024910694;0,000010779437178636311;0,000008926928160478048;2;1;1;838;1165;1175;Baixa remuneração e baixo emprego;0,010056353102661512
4330405;Aplicação de revestimentos e de resinas em interiores e exteriores;Subclasse;F;43;433;43304;4330405;27833;1738,8001020371503;48396023,24;0,6253100850732977;-1041,9004552444926;-37,468991492670234;0,00038268376912370465;0,00023929602022691396;1;3;1;1191;428;579;Baixa remuneração e alto emprego;0,010021377101725688
7729202;"Aluguel de móveis, utensílios e aparelhos de uso doméstico e pessoal; instrumentos musicais";Subclasse;N;77;772;77292;7729202;14971;1982,7439409525082;29683659,54;0,7130375601790072;-797,9566163291347;-28,69624398209928;0,00020584050255276047;0,00014677200972624104;1;3;1;1029;597;732;Baixa remuneração e alto emprego;0,009970910423237885
4641903;Comércio atacadista de artigos de armarinho;Subclasse;G;46;464;46419;4641903;14559;1990,8013627309567;28984077,04;0,7159351831385701;-789,8991945506862;-28,406481686142993;0,00020017579832113015;0,0001433128968309478;1;3;1;1025;604;741;Baixa remuneração e alto emprego;0,009966793140823034
8622400;Serviços de remoção de pacientes, exceto os serviços móveis de atendimento a urgências;Subclasse;Q;86;862;86224;8622400;5896;2176,1744962686566;12830724,83;0,782599367116336;-604,5260610129862;-21,740063288366397;0,00008106576735362205;0,00006344201822574476;2;2;1;918;845;923;Baixa remuneração e baixo emprego;0,009964020592575198
9603303;Serviços de sepultamento;Subclasse;S;96;960;96033;9603303;1913;2262,8847464715104;4328898,52;0,8137822465442526;-517,8158108101325;-18,621775345574743;0,000026302376687157222;0,000021404407189927982;2;1;1;867;1048;1091;Baixa remuneração e baixo emprego;0,009925032838047224
1340599;Outros serviços de acabamento em fios, tecidos, artefatos têxteis e peças do vestuário;Subclasse;C;13;134;13405;1340599;15179;1973,560604782924;29956676,42;0,7097350340779726;-807,1399524987189;-29,026496592202744;0,00020870035323280683;0,00014812195231377108;1;3;1;1037;593;730;Baixa remuneração e alto emprego;0,009919861262630184
4520004;Serviços de alinhamento e balanceamento de veículos automotores;Subclasse;G;45;452;45200;4520004;23524;1800,3753634585953;42352030,05;0,6474538794707928;-980,3251938230476;-35,25461205292072;0,0003234381124875517;0,0002094112606987761;1;3;1;1152;469;624;Baixa remuneração e alto emprego;0,009821341509033459
4633802;Comércio atacadista de aves vivas e ovos;Subclasse;G;46;463;46338;4633802;7207;2131,0916747606493;15358777,7;0,7663866104460962;-649,6088825209936;-23,361338955390377;0,00009909107620718354;0,00007594207401987921;2;2;1;940;794;883;Baixa remuneração e baixo emprego;0,00980451697689689
4634699;Comércio atacadista de carnes e derivados de outros animais;Subclasse;G;46;463;46346;4634699;1094;2269,121398537477;2482418,81;0,8160250813757971;-511,57915874416585;-18,39749186242029;0,000015041714634474647;0,000012274416408628695;2;1;1;862;1126;1153;Baixa remuneração e baixo emprego;0,00980064639613523
1521100;Fabricação de artigos para viagem, bolsas e semelhantes de qualquer material;Subclasse;C;15;152;15211;1521100;18342;1895,696175989532;34770859,26;0,6817333031510328;-885,0043812921108;-31,826669684896725;0,00025218933256447346;0,00017192586670863283;1;3;1;1092;551;684;Baixa remuneração e alto emprego;0,009770452737717176
7721700;Aluguel de equipamentos recreativos e esportivos;Subclasse;N;77;772;77217;7721700;7311;2115,292092736972;15464900,49;0,7607047393858327;-665,408464544671;-23,929526061416727;0,00010052100154720672;0,00007646680228477077;2;2;1;952;792;880;Baixa remuneração e baixo emprego;0,009669614309391708
1742702;Fabricação de absorventes higiênicos;Subclasse;C;17;174;17427;1742702;600;2267,0401500000003;1360224,09;0,8152766194344253;-513,6604072816426;-18,47233805655747;0,000008249569269364524;0,0000067256809457176305;2;1;1;863;1182;1196;Baixa remuneração e baixo emprego;0,009668954981164156
1414200;Fabricação de acessórios do vestuário, exceto para segurança e proteção;Subclasse;C;14;141;14142;1414200;16026;1930,68269062773;30941120,8;0,6943152097308625;-850,017866653913;-30,568479026913753;0,00022034599518472642;0,00015298957586003896;1;3;1;1066;579;723;Baixa remuneração e alto emprego;0,009653044751714598
1531902;Acabamento de calçados de couro sob contrato;Subclasse;C;15;153;15319;1531902;32160;1621,2158476368159;52138301,66;0,5830242466746164;-1159,484709644827;-41,697575332538364;0,00044217691283793845;0,0002577998615042466;1;3;1;1254;386;557;Baixa remuneração e alto emprego;0,009572972594626073
0119907;Cultivo de melão;Subclasse;A;01;011;01199;0119907;25551;1739,1508755038942;44437044,02;0,6254362307907232;-1041,5496817777487;-37,45637692092768;0,0003513079073358882;0,00021972069341113463;1;3;1;1190;445;608;Baixa remuneração e alto emprego;0,00956820067436515
7420002;Atividades de produção de fotografias aéreas e submarinas;Subclasse;M;74;742;74200;7420002;713;2249,4255119214586;1603840,39;0,8089420150008715;-531,2750453601843;-19,10579849991285;0,000009803238148428175;0,000007930251221322901;2;1;1;873;1170;1184;Baixa remuneração e baixo emprego;0,009524270186028614
5912099;Atividades de pós-produção cinematográfica, de vídeos e de programas de televisão não especificadas anteriormente;Subclasse;J;59;591;59120;5912099;1758;2219,6042434584756;3902064,26;0,7982176425455592;-561,0963138231673;-20,178235745444084;0,000024171237959238054;0,000019293908581230732;2;1;1;887;1063;1102;Baixa remuneração e baixo emprego;0,009469685276292716
4520006;Serviços de borracharia para veículos automotores;Subclasse;G;45;452;45200;4520006;17246;1888,1823646062855;32563593,06;0,6790311742347888;-892,5181926753573;-32,096882576521125;0,0002371201193657676;0,00016101195308763049;1;3;1;1095;563;707;Baixa remuneração e alto emprego;0,009464049778359776
0220906;Conservação de florestas nativas;Subclasse;A;02;022;02209;0220906;1202;2229,901322795341;2680341,39;0,801920694752997;-550,7992344863019;-19,8079305247003;0,000016526637102960263;0,000013253052307536554;2;1;1;883;1120;1143;Baixa remuneração e baixo emprego;0,00944515580466085
9609299;Outras atividades de serviços pessoais não especificadas anteriormente;Subclasse;S;96;960;96092;9609299;32892;1590,7300963760185;52322294,33;0,572060911848446;-1189,9704609056243;-42,793908815155405;0,00045224138734656317;0,0002587096204210812;1;3;1;1268;382;555;Baixa remuneração e alto emprego;0,009373405595438623
9311500;Gestão de instalações de esportes;Subclasse;R;93;931;93115;9311500;9985;2016,4268703054584;20134022,3;0,7251506693250988;-764,2736869761845;-27,484933067490125;0,0001372865819243413;0,00009955345677179109;1;2;1;1010;715;817;Baixa remuneração e baixo emprego;0,009254180610544054
0210105;Cultivo de espécies madeireiras, exceto eucalipto, acácia-negra, pinus e teca;Subclasse;A;02;021;02101;0210105;932;2213,380590128755;2062870,71;0,7959794823404184;-567,3199671528878;-20,402051765958163;0,000012814330931746226;0,000010199944501590174;2;1;1;894;1142;1166;Baixa remuneração e baixo emprego;0,009224870780810874
2740601;Fabricação de lâmpadas;Subclasse;C;27;274;27406;2740601;898;2213,8260022271716;1988015,75;0,7961396621545483;-566,8745550544713;-20,386033784545166;0,00001234685533981557;0,000009829821238911851;2;1;1;893;1147;1167;Baixa remuneração e baixo emprego;0,009221589658001725
0322106;Criação de jacaré;Subclasse;A;03;032;03221;0322106;36;2225,153611111111;80105,53;0,8002133150526558;-555,546946170532;-19,97866849473442;4,949741561618714e-7;3,9608491036768213e-7;2;1;1;885;1294;1296;Baixa remuneração e baixo emprego;0,009138252388631743
4635401;Comércio atacadista de água mineral;Subclasse;G;46;463;46354;4635401;6440;2076,228698757764;13370912,82;0,7466566989102357;-704,4718585238788;-25,33433010897643;0,00008854537682451255;0,00006611299876355344;2;2;1;975;823;919;Baixa remuneração e baixo emprego;0,009091073889968012
2330304;Fabricação de casas pré-moldadas de concreto;Subclasse;C;23;233;23303;2330304;969;2198,480278637771;2130327,39;0,790621008393281;-582,220278643872;-20,937899160671904;0,000013323054370023706;0,000010533486680906652;2;1;1;907;1137;1165;Baixa remuneração e baixo emprego;0,009088972003513014
0133404;Cultivo de cítricos, exceto laranja;Subclasse;A;01;013;01334;0133404;11689;1962,1011386773891;22935000,21;0,7056139624740824;-818,5994186042537;-29,438603752591764;0,00016071535864933652;0,00011340300104700164;1;2;1;1046;671;790;Baixa remuneração e baixo emprego;0,009064545271453974
1532700;Fabricação de tênis de qualquer material;Subclasse;C;15;153;15327;1532700;20902;1777,5727858578125;37154826,37;0,6392535798948205;-1003,1277714238304;-36,074642010517955;0,00028738749478042876;0,00018371348485539315;1;3;1;1161;509;666;Baixa remuneração e alto emprego;0,009045876725653105
4721103;Comércio varejista de laticínios e frios;Subclasse;G;47;472;47211;4721103;25259;1693,3432107367669;42772156,16;0,6089628048235964;-1087,357346544876;-39,10371951764036;0,0003472931169581308;0,0002114885905987527;1;3;1;1218;448;620;Baixa remuneração e alto emprego;0,009012747469781542
3250709;Serviço de laboratório óptico;Subclasse;C;32;325;32507;3250709;2646;2150,187256235828;5689395,48;0,7732537941222294;-630,5133010458148;-22,67462058777706;0,00003638060047789755;0,00002813143735197927;2;1;1;929;1000;1052;Baixa remuneração e baixo emprego;0,008990933312286384
4763603;"Comércio varejista de bicicletas e triciclos; peças e acessórios";Subclasse;G;47;476;47636;4763603;21669;1756,4326567908072;38060139,24;0,6316511327303291;-1024,2679004908357;-36,834886726967085;0,0002979331941630998;0,00018818983957108706;1;3;1;1174;498;656;Baixa remuneração e alto emprego;0,008975229042339775
3212400;Fabricação de bijuterias e artefatos semelhantes;Subclasse;C;32;321;32124;3212400;12261;1939,76299159938;23783434,04;0,6975806821485494;-840,9375656822629;-30,24193178514506;0,00016857994801946404;0,00011759811513598474;1;3;1;1059;645;782;Baixa remuneração e alto emprego;0,008956955859365729
8650006;Atividades de fonoaudiologia;Subclasse;Q;86;865;86500;8650006;10857;1968,4188772220687;21371123,75;0,7078859577553203;-812,2816800595742;-29,211404224467973;0,00014927595592915106;0,00010567035303274809;1;2;1;1041;691;802;Baixa remuneração e baixo emprego;0,008953092023204953
4930204;Transporte rodoviário de mudanças;Subclasse;H;49;493;49302;4930204;7852;2023,5504279164545;15888917,96;0,7277124545530487;-757,1501293651884;-27,228754544695132;0,00010795936317175039;0,00007856337316569848;1;2;1;1006;776;871;Baixa remuneração e baixo emprego;0,008869691381137208
8599603;Treinamento em informática;Subclasse;P;85;859;85996;8599603;18708;1802,9481596108617;33729554,17;0,6483791125547829;-977,7523976707812;-35,16208874452171;0,0002572215698187858;0,0001667770931690525;1;3;1;1147;544;694;Baixa remuneração e alto emprego;0,008869663393576989
2599301;Serviços de confecção de armações metálicas para a construção;Subclasse;C;25;259;25993;2599301;12876;1912,5901258154706;24626510,46;0,6878087325178157;-868,1104314661723;-31,21912674821843;0,00017703575652056267;0,00012176673930274087;1;3;1;1075;636;774;Baixa remuneração e alto emprego;0,008807555329331489
2652300;Fabricação de cronômetros e relógios;Subclasse;C;26;265;26523;2652300;2792;2123,9449319484243;5930054,25;0,7638164873188468;-656,7556253332186;-23,618351268115322;0,00003838799566677625;0,00002932138400540815;2;2;1;946;987;1049;Baixa remuneração e baixo emprego;0,008766873075756632
4912401;Transporte ferroviário de passageiros intermunicipal e interestadual;Subclasse;H;49;491;49124;4912401;3;2185,8033333333333;6557,41;0,7860621049647039;-594,8972239483096;-21,393789503529614;4,1247846346822614e-8;3,242336892464406e-8;2;1;1;917;1315;1315;Baixa remuneração e baixo emprego;0,008752000435634465
4329101;Instalação de painéis publicitários;Subclasse;F;43;432;43291;4329101;9371;1976,6896008963824;18523558,25;0,7108602886852206;-804,0109563852604;-28,913971131477943;0,00012884452270535825;0,00009159045460584043;1;2;1;1035;737;836;Baixa remuneração e baixo emprego;0,00872239027858042
8640208;Serviços de diagnóstico por registro gráfico - ECG, EEG e outros exames análogos;Subclasse;Q;86;864;86402;8640208;3944;2092,982928498986;8254724,67;0,7526818819157731;-687,7176287826569;-24,731811808422687;0,000054227168663956134;0,00004081580736095054;2;2;1;965;913;999;Baixa remuneração e baixo emprego;0,008715016359792348
5812302;Edição de jornais não diários;Subclasse;J;58;581;58123;5812302;554;2161,9421841155236;1197715,97;0,777481120163832;-618,7583731661193;-22,251887983616804;0,000007617102292046576;0,000005922153222422865;2;1;1;924;1193;1208;Baixa remuneração e baixo emprego;0,008643877314631869
4681803;Comércio atacadista de combustíveis de origem vegetal, exceto álcool carburante;Subclasse;G;46;468;46818;4681803;3243;2100,316873265495;6811327,62;0,755319326910454;-680,383684016148;-24,4680673089546;0,00004458892190091525;0,00003367887447786211;2;2;1;962;959;1027;Baixa remuneração e baixo emprego;0,008634392984922216
5620103;Cantinas - serviços de alimentação privativos;Subclasse;I;56;562;56201;5620103;24351;1673,8113654470044;40758980,56;0,6019387312538567;-1106,8891918346385;-39,806126874614336;0,0003348087687971592;0,00020153436550242787;1;3;1;1232;461;636;Baixa remuneração e alto emprego;0,008621863399067642
0133499;Cultivo de frutas de lavoura permanente não especificadas anteriormente;Subclasse;A;01;013;01334;0133499;27887;1609,613538924947;44887292,76;0,5788518057832422;-1171,0870183566958;-42,114819421675776;0,0003834262303579474;0,00022194696582735933;1;3;1;1262;427;603;Baixa remuneração e alto emprego;0,008614215755627227
9609208;Higiene e embelezamento de animais domésticos;Subclasse;S;96;960;96092;9609208;25806;1643,709884910486;42417577,29;0,5911135884826606;-1136,990672371157;-40,88864115173394;0,00035481397427536817;0,0002097353615777073;1;3;1;1243;444;623;Baixa remuneração e alto emprego;0,008581295207979078
9529199;Reparação e manutenção de outros objetos e equipamentos pessoais e domésticos não especificados anteriormente;Subclasse;S;95;952;95291;9529199;11877;1908,6569074682159;22669118,09;0,686394262219331;-872,043649813427;-31,360573778066904;0,00016330022368707075;0,00011208833655793865;1;2;1;1080;660;795;Baixa remuneração e alto emprego;0,008558977288789042
4785799;Comércio varejista de outros artigos usados;Subclasse;G;47;478;47857;4785799;18495;1772,0334852662882;32773759,31;0,6372615277204075;-1008,6670720153547;-36,27384722795925;0,00025429297272816146;0,0001620511282893121;1;3;1;1163;548;705;Baixa remuneração e alto emprego;0,008501060474502171
0210199;Produção de produtos não madeireiros não especificados anteriormente em florestas plantadas;Subclasse;A;02;021;02101;0210199;8420;1973,3439596199526;16615556,14;0,7096571237965493;-807,3565976616903;-29,03428762034507;0,00011576895541341548;0,0000821562639236154;1;2;1;1038;760;859;Baixa remuneração e baixo emprego;0,008487434454139178
0152103;Criação de asininos e muares;Subclasse;A;01;015;01521;0152103;474;2143,068565400844;1015814,5;0,7706937590920846;-637,631991880799;-22,93062409079154;0,000006517159722797973;0,0000050227343253666985;2;1;1;935;1205;1216;Baixa remuneração e baixo emprego;0,008444073691901567
8591100;Ensino de esportes;Subclasse;P;85;859;85911;8591100;19470;1744,822377503852;33971691,69;0,6274758254479423;-1035,8781797777908;-37,252417455205766;0,00026769852279087875;0,00016797435155940148;1;3;1;1185;534;692;Baixa remuneração e alto emprego;0,008410276923583648
8599602;Cursos de pilotagem;Subclasse;P;85;859;85996;8599602;1227;2121,860684596577;2603523,06;0,7630669469390352;-658,839872685066;-23,69330530609648;0,00001687036915585045;0,000012873221085489273;2;1;1;947;1117;1146;Baixa remuneração e baixo emprego;0,00840413872958221
0312403;Coleta de outros produtos aquáticos de água doce;Subclasse;A;03;031;03124;0312403;28;2146,8985714285714;60113,16;0,7720711120104699;-633,8019858530715;-22,792888798953015;3,849798992370111e-7;2,9723185890559785e-7;2;1;1;934;1298;1300;Baixa remuneração e baixo emprego;0,008382922071208106
7319001;Criação de estandes para feiras e exposições;Subclasse;M;73;731;73190;7319001;1284;2116,3846806853585;2717437,93;0,7610976576184434;-664,3158765962844;-23,89023423815566;0,00001765407823644008;0,000013436477593167286;2;1;1;950;1114;1142;Baixa remuneração e baixo emprego;0,008363546488394975
0155503;Criação de outros galináceos, exceto para corte;Subclasse;A;01;015;01555;0155503;9344;1940,354202696918;18130669,67;0,6977932944328854;-840,3463545847248;-30,22067055671146;0,00012847329208823683;0,00008964780173288915;1;2;1;1058;741;841;Baixa remuneração e baixo emprego;0,008350423411726733
4783102;Comércio varejista de artigos de relojoaria;Subclasse;G;47;478;47831;4783102;7091;1978,562042025102;14029983,44;0,7115336589709266;-802,1385152565408;-28,84663410290734;0,00009749615948177306;0,000069371799091679;1;2;1;1033;797;906;Baixa remuneração e baixo emprego;0,008258250710558863
4922103;Transporte rodoviário coletivo de passageiros, com itinerário fixo, internacional;Subclasse;H;49;492;49221;4922103;286;2126,230524475525;608101,93;0,7646384357739279;-654,4700328061181;-23,536156422607213;0,000003932294685063756;0,000003006783656989281;2;1;1;944;1237;1242;Baixa remuneração e baixo emprego;0,008240402512584222
4299501;Construção de instalações esportivas e recreativas;Subclasse;F;42;429;42995;4299501;6443;1989,863007915567;12820687,36;0,7155977304729342;-790,8375493660758;-28,44022695270658;0,00008858662467085937;0,00006339238756472462;1;2;1;1026;822;924;Baixa remuneração e baixo emprego;0,008233297757452279
8711501;Clínicas e residências geriátricas;Subclasse;Q;87;871;87115;8711501;9910;1910,1121584258324;18929211,49;0,6869176019057297;-870,5883988558105;-31,30823980942703;0,0001362553857656707;0,00009359622283689464;1;2;1;1077;719;829;Baixa remuneração e baixo emprego;0,00816362653989531
3831901;Recuperação de sucatas de alumínio;Subclasse;E;38;383;38319;3831901;5395;2003,4223243744207;10808463,44;0,7204739536330823;-777,2782329072222;-27,95260463669177;0,00007417737701370268;0,000053442868087194095;1;2;1;1018;857;954;Baixa remuneração e baixo emprego;0,008144792330791588
4623105;Comércio atacadista de cacau;Subclasse;G;46;462;46231;4623105;807;2101,82136307311;1696169,84;0,7558603739511631;-678,8791942085327;-24,413962604883686;0,000011095670667295284;0,000008386777779820765;2;1;1;961;1161;1180;Baixa remuneração e baixo emprego;0,008118533305711455
4785701;Comércio varejista de antiguidades;Subclasse;G;47;478;47857;4785701;581;2104,733614457831;1222850,23;0,7569076824709873;-675,9669428238117;-24,309231752901272;0,00000798833290916798;0,0000060464305490850565;2;1;1;958;1186;1205;Baixa remuneração e baixo emprego;0,008097429422849863
4613300;Representantes comerciais e agentes do comércio de madeira, material de construção e ferragens;Subclasse;G;46;461;46133;4613300;7312;1957,266738238512;14311534,39;0,7038754076245796;-823,4338190431308;-29,612459237542044;0,00010053475082932232;0,0000707639387204248;1;2;1;1049;791;903;Baixa remuneração e baixo emprego;0,008092511434042975
0139306;Cultivo de seringueira;Subclasse;A;01;013;01393;0139306;6318;1977,786528964862;12495655,29;0,711254767718789;-802,9140283167808;-28,874523228121095;0,00008686796440640843;0,00006178525384608406;1;2;1;1034;831;927;Baixa remuneração e baixo emprego;0,008086787992018101
5022001;Transporte por navegação interior de passageiros em linhas regulares, municipal, exceto travessia;Subclasse;H;50;502;50220;5022001;519;2102,713005780347;1091308,05;0,7561810279334489;-677,9875515012959;-24,38189720665511;0,000007135877418000312;0,0000053960151211505624;2;1;1;959;1200;1212;Baixa remuneração e baixo emprego;0,008064411602545058
1099604;Fabricação de gelo comum;Subclasse;C;10;109;10996;1099604;11808;1860,941240684282;21973994,17;0,6692346775028164;-919,7593165973608;-33,07653224971836;0,00016235152322109382;0,00010865126928495973;1;2;1;1111;665;797;Baixa remuneração e baixo emprego;0,008057949779003596
2092402;Fabricação de artigos pirotécnicos;Subclasse;C;20;209;20924;2092402;3021;2046,007474346243;6180988,58;0,7357884936544117;-734,6930829353998;-26,42115063455883;0,000041536581271250375;0,000030562138565127366;1;2;1;992;975;1040;Baixa remuneração e baixo emprego;0,008055236297874569
5590699;Outros alojamentos não especificados anteriormente;Subclasse;I;55;559;55906;5590699;20290;1695,0227052735336;34392010,69;0,609566787346047;-1085,6778520081093;-39,043321265395306;0,000278972934125677;0,00017005263521148933;1;3;1;1217;526;687;Baixa remuneração e alto emprego;0,00804640731068322
6110802;Serviços de redes de transporte de telecomunicações - SRTT;Subclasse;J;61;611;61108;6110802;891;2091,8597867564536;1863847,07;0,7522779758786446;-688,8407705251893;-24,772202412135535;0,000012250610365006317;0,000009215864368664898;2;1;1;966;1149;1170;Baixa remuneração e baixo emprego;0,008040490694747684
1622699;Fabricação de outros artigos de carpintaria para construção;Subclasse;C;16;162;16226;1622699;6094;1976,1061929766986;12042391,14;0,7106504825922358;-804,5943643049443;-28,934951740776416;0,00008378812521251235;0,000059544071617770584;1;2;1;1036;841;938;Baixa remuneração e baixo emprego;0,008022668991847297
9529105;Reparação de artigos do mobiliário;Subclasse;S;95;952;95291;9529105;10797;1875,0778281003982;20245215,31;0,6743184997716678;-905,6227291812447;-32,56815002283322;0,0001484509990022146;0,00010010325493677872;1;2;1;1100;693;814;Baixa remuneração e baixo emprego;0,007993005056858168
7723300;Aluguel de objetos do vestuário, jóias e acessórios;Subclasse;N;77;772;77233;7723300;18321;1724,7903935374707;31599884,8;0,6202718912041328;-1055,9101637441722;-37,97281087958672;0,00025190059764004574;0,0001562468600936425;1;3;1;1207;552;718;Baixa remuneração e alto emprego;0,007969236659659951
0139301;Cultivo de chá-da-índia;Subclasse;A;01;013;01393;0139301;89;2102,360337078652;187110,07;0,7560542006485866;-678,3402202029911;-24,394579935141337;0,000001223686108289071;9,251730224472734e-7;2;1;1;960;1275;1282;Baixa remuneração e baixo emprego;0,007967338566806176
0112199;Cultivo de outras fibras de lavoura temporária não especificadas anteriormente;Subclasse;A;01;011;01121;0112199;1909;2056,1040911471973;3925102,71;0,7394194552027578;-724,5964661344456;-26,058054479724223;0,000026247379558694792;0,00001940782309379011;2;1;1;985;1049;1100;Baixa remuneração e baixo emprego;0,007914175670710837
0139305;Cultivo de dendê;Subclasse;A;01;013;01393;0139305;18362;1717,531327197473;31537310,23;0,6176613741094429;-1063,1692300841698;-38,23386258905571;0,0002524643182067856;0,00015593745769720686;1;3;1;1210;550;719;Baixa remuneração e alto emprego;0,00790108543179705
8230002;Casas de festas e eventos;Subclasse;N;82;823;82300;8230002;15717;1762,8725361073996;27707067,65;0,633967052472111;-1017,8280211742433;-36,6032947527889;0,00021609746701100368;0,00013699867420765527;1;3;1;1169;586;747;Baixa remuneração e alto emprego;0,007845120321546769
8219901;Fotocópias;Subclasse;N;82;821;82199;8219901;14415;1787,2425459590704;25763101,3;0,6427310345513229;-993,4580113225725;-35,726896544867714;0,00019819590169648267;0,00012738665694121261;1;3;1;1157;608;765;Baixa remuneração e alto emprego;0,00783448688563674
0729402;Extração de minério de tungstênio;Subclasse;B;07;072;07294;0729402;431;2079,2661948955915;896163,73;0,7477490481493054;-701,4343623860514;-25,225095185069456;0,000005925940591826849;0,000004431116436927859;2;1;1;972;1213;1227;Baixa remuneração e baixo emprego;0,00781900781200995
4623102;Comércio atacadista de couros, lãs, peles e outros subprodutos não comestíveis de origem animal;Subclasse;G;46;462;46231;4623102;3632;2005,6222136563877;7284419,88;0,7212650813495156;-775,0783436252552;-27,87349186504844;0,00004993739264388658;0,000036018097567675564;1;2;1;1014;932;1016;Baixa remuneração e baixo emprego;0,007790750309245001
4771703;Comércio varejista de produtos farmacêuticos homeopáticos;Subclasse;G;47;477;47717;4771703;2430;2028,7149506172839;4929777,33;0,7295697285005456;-751,985606664359;-27,04302714994544;0,00003341075554092632;0,000024375475848991717;1;1;1;1001;1010;1076;Baixa remuneração e baixo emprego;0,007759583620224597
0159899;Criação de outros animais não especificados anteriormente;Subclasse;A;01;015;01598;0159899;7724;1914,7271607975142;14789352,59;0,6885772564699714;-865,9733964841287;-31,142274353002865;0,00010619945506095263;0,00007312652940447679;1;2;1;1072;780;895;Baixa remuneração e baixo emprego;0,007753915244690352
1011203;Frigorífico - abate de ovinos e caprinos;Subclasse;C;10;101;10112;1011203;467;2064,4356531049248;964091,45;0,7424156648938409;-716,2649041767181;-25,75843351061591;0,00000642091474798872;0,000004766987691854716;2;1;1;980;1208;1223;Baixa remuneração e baixo emprego;0,00768368735434819
0321302;Criação de camarões em água salgada e salobra;Subclasse;A;03;032;03213;0321302;8847;1877,9503323160393;16614226,59;0,6753515143507167;-902,7502249656036;-32,46484856492833;0,0001216398988767799;0,00008214968991190136;1;2;1;1099;751;860;Baixa remuneração e baixo emprego;0,00761854062524762
5590602;Campings;Subclasse;I;55;559;55906;5590602;1211;2040,9616928158546;2471604,61;0,7339739215973179;-739,7388644657883;-26,60260784026821;0,00001665038064200073;0,000012220945175897344;1;1;1;995;1119;1154;Baixa remuneração e baixo emprego;0,007617011809157228
0139399;Cultivo de outras plantas de lavoura permanente não especificadas anteriormente;Subclasse;A;01;013;01393;0139399;9791;1854,9458512920028;18161774,83;0,6670786059414325;-925,7547059896401;-33,292139405856744;0,0001346192211939134;0,00008980160240695711;1;2;1;1117;723;840;Baixa remuneração e baixo emprego;0,007581559092164266
5822102;Edição integrada à impressão de jornais não diários;Subclasse;J;58;582;58221;5822102;263;2056,0552851711027;540742,54;0,7394019035192559;-724,6452721105402;-26,059809648074406;0,000003616061196404783;0,000002673722531863815;2;1;1;986;1241;1252;Baixa remuneração e baixo emprego;0,007558831042502322
7420005;Serviços de microfilmagem;Subclasse;M;74;742;74200;7420005;1652;2020,3450363196125;3337610;0,7265597264793809;-760,3555209620304;-27,344027352061907;0,000022713814054983654;0,000016502942527092444;1;1;1;1007;1076;1123;Baixa remuneração e baixo emprego;0,00751162521864729
0116403;Cultivo de mamona;Subclasse;A;01;011;01164;0116403;1;2055,56;2055,56;0,7392237882706343;-725,1405572816429;-26,07762117293657;1,3749282115607538e-8;1,0163796411501087e-8;2;1;1;987;1317;1318;Baixa remuneração e baixo emprego;0,007497576420729622
4763604;Comércio varejista de artigos de caça, pesca e camping;Subclasse;G;47;476;47636;4763604;8836;1863,868965595292;16469146,18;0,6702875506370138;-916,831591686351;-32,97124493629862;0,00012148865677350822;0,0000814323341788957;1;2;1;1108;752;863;Baixa remuneração e baixo emprego;0,007474673886057225
9329803;Exploração de jogos de sinuca, bilhar e similares;Subclasse;R;93;932;93298;9329803;486;2040,8520987654322;991854,12;0,7339345092089054;-739,8484585162107;-26,606549079109463;0,000006682151108185264;0,000004904261294045695;1;1;1;996;1202;1219;Baixa remuneração e baixo emprego;0,007460176372278019
9102302;Restauração e conservação de lugares e prédios históricos;Subclasse;R;91;910;91023;9102302;3930;1959,7629440203564;7701868,37;0,7047730971565602;-820,9376132612865;-29,522690284343977;0,000054034678714337626;0,00003808218787136339;1;2;1;1048;915;1009;Baixa remuneração e baixo emprego;0,007404027814827111
4641902;Comércio atacadista de artigos de cama, mesa e banho;Subclasse;G;46;464;46419;4641902;5078;1934,1839877904686;9821786,29;0,6955743518393394;-846,5165694911743;-30,442564816066064;0,00006981885458305508;0,00004856420452277363;1;2;1;1063;868;973;Baixa remuneração e baixo emprego;0,007393634798272859
0133405;Cultivo de coco-da-baía;Subclasse;A;01;013;01334;0133405;6430;1903,103564541213;12236955,92;0,6843971601176824;-877,5969927404299;-31,560283988231763;0,00008840788400335647;0,000060506104743910654;1;2;1;1085;825;933;Baixa remuneração e baixo emprego;0,007368251626092784
9529106;Reparação de jóias;Subclasse;S;95;952;95291;9529106;1607;2003,3872370877411;3219443,29;0,7204613354866992;-777,3133201939017;-27,95386645133008;0,000022095096359781314;0,000015918662631075355;1;1;1;1019;1082;1125;Baixa remuneração e baixo emprego;0,0073374150607530865
0210106;Cultivo de mudas em viveiros florestais;Subclasse;A;02;021;02101;0210106;16018;1705,0716762392308;27311838,11;0,6131806144226024;-1075,628881042412;-38,681938557739755;0,00022023600092780155;0,0001350444463668862;1;3;1;1213;580;751;Baixa remuneração e alto emprego;0,007304483121480715
0311604;Atividades de apoio à pesca em água salgada;Subclasse;A;03;031;03116;0311604;365;2026,702794520548;739746,52;0,72884611369367;-753,9977627610949;-27,115388630632996;0,000005018487972196752;0,0000036577054551540297;1;1;1;1003;1220;1235;Baixa remuneração e baixo emprego;0,007297700023701409
4756300;Comércio varejista especializado de instrumentos musicais e acessórios;Subclasse;G;47;475;47563;4756300;6589;1883,3003900440126;12409066,27;0,67727551070263;-897,4001672376303;-32,272448929736996;0,00009059401985973807;0,00006135711106710833;1;2;1;1097;816;929;Baixa remuneração e baixo emprego;0,007204383474981446
0155504;Criação de aves, exceto galináceos;Subclasse;A;01;015;01555;0155504;7392;1860,912094155844;13755862,2;0,6692241957814524;-919,7884631257989;-33,077580421854755;0,00010163469339857093;0,00006801639595315313;1;2;1;1112;788;911;Baixa remuneração e baixo emprego;0,007147245760040038
0162803;Serviço de manejo de animais;Subclasse;A;01;016;01628;0162803;11934;1768,9418367688954;21110551,88;0,6361497041228263;-1011,7587205127475;-36,38502958771737;0,00016408393276766037;0,00010438194528145689;1;3;1;1167;658;804;Baixa remuneração e alto emprego;0,0071450811481364625
7420004;Filmagem de festas e eventos;Subclasse;M;74;742;74200;7420004;1693;1981,2526048434731;3354260,66;0,7125012434925053;-799,4479524381698;-28,749875650749466;0,000023277534621723564;0,000016585272363417885;1;1;1;1030;1069;1122;Baixa remuneração e baixo emprego;0,0071408148038554255
4789009;Comércio varejista de armas e munições;Subclasse;G;47;478;47890;4789009;2097;1971,673881735813;4134600,13;0,7090565277058389;-809,0266755458299;-29,09434722941611;0,00002883224459642901;0,000020443691239509392;1;1;1;1040;1033;1094;Baixa remuneração e baixo emprego;0,007133259915973352
0600003;Extração e beneficiamento de areias betuminosas;Subclasse;B;06;060;06000;0600003;28;2015,1978571428572;56425,54;0,7247086896378638;-765,5027001387857;-27,529131036213617;3,849798992370111e-7;2,789982783129712e-7;1;1;1;1011;1297;1301;Baixa remuneração e baixo emprego;0,007114738240072851
0312404;Atividades de apoio à pesca em água doce;Subclasse;A;03;031;03124;0312404;155;2012,1672258064516;311885,92;0,7236188091297058;-768,5333314751913;-27,638119087029423;0,0000021311387279191686;0,000001542132068387065;1;1;1;1012;1256;1269;Baixa remuneração e baixo emprego;0,007112666580167446
5914600;Atividades de exibição cinematográfica;Subclasse;J;59;591;59146;5914600;27268;1483,2416741235147;40445033,97;0,5334057528198944;-1297,4588831581282;-46,659424718010555;0,0003749154247283864;0,0001999820443710354;1;3;1;1297;433;639;Baixa remuneração e alto emprego;0,0071108239724053685
8592999;Ensino de arte e cultura não especificado anteriormente;Subclasse;P;85;859;85929;8592999;4798;1906,8836056690286;9149227,54;0,6857565445785215;-873,8169516126143;-31,424345542147847;0,00006596905559068497;0,00004523871161097653;1;2;1;1083;877;986;Baixa remuneração e baixo emprego;0,007065738787032259
1610205;Serviço de tratamento de madeira realizado sob contrato;Subclasse;C;16;161;16102;1610205;2215;1960,7693137697518;4343104,03;0,7051350094619898;-819,9312435118911;-29,48649905380102;0,0000304546598860707;0,000021474646886926148;1;1;1;1047;1025;1090;Baixa remuneração e baixo emprego;0,00705206260347259
4929904;Organização de excursões em veículos rodoviários próprios, intermunicipal, interestadual e internacional;Subclasse;H;49;492;49299;4929904;1919;1965,7094893173526;3772196,51;0,7069116033259585;-814,9910679642903;-29,30883966740415;0,000026384872379850867;0,00001865177243759118;1;1;1;1043;1047;1106;Baixa remuneração e baixo emprego;0,007037631950454922
1529700;Fabricação de artefatos de couro não especificados anteriormente;Subclasse;C;15;152;15297;1529700;13687;1717,7866815226125;23511346,31;0,6177532050419289;-1062,9138757590304;-38,22467949580711;0,00018818642431632038;0,00011625276676678731;1;3;1;1209;617;785;Baixa remuneração e alto emprego;0,006972317664476536
5229001;Serviços de apoio ao transporte por táxi, inclusive centrais de chamada;Subclasse;H;52;522;52290;5229001;1285;1967,9978443579766;2528877,23;0,7077345452405892;-812,7027129236662;-29,22654547594108;0,00001766782751855569;0,00001250413187423418;1;1;1;1042;1113;1150;Baixa remuneração e baixo emprego;0,006925887957973442
4789008;Comércio varejista de artigos fotográficos e para filmagem;Subclasse;G;47;478;47890;4789008;8356;1816,8138224030638;15181296,3;0,6533655044752983;-963,8867348785791;-34,66344955247017;0,0001148890013580166;0,00007506451033094375;1;2;1;1142;764;889;Baixa remuneração e baixo emprego;0,00690359463329159
0133410;Cultivo de manga;Subclasse;A;01;013;01334;0133410;25006;1502,0354582900104;37559898,67;0,5401644036632158;-1278,6650989916325;-45,98355963367842;0,0003438145485828821;0,00018571638060601027;1;3;1;1292;451;661;Baixa remuneração e alto emprego;0,006889456453460017
0321303;Criação de ostras e mexilhões em água salgada e salobra;Subclasse;A;03;032;03213;0321303;166;1988,5300602409638;330095,99;0,7151183736895824;-792,170497040679;-28,488162631041757;0,0000022823808311908513;0,0000016321724681414792;1;1;1;1027;1253;1268;Baixa remuneração e baixo emprego;0,006887248061267062
4512902;Comércio sob consignação de veículos automotores;Subclasse;G;45;451;45129;4512902;5173;1880,2096752368066;9726324,65;0,6761640228802133;-900,4908820448363;-32,38359771197867;0,0000711250363840378;0,00004809219072893254;1;2;1;1098;862;976;Baixa remuneração e baixo emprego;0,006880396707981457
4722902;Peixaria;Subclasse;G;47;472;47229;4722902;12474;1732,0562345679011;21605669,47;0,6228848446238758;-1048,6443227137418;-37,711515537612414;0,00017150854511008843;0,00010683007347256445;1;3;1;1198;641;801;Baixa remuneração e alto emprego;0,006876629949266802
1011205;Matadouro - abate de reses sob contrato, exceto abate de suínos;Subclasse;C;10;101;10112;1011205;5623;1863,744067223902;10479832,89;0,6702426344841175;-916,9564900577409;-32,975736551588255;0,00007731221333606119;0,00005181794154415978;1;2;1;1109;851;960;Baixa remuneração e baixo emprego;0,006810582967509823
0321399;Cultivos e semicultivos da aquicultura em água salgada e salobra não especificados anteriormente;Subclasse;A;03;032;03213;0321399;140;1980,0612142857144;277208,57;0,712072793706843;-800,6393429959285;-28,792720629315703;0,0000019248994961850554;0,000001370668561853387;1;1;1;1031;1260;1271;Baixa remuneração e baixo emprego;0,006800132661802733
3240002;Fabricação de mesas de bilhar, de sinuca e acessórios não associada à locação;Subclasse;C;32;324;32400;3240002;131;1979,9264885496184;259370,37;0,712024343421269;-800,7740687320245;-28,797565657873104;0,0000018011559571445877;0,0000012824668877851822;1;1;1;1032;1264;1274;Baixa remuneração e baixo emprego;0,006796927385305941
0139302;Cultivo de erva-mate;Subclasse;A;01;013;01393;0139302;740;1963,2333378378378;1452792,67;0,7060211257543874;-817,4672194438051;-29,397887424561265;0,000010174468765549579;0,000007183389891806166;1;1;1;1045;1168;1191;Baixa remuneração e baixo emprego;0,006764665827109492
1322700;Tecelagem de fios de fibras têxteis naturais, exceto algodão;Subclasse;C;13;132;13227;1322700;2085;1933,7204028776978;4031807,04;0,6954076366885272;-846,9801544039451;-30,459236331147277;0,00002866725321104172;0,000019935426805842118;1;1;1;1064;1035;1096;Baixa remuneração e baixo emprego;0,006761482368958303
7729201;Aluguel de aparelhos de jogos eletrônicos;Subclasse;N;77;772;77292;7729201;1163;1946,2723301805677;2263514,72;0,6999215809426113;-834,4282271010752;-30,007841905738875;0,000015990415100451568;0,000011192036617036667;1;1;1;1056;1121;1160;Baixa remuneração e baixo emprego;0,006689711348556134
1822901;Serviços de encadernação e plastificação;Subclasse;C;18;182;18229;1822901;1719;1933,1598662012798;3323101,81;0,6952060555887751;-847,5406910803631;-30,479394441122487;0,00002363501595672936;0,00001643120621705558;1;1;1;1065;1064;1124;Baixa remuneração e baixo emprego;0,006679295726201124
7420003;Laboratórios fotográficos;Subclasse;M;74;742;74200;7420003;3480;1893,3741896551724;6588942,18;0,6808982666965396;-887,3263676264705;-31,910173330346037;0,00004784750176231424;0,00003257928101571939;1;2;1;1093;942;1033;Baixa remuneração e baixo emprego;0,006658748630931141
1220499;Fabricação de outros produtos do fumo, exceto cigarros, cigarrilhas e charutos;Subclasse;C;12;122;12204;1220499;2415;1915,3651097308489;4625606,74;0,6888066766898739;-865,335447550794;-31,119332331012608;0,00003320451630919221;0,000022871492530029407;1;1;1;1071;1012;1081;Baixa remuneração e baixo emprego;0,006651810460653813
0159801;Apicultura;Subclasse;A;01;015;01598;0159801;1772;1928,8168848758464;3417863,52;0,6936442256700301;-851,8836724057965;-30,635577432996985;0,00002436372790885656;0,00001689975917977411;1;1;1;1067;1060;1121;Baixa remuneração e baixo emprego;0,006648221387301397
1312000;Preparação e fiação de fibras têxteis naturais, exceto algodão;Subclasse;C;13;131;13120;1312000;7765;1802,2095866065679;13994157,44;0,6481135057448875;-978,490970675075;-35,18864942551125;0,00010676317562769255;0,00006919465604052094;1;2;1;1149;778;907;Baixa remuneração e baixo emprego;0,006636922310681633
3314706;Manutenção e reparação de máquinas, aparelhos e equipamentos para instalações térmicas;Subclasse;C;33;331;33147;3314706;3109;1897,1764136378256;5898321,47;0,6822656285912595;-883,5241436438173;-31,77343714087405;0,000042746518097423836;0,000029164480039826527;1;2;1;1090;971;1050;Baixa remuneração e baixo emprego;0,006618859724198428
5819100;Edição de cadastros, listas e outros produtos gráficos;Subclasse;J;58;581;58191;5819100;3151;1890,0837035861632;5955653,75;0,679714936812136;-890,6168536954797;-32,0285063187864;0,000043323987946279356;0,000029447961729355016;1;2;1;1094;967;1048;Baixa remuneração e baixo emprego;0,006558223478941565
1622601;Fabricação de casas de madeira pré-fabricadas;Subclasse;C;16;162;16226;1622601;380;1948,7041315789472;740507,57;0,7007961092667818;-831,9964257026957;-29,920389073321818;0,0000052247272039308645;0,000003661468496495062;1;1;1;1055;1218;1234;Baixa remuneração e baixo emprego;0,006548513855038974
4761002;Comércio varejista de jornais e revistas;Subclasse;G;47;476;47610;4761002;4415;1856,2629241223103;8195400,81;0,6675522537877849;-924,4376331593326;-33,24477462122151;0,00006070308054040728;0,00004052247822661031;1;2;1;1116;893;1000;Baixa remuneração e baixo emprego;0,006487750343010362
4543900;Manutenção e reparação de motocicletas e motonetas;Subclasse;G;45;454;45439;4543900;10246;1734,3408647276985;17770056,5;0,6237064469908818;-1046,3596925539443;-37,62935530091182;0,00014087514455651484;0,00008786473588067075;1;2;1;1195;710;849;Baixa remuneração e baixo emprego;0,00645431128612626
7729203;Aluguel de material médico;Subclasse;N;77;772;77292;7729203;820;1926,3103658536586;1579574,5;0,6927428272739949;-854,3901914279843;-30,725717272600505;0,000011274411334798182;0,000007810267583918068;1;1;1;1069;1158;1186;Baixa remuneração e baixo emprego;0,0064245987948503445
1220402;Fabricação de cigarrilhas e charutos;Subclasse;C;12;122;12204;1220402;1314;1907,403097412481;2506327,67;0,6859433650335655;-873,2974598691619;-31,405663496643456;0,000018066556699908305;0,000012392634697304812;1;1;1;1082;1111;1151;Baixa remuneração e baixo emprego;0,006344765199498359
3299006;Fabricação de velas, inclusive decorativas;Subclasse;C;32;329;32990;3299006;3241;1863,2694477013267;6038856,28;0,6700719510492067;-917,4311095803162;-32,99280489507933;0,000044561423336684036;0,000029859359876741525;1;2;1;1110;960;1042;Baixa remuneração e baixo emprego;0,006314537472224077
9329802;Exploração de boliches;Subclasse;R;93;932;93298;9329802;1255;1904,7923665338644;2390514,42;0,6850044898023652;-875,9081907477785;-31,499551019763484;0,00001725534905508746;0,000011819991575841913;1;1;1;1084;1116;1157;Baixa remuneração e baixo emprego;0,006307174742476062
9001901;Produção teatral;Subclasse;R;90;900;90019;9001901;951;1910,1002418506835;1816505,33;0,6869133164478376;-870,6003154309594;-31,30866835521624;0,000013075567291942769;0,00000898178129294528;1;1;1;1078;1139;1174;Baixa remuneração e baixo emprego;0,006295204793591377
3240003;Fabricação de mesas de bilhar, de sinuca e acessórios associada à locação;Subclasse;C;32;324;32400;3240003;800;1910,4681875;1528374,55;0,6870456376531371;-870,2323697816428;-31,295436234686292;0,000010999425692486031;0,000007557107438712365;1;1;1;1076;1162;1188;Baixa remuneração e baixo emprego;0,006267272184768114
0311602;Pesca de crustáceos e moluscos em água salgada;Subclasse;A;03;031;03116;0311602;1143;1902,9175503062115;2175034,76;0,6843302653797666;-877,7830069754314;-31,56697346202334;0,000015715429458139418;0,00001075454401164555;1;1;1;1086;1122;1162;Baixa remuneração e baixo emprego;0,006265692903999721
0321305;Atividades de apoio à aquicultura em água salgada e salobra;Subclasse;A;03;032;03213;0321305;240;1914,180625;459403,35;0,688380710388775;-866,5199322816429;-31,1619289611225;0,0000032998277077458095;0,0000022715377416186235;1;1;1;1073;1244;1258;Baixa remuneração e baixo emprego;0,006186266530523792
4929903;Organização de excursões em veículos rodoviários próprios, municipal;Subclasse;H;49;492;49299;4929903;439;1909,8280410022778;838414,51;0,6868154271416004;-870,8725162793651;-31,318457285839962;0,00000603593484875171;0,000004145573171344277;1;1;1;1079;1210;1230;Baixa remuneração e baixo emprego;0,006185806293931016
1413402;Confecção, sob medida, de roupas profissionais;Subclasse;C;14;141;14134;1413402;8950;1726,0397251396646;15448055,54;0,6207211778412439;-1054,6608321419783;-37,927882215875606;0,00012305607493468747;0,00007638351177397959;1;2;1;1206;748;882;Baixa remuneração e baixo emprego;0,006111542589020894
7420001;Atividades de produção de fotografias, exceto aérea e submarina;Subclasse;M;74;742;74200;7420001;11106;1674,1131037277146;18592700,13;0,6020472428589341;-1106,5874535539283;-39,795275714106594;0,00015269952717593733;0,00009193232932213595;1;2;1;1231;683;834;Baixa remuneração e baixo emprego;0,006014139553595871
1012102;Abate de pequenos animais;Subclasse;C;10;101;10121;1012102;2728;1839,95767228739;5019404,53;0,6616885329379355;-940,7428849942528;-33,83114670620645;0,00003750804161137736;0,000024818641027207334;1;1;1;1125;993;1073;Baixa remuneração e baixo emprego;0,005981199646845202
8650002;Atividades de profissionais da nutrição;Subclasse;Q;86;865;86500;8650002;3674;1815,2475040827437;6669219,33;0,6528022225655585;-965,4530531988992;-34,71977774344415;0,0000505148624927421;0,000032976214507855615;1;2;1;1144;929;1030;Baixa remuneração e baixo emprego;0,005932972527173635
4729601;Tabacaria;Subclasse;G;47;472;47296;4729601;6254;1758,5750847457628;10998128,58;0,6324215961120642;-1022,1254725358801;-36,75784038879358;0,00008598801035100955;0,00005438067475268616;1;2;1;1172;833;951;Baixa remuneração e baixo emprego;0,005896398041208606
9609205;Atividades de sauna e banhos;Subclasse;S;96;960;96092;9609205;415;1871,3380240963857;776605,28;0,6729735854499084;-909,3625331852572;-32,702641455009164;0,0000057059520779771285;0,000003839955028321624;1;1;1;1102;1215;1232;Baixa remuneração e baixo emprego;0,005809450137815849
8690904;Atividades de podologia;Subclasse;Q;86;869;86909;8690904;1412;1848,4793342776202;2610052,82;0,6647531067079933;-932,2212230040227;-33,524689329200676;0,000019413986347237846;0,000012905507737912924;1;1;1;1121;1097;1145;Baixa remuneração e baixo emprego;0,005793852772400542
0321301;Criação de peixes em água salgada e salobra;Subclasse;A;03;032;03213;0321301;232;1869,1611637931035;433645,39;0,6721907394517725;-911,5393934885394;-32,78092605482274;0,000003189833450820949;0,0000021441765060353334;1;1;1;1105;1245;1262;Baixa remuneração e baixo emprego;0,005750647360492572
0153902;Criação de ovinos, inclusive para produção de lã;Subclasse;A;01;015;01539;0153902;2237;1824,8808404112651;4082258,44;0,6562665784464157;-955,8197168703778;-34,37334215535843;0,000030757144092614065;0,00002018488571644322;1;1;1;1136;1024;1095;Baixa remuneração e baixo emprego;0,005733682738368989
8020002;Outras atividades de serviços de segurança;Subclasse;N;80;802;80200;8020002;8190;1698,9437094017094;13914348,98;0,6109768651474514;-1081,7568478799335;-38,90231348525486;0,00011260662052682574;0,00006880004000432866;1;2;1;1216;768;908;Baixa remuneração e baixo emprego;0,005688208398685464
9001906;Atividades de sonorização e de iluminação;Subclasse;R;90;900;90019;9001906;5929;1741,1633462641255;10323357,48;0,6261599587573902;-1039,5372110175174;-37,38400412426098;0,0000815194936634371;0,000051044242790221116;1;2;1;1187;844;963;Baixa remuneração e baixo emprego;0,005658373636805896
8690903;Atividades de acupuntura;Subclasse;Q;86;869;86909;8690903;577;1851,3225649913347;1068213,12;0,6657755939032682;-929,3779922903082;-33,422440609673174;0,00000793333578070555;0,000005281821341033286;1;1;1;1119;1188;1213;Baixa remuneração e baixo emprego;0,005649664032411339
7490105;Agenciamento de profissionais para atividades esportivas, culturais e artísticas;Subclasse;M;74;749;74901;7490105;2918;1797,1308361891709;5244027,78;0,6462870773637022;-983,569721092472;-35,37129226362978;0,0000401204052133428;0,000025929299427978758;1;2;1;1153;980;1066;Baixa remuneração e baixo emprego;0,005601802019304308
1032501;Fabricação de conservas de palmito;Subclasse;C;10;103;10325;1032501;2543;1803,9403106567047;4587420,21;0,6487359115072069;-976,7602466249382;-35,126408849279315;0,00003496442441998997;0,00002268267774642704;1;1;1;1146;1005;1082;Baixa remuneração e baixo emprego;0,005592046379510902
7729299;Aluguel de outros objetos pessoais e domésticos não especificados anteriormente;Subclasse;N;77;772;77292;7729299;1716;1816,3596853146855;3116873,22;0,6532021869662666;-964,3408719669574;-34,67978130337334;0,000023593768110382535;0,000015411500928476835;1;1;1;1143;1066;1129;Baixa remuneração e baixo emprego;0,0055444324182440646
3314709;Manutenção e reparação de máquinas de escrever, calcular e de outros equipamentos não eletrônicos para escritório;Subclasse;C;33;331;33147;3314709;313;1845,2742492012778;577570,84;0,6636004888657199;-935,4263080803651;-33,63995111342801;0,00000430352530218516;0,000002855821494376067;1;1;1;1124;1231;1246;Baixa remuneração e baixo emprego;0,005537035637225124
3292201;Fabricação de roupas de proteção e segurança e resistentes a fogo;Subclasse;C;32;329;32922;3292201;902;1832,7601219512194;1653149,63;0,6591001383273318;-947,9404353304235;-34,089986167266815;0,000012401852468278;0,000008174062677357192;1;1;1;1130;1146;1181;Baixa remuneração e baixo emprego;0,0055369882331195
8711505;Condomínios residenciais para idosos;Subclasse;Q;87;871;87115;8711505;3822;1770,891993720565;6768349,2;0,6368510226975873;-1009,8085635610778;-36,31489773024127;0,000052549756245852013;0,000033466366007679786;1;2;1;1165;919;1029;Baixa remuneração e baixo emprego;0,005527909663778029
4541204;Comércio a varejo de motocicletas e motonetas usadas;Subclasse;G;45;454;45412;4541204;3252;1775,1097570725706;5772656,93;0,6383678215276377;-1005,5908002090723;-36,163217847236226;0,00004471266543995572;0,00002854312683159863;1;2;1;1162;958;1051;Baixa remuneração e baixo emprego;0,0054541501450323885
6611802;Bolsa de mercadorias;Subclasse;K;66;661;66118;6611802;3;1822,1133333333335;5466,34;0,6552713231066473;-958,5872239483094;-34,472867689335274;4,1247846346822614e-8;2,7028530850982145e-8;1;1;1;1139;1314;1316;Baixa remuneração e baixo emprego;0,005250365028600388
9529102;Chaveiros;Subclasse;S;95;952;95291;9529102;4160;1723,2484567307692;7168713,58;0,6197173774134754;-1057,4521005508736;-38,028262258652454;0,00005719701360092736;0,00003544598326464959;1;2;1;1208;904;1020;Baixa remuneração e baixo emprego;0,0051278300657503426
4789006;Comércio varejista de fogos de artifício e artigos pirotécnicos;Subclasse;G;47;478;47890;4789006;698;1792,8572349570202;1251414,35;0,6447501980255226;-987,8433223246227;-35,52498019744774;0,000009596998916694063;0,000006187666951989223;1;1;1;1155;1171;1202;Baixa remuneração e baixo emprego;0,005109680197293626
9329804;Exploração de jogos eletrônicos recreativos;Subclasse;R;93;932;93298;9329804;2731;1748,5105822043208;4775182,4;0,6288021835452968;-1032,189975077322;-37,11978164547032;0,00003754928945772419;0,000023611075201591368;1;1;1;1181;992;1079;Baixa remuneração e baixo emprego;0,005089294457957205
0133408;Cultivo de mamão;Subclasse;A;01;013;01334;0133408;11553;1568,69885657405;18123177,89;0,5641380020103922;-1212,0017007075928;-43,58619979896078;0,0001588454562816139;0,00008961075833513877;1;2;1;1278;674;842;Baixa remuneração e baixo emprego;0,005028456045962269
5612100;Serviços ambulantes de alimentação;Subclasse;I;56;561;56121;5612100;12683;1541,024278956083;19544810,93;0,5541856259641842;-1239,67627832556;-44,58143740358158;0,0001743821450722504;0,00009664007822384228;1;3;1;1287;639;823;Baixa remuneração e alto emprego;0,004962035173541334
5012202;Transporte marítimo de longo curso - Passageiros;Subclasse;H;50;501;50122;5012202;50;1789,5302;89476,51;0,6435537243713177;-991,170357281643;-35,64462756286822;6,87464105780377e-7;4,4242008564655915e-7;1;1;1;1156;1289;1293;Baixa remuneração e baixo emprego;0,004946179467859688
1411802;Facção de roupas íntimas;Subclasse;C;14;141;14118;1411802;10702;1562,7950700803588;16725032,84;0,5620148728305057;-1217,9054872012841;-43,79851271694943;0,00014714481720123188;0,00008269757572701834;1;2;1;1281;696;857;Baixa remuneração e baixo emprego;0,004805139741586861
0119909;Cultivo de tomate rasteiro;Subclasse;A;01;011;01199;0119909;6912;1634,5199623842593;11297801,98;0,587808693785473;-1146,1805948973836;-41,219130621452706;0,0000950350379830793;0,00005586242154068667;1;2;1;1248;802;947;Baixa remuneração e baixo emprego;0,004792946105859638
0152101;Criação de bufalinos;Subclasse;A;01;015;01521;0152101;1478;1740,924844384303;2573086,92;0,6260741883283528;-1039,7757128973399;-37,39258116716472;0,000020321438966867942;0,00001272272840684601;1;1;1;1188;1093;1148;Baixa remuneração e baixo emprego;0,004764206898278802
0119908;Cultivo de melancia;Subclasse;A;01;011;01199;0119908;661;1757,7492889561272;1161872,28;0,6321246221040311;-1022,9512683255157;-36,78753778959689;0,000009088275478416583;0,000005744922702371416;1;1;1;1173;1177;1209;Baixa remuneração e baixo emprego;0,004763035102619884
0114800;Cultivo de fumo;Subclasse;A;01;011;01148;0114800;4021;1688,3545312111416;6788873,57;0,6071687678811569;-1092,3460260705012;-39,28312321188431;0,000055285863386857915;0,00003356784955384449;1;2;1;1221;910;1028;Baixa remuneração e baixo emprego;0,0047573589955277225
0159804;Criação de bicho-da-seda;Subclasse;A;01;015;01598;0159804;9;1769,3766666666666;15924,39;0,636306078348966;-1011,3238906149763;-36,3693921651034;1,2374353904046784e-7;7,873876604786228e-8;1;1;1;1166;1309;1312;Baixa remuneração e baixo emprego;0,004743822742171739
4520008;Serviços de capotaria;Subclasse;G;45;452;45200;4520008;1678;1726,7577830750895;2897499,56;0,620979406989127;-1053,9427742065534;-37,9020593010873;0,00002307129538998945;0,000014326799329746628;1;1;1;1205;1072;1138;Baixa remuneração e baixo emprego;0,004666730062380224
9609207;Alojamento de animais domésticos;Subclasse;S;96;960;96092;9609207;5530;1646,3231808318262;9104167,19;0,5920533861586444;-1134,3773764498167;-40,79466138413556;0,00007603353009930969;0,00004501590895689152;1;2;1;1240;853;989;Baixa remuneração e baixo emprego;0,004639954430283748
4618403;Representantes comerciais e agentes do comércio de jornais, revistas e outras publicações;Subclasse;G;46;461;46184;4618403;147;1754,405850340136;257897,66;0,6309222493396441;-1026,2947069415068;-36,90777506603558;0,000002021144470994308;0,0000012751850158801143;1;1;1;1175;1259;1275;Baixa remuneração e baixo emprego;0,004627417838900799
9002702;Restauração de obras de arte;Subclasse;R;90;900;90027;9002702;331;1749,5609667673718;579104,68;0,6291799245286978;-1031,139590514271;-37,082007547130225;0,000004551012380266095;0,000002863405625944991;1;1;1;1179;1225;1245;Baixa remuneração e baixo emprego;0,004617680250251135
1012104;Matadouro - abate de suínos sob contrato;Subclasse;C;10;101;10121;1012104;217;1749,8936866359447;379726,93;0,6292995777821564;-1030,8068706456982;-37,07004222178436;0,000002983594219086836;0,0000018775745823446284;1;1;1;1177;1246;1266;Baixa remuneração e baixo emprego;0,0045979985137083335
9609204;Exploração de máquinas de serviços pessoais acionadas por moeda;Subclasse;S;96;960;96092;9609204;128;1751,699921875;224217,59;0,6299491389994997;-1029,000635406643;-37,005086100050036;0,000001759908110797765;0,0000011086525991152884;1;1;1;1176;1265;1276;Baixa remuneração e baixo emprego;0,004597529375371855
0312401;Pesca de peixes em água doce;Subclasse;A;03;031;03124;0312401;614;1732,9502280130291;1064031,44;0,6232063439822972;-1047,7503292686138;-37,67936560177028;0,00000844205921898303;0,000005261144861544462;1;1;1;1197;1181;1214;Baixa remuneração e baixo emprego;0,004514080118157086
2449102;Produção de laminados de zinco;Subclasse;C;24;244;24491;2449102;62;1742,3566129032258;108026,11;0,6265890832224376;-1038,343944378417;-37,341091677756246;8,524554911676674e-7;5,341393046986815e-7;1;1;1;1186;1284;1290;Baixa remuneração e baixo emprego;0,004494286485375296
4542101;Representantes comerciais e agentes do comércio de motocicletas e motonetas, peças e acessórios;Subclasse;G;45;454;45421;4542101;557;1731,5926032315979;964497,08;0,6227181127781584;-1049,107954050045;-37,728188722184164;0,000007658350138393399;0,000004768993345174686;1;1;1;1199;1192;1221;Baixa remuneração e baixo emprego;0,00448957389870884
0322105;Ranicultura;Subclasse;A;03;032;03221;0322105;12;1740,2916666666667;20883,5;0,625846483940702;-1040,4088906149761;-37,4153516059298;1,6499138538729045e-7;1,0325927842514106e-7;1;1;1;1189;1308;1309;Baixa remuneração e baixo emprego;0,004464382666963116
5590603;Pensões (alojamento);Subclasse;I;55;559;55906;5590603;7237;1591,3309216526186;11516461,88;0,5722769815992959;-1189,3696356290243;-42,77230184007041;0,00009950355467065176;0,000056943593925321115;1;2;1;1266;793;945;Baixa remuneração e baixo emprego;0,004425458757102127
9609202;Agências matrimoniais;Subclasse;S;96;960;96092;9609202;77;1728,5632467532466;133099,37;0,6216286907365011;-1052,1373105283963;-37,83713092634989;0,0000010586947229017805;6,581150144870767e-7;1;1;1;1203;1280;1286;Baixa remuneração e baixo emprego;0,004364439980155598
8425600;Defesa Civil;Subclasse;O;84;842;84256;8425600;46;1728,536304347826;79512,67;0,6216190016653963;-1052,164252933817;-37,83809983346037;6,324669773179468e-7;3,93153491026713e-7;1;1;1;1204;1290;1297;Baixa remuneração e baixo emprego;0,004357987889439516
4751202;Recarga de cartuchos para equipamentos de informática;Subclasse;G;47;475;47512;4751202;1403;1689,1405844618675;2369864,24;0,6074514496135238;-1091,5599728197753;-39,25485503864762;0,000019290242808197376;0,00001171788595723635;1;1;1;1220;1100;1158;Baixa remuneração e baixo emprego;0,004247091997598784
9001905;Produção de espetáculos de rodeios, vaquejadas e similares;Subclasse;R;90;900;90019;9001905;323;1710,9406191950463;552633,82;0,615291213113442;-1069,7599380865965;-38,470878688655795;0,000004441018123341235;0,0000027325194285694105;1;1;1;1211;1226;1251;Baixa remuneração e baixo emprego;0,0042436368458505696
0119906;Cultivo de mandioca;Subclasse;A;01;011;01199;0119906;3461;1643,1489136087835;5686938,39;0,5909118510822657;-1137,5516436728594;-40,908814891773424;0,00004758626540211769;0,000028119288174857346;1;2;1;1244;944;1053;Baixa remuneração e baixo emprego;0,004203779917937515
1629302;Fabricação de artefatos diversos de cortiça, bambu, palha, vime e outros materiais trançados, exceto móveis;Subclasse;C;16;162;16293;1629302;1410;1680,2930780141846;2369213,24;0,604269695136396;-1100,4074792674583;-39,57303048636041;0,00001938648778300663;0,000011714667062402882;1;1;1;1226;1099;1159;Baixa remuneração e baixo emprego;0,004162690673066973
0311603;Coleta de outros produtos marinhos;Subclasse;A;03;031;03116;0311603;17;1707,0764705882352;29020,3;0,6139015817859363;-1073,6240866934077;-38,60984182140636;2,3373779596532816e-7;1,4349200266627342e-7;1;1;1;1212;1306;1307;Baixa remuneração e baixo emprego;0,004145563358694362
9529104;Reparação de bicicletas, triciclos e outros veículos não motorizados;Subclasse;S;95;952;95291;9529104;1071;1684,3047619047618;1803890,4;0,6057123833395799;-1096,395795376881;-39,428761666042014;0,000014725481145815674;0,00000891940628065406;1;1;1;1224;1130;1177;Baixa remuneração e baixo emprego;0,004134594327238997
0322103;Criação de ostras e mexilhões em água doce;Subclasse;A;03;032;03221;0322103;7;1704,3757142857141;11930,63;0,6129303314672176;-1076,3248429959287;-38,70696685327823;9,624497480925277e-8;5,899146431188932e-8;1;1;1;1214;1312;1313;Baixa remuneração e baixo emprego;0,00411757251138625
4762800;Comércio varejista de discos, CDs, DVDs e fitas;Subclasse;G;47;476;47628;4762800;1524;1673,317532808399;2550135,92;0,6017611383673043;-1107,383024473244;-39,82388616326957;0,000020953905944185888;0,000012609246294214726;1;1;1;1233;1089;1149;Baixa remuneração e baixo emprego;0,004117523492395495
0121102;Cultivo de morango;Subclasse;A;01;012;01211;0121102;4942;1603,9455766895994;7926699,04;0,5768134841018568;-1176,7549805920435;-42,318651589814316;0,00006794895221533246;0,000039193871868396506;1;2;1;1264;873;1002;Baixa remuneração e baixo emprego;0,004106698124318704
5590601;Albergues, exceto assistenciais;Subclasse;I;55;559;55906;5590601;2093;1656,1489870998566;3466319,83;0,5955869583882396;-1124,5515701817862;-40,44130416117604;0,00002877724746796658;0,000017139353290231887;1;1;1;1238;1034;1119;Baixa remuneração e baixo emprego;0,004062633582860771
8299703;Serviços de gravação de carimbos, exceto confecção;Subclasse;N;82;829;82997;8299703;539;1687,6144897959182;909624,21;0,606902632998965;-1093,0860674857247;-39,30973670010351;0,0000074108630603124636;0,000004497672304098402;1;1;1;1222;1196;1226;Baixa remuneração e baixo emprego;0,004061411222610766
0220904;Coleta de látex em florestas nativas;Subclasse;A;02;022;02209;0220904;293;1691,9335153583618;495736,52;0,6084558479077524;-1088,767041923281;-39,15441520922476;0,0000040285396598730085;0,0000024511885145780407;1;1;1;1219;1236;1255;Baixa remuneração e baixo emprego;0,0040544011823683635
0153901;Criação de caprinos;Subclasse;A;01;015;01539;0153901;952;1677,3659663865544;1596852,4;0,6032170425521524;-1103,3345908950885;-39,67829574478476;0,000013089316574058376;0,000007895698832832366;1;1;1;1228;1138;1185;Baixa remuneração e baixo emprego;0,004043951626205369
9529103;Reparação de relógios;Subclasse;S;95;952;95291;9529103;523;1681,491950286807;879420,29;0,6047008355083727;-1099,208606994836;-39,52991644916273;0,000007190874546462742;0,000004348327846281911;1;1;1;1225;1197;1228;Baixa remuneração e baixo emprego;0,003999144495586449
0322104;Criação de peixes ornamentais em água doce;Subclasse;A;03;032;03221;0322104;382;1679,9900261780103;641756,19;0,6041607111483931;-1100,7105311036325;-39,58392888516069;0,0000052522257681620795;0,000003173188455204718;1;1;1;1227;1217;1241;Baixa remuneração e baixo emprego;0,003956810731111689
8550301;Administração de caixas escolares;Subclasse;P;85;855;85503;8550301;9361;1501,483028522594;14055382,63;0,5399657379830979;-1279,217528759049;-46,00342620169021;0,00012870702988420217;0,00006949738637503586;1;2;1;1293;739;905;Baixa remuneração e baixo emprego;0,003929949289968312
0119904;Cultivo de cebola;Subclasse;A;01;011;01199;0119904;10162;1474,8709919307223;14987639,02;0,5303954746470532;-1305,8295653509206;-46,960452535294685;0,0001397202048588038;0,00007410696437386876;1;2;1;1301;712;893;Baixa remuneração e baixo emprego;0,0038118716029887064
0210102;Cultivo de acácia-negra;Subclasse;A;02;021;02101;0210102;92;1664,3926086956521;153124,12;0,5985515428251393;-1116,3079485859907;-40,144845717486064;0,0000012649339546358936;7,57128170119219e-7;1;1;1;1236;1274;1285;Baixa remuneração e baixo emprego;0,0037493204374458404
4311802;Preparação de canteiro e limpeza de terreno;Subclasse;F;43;431;43118;4311802;3930;1587,2976335877863;6238079,7;0,5708265240682717;-1193,4029236938566;-42,91734759317283;0,000054034678714337626;0,00003084442782965118;1;2;1;1269;914;1039;Baixa remuneração e baixo emprego;0,003747187426406892
0119901;Cultivo de abacaxi;Subclasse;A;01;011;01199;0119901;583;1654,013241852487;964289,72;0,5948188982525386;-1126,687315429156;-40,518110174746134;0,000008015831473399194;0,000004767968045585334;1;1;1;1239;1185;1222;Baixa remuneração e baixo emprego;0,0037456560253561907
0133406;Cultivo de guaraná;Subclasse;A;01;013;01334;0133406;17;1664,9829411764706;28304,71;0,5987638391399197;-1115,7176161051723;-40,12361608600803;2,3373779596532816e-7;1,3995374006430314e-7;1;1;1;1235;1305;1308;Baixa remuneração e baixo emprego;0,0037402551154404103
0139303;Cultivo de pimenta-do-reino;Subclasse;A;01;013;01393;0139303;2856;1605,4312114845939;4585111,54;0,5773477504726475;-1175,269345797049;-42,265224952735245;0,00003926794972217513;0,00002267126243777084;1;2;1;1263;983;1083;Baixa remuneração e baixo emprego;0,003717070596917746
4923001;Serviço de táxi;Subclasse;H;49;492;49230;4923001;2461;1613,030763917107;3969668,71;0,5800807137227223;-1167,669793364536;-41,99192862772777;0,000033836983286510156;0,000019628181415062635;1;1;1;1260;1007;1098;Baixa remuneração e baixo emprego;0,0037145881289895
0161002;Serviço de poda de árvores para lavouras;Subclasse;A;01;016;01610;0161002;4378;1571,3579396984924;6879405,06;0,5650942657538863;-1209,3426175831505;-43,49057342461137;0,00006019435710212981;0,000034015486029155275;1;2;1;1276;895;1026;Baixa remuneração e baixo emprego;0,003676781074250222
9529101;Reparação de calçados, bolsas e artigos de viagem;Subclasse;S;95;952;95291;9529101;2258;1613,1913241806908;3642586,01;0,5801384546625596;-1167,509233100952;-41,986154533744035;0,000031045879017041825;0,00001801090827658743;1;1;1;1259;1020;1112;Baixa remuneração e baixo emprego;0,003676733658642362
1413403;Facção de roupas profissionais;Subclasse;C;14;141;14134;1413403;4202;1568,7289338410283;6591798,98;0,5641488184454446;-1211,9716234406146;-43,58511815545554;0,00005777448344978288;0,00003259340657449091;1;2;1;1277;902;1032;Baixa remuneração e baixo emprego;0,003617114596446788
4542102;Comércio sob consignação de motocicletas e motonetas;Subclasse;G;45;454;45421;4542102;252;1646,2944444444445;414866,2;0,5920430519328658;-1134,4061128371984;-40,79569480671342;0,0000034648190931330998;0,000002051322070293785;1;1;1;1241;1242;1263;Baixa remuneração e baixo emprego;0,003606317616849846
0133403;Cultivo de caju;Subclasse;A;01;013;01334;0133403;616;1636,4362824675325;1008044,75;0,5884978438912818;-1144,2642748141104;-41,15021561087182;0,000008469557783214244;0,000004984316494134207;1;1;1;1246;1180;1218;Baixa remuneração e baixo emprego;0,0035823759959414396
0135100;Cultivo de cacau;Subclasse;A;01;013;01351;0135100;10994;1431,9833581953792;15743225,04;0,514972154928921;-1348,7171990862637;-48,5027845071079;0,00015115960757898928;0,00007784298885316219;1;2;1;1309;686;875;Baixa remuneração e baixo emprego;0,0035321540470291514
8592901;Ensino de dança;Subclasse;P;85;859;85929;8592901;3223;1577,4808160099285;5084220,67;0,5672961843658715;-1203,2197412717144;-43,270381563412855;0,0000443139362586031;0,000025139126953737986;1;2;1;1274;963;1070;Baixa remuneração e baixo emprego;0,0035147387892701973
0220903;Coleta de castanha-do-pará em florestas nativas;Subclasse;A;02;022;02209;0220903;79;1616,1089873417723;127672,61;0,5811877093740895;-1164,5915699398706;-41,88122906259105;0,0000010861932871329956;6,312821884863384e-7;1;1;1;1257;1279;1287;Baixa remuneração e baixo emprego;0,003281708012633069
3299001;Fabricação de guarda-chuvas e similares;Subclasse;C;32;329;32990;3299001;945;1591,1797248677249;1503664,84;0,5722226079687021;-1189,520832413918;-42,7777392031298;0,000012993071599249124;0,0000074349293160464096;1;1;1;1267;1141;1190;Baixa remuneração e baixo emprego;0,0032088376667850096
0133401;Cultivo de açaí;Subclasse;A;01;013;01334;0133401;1872;1565,7870833333334;2931153,42;0,5630908654414827;-1214,9134739483095;-43,690913455851735;0,000025738656120417312;0,0000144932021501465;1;1;1;1279;1054;1137;Baixa remuneração e baixo emprego;0,003141083316762588
9329801;Discotecas, danceterias, salões de dança e similares;Subclasse;R;93;932;93298;9329801;2876;1539,685507649513;4428135,52;0,5537041748769521;-1241,0150496321298;-44,629582512304786;0,00003954293536448728;0,000021895088398206083;1;2;1;1288;981;1087;Baixa remuneração e baixo emprego;0,0030788099481732518
8011102;Serviços de adestramento de cães de guarda;Subclasse;N;80;801;80111;8011102;436;1584,4664220183486;690827,36;0,5698083592169634;-1196,2341352632943;-43,01916407830366;0,000005994687002404887;0,0000034158227648595855;1;1;1;1272;1212;1237;Baixa remuneração e baixo emprego;0,0030457627346497174
0220905;Coleta de palmito em florestas nativas;Subclasse;A;02;022;02209;0220905;125;1586,95024;198368,78;0,5707015938283447;-1193,750317281643;-42,929840617165524;0,0000017186602644509424;9,808421521715975e-7;1;1;1;1270;1266;1281;Baixa remuneração e baixo emprego;0,003009732325810256
4541207;Comércio a varejo de peças e acessórios usados para motocicletas e motonetas;Subclasse;G;45;454;45412;4541207;541;1572,312865064695;850621,26;0,5654376775476164;-1208,387692216948;-43,456232245238354;0,000007438361624543679;0,000004205929921741294;1;1;1;1275;1195;1229;Baixa remuneração e baixo emprego;0,002948674772432612
0322102;Criação de camarões em água doce;Subclasse;A;03;032;03221;0322102;809;1551,4523980222498;1255124,99;0,557935802889513;-1229,248159259393;-44,206419711048696;0,000011123169231526499;0,000006206014355867665;1;1;1;1283;1160;1201;Baixa remuneração e baixo emprego;0,002798527466328812
0133411;Cultivo de pêssego;Subclasse;A;01;013;01334;0133411;795;1543,8280503144654;1227343,3;0,5551939227227259;-1236,8725069671775;-44,4806077277274;0,000010930679281907994;0,000006068646708546529;1;1;1;1285;1163;1204;Baixa remuneração e baixo emprego;0,0027221509223670404
0321304;Criação de peixes ornamentais em água salgada e salobra;Subclasse;A;03;032;03213;0321304;53;1541,4894339622642;81698,94;0,5543529057545101;-1239,2111233193787;-44,56470942454899;7,287119521271995e-7;4,0396358811975454e-7;1;1;1;1286;1287;1295;Baixa remuneração e baixo emprego;0,002558032346295138
0210109;Produção de casca de acácia-negra - florestas plantadas;Subclasse;A;02;021;02101;0210109;36;1534,500277777778;55242,01;0,5518394541834;-1246,200279503865;-44,816054581660005;4,949741561618714e-7;2,731462681712561e-7;1;1;1;1289;1293;1302;Baixa remuneração e baixo emprego;0,0024874868563920954
9609206;Serviços de tatuagem e colocação de piercing;Subclasse;S;96;960;96092;9609206;1451;1493,589145416954;2167197,85;0,5371269270636809;-1287,111411864689;-46,287307293631905;0,000019950208349746537;0,000010715794105179549;1;1;1;1295;1094;1163;Baixa remuneração e baixo emprego;0,0023601149108110446
0220902;Produção de carvão vegetal - florestas nativas;Subclasse;A;02;022;02209;0220902;2697;1457,1855543196143;3930029,44;0,5240354091718994;-1323,5150029620286;-47,596459082810064;0,00003708181386579353;0,00001943218350199733;1;1;1;1304;994;1099;Baixa remuneração e baixo emprego;0,002239625808040291
0133409;Cultivo de maracujá;Subclasse;A;01;013;01334;0133409;854;1481,7742037470725;1265435,17;0,5328780187664742;-1298,9263535345704;-46,71219812335258;0,000011741886926728838;0,000006256993442095229;1;1;1;1299;1152;1200;Baixa remuneração e baixo emprego;0,002133397625404965
9200301;Casas de bingo;Subclasse;R;92;920;92003;9200301;32;1496,02875;47872,92;0,5380042615816525;-1284,671807281643;-46,19957384183475;4,3997702769944123e-7;2,367095159003282e-7;1;1;1;1294;1295;1303;Baixa remuneração e baixo emprego;0,002116264556669683
0159802;Criação de animais de estimação;Subclasse;A;01;015;01598;0159802;841;1472,4217122473244;1238306,66;0,5295146607539556;-1308,2788450343185;-47,04853392460444;0,00001156314625922594;0,000006122855468702395;1;1;1;1303;1154;1203;Baixa remuneração e baixo emprego;0,0020405304010581563
4623107;Comércio atacadista de sisal;Subclasse;G;46;462;46231;4623107;26;1488,1676923076923;38692,36;0,5351772553900932;-1292,5328649739506;-46,48227446099068;3,57481335005796e-7;1,9131587972158838e-7;1;1;1;1296;1299;1305;Baixa remuneração e baixo emprego;0,0020394378249426193
0170900;Caça e serviços relacionados;Subclasse;A;01;017;01709;0170900;59;1477,7405084745762;87186,69;0,531427414794776;-1302,9600488070666;-46,85725852052241;8,112076448208448e-7;4,310979815489004e-7;1;1;1;1300;1285;1294;Baixa remuneração e baixo emprego;0,0019452244801357083
9001904;Produção de espetáculos circenses, de marionetes e similares;Subclasse;R;90;900;90019;9001904;119;1472,9930252100842;175286,17;0,5297201172391077;-1307,7075320715587;-47,027988276089225;0,000001636164571757297;8,667092887737501e-7;1;1;1;1302;1268;1283;Baixa remuneração e baixo emprego;0,0019107468672629813
8592902;Ensino de artes cênicas, exceto dança;Subclasse;P;85;859;85929;8592902;186;1454,1625268817204;270474,23;0,5229482631899354;-1326,5380303999225;-47,705173681006464;0,000002557366473503002;0,0000013373703556585648;1;1;1;1305;1250;1272;Baixa remuneração e baixo emprego;0,0017418349925993075
4633803;Comércio atacadista de coelhos e outros pequenos animais vivos para alimentação;Subclasse;G;46;463;46338;4633803;1;1451,35;1451,35;0,52193681775603;-1329,350557281643;-47,806318224397;1,3749282115607538e-8;7,1762565538500955e-9;1;1;1;1306;1316;1319;Baixa remuneração e baixo emprego;0,0016802543021835134
0220999;Coleta de produtos não madeireiros não especificados anteriormente em florestas nativas;Subclasse;A;02;022;02209;0220999;2565;1391,807828460039;3569987,08;0,5005241664066995;-1388,892728821604;-49,947583359330054;0,00003526690862653334;0,000017651940042036838;1;1;1;1311;1003;1116;Baixa remuneração e baixo emprego;0,0015774292716464852
0162802;Serviço de tosquiamento de ovinos;Subclasse;A;01;016;01628;0162802;45;1435,6486666666667;64604,19;0,5162902790475679;-1345,0518906149762;-48,37097209524322;6,187176952023393e-7;3,194379315076838e-7;1;1;1;1308;1291;1299;Baixa remuneração e baixo emprego;0,0015372486050071175
9700500;Serviços domésticos;Subclasse;T;97;970;97005;9700500;1764;1382,7426587301586;2439158,05;0,4972641355104773;-1397,9578985514843;-50,273586448952265;0,0000242537336519317;0,000012060511897329189;1;1;1;1313;1061;1155;Baixa remuneração e baixo emprego;0,0013424088649076752
8299705;Serviços de levantamento de fundos sob contrato;Subclasse;N;82;829;82997;8299705;156;1384,184935897436;215932,85;0,49778280954155935;-1396,515621384207;-50,22171904584407;0,000002144888010034776;0,0000010676883797871152;1;1;1;1312;1255;1278;Baixa remuneração e baixo emprego;0,0010619728367254585
8299707;Salas de acesso à Internet;Subclasse;N;82;829;82997;8299707;1371;1353,541772428884;1855705,77;0,4867628658844444;-1427,1587848527588;-51,32371341155556;0,000018850265780497936;0,000009175609393998648;1;1;1;1315;1106;1172;Baixa remuneração e baixo emprego;0,0009873932954156468
0159803;Criação de escargô;Subclasse;A;01;015;01598;0159803;8;1367,4;10939,2;0,4917465839388125;-1413,3005572816428;-50,825341606118755;1,0999425692486031e-7;5,408930009568813e-8;1;1;1;1314;1310;1314;Baixa remuneração e baixo emprego;0,000873261444554039
7722500;Aluguel de fitas de vídeo, DVDs e similares;Subclasse;N;77;772;77225;7722500;302;1350,3588079470198;407808,36;0,48561820308588116;-1430,341749334623;-51,43817969141189;0,000004152283198913477;0,0000020164243057600573;1;1;1;1316;1233;1265;Baixa remuneração e baixo emprego;0,000762537733646518
0139304;Cultivo de plantas para condimento, exceto pimenta-do-reino;Subclasse;A;01;013;01393;0139304;436;1294,77623853211;564522,44;0,4656295102115768;-1485,9243187495329;-53,43704897884231;0,000005994687002404887;0,000002791303172801493;1;1;1;1318;1211;1248;Baixa remuneração e baixo emprego;0,00025053884199313626
8424800;Segurança e ordem pública;Subclasse;O;84;842;84248;8424800;31;1276,8312903225806;39581,77;0,45917611911826467;-1503,8692669590623;-54,08238808817354;4,262277455838337e-7;1,9571360207771185e-7;1;1;1;1319;1296;1304;Baixa remuneração e baixo emprego;0,000005329236285126747