id_tipologia,regiao,tipologia_pndr,n_municipios,pib_2021_mil,pop_2021,pop_2022,massa_total,massa_obj4,massa_com_agr,massa_com_min,sem_correspondencia_territorial,pib_pc_2021,massa_com,razao_dependencia_com,q_pib_2021,q_pib_pc_2021,q_pop_2021,grupo_q_pib,grupo_q_pib_pc,grupo_q_pop,cruz_q_pib_pop,cruz_q_pibpc_pop,flag_dep_q_pib_pop,flag_dep_q_pibpc_pop
110001,Norte,Média Renda e Baixo Dinamismo,3,1782341.0,89933.0,72819.0,436012852.6981436,71728837.48776102,27670707.928998947,45082708.03478819,0,19818.5426928936,72753415.96378714,1.0142840524384762,2,2,2,QPIB2,QPIBPC2,QPOP2,QPIB2_QPOP2,QPIBPC2_QPOP2,Acima ou igual à média simples do grupo,Acima ou igual à média simples do grupo
110002,Norte,Média Renda e Médio Dinamismo,8,5795055.0,242279.0,183056.0,2056838276.6347375,500567222.1860743,168902490.34027317,59211672.144340515,0,23918.932305317423,228114162.4846137,0.4557113457976629,3,2,3,QPIB3,QPIBPC2,QPOP3,QPIB3_QPOP3,QPIBPC2_QPOP3,Abaixo da média simples do grupo,Acima ou igual à média simples do grupo
110003,Norte,Média Renda e Médio Dinamismo,5,3056922.0,122216.0,104758.0,1135615620.8347764,250849327.1482423,48324102.9573555,5853307.928115845,0,25012.45336126203,54177410.885471344,0.2159759067380499,3,2,2,QPIB3,QPIBPC2,QPOP2,QPIB3_QPOP2,QPIBPC2_QPOP2,Abaixo da média simples do grupo,Abaixo da média simples do grupo
110004,Norte,Média Renda e Médio Dinamismo,13,8110878.0,313023.0,289321.0,3563894942.464768,917831396.0892684,130075634.20766953,7840470.3542022705,0,25911.444206975208,137916104.5618718,0.15026300598291809,4,3,4,QPIB4,QPIBPC3,QPOP4,QPIB4_QPOP4,QPIBPC3_QPOP4,Acima ou igual à média simples do grupo,Acima ou igual à média simples do grupo
110005,Norte,Média Renda e Médio Dinamismo,14,8659168.0,308988.0,292585.0,4009418616.437077,1022933483.1315703,256294880.69683957,26134416.746063232,0,28024.285732779266,282429297.4429028,0.27609742187564756,4,3,4,QPIB4,QPIBPC3,QPOP4,QPIB4_QPOP4,QPIBPC3_QPOP4,Acima ou igual à média simples do grupo,Acima ou igual à média simples do grupo
110006,Norte,Média Renda e Médio Dinamismo,7,5824083.0,161819.0,151080.0,3087352136.768785,720389830.0321826,329685037.5527444,4604265.697845459,0,35991.34217860696,334289303.25058985,0.46403945379914074,3,3,3,QPIB3,QPIBPC3,QPOP3,QPIB3_QPOP3,QPIBPC3_QPOP3,Abaixo da média simples do grupo,Abaixo da média simples do grupo
1100205,Norte,Média Renda e Baixo Dinamismo,1,17208124.0,548952.0,457313.0,8233445713.441541,2305342519.4441075,70416812.71097541,16775380.90605545,0,31347.22890161617,87192193.61703086,0.03782179562543084,4,3,4,QPIB4,QPIBPC3,QPOP4,QPIB4_QPOP4,QPIBPC3_QPOP4,Abaixo da média simples do grupo,Abaixo da média simples do grupo
1100809,Norte,Média Renda e Médio Dinamismo,1,618520.0,28068.0,22294.0,136809377.05710617,30031099.398832552,27464262.701698303,3423365.4694519043,0,22036.482827419124,30887628.171150208,1.0285213924719303,1,2,1,QPIB1,QPIBPC2,QPOP1,QPIB1_QPOP1,QPIBPC2_QPOP1,Abaixo da média simples do grupo,Abaixo da média simples do grupo
120001,Norte,Média Renda e Baixo Dinamismo,7,12411940.0,520759.0,453309.0,5702749943.454331,1517365774.2239175,136503769.70664793,913514.3639450073,0,23834.32643506881,137417284.07059294,0.09056305763907015,4,2,4,QPIB4,QPIBPC2,QPOP4,QPIB4_QPOP4,QPIBPC2_QPOP4,Abaixo da média simples do grupo,Abaixo da média simples do grupo
120002,Norte,Média Renda e Médio Dinamismo,4,1744735.0,73617.0,70804.0,343792114.720358,107216528.4832083,19271600.056152344,348446.0589904785,0,23700.164364209355,19620046.115142822,0.18299460346932994,2,2,2,QPIB2,QPIBPC2,QPOP2,QPIB2_QPOP2,QPIBPC2_QPOP2,Abaixo da média simples do grupo,Abaixo da média simples do grupo
120003,Norte,Baixa Renda e Baixo Dinamismo,3,1004935.0,63762.0,59452.0,180137288.16846466,19889796.602607727,19528450.424736023,0.0,0,15760.719550829648,19528450.424736023,0.9818325855667962,2,2,2,QPIB2,QPIBPC2,QPOP2,QPIB2_QPOP2,QPIBPC2_QPOP2,Acima ou igual à média simples do grupo,Acima ou igual à média simples do grupo
120004,Norte,Baixa Renda e Baixo Dinamismo,5,2791685.0,161394.0,153006.0,624773142.9585949,160793838.6356697,4264872.905593872,628051.5427246094,0,17297.328277383298,4892924.448318481,0.03042980060576189,3,2,3,QPIB3,QPIBPC2,QPOP3,QPIB3_QPOP3,QPIBPC2_QPOP3,Abaixo da média simples do grupo,Abaixo da média simples do grupo
120005,Norte,Baixa Renda e Médio Dinamismo,3,1342427.0,87344.0,87203.0,180786666.63755798,12706783.02166748,8319114.729095459,0.0,0,15369.424345118154,8319114.729095459,0.6546987317647422,2,1,2,QPIB2,QPIBPC1,QPOP2,QPIB2_QPOP2,QPIBPC1_QPOP2,Acima ou igual à média simples do grupo,Acima ou igual à média simples do grupo
130001,Norte,Baixa Renda e Médio Dinamismo,2,713039.0,80993.0,59896.0,50127007.4357605,4582218.335449219,0.0,0.0,0,8803.711431852136,0.0,0.0,1,1,2,QPIB1,QPIBPC1,QPOP2,QPIB1_QPOP2,QPIBPC1_QPOP2,Abaixo da média simples do grupo,Abaixo da média simples do grupo
130002,Norte,Baixa Renda e Médio Dinamismo,3,822868.0,101369.0,84329.0,62116177.79084778,5573455.765869141,0.0,2131429.1157226562,0,8117.550730499463,2131429.1157226562,0.38242505283259837,1,1,2,QPIB1,QPIBPC1,QPOP2,QPIB1_QPOP2,QPIBPC1_QPOP2,Acima ou igual à média simples do grupo,Acima ou igual à média simples do grupo
130003,Norte,Baixa Renda e Baixo Dinamismo,4,4236312.0,158844.0,131789.0,541260743.4159791,19330316.426376343,49192.3203125,350927776.0888672,0,26669.6381355292,350976968.4091797,18.156814439429937,3,3,3,QPIB3,QPIBPC3,QPOP3,QPIB3_QPOP3,QPIBPC3_QPOP3,Acima ou igual à média simples do grupo,Acima ou igual à média simples do grupo
130004,Norte,Baixa Renda e Médio Dinamismo,2,309795.0,27774.0,23291.0,4529415.353027344,212913.40673828125,0.0,0.0,0,11154.136962626917,0.0,0.0,1,1,1,QPIB1,QPIBPC1,QPOP1,QPIB1_QPOP1,QPIBPC1_QPOP1,Abaixo da média simples do grupo,Abaixo da média simples do grupo
130005,Norte,Baixa Renda e Alto Dinamismo,9,2699420.0,183623.0,217929.0,218016112.31829193,56021514.373867035,0.0,0.0,0,14700.881697826526,0.0,0.0,2,1,3,QPIB2,QPIBPC1,QPOP3,QPIB2_QPOP3,QPIBPC1_QPOP3,Abaixo da média simples do grupo,Abaixo da média simples do grupo
130006,Norte,Baixa Renda e Médio Dinamismo,7,2099520.0,226941.0,210204.0,172368294.1437993,33895298.951301575,0.0,0.0,0,9251.391330786415,0.0,0.0,2,1,3,QPIB2,QPIBPC1,QPOP3,QPIB2_QPOP3,QPIBPC1_QPOP3,Abaixo da média simples do grupo,Abaixo da média simples do grupo
130007,Norte,Baixa Renda e Alto Dinamismo,5,1276331.0,113011.0,98926.0,34928887.81492233,3628443.9525756836,180872.15881347656,0.0,0,11293.865198962932,180872.15881347656,0.04984840917415379,2,1,2,QPIB2,QPIBPC1,QPOP2,QPIB2_QPOP2,QPIBPC1_QPOP2,Abaixo da média simples do grupo,Abaixo da média simples do grupo
130008,Norte,Baixa Renda e Alto Dinamismo,5,1657270.0,135116.0,136222.0,172225698.60334778,12620967.565769196,53368997.16717148,0.0,0,12265.534799727642,53368997.16717148,4.228597917636662,2,1,3,QPIB2,QPIBPC1,QPOP3,QPIB2_QPOP3,QPIBPC1_QPOP3,Acima ou igual à média simples do grupo,Acima ou igual à média simples do grupo
130009,Norte,Baixa Renda e Médio Dinamismo,4,1983815.0,163782.0,155494.0,317532586.8790636,46926304.75979614,11954261.426147461,1105922.3406982422,0,12112.533733865748,13060183.766845703,0.27831264007889545,2,1,3,QPIB2,QPIBPC1,QPOP3,QPIB2_QPOP3,QPIBPC1_QPOP3,Acima ou igual à média simples do grupo,Acima ou igual à média simples do grupo
130010,Norte,Baixa Renda e Médio Dinamismo,5,2615254.0,257267.0,231745.0,318492761.7728176,64330001.924949646,232741.2314453125,0.0,0,10165.524532878293,232741.2314453125,0.003617926697978949,2,1,4,QPIB2,QPIBPC1,QPOP4,QPIB2_QPOP4,QPIBPC1_QPOP4,Abaixo da média simples do grupo,Abaixo da média simples do grupo
130011,Norte,Baixa Renda e Médio Dinamismo,3,555217.0,54783.0,53595.0,16517006.18185699,609056.0169580076,0.0,606673.60546875,0,10134.841100341348,606673.60546875,0.996088354071015,1,1,2,QPIB1,QPIBPC1,QPOP2,QPIB1_QPOP2,QPIBPC1_QPOP2,Acima ou igual à média simples do grupo,Acima ou igual à média simples do grupo
1300300,Norte,Baixa Renda e Alto Dinamismo,1,484469.0,41005.0,41538.0,37395137.66004944,9112784.34035492,569156.5,0.0,0,11814.876234605536,569156.5,0.06245692630731485,1,1,1,QPIB1,QPIBPC1,QPOP1,QPIB1_QPOP1,QPIBPC1_QPOP1,Abaixo da média simples do grupo,Abaixo da média simples do grupo
1301100,Norte,Baixa Renda e Médio Dinamismo,1,379542.0,38820.0,30706.0,23944237.64832878,2419068.8426208496,235293.36083984375,0.0,0,9776.970633693973,235293.36083984375,0.09726608713827423,1,1,1,QPIB1,QPIBPC1,QPOP1,QPIB1_QPOP1,QPIBPC1_QPOP1,Abaixo da média simples do grupo,Abaixo da média simples do grupo
1301159,Norte,Baixa Renda e Baixo Dinamismo,1,407836.0,31459.0,19570.0,5302322.886962891,211292.69946289062,0.0,0.0,0,12964.048444006485,0.0,0.0,1,1,1,QPIB1,QPIBPC1,QPOP1,QPIB1_QPOP1,QPIBPC1_QPOP1,Abaixo da média simples do grupo,Abaixo da média simples do grupo
1301852,Norte,Baixa Renda e Médio Dinamismo,1,943560.0,49718.0,60869.0,272841819.554551,133292497.99899662,1212.0,4714892.323356628,0,18978.237258135887,4716104.323356628,0.035381618576854415,1,2,2,QPIB1,QPIBPC2,QPOP2,QPIB1_QPOP2,QPIBPC2_QPOP2,Abaixo da média simples do grupo,Abaixo da média simples do grupo
1301902,Norte,Baixa Renda e Médio Dinamismo,1,2150473.0,104046.0,103130.0,490633008.7370701,83126903.17115402,3180552.788482666,0.0,0,20668.483170905176,3180552.788482666,0.03826141317852382,2,2,2,QPIB2,QPIBPC2,QPOP2,QPIB2_QPOP2,QPIBPC2_QPOP2,Abaixo da média simples do grupo,Abaixo da média simples do grupo
1302009,Norte,Baixa Renda e Médio Dinamismo,1,145318.0,9312.0,10102.0,7798176.447502136,2350755.202278137,0.0,0.0,0,15605.455326460482,0.0,0.0,1,1,1,QPIB1,QPIBPC1,QPOP1,QPIB1_QPOP1,QPIBPC1_QPOP1,Abaixo da média simples do grupo,Abaixo da média simples do grupo
1302504,Norte,Baixa Renda e Médio Dinamismo,1,1473025.0,99613.0,101683.0,223358394.3772061,72858706.85449113,33900.900390625,0.0,0,14787.47753807234,33900.900390625,0.00046529648760208943,2,1,2,QPIB2,QPIBPC1,QPOP2,QPIB2_QPOP2,QPIBPC1_QPOP2,Abaixo da média simples do grupo,Abaixo da média simples do grupo
1302553,Norte,Baixa Renda e Baixo Dinamismo,1,304361.0,33981.0,17107.0,9278397.33328247,244727.271484375,0.0,0.0,0,8956.799387893234,0.0,0.0,1,1,1,QPIB1,QPIBPC1,QPOP1,QPIB1_QPOP1,QPIBPC1_QPOP1,Abaixo da média simples do grupo,Abaixo da média simples do grupo
1302603,Norte,Média Renda e Baixo Dinamismo,1,82264073.0,2255903.0,2057266.0,43619117456.8192,17795383793.02594,2202117.8885498047,227773146.15725517,0,36466.13927992471,229975264.04580498,0.012923310152823617,4,3,4,QPIB4,QPIBPC3,QPOP4,QPIB4_QPOP4,QPIBPC3_QPOP4,Abaixo da média simples do grupo,Abaixo da média simples do grupo
1303205,Norte,Baixa Renda e Médio Dinamismo,1,179506.0,20395.0,15730.0,36312042.7292099,24688896.555992126,0.0,0.0,0,8801.470948761951,0.0,0.0,1,1,1,QPIB1,QPIBPC1,QPOP1,QPIB1_QPOP1,QPIBPC1_QPOP1,Abaixo da média simples do grupo,Abaixo da média simples do grupo
1303536,Norte,Média Renda e Médio Dinamismo,1,988809.0,38095.0,30646.0,564579779.5325165,22105066.72379303,139556531.8482437,11152060.703491211,0,25956.398477490486,150708592.55173492,6.8178302483709805,2,3,1,QPIB2,QPIBPC3,QPOP1,QPIB2_QPOP1,QPIBPC3_QPOP1,Acima ou igual à média simples do grupo,Acima ou igual à média simples do grupo
1303569,Norte,Baixa Renda e Baixo Dinamismo,1,380842.0,34856.0,24864.0,81517211.83762741,42365993.47786713,1357690.435546875,0.0,0,10926.153316502181,1357690.435546875,0.032046703596273755,1,1,1,QPIB1,QPIBPC1,QPOP1,QPIB1_QPOP1,QPIBPC1_QPOP1,Abaixo da média simples do grupo,Abaixo da média simples do grupo
1304005,Norte,Baixa Renda e Alto Dinamismo,1,166594.0,9289.0,11537.0,100200824.02690369,2392011.5236816406,3676.39990234375,17944744.774414062,0,17934.546237485196,17948421.174316406,7.503484409093177,1,2,1,QPIB1,QPIBPC2,QPOP1,QPIB1_QPOP1,QPIBPC2_QPOP1,Acima ou igual à média simples do grupo,Acima ou igual à média simples do grupo
140002,Norte,Baixa Renda e Médio Dinamismo,4,885322.0,56455.0,58784.0,56161688.25366974,23894155.75436783,6135266.3583602905,0.0,0,15681.90594278629,6135266.3583602905,0.2567684927406891,1,2,2,QPIB1,QPIBPC2,QPOP2,QPIB1_QPOP2,QPIBPC2_QPOP2,Abaixo da média simples do grupo,Abaixo da média simples do grupo
140003,Norte,Média Renda e Médio Dinamismo,4,1285753.0,58706.0,58872.0,208539994.2174325,107105465.89608574,3509788.1365585327,833564.083984375,0,21901.560317514395,4343352.220542908,0.04055210613393764,2,2,2,QPIB2,QPIBPC2,QPOP2,QPIB2_QPOP2,QPIBPC2_QPOP2,Abaixo da média simples do grupo,Abaixo da média simples do grupo
140004,Norte,Baixa Renda e Médio Dinamismo,2,637844.0,35272.0,30795.0,51770656.42064667,7077949.991783142,10061320.652252197,38368.520263671875,0,18083.579042866862,10099689.17251587,1.4269229344994938,1,2,1,QPIB1,QPIBPC2,QPOP1,QPIB1_QPOP1,QPIBPC2_QPOP1,Abaixo da média simples do grupo,Abaixo da média simples do grupo
1400050,Norte,Baixa Renda e Alto Dinamismo,1,378460.0,15249.0,20906.0,31634599.45780754,4998679.135406494,18326582.25950432,0.0,0,24818.67663453341,18326582.25950432,3.6662849851061696,1,2,1,QPIB1,QPIBPC2,QPOP1,QPIB1_QPOP1,QPIBPC2_QPOP1,Acima ou igual à média simples do grupo,Acima ou igual à média simples do grupo
1400100,Norte,Média Renda e Baixo Dinamismo,1,11914935.0,436591.0,402749.0,4868521092.008787,1307176381.1289225,26356043.249275208,5894404.695396423,0,27290.839710392564,32250447.94467163,0.024671841084535996,4,3,4,QPIB4,QPIBPC3,QPOP4,QPIB4_QPOP4,QPIBPC3_QPOP4,Abaixo da média simples do grupo,Abaixo da média simples do grupo
1400159,Norte,Baixa Renda e Alto Dinamismo,1,514019.0,12701.0,13844.0,54912901.70131683,27020336.430007935,16272111.045410156,0.0,0,40470.75033461932,16272111.045410156,0.6022171888037212,1,4,1,QPIB1,QPIBPC4,QPOP1,QPIB1_QPOP1,QPIBPC4_QPOP1,Abaixo da média simples do grupo,Abaixo da média simples do grupo
1400175,Norte,Baixa Renda e Baixo Dinamismo,1,322426.0,19257.0,18521.0,50625358.25635339,8609916.531423587,15012428.521453857,362329.8065185547,0,16743.314119540944,15374758.327972412,1.7857035282350533,1,2,1,QPIB1,QPIBPC2,QPOP1,QPIB1_QPOP1,QPIBPC2_QPOP1,Abaixo da média simples do grupo,Acima ou igual à média simples do grupo
1400308,Norte,Baixa Renda e Médio Dinamismo,1,370938.0,18482.0,17952.0,38225297.353622206,3451164.6463241577,10687687.775512695,3221475.2117385864,0,20070.230494535223,13909162.987251282,4.030280908813191,1,2,1,QPIB1,QPIBPC2,QPOP1,QPIB1_QPOP1,QPIBPC2_QPOP1,Acima ou igual à média simples do grupo,Acima ou igual à média simples do grupo
150001,Norte,Baixa Renda e Baixo Dinamismo,8,4422124.0,301679.0,285262.0,1197936189.3949907,721524730.2268991,39473101.24116516,5531760.013183594,0,14658.375292943825,45004861.254348755,0.062374662113377596,3,1,4,QPIB3,QPIBPC1,QPOP4,QPIB3_QPOP4,QPIBPC1_QPOP4,Abaixo da média simples do grupo,Abaixo da média simples do grupo
150002,Norte,Baixa Renda e Médio Dinamismo,4,2684169.0,235536.0,224119.0,201662412.19832104,53137356.298027344,256081.68359375,0.0,0,11396.003158752803,256081.68359375,0.004819240200010792,2,1,3,QPIB2,QPIBPC1,QPOP3,QPIB2_QPOP3,QPIBPC1_QPOP3,Abaixo da média simples do grupo,Abaixo da média simples do grupo
150003,Norte,Baixa Renda e Médio Dinamismo,4,4786584.0,419611.0,378576.0,1949240381.5448499,1065114837.3502215,52050655.95475174,3851400.172393799,0,11407.193805691462,55902056.127145536,0.052484534218129875,3,1,4,QPIB3,QPIBPC1,QPOP4,QPIB3_QPOP4,QPIBPC1_QPOP4,Abaixo da média simples do grupo,Abaixo da média simples do grupo
150004,Norte,Baixa Renda e Médio Dinamismo,13,3699072.0,343618.0,316031.0,747940432.6657076,219486083.62457466,43237929.77398682,1059746.5767211914,0,10765.070514350238,44297676.35070801,0.20182453310560705,3,1,4,QPIB3,QPIBPC1,QPOP4,QPIB3_QPOP4,QPIBPC1_QPOP4,Abaixo da média simples do grupo,Acima ou igual à média simples do grupo
150005,Norte,Baixa Renda e Médio Dinamismo,6,2918980.0,325847.0,294351.0,537503468.4893084,212525393.3577466,14992431.445220947,7736211.390991211,0,8958.130656412366,22728642.83621216,0.10694553943468184,3,1,4,QPIB3,QPIBPC1,QPOP4,QPIB3_QPOP4,QPIBPC1_QPOP4,Abaixo da média simples do grupo,Abaixo da média simples do grupo
150006,Norte,Baixa Renda e Médio Dinamismo,9,2777472.0,206410.0,197536.0,1117183512.795566,356376129.6556494,10381851.227836609,17588.780517578125,0,13456.09224359285,10399440.008354187,0.029181079042534943,2,1,3,QPIB2,QPIBPC1,QPOP3,QPIB2_QPOP3,QPIBPC1_QPOP3,Abaixo da média simples do grupo,Abaixo da média simples do grupo
150007,Norte,Baixa Renda e Baixo Dinamismo,6,7843703.0,369089.0,288541.0,2974787847.5748496,625091291.5520561,361587301.5363555,377909866.1950836,0,21251.521990630987,739497167.7314391,1.183022668409476,4,2,4,QPIB4,QPIBPC2,QPOP4,QPIB4_QPOP4,QPIBPC2_QPOP4,Acima ou igual à média simples do grupo,Acima ou igual à média simples do grupo
150008,Norte,Baixa Renda e Médio Dinamismo,4,1369307.0,120298.0,119350.0,271367742.66362906,108761669.44041587,21299567.584968567,8709782.17956543,0,11382.624815042644,30009349.764533997,0.27591843632902635,2,1,2,QPIB2,QPIBPC1,QPOP2,QPIB2_QPOP2,QPIBPC1_QPOP2,Abaixo da média simples do grupo,Acima ou igual à média simples do grupo
150009,Norte,Média Renda e Alto Dinamismo,13,16201994.0,589203.0,528080.0,6042084149.462706,1040627311.3851551,267738413.45826125,754334988.2121849,0,27498.15258917555,1022073401.6704462,0.9821704566930766,4,3,4,QPIB4,QPIBPC3,QPOP4,QPIB4_QPOP4,QPIBPC3_QPOP4,Acima ou igual à média simples do grupo,Acima ou igual à média simples do grupo
150010,Norte,Média Renda e Médio Dinamismo,4,86946774.0,309723.0,392007.0,11398719081.905214,2610067134.418281,79677064.97279102,3292179570.2369943,0,280724.3052663186,3371856635.2097855,1.2918658645771914,4,4,4,QPIB4,QPIBPC4,QPOP4,QPIB4_QPOP4,QPIBPC4_QPOP4,Acima ou igual à média simples do grupo,Acima ou igual à média simples do grupo
150011,Norte,Baixa Renda e Baixo Dinamismo,6,9071105.0,403932.0,315392.0,1243090377.0429528,222392197.85062766,97921926.63849258,274566.8310546875,0,22457.010090807362,98196493.46954727,0.4415464859765544,4,2,4,QPIB4,QPIBPC2,QPOP4,QPIB4_QPOP4,QPIBPC2_QPOP4,Acima ou igual à média simples do grupo,Acima ou igual à média simples do grupo
150012,Norte,Média Renda e Médio Dinamismo,8,6179021.0,276044.0,220355.0,2496218887.2219234,522720787.0537393,617163662.8305984,12029926.354011536,0,22384.188752517715,629193589.1846099,1.2036896269823003,3,2,4,QPIB3,QPIBPC2,QPOP4,QPIB3_QPOP4,QPIBPC2_QPOP4,Acima ou igual à média simples do grupo,Acima ou igual à média simples do grupo
150013,Norte,Média Renda e Baixo Dinamismo,3,3796522.0,210224.0,137132.0,1295958341.0444393,277612252.94857144,168334265.26877522,265578799.85006714,0,18059.412816804932,433913065.11884236,1.563018420513399,3,2,3,QPIB3,QPIBPC2,QPOP3,QPIB3_QPOP3,QPIBPC2_QPOP3,Acima ou igual à média simples do grupo,Acima ou igual à média simples do grupo
150014,Norte,Média Renda e Médio Dinamismo,4,2498733.0,97509.0,94651.0,1228397214.8084912,179664260.3896949,257523864.89248443,119216336.75246811,0,25625.665323200934,376740201.64495254,2.096912323173215,2,3,2,QPIB2,QPIBPC3,QPOP2,QPIB2_QPOP2,QPIBPC3_QPOP2,Acima ou igual à média simples do grupo,Acima ou igual à média simples do grupo
150015,Norte,Média Renda e Médio Dinamismo,6,7952433.0,488071.0,536467.0,3380069681.816287,1017617963.7667854,32135741.11591553,910574.7574462891,0,16293.59867724163,33046315.87336182,0.032474186826496776,4,2,4,QPIB4,QPIBPC2,QPOP4,QPIB4_QPOP4,QPIBPC2_QPOP4,Abaixo da média simples do grupo,Abaixo da média simples do grupo
150016,Norte,Média Renda e Alto Dinamismo,7,5388593.0,254825.0,267289.0,1953724387.3218937,345611170.98583704,52864770.99565078,118286253.10806274,0,21146.2493868341,171151024.1037135,0.4952126507239756,3,2,4,QPIB3,QPIBPC2,QPOP4,QPIB3_QPOP4,QPIBPC2_QPOP4,Acima ou igual à média simples do grupo,Acima ou igual à média simples do grupo
150017,Norte,Baixa Renda e Baixo Dinamismo,6,5190375.0,228143.0,212080.0,1743859733.0633235,190872587.52536827,5746493.49584198,701737798.8843226,0,22750.533656522442,707484292.3801646,3.7065788312118686,3,2,3,QPIB3,QPIBPC2,QPOP3,QPIB3_QPOP3,QPIBPC2_QPOP3,Acima ou igual à média simples do grupo,Acima ou igual à média simples do grupo
150018,Norte,Média Renda e Alto Dinamismo,7,9812674.0,265983.0,290116.0,1698846022.3222678,359798027.3850768,80076868.87797165,36879057.301864624,0,36892.1096461052,116955926.17983627,0.3250599427402175,4,3,4,QPIB4,QPIBPC3,QPOP4,QPIB4_QPOP4,QPIBPC3_QPOP4,Acima ou igual à média simples do grupo,Acima ou igual à média simples do grupo
150019,Norte,Baixa Renda e Baixo Dinamismo,2,1012160.0,76500.0,74739.0,275040912.66960263,31000018.36480713,9216079.972991943,61474.44921875,0,13230.849673202614,9277554.422210693,0.2992757718086731,2,1,2,QPIB2,QPIBPC1,QPOP2,QPIB2_QPOP2,QPIBPC1_QPOP2,Abaixo da média simples do grupo,Acima ou igual à média simples do grupo
150020,Norte,Baixa Renda e Médio Dinamismo,10,3978817.0,419334.0,405204.0,371696967.1068497,88058613.78744698,14415036.35862732,0.0,0,9488.419732242079,14415036.35862732,0.16369819758259954,3,1,4,QPIB3,QPIBPC1,QPOP4,QPIB3_QPOP4,QPIBPC1_QPOP4,Abaixo da média simples do grupo,Acima ou igual à média simples do grupo
150021,Norte,Baixa Renda e Baixo Dinamismo,6,1369927.0,158456.0,149747.0,110328421.03368163,23361491.410564423,11883253.651563415,0.0,0,8645.472560205988,11883253.651563415,0.5086684511156521,2,1,3,QPIB2,QPIBPC1,QPOP3,QPIB2_QPOP3,QPIBPC1_QPOP3,Acima ou igual à média simples do grupo,Acima ou igual à média simples do grupo
1500800,Norte,Média Renda e Baixo Dinamismo,1,7562511.0,540410.0,477392.0,5320904782.415939,1482763582.0580616,406711.6466064453,447159.89208984375,0,13994.024907015044,853871.5386962891,0.0005758649248123046,4,1,4,QPIB4,QPIBPC1,QPOP4,QPIB4_QPOP4,QPIBPC1_QPOP4,Abaixo da média simples do grupo,Abaixo da média simples do grupo
1501303,Norte,Média Renda e Médio Dinamismo,1,6967610.0,129333.0,126361.0,3421508129.08918,1188335962.03865,386905.9870605469,5175844.865478516,0,53873.41204487641,5562750.8525390625,0.0046811264072122195,3,4,3,QPIB3,QPIBPC4,QPOP3,QPIB3_QPOP3,QPIBPC4_QPOP3,Abaixo da média simples do grupo,Abaixo da média simples do grupo
1501402,Norte,Alta Renda,1,27125312.0,1506420.0,1300936.0,25605001122.25617,8074581041.070899,14795659.768089294,47151300.34326172,0,18006.47362621314,61946960.11135101,0.007671848210608242,4,2,4,QPIB4,QPIBPC2,QPOP4,QPIB4_QPOP4,QPIBPC2_QPOP4,Abaixo da média simples do grupo,Abaixo da média simples do grupo
1501501,Norte,Baixa Renda e Baixo Dinamismo,1,1519764.0,64780.0,63393.0,1066415709.8630872,327602479.8161765,2392109.871520996,30690.34033203125,0,23460.38900895338,2422800.2118530273,0.007395549060594728,2,2,2,QPIB2,QPIBPC2,QPOP2,QPIB2_QPOP2,QPIBPC2_QPOP2,Abaixo da média simples do grupo,Abaixo da média simples do grupo
1502400,Norte,Média Renda e Baixo Dinamismo,1,3871178.0,205667.0,191676.0,2384918566.129397,918876327.0983667,12200684.686180115,0.0,0,18822.55296182664,12200684.686180115,0.013277831114343223,3,2,3,QPIB3,QPIBPC2,QPOP3,QPIB3_QPOP3,QPIBPC2_QPOP3,Abaixo da média simples do grupo,Abaixo da média simples do grupo
1504422,Norte,Média Renda e Médio Dinamismo,1,2122461.0,135812.0,110516.0,1247751794.229526,420529979.64338946,0.0,0.0,0,15627.934203163197,0.0,0.0,2,2,3,QPIB2,QPIBPC2,QPOP3,QPIB2_QPOP3,QPIBPC2_QPOP3,Abaixo da média simples do grupo,Abaixo da média simples do grupo
1506351,Norte,Baixa Renda e Baixo Dinamismo,1,213521.0,21811.0,21052.0,80837314.8872464,21371335.332286835,969954.9765625,2910501.0919091795,0,9789.601577185824,3880456.0684716795,0.18157293440664254,1,1,1,QPIB1,QPIBPC1,QPOP1,QPIB1_QPOP1,QPIBPC1_QPOP1,Abaixo da média simples do grupo,Abaixo da média simples do grupo
1506500,Norte,Média Renda e Baixo Dinamismo,1,814341.0,72856.0,66528.0,763121548.8504759,427446199.6260328,5890454.498977661,0.0,0,11177.404743603822,5890454.498977661,0.01378057520251939,1,1,2,QPIB1,QPIBPC1,QPOP2,QPIB1_QPOP2,QPIBPC1_QPOP2,Abaixo da média simples do grupo,Abaixo da média simples do grupo
160001,Norte,Baixa Renda e Médio Dinamismo,1,85683.0,5730.0,5599.0,1712154.713317871,253324.78173828125,239613.81317138672,0.0,0,14953.403141361257,239613.81317138672,0.9458759286288073,1,1,1,QPIB1,QPIBPC1,QPOP1,QPIB1_QPOP1,QPIBPC1_QPOP1,Abaixo da média simples do grupo,Abaixo da média simples do grupo
160002,Norte,Baixa Renda e Alto Dinamismo,2,1329534.0,68874.0,46318.0,96570453.32498166,19557503.808117487,0.0,0.0,0,19303.859221186514,0.0,0.0,2,2,2,QPIB2,QPIBPC2,QPOP2,QPIB2_QPOP2,QPIBPC2_QPOP2,Abaixo da média simples do grupo,Abaixo da média simples do grupo
160003,Norte,Baixa Renda e Baixo Dinamismo,6,1261921.0,79096.0,66676.0,120114429.16615202,21893914.11024595,13237025.088710785,4343649.437610626,0,15954.296045312027,17580674.52632141,0.8029936738490253,2,2,2,QPIB2,QPIBPC2,QPOP2,QPIB2_QPOP2,QPIBPC2_QPOP2,Acima ou igual à média simples do grupo,Acima ou igual à média simples do grupo
160004,Norte,Média Renda e Médio Dinamismo,4,1417737.0,54280.0,41769.0,225716141.89712977,8208980.154525757,52661346.11578655,56815635.148554325,0,26118.957258658807,109476981.26434088,13.336246306306913,2,3,2,QPIB2,QPIBPC3,QPOP2,QPIB2_QPOP2,QPIBPC3_QPOP2,Acima ou igual à média simples do grupo,Acima ou igual à média simples do grupo
1600303,Norte,Média Renda e Baixo Dinamismo,1,11746296.0,522357.0,439909.0,5055142486.837414,1636319214.322155,6924824.106502533,2888478.9228515625,0,22487.103647505442,9813303.029354095,0.005997181322239289,4,2,4,QPIB4,QPIBPC2,QPOP4,QPIB4_QPOP4,QPIBPC2_QPOP4,Abaixo da média simples do grupo,Abaixo da média simples do grupo
1600402,Norte,Baixa Renda e Baixo Dinamismo,1,356722.0,22468.0,21760.0,56038983.97416401,2638915.0439453125,108988.490234375,6190351.652587891,0,15876.89157913477,6299340.142822266,2.387094710485424,1,2,1,QPIB1,QPIBPC2,QPOP1,QPIB1_QPOP1,QPIBPC2_QPOP1,Acima ou igual à média simples do grupo,Acima ou igual à média simples do grupo
1600600,Norte,Média Renda e Baixo Dinamismo,1,2307553.0,124808.0,107172.0,672220730.8565255,122432335.47184506,884399.2595825195,4161221.5321350098,0,18488.82283186975,5045620.791717529,0.04121150488775767,2,2,2,QPIB2,QPIBPC2,QPOP2,QPIB2_QPOP2,QPIBPC2_QPOP2,Abaixo da média simples do grupo,Abaixo da média simples do grupo
170001,Norte,Média Renda e Alto Dinamismo,7,671135.0,26456.0,22572.0,105706376.94960935,20204225.81873489,48924332.47369385,0.0,0,25367.969458723917,48924332.47369385,2.421490083937168,1,3,1,QPIB1,QPIBPC3,QPOP1,QPIB1_QPOP1,QPIBPC3_QPOP1,Acima ou igual à média simples do grupo,Acima ou igual à média simples do grupo
170002,Norte,Média Renda e Alto Dinamismo,6,1033565.0,32463.0,30703.0,199871080.17115974,67741295.28138733,61703365.30049896,14447484.711639404,0,31838.246619228044,76150850.01213837,1.1241422192448343,2,3,1,QPIB2,QPIBPC3,QPOP1,QPIB2_QPOP1,QPIBPC3_QPOP1,Acima ou igual à média simples do grupo,Acima ou igual à média simples do grupo
170003,Norte,Média Renda e Alto Dinamismo,11,2861846.0,64825.0,60781.0,651731712.6536224,196538522.99571705,299285999.63605404,141538.03057861328,0,44147.25800231392,299427537.66663265,1.5235055860939677,3,4,2,QPIB3,QPIBPC4,QPOP2,QPIB3_QPOP2,QPIBPC4_QPOP2,Acima ou igual à média simples do grupo,Acima ou igual à média simples do grupo
170004,Norte,Média Renda e Alto Dinamismo,2,277509.0,10052.0,9062.0,41779050.29719259,10793959.617282886,18762875.333984375,330011.6853027344,0,27607.34182252288,19092887.01928711,1.768849217178494,1,3,1,QPIB1,QPIBPC3,QPOP1,QPIB1_QPOP1,QPIBPC3_QPOP1,Abaixo da média simples do grupo,Acima ou igual à média simples do grupo
170005,Norte,Média Renda e Médio Dinamismo,21,8443095.0,333334.0,300122.0,3992404625.7029657,1147299397.1254492,376793821.0368824,8180865.553955078,0,25329.234341531315,384974686.5908375,0.3355485826588848,4,3,4,QPIB4,QPIBPC3,QPOP4,QPIB4_QPOP4,QPIBPC3_QPOP4,Acima ou igual à média simples do grupo,Acima ou igual à média simples do grupo
170006,Norte,Média Renda e Alto Dinamismo,14,3085508.0,91476.0,85492.0,681223280.5197966,139666287.53640962,100295881.59848785,669402.0570373535,0,33730.24618479164,100965283.65552521,0.7229037546315861,3,3,2,QPIB3,QPIBPC3,QPOP2,QPIB3_QPOP2,QPIBPC3_QPOP2,Acima ou igual à média simples do grupo,Acima ou igual à média simples do grupo
170007,Norte,Média Renda e Médio Dinamismo,9,1704592.0,69040.0,62987.0,473311636.0926025,114653737.7610128,79806032.1856451,3714062.1609039307,0,24689.91888760139,83520094.34654903,0.7284550506381263,2,2,2,QPIB2,QPIBPC2,QPOP2,QPIB2_QPOP2,QPIBPC2_QPOP2,Acima ou igual à média simples do grupo,Acima ou igual à média simples do grupo
170008,Norte,Média Renda e Médio Dinamismo,8,835140.0,51964.0,46528.0,274640941.0466027,129921371.76449919,15826700.038978577,461189.82830810547,0,16071.511046108844,16287889.867286682,0.12536728673717193,1,2,2,QPIB1,QPIBPC2,QPOP2,QPIB1_QPOP2,QPIBPC2_QPOP2,Abaixo da média simples do grupo,Abaixo da média simples do grupo
170009,Norte,Baixa Renda e Médio Dinamismo,13,2059454.0,143354.0,132722.0,322002334.2323539,59175016.84031391,46521015.5896492,1998700.4676513672,0,14366.212313573391,48519716.05730057,0.8199358217038266,2,1,3,QPIB2,QPIBPC1,QPOP3,QPIB2_QPOP3,QPIBPC1_QPOP3,Acima ou igual à média simples do grupo,Acima ou igual à média simples do grupo
170010,Norte,Média Renda e Alto Dinamismo,18,8180977.0,194229.0,184853.0,2222019035.664024,523142838.2176395,367815987.21087027,11755479.965713501,0,42120.26525390132,379571467.17658377,0.7255599034286565,4,4,3,QPIB4,QPIBPC4,QPOP3,QPIB4_QPOP3,QPIBPC4_QPOP3,Acima ou igual à média simples do grupo,Acima ou igual à média simples do grupo
170011,Norte,Média Renda e Médio Dinamismo,14,1862892.0,89090.0,76772.0,487366677.76110667,128153387.50521374,85369491.795244,39637437.8297261,0,20910.225614547086,125006929.6249701,0.9754477197872304,2,2,2,QPIB2,QPIBPC2,QPOP2,QPIB2_QPOP2,QPIBPC2_QPOP2,Acima ou igual à média simples do grupo,Acima ou igual à média simples do grupo
1701101,Norte,Média Renda e Alto Dinamismo,1,247648.0,4901.0,4834.0,31091549.73435974,6896251.2456970215,17554451.709976196,0.0,0,50530.095898796164,17554451.709976196,2.5455064040669133,1,4,1,QPIB1,QPIBPC4,QPOP1,QPIB1_QPOP1,QPIBPC4_QPOP1,Acima ou igual à média simples do grupo,Acima ou igual à média simples do grupo
1703107,Norte,Média Renda e Médio Dinamismo,1,111901.0,5669.0,4796.0,16375932.30557251,1471757.6514892578,5430824.696548462,846241.5765380859,0,19739.107426353854,6277066.273086548,4.265013514103251,1,2,1,QPIB1,QPIBPC2,QPOP1,QPIB1_QPOP1,QPIBPC2_QPOP1,Acima ou igual à média simples do grupo,Acima ou igual à média simples do grupo
1703701,Norte,Média Renda e Alto Dinamismo,1,266475.0,5540.0,4725.0,32520300.26483894,7339610.245771179,19965262.501075745,0.0,0,48100.18050541516,19965262.501075745,2.720207454146358,1,4,1,QPIB1,QPIBPC4,QPOP1,QPIB1_QPOP1,QPIBPC4_QPOP1,Acima ou igual à média simples do grupo,Acima ou igual à média simples do grupo
1707553,Norte,Média Renda e Médio Dinamismo,1,80842.0,3824.0,3461.0,22133581.237262726,4332644.256195068,1625148.8475341797,0.0,0,21140.690376569037,1625148.8475341797,0.3750939960534371,1,2,1,QPIB1,QPIBPC2,QPOP1,QPIB1_QPOP1,QPIBPC2_QPOP1,Abaixo da média simples do grupo,Abaixo da média simples do grupo
1709807,Norte,Média Renda e Baixo Dinamismo,1,46881.0,2088.0,1585.0,7092471.513793945,114704.39697265625,5939873.305053711,164212.9697265625,0,22452.58620689655,6104086.274780273,53.21580022983245,1,2,1,QPIB1,QPIBPC2,QPOP1,QPIB1_QPOP1,QPIBPC2_QPOP1,Acima ou igual à média simples do grupo,Acima ou igual à média simples do grupo
1712009,Norte,Média Renda e Médio Dinamismo,1,60704.0,3199.0,3334.0,10692909.528949738,3076546.124774933,688567.7610168457,0.0,0,18975.92997811816,688567.7610168457,0.22381194140790542,1,2,1,QPIB1,QPIBPC2,QPOP1,QPIB1_QPOP1,QPIBPC2_QPOP1,Abaixo da média simples do grupo,Abaixo da média simples do grupo
1713205,Norte,Média Renda e Médio Dinamismo,1,615160.0,17628.0,18412.0,160988173.2237413,30750479.770195007,31414359.314328916,187743.94857788086,0,34896.75516224189,31602103.262906797,1.0276946408340994,1,3,1,QPIB1,QPIBPC3,QPOP1,QPIB1_QPOP1,QPIBPC3_QPOP1,Abaixo da média simples do grupo,Acima ou igual à média simples do grupo
1713304,Norte,Média Renda e Alto Dinamismo,1,350441.0,13551.0,12662.0,119458250.37845993,15041445.53640747,34834100.876571655,0.0,0,25860.895874843183,34834100.876571655,2.315874547579654,1,3,1,QPIB1,QPIBPC3,QPOP1,QPIB1_QPOP1,QPIBPC3_QPOP1,Acima ou igual à média simples do grupo,Acima ou igual à média simples do grupo
1713601,Norte,Média Renda e Alto Dinamismo,1,289757.0,8182.0,5686.0,50201933.75098801,16046025.973686218,19253166.080509186,8511039.56237793,0,35413.95746761183,27764205.642887115,1.7302854730771013,1,3,1,QPIB1,QPIBPC3,QPOP1,QPIB1_QPOP1,QPIBPC3_QPOP1,Abaixo da média simples do grupo,Acima ou igual à média simples do grupo
1715507,Norte,Média Renda e Médio Dinamismo,1,28651.0,1124.0,1164.0,4431493.645233154,1001020.8335876465,3049829.0911254883,0.0,0,25490.21352313167,3049829.0911254883,3.0467188981421476,1,3,1,QPIB1,QPIBPC3,QPOP1,QPIB1_QPOP1,QPIBPC3_QPOP1,Acima ou igual à média simples do grupo,Acima ou igual à média simples do grupo
1716109,Norte,Média Renda e Médio Dinamismo,1,1285136.0,52521.0,52167.0,724042929.0480568,157891667.6914413,15926772.85636139,0.0,0,24468.993355038936,15926772.85636139,0.10087152215965046,2,2,2,QPIB2,QPIBPC2,QPOP2,QPIB2_QPOP2,QPIBPC2_QPOP2,Abaixo da média simples do grupo,Abaixo da média simples do grupo
1718204,Norte,Média Renda e Alto Dinamismo,1,2822042.0,53618.0,64212.0,886640945.4856305,323940866.5174973,58987798.803697355,1945203.2626953125,0,52632.36226640308,60933002.06639267,0.18809915130946112,3,4,2,QPIB3,QPIBPC4,QPOP2,QPIB3_QPOP2,QPIBPC4_QPOP2,Abaixo da média simples do grupo,Abaixo da média simples do grupo
1718451,Norte,Média Renda e Médio Dinamismo,1,75893.0,2746.0,2184.0,19840817.775291443,9010992.092674255,4090345.9012756348,1183345.6225585938,0,27637.654770575384,5273691.5238342285,0.585250932371989,1,3,1,QPIB1,QPIBPC3,QPOP1,QPIB1_QPOP1,QPIBPC3_QPOP1,Abaixo da média simples do grupo,Abaixo da média simples do grupo
1720655,Norte,Média Renda e Alto Dinamismo,1,226551.0,5452.0,5108.0,37111601.082790375,3117540.341506958,10128475.443553925,0.0,0,41553.741746148204,10128475.443553925,3.2488674833500366,1,4,1,QPIB1,QPIBPC4,QPOP1,QPIB1_QPOP1,QPIBPC4_QPOP1,Acima ou igual à média simples do grupo,Acima ou igual à média simples do grupo
1721000,Norte,Alta Renda,1,8983888.0,313349.0,301544.0,6498886266.212178,2266253097.008469,24748985.74248123,17339526.70559311,0,28670.54945125084,42088512.44807434,0.018571849941929525,4,3,4,QPIB4,QPIBPC3,QPOP4,QPIB4_QPOP4,QPIBPC3_QPOP4,Abaixo da média simples do grupo,Abaixo da média simples do grupo
1721109,Norte,Baixa Renda e Alto Dinamismo,1,187625.0,7688.0,7442.0,12866438.39528656,509490.76708221436,4894608.7010650635,0.0,0,24404.916753381895,4894608.7010650635,9.606864377731188,1,2,1,QPIB1,QPIBPC2,QPOP1,QPIB1_QPOP1,QPIBPC2_QPOP1,Acima ou igual à média simples do grupo,Acima ou igual à média simples do grupo
210002,Nordeste,Baixa Renda e Médio Dinamismo,11,2767528.0,340902.0,339453.0,430063480.6294913,82094655.334513,3474901.0491714478,0.0,0,8118.2509929539865,3474901.0491714478,0.0423279814625226,2,1,4,QPIB2,QPIBPC1,QPOP4,QPIB2_QPOP4,QPIBPC1_QPOP4,Abaixo da média simples do grupo,Abaixo da média simples do grupo
210003,Nordeste,Baixa Renda e Médio Dinamismo,10,2395484.0,274229.0,267950.0,455194293.439442,98371422.55179739,77720806.0787915,0.0,0,8735.341630535064,77720806.0787915,0.7900750447912621,2,1,4,QPIB2,QPIBPC1,QPOP4,QPIB2_QPOP4,QPIBPC1_QPOP4,Acima ou igual à média simples do grupo,Acima ou igual à média simples do grupo
210004,Nordeste,Baixa Renda e Médio Dinamismo,9,2543591.0,267857.0,236759.0,412222604.62838554,105307263.7886734,5224409.780822754,20588.709350585938,0,9496.07813124167,5244998.49017334,0.049806616385919995,2,1,4,QPIB2,QPIBPC1,QPOP4,QPIB2_QPOP4,QPIBPC1_QPOP4,Abaixo da média simples do grupo,Abaixo da média simples do grupo
210005,Nordeste,Baixa Renda e Médio Dinamismo,10,2035648.0,267332.0,244034.0,203216827.21322033,24537535.510475136,1638433.6323242188,0.0,0,7614.681369981895,1638433.6323242188,0.06677254248393312,2,1,4,QPIB2,QPIBPC1,QPOP4,QPIB2_QPOP4,QPIBPC1_QPOP4,Abaixo da média simples do grupo,Abaixo da média simples do grupo
210006,Nordeste,Baixa Renda e Médio Dinamismo,4,934056.0,124798.0,118414.0,196265103.30105162,67009667.11484314,0.0,414900.27783203125,0,7484.543021522781,414900.27783203125,0.006191648096400225,1,1,2,QPIB1,QPIBPC1,QPOP2,QPIB1_QPOP2,QPIBPC1_QPOP2,Abaixo da média simples do grupo,Abaixo da média simples do grupo
210007,Nordeste,Baixa Renda e Médio Dinamismo,7,1454490.0,198805.0,172570.0,198714798.1998209,37961347.670451656,9798529.133995056,0.0,0,7316.164080380272,9798529.133995056,0.25811857943131017,2,1,3,QPIB2,QPIBPC1,QPOP3,QPIB2_QPOP3,QPIBPC1_QPOP3,Acima ou igual à média simples do grupo,Acima ou igual à média simples do grupo
210008,Nordeste,Baixa Renda e Médio Dinamismo,9,938770.0,131688.0,122885.0,69714421.12099111,16128840.458862305,0.0,0.0,0,7128.743697223741,0.0,0.0,1,1,3,QPIB1,QPIBPC1,QPOP3,QPIB1_QPOP3,QPIBPC1_QPOP3,Acima ou igual à média simples do grupo,Abaixo da média simples do grupo
210009,Nordeste,Baixa Renda e Médio Dinamismo,15,4786760.0,472024.0,402221.0,1018497772.6286831,217587729.21120834,69080360.49700522,236362.85876464844,0,10140.925037709947,69316723.35576987,0.3185690829489995,3,1,4,QPIB3,QPIBPC1,QPOP4,QPIB3_QPOP4,QPIBPC1_QPOP4,Acima ou igual à média simples do grupo,Acima ou igual à média simples do grupo
210010,Nordeste,Baixa Renda e Médio Dinamismo,16,4135882.0,416859.0,382456.0,959732812.4989257,256140210.84158373,50133241.89160919,488163.2305908203,0,9921.537018512256,50621405.12220001,0.19763162119636138,3,1,4,QPIB3,QPIBPC1,QPOP4,QPIB3_QPOP4,QPIBPC1_QPOP4,Abaixo da média simples do grupo,Acima ou igual à média simples do grupo
210011,Nordeste,Baixa Renda e Alto Dinamismo,14,4312404.0,216038.0,196659.0,346047045.18021023,22602495.08126831,9685489.603191376,93166296.41828156,0,19961.321619344744,102851786.02147293,4.550461603980649,3,2,3,QPIB3,QPIBPC2,QPOP3,QPIB3_QPOP3,QPIBPC2_QPOP3,Acima ou igual à média simples do grupo,Acima ou igual à média simples do grupo
210012,Nordeste,Baixa Renda e Alto Dinamismo,14,5588552.0,198472.0,191017.0,786770101.5144438,192178357.4015766,11899223.70212555,88541831.83781433,0,28157.886250957315,100441055.53993988,0.5226449892588991,3,3,3,QPIB3,QPIBPC3,QPOP3,QPIB3_QPOP3,QPIBPC3_QPOP3,Acima ou igual à média simples do grupo,Abaixo da média simples do grupo
210013,Nordeste,Baixa Renda e Médio Dinamismo,6,2880214.0,279770.0,254899.0,862080185.4777739,196124215.98373985,58428005.60683918,4363605.370521545,0,10294.935125281481,62791610.977360725,0.3201624575649884,3,1,4,QPIB3,QPIBPC1,QPOP4,QPIB3_QPOP4,QPIBPC1_QPOP4,Acima ou igual à média simples do grupo,Acima ou igual à média simples do grupo
210014,Nordeste,Baixa Renda e Médio Dinamismo,3,782169.0,93200.0,85840.0,98529462.71329093,12877634.710195541,38799526.202999115,0.0,0,8392.371244635193,38799526.202999115,3.012938872406481,1,1,2,QPIB1,QPIBPC1,QPOP2,QPIB1_QPOP2,QPIBPC1_QPOP2,Acima ou igual à média simples do grupo,Acima ou igual à média simples do grupo
210015,Nordeste,Baixa Renda e Médio Dinamismo,4,2408792.0,241927.0,220359.0,627235071.6135248,163746397.36629868,26811921.99116516,1180201.4870605469,0,9956.68941457547,27992123.478225708,0.17094802651204394,2,1,3,QPIB2,QPIBPC1,QPOP3,QPIB2_QPOP3,QPIBPC1_QPOP3,Abaixo da média simples do grupo,Abaixo da média simples do grupo
210016,Nordeste,Baixa Renda e Médio Dinamismo,13,2375097.0,250630.0,233447.0,570414930.826751,111759009.89807129,19292270.186965942,0.0,0,9476.507201851335,19292270.186965942,0.17262384665505956,2,1,3,QPIB2,QPIBPC1,QPOP3,QPIB2_QPOP3,QPIBPC1_QPOP3,Abaixo da média simples do grupo,Abaixo da média simples do grupo
210017,Nordeste,Baixa Renda e Alto Dinamismo,11,1845186.0,152577.0,143575.0,337966419.61872053,60212521.28813934,36261573.41175507,522243.697265625,0,12093.474114709294,36783817.109020695,0.6108997982827596,2,1,3,QPIB2,QPIBPC1,QPOP3,QPIB2_QPOP3,QPIBPC1_QPOP3,Acima ou igual à média simples do grupo,Acima ou igual à média simples do grupo
210018,Nordeste,Baixa Renda e Alto Dinamismo,4,975118.0,83583.0,78904.0,237259906.94418478,26544306.032798767,27965381.586618423,458314.09172058105,0,11666.46327602503,28423695.678339005,1.0708019883141047,2,1,2,QPIB2,QPIBPC1,QPOP2,QPIB2_QPOP2,QPIBPC1_QPOP2,Acima ou igual à média simples do grupo,Acima ou igual à média simples do grupo
210019,Nordeste,Média Renda e Alto Dinamismo,17,11056285.0,545959.0,534364.0,5534739708.357663,1430158445.969773,171033961.7130866,11088181.716278076,0,20251.12691612374,182122143.42936468,0.12734403236409925,4,2,4,QPIB4,QPIBPC2,QPOP4,QPIB4_QPOP4,QPIBPC2_QPOP4,Acima ou igual à média simples do grupo,Abaixo da média simples do grupo
210020,Nordeste,Baixa Renda e Médio Dinamismo,9,2950521.0,278614.0,265867.0,620022066.2085252,110974100.91941974,119576540.23444366,319870.8184814453,0,10589.99547761419,119896411.05292511,1.0803999316920263,3,1,4,QPIB3,QPIBPC1,QPOP4,QPIB3_QPOP4,QPIBPC1_QPOP4,Acima ou igual à média simples do grupo,Acima ou igual à média simples do grupo
2100204,Nordeste,Baixa Renda e Médio Dinamismo,1,142208.0,22126.0,18430.0,9828489.272628784,1023783.2040405273,0.0,0.0,0,6427.189731537557,0.0,0.0,1,1,1,QPIB1,QPIBPC1,QPOP1,QPIB1_QPOP1,QPIBPC1_QPOP1,Abaixo da média simples do grupo,Abaixo da média simples do grupo
210021,Nordeste,Média Renda e Alto Dinamismo,5,4999115.0,260689.0,221460.0,1727719376.6109555,289906261.0875042,262948525.70386124,144777.62939453125,0,19176.54753365121,263093303.33325577,0.9075116292636559,3,2,4,QPIB3,QPIBPC2,QPOP4,QPIB3_QPOP4,QPIBPC2_QPOP4,Acima ou igual à média simples do grupo,Acima ou igual à média simples do grupo
210022,Nordeste,Média Renda e Alto Dinamismo,12,11622213.0,229489.0,232973.0,2842721571.557595,712141911.697821,722314384.0808787,1294907.114807129,0,50643.878355825334,723609291.1956859,1.0161026605926415,4,4,3,QPIB4,QPIBPC4,QPOP3,QPIB4_QPOP3,QPIBPC4_QPOP3,Acima ou igual à média simples do grupo,Acima ou igual à média simples do grupo
2101103,Nordeste,Baixa Renda e Médio Dinamismo,1,92262.0,12234.0,11775.0,8112886.949729919,1303284.0170898438,601805.125,61921.5234375,0,7541.441883276116,663726.6484375,0.5092724530755487,1,1,1,QPIB1,QPIBPC1,QPOP1,QPIB1_QPOP1,QPIBPC1_QPOP1,Abaixo da média simples do grupo,Abaixo da média simples do grupo
2101251,Nordeste,Baixa Renda e Baixo Dinamismo,1,558941.0,17446.0,16953.0,85797839.03597069,15354692.173339844,182398.97985839844,27363172.16409874,0,32038.346899002638,27545571.143957138,1.7939513754488783,1,3,1,QPIB1,QPIBPC3,QPOP1,QPIB1_QPOP1,QPIBPC3_QPOP1,Abaixo da média simples do grupo,Acima ou igual à média simples do grupo
2102374,Nordeste,Baixa Renda e Médio Dinamismo,1,59633.0,9524.0,9732.0,996244.0811767578,432097.1326904297,0.0,0.0,0,6261.339773204536,0.0,0.0,1,1,1,QPIB1,QPIBPC1,QPOP1,QPIB1_QPOP1,QPIBPC1_QPOP1,Abaixo da média simples do grupo,Abaixo da média simples do grupo
2105104,Nordeste,Baixa Renda e Médio Dinamismo,1,172548.0,27423.0,24794.0,7839498.168624878,47368.80000305176,0.0,0.0,0,6292.090580899245,0.0,0.0,1,1,1,QPIB1,QPIBPC1,QPOP1,QPIB1_QPOP1,QPIBPC1_QPOP1,Abaixo da média simples do grupo,Abaixo da média simples do grupo
2107100,Nordeste,Baixa Renda e Médio Dinamismo,1,140593.0,19708.0,18541.0,14337657.83594513,4672375.705841064,0.0,0.0,0,7133.803531560788,0.0,0.0,1,1,1,QPIB1,QPIBPC1,QPOP1,QPIB1_QPOP1,QPIBPC1_QPOP1,Abaixo da média simples do grupo,Abaixo da média simples do grupo
2107506,Nordeste,Média Renda e Médio Dinamismo,1,1127480.0,125265.0,145287.0,472600239.81114614,111599923.55538607,0.0,0.0,0,9000.758392208518,0.0,0.0,2,1,3,QPIB2,QPIBPC1,QPOP3,QPIB2_QPOP3,QPIBPC1_QPOP3,Abaixo da média simples do grupo,Abaixo da média simples do grupo
2109205,Nordeste,Baixa Renda e Baixo Dinamismo,1,82623.0,12939.0,11324.0,3595203.257083893,617409.4186134338,0.0,577535.263458252,0,6385.578483654069,577535.263458252,0.9354169956708297,1,1,1,QPIB1,QPIBPC1,QPOP1,QPIB1_QPOP1,QPIBPC1_QPOP1,Abaixo da média simples do grupo,Abaixo da média simples do grupo
2109452,Nordeste,Média Renda e Médio Dinamismo,1,265396.0,31586.0,30768.0,69809567.85888672,18516379.006004333,93207.48095703125,8120.39990234375,0,8402.330146267333,101327.880859375,0.005472337805707977,1,1,1,QPIB1,QPIBPC1,QPOP1,QPIB1_QPOP1,QPIBPC1_QPOP1,Abaixo da média simples do grupo,Abaixo da média simples do grupo
2109601,Nordeste,Baixa Renda e Médio Dinamismo,1,400307.0,43243.0,38325.0,122913251.90109444,25611742.699157715,358883.018951416,4046816.789627075,0,9257.151446476886,4405699.808578491,0.17201874391481295,1,1,2,QPIB1,QPIBPC1,QPOP2,QPIB1_QPOP2,QPIBPC1_QPOP2,Abaixo da média simples do grupo,Abaixo da média simples do grupo
2110203,Nordeste,Baixa Renda e Médio Dinamismo,1,314338.0,38732.0,36940.0,60723609.88066304,8504428.01322937,345057.53103637695,955530.1065368652,0,8115.718269131467,1300587.6375732422,0.15293064219604965,1,1,1,QPIB1,QPIBPC1,QPOP1,QPIB1_QPOP1,QPIBPC1_QPOP1,Abaixo da média simples do grupo,Abaixo da média simples do grupo
2111201,Nordeste,Média Renda e Alto Dinamismo,1,2033705.0,180345.0,244350.0,1027647275.6947248,251307965.56245208,0.0,219245.541015625,0,11276.747345365826,219245.541015625,0.0008724177943382407,2,1,3,QPIB2,QPIBPC1,QPOP3,QPIB2_QPOP3,QPIBPC1_QPOP3,Abaixo da média simples do grupo,Abaixo da média simples do grupo
2111300,Nordeste,Média Renda e Baixo Dinamismo,1,29026403.0,1115932.0,1030836.0,25975144256.586155,8256450869.415438,1329971.0790100098,174069671.29977417,0,26010.906578537044,175399642.37878418,0.021243951566225768,4,3,4,QPIB4,QPIBPC3,QPOP4,QPIB4_QPOP4,QPIBPC3_QPOP4,Abaixo da média simples do grupo,Abaixo da média simples do grupo
2112209,Nordeste,Média Renda e Médio Dinamismo,1,2025606.0,171317.0,173625.0,714559265.0974679,174515260.3656931,3169690.8271484375,295935.17236328125,0,11823.730277789127,3465625.9995117188,0.019858584242143477,2,1,3,QPIB2,QPIBPC1,QPOP3,QPIB2_QPOP3,QPIBPC1_QPOP3,Abaixo da média simples do grupo,Abaixo da média simples do grupo
220001,Nordeste,Baixa Renda e Médio Dinamismo,4,485580.0,55370.0,52300.0,58686793.03581178,11147875.671183944,381703.51953125,0.0,0,8769.730901210041,381703.51953125,0.034240023013345264,1,1,2,QPIB1,QPIBPC1,QPOP2,QPIB1_QPOP2,QPIBPC1_QPOP2,Abaixo da média simples do grupo,Abaixo da média simples do grupo
220002,Nordeste,Baixa Renda e Médio Dinamismo,21,1680933.0,159127.0,152185.0,307500926.1709616,81825741.56081772,37914687.34832764,690881.89453125,0,10563.468173220132,38605569.24285889,0.4718022532574905,2,1,3,QPIB2,QPIBPC1,QPOP3,QPIB2_QPOP3,QPIBPC1_QPOP3,Acima ou igual à média simples do grupo,Acima ou igual à média simples do grupo
220003,Nordeste,Baixa Renda e Médio Dinamismo,12,1497242.0,143262.0,139232.0,311145167.53927135,85783356.30975631,3064275.455352783,4293871.14352417,0,10451.075651603356,7358146.598876953,0.08577592338900007,2,1,3,QPIB2,QPIBPC1,QPOP3,QPIB2_QPOP3,QPIBPC1_QPOP3,Abaixo da média simples do grupo,Abaixo da média simples do grupo
220004,Nordeste,Baixa Renda e Médio Dinamismo,9,836170.0,83868.0,81354.0,150211470.89525986,47551786.219745636,1433175.1745605469,0.0,0,9970.072017932942,1433175.1745605469,0.03013925003653024,1,1,2,QPIB1,QPIBPC1,QPOP2,QPIB1_QPOP2,QPIBPC1_QPOP2,Abaixo da média simples do grupo,Abaixo da média simples do grupo
220005,Nordeste,Baixa Renda e Médio Dinamismo,6,856761.0,93556.0,92940.0,108902894.4748175,26751735.364738464,732686.2485351562,0.0,0,9157.734405062209,732686.2485351562,0.027388363354584916,1,1,2,QPIB1,QPIBPC1,QPOP2,QPIB1_QPOP2,QPIBPC1_QPOP2,Abaixo da média simples do grupo,Abaixo da média simples do grupo
220006,Nordeste,Média Renda e Médio Dinamismo,11,3957819.0,281840.0,290176.0,1684996000.9604084,757862759.2630229,1311330.8500976562,1526715.1887207031,0,14042.78668748226,2838046.0388183594,0.003744802082079073,3,1,4,QPIB3,QPIBPC1,QPOP4,QPIB3_QPOP4,QPIBPC1_QPOP4,Abaixo da média simples do grupo,Abaixo da média simples do grupo
220007,Nordeste,Baixa Renda e Médio Dinamismo,10,1968534.0,180623.0,178950.0,601660941.1190491,158710967.81045246,5926180.001342773,9134099.822372437,0,10898.578807793028,15060279.82371521,0.09489123550491867,2,1,3,QPIB2,QPIBPC1,QPOP3,QPIB2_QPOP3,QPIBPC1_QPOP3,Abaixo da média simples do grupo,Abaixo da média simples do grupo
220008,Nordeste,Baixa Renda e Médio Dinamismo,9,1335121.0,146570.0,144910.0,212440647.38687637,57227966.75893143,87461.54052734375,314522.20782470703,0,9109.101453230538,401983.7483520508,0.007024253544519196,2,1,3,QPIB2,QPIBPC1,QPOP3,QPIB2_QPOP3,QPIBPC1_QPOP3,Abaixo da média simples do grupo,Abaixo da média simples do grupo
220009,Nordeste,Média Renda e Médio Dinamismo,33,4011408.0,296940.0,285293.0,1048759548.6578491,320479067.5012708,129867.55810546875,3120600.792602539,0,13509.153364316024,3250468.350708008,0.01014252935784993,3,1,4,QPIB3,QPIBPC1,QPOP4,QPIB3_QPOP4,QPIBPC1_QPOP4,Abaixo da média simples do grupo,Abaixo da média simples do grupo
220010,Nordeste,Baixa Renda e Alto Dinamismo,9,1276917.0,80251.0,77849.0,187304199.060925,44203276.696063995,101414.109375,1479282.0493164062,0,15911.540043114728,1580696.1586914062,0.03575970554309963,2,2,2,QPIB2,QPIBPC2,QPOP2,QPIB2_QPOP2,QPIBPC2_QPOP2,Abaixo da média simples do grupo,Abaixo da média simples do grupo
220011,Nordeste,Média Renda e Médio Dinamismo,9,842339.0,70687.0,68298.0,207638148.85712728,44274649.41276932,985778.6079864502,41821.19921875,0,11916.462715916647,1027599.8072052002,0.023209665594976538,1,1,2,QPIB1,QPIBPC1,QPOP2,QPIB1_QPOP2,QPIBPC1_QPOP2,Abaixo da média simples do grupo,Abaixo da média simples do grupo
220012,Nordeste,Baixa Renda e Alto Dinamismo,7,459089.0,41743.0,41579.0,59134766.13206482,8155043.774932861,1745179.9361495972,0.0,0,10997.987686558225,1745179.9361495972,0.21400006968864674,1,1,1,QPIB1,QPIBPC1,QPOP1,QPIB1_QPOP1,QPIBPC1_QPOP1,Abaixo da média simples do grupo,Abaixo da média simples do grupo
220013,Nordeste,Baixa Renda e Médio Dinamismo,13,1250930.0,111704.0,112666.0,253889728.4805405,56196135.759469986,139706.6884765625,0.0,0,11198.614194657308,139706.6884765625,0.002486055074579031,2,1,2,QPIB2,QPIBPC1,QPOP2,QPIB2_QPOP2,QPIBPC1_QPOP2,Abaixo da média simples do grupo,Abaixo da média simples do grupo
220014,Nordeste,Baixa Renda e Alto Dinamismo,8,1308511.0,49043.0,48502.0,223141538.3503971,34099579.092617035,21000.0,41774120.298828125,0,26680.89227820484,41795120.298828125,1.2256784808196435,2,3,2,QPIB2,QPIBPC3,QPOP2,QPIB2_QPOP2,QPIBPC3_QPOP2,Acima ou igual à média simples do grupo,Acima ou igual à média simples do grupo
220015,Nordeste,Baixa Renda e Alto Dinamismo,14,2668378.0,120708.0,117614.0,409040759.647392,95650457.09074593,137382093.06892288,841869.49609375,0,22106.0575935315,138223962.56501663,1.4450946369642559,2,2,2,QPIB2,QPIBPC2,QPOP2,QPIB2_QPOP2,QPIBPC2_QPOP2,Acima ou igual à média simples do grupo,Acima ou igual à média simples do grupo
220016,Nordeste,Média Renda e Alto Dinamismo,8,2175236.0,72790.0,74163.0,398560147.07733345,79587125.49973106,91731238.04050827,754521.1176986694,0,29883.7202912488,92485759.15820694,1.1620693495020054,2,3,2,QPIB2,QPIBPC3,QPOP2,QPIB2_QPOP2,QPIBPC3_QPOP2,Acima ou igual à média simples do grupo,Acima ou igual à média simples do grupo
220017,Nordeste,Média Renda e Alto Dinamismo,13,2555601.0,129045.0,126693.0,791542543.761044,215362159.54647207,14507170.753227234,1031259.5369262695,0,19803.952109729165,15538430.290153503,0.07215023439064527,2,2,3,QPIB2,QPIBPC2,QPOP3,QPIB2_QPOP3,QPIBPC2_QPOP3,Abaixo da média simples do grupo,Abaixo da média simples do grupo
220018,Nordeste,Média Renda e Alto Dinamismo,7,5226373.0,59255.0,62921.0,1023055390.0090766,186562242.19768238,564455252.5333726,294982.0428466797,0,88201.38384946418,564750234.5762193,3.0271411188219255,3,4,2,QPIB3,QPIBPC4,QPOP2,QPIB3_QPOP2,QPIBPC4_QPOP2,Acima ou igual à média simples do grupo,Acima ou igual à média simples do grupo
220019,Nordeste,Baixa Renda e Médio Dinamismo,8,565110.0,51005.0,47386.0,125194974.41433795,67135660.94600207,1588056.8991088867,0.0,0,11079.502009606902,1588056.8991088867,0.02365444648539586,1,1,2,QPIB1,QPIBPC1,QPOP2,QPIB1_QPOP2,QPIBPC1_QPOP2,Abaixo da média simples do grupo,Abaixo da média simples do grupo
2200400,Nordeste,Baixa Renda e Alto Dinamismo,1,490136.0,40681.0,46558.0,158418901.13232803,46923400.784044035,140179.06982421875,234236.30004882812,0,12048.278065927583,374415.3698730469,0.00797928887542107,1,1,1,QPIB1,QPIBPC1,QPOP1,QPIB1_QPOP1,QPIBPC1_QPOP1,Abaixo da média simples do grupo,Abaixo da média simples do grupo
2201606,Nordeste,Baixa Renda e Médio Dinamismo,1,87624.0,10479.0,9929.0,8340331.1040437315,871338.3330993652,248171.26992797852,165608.16247558594,0,8361.866590323503,413779.43240356445,0.47487803151244823,1,1,1,QPIB1,QPIBPC1,QPOP1,QPIB1_QPOP1,QPIBPC1_QPOP1,Abaixo da média simples do grupo,Abaixo da média simples do grupo
2202737,Nordeste,Baixa Renda e Médio Dinamismo,1,36310.0,4044.0,4099.0,3123816.2771453857,499402.1578979492,0.0,0.0,0,8978.733926805144,0.0,0.0,1,1,1,QPIB1,QPIBPC1,QPOP1,QPIB1_QPOP1,QPIBPC1_QPOP1,Abaixo da média simples do grupo,Abaixo da média simples do grupo
2203255,Nordeste,Baixa Renda e Médio Dinamismo,1,38152.0,4475.0,4402.0,5426393.053771973,22500.0,3339280.8580551147,0.0,0,8525.586592178772,3339280.8580551147,148.41248258022733,1,1,1,QPIB1,QPIBPC1,QPOP1,QPIB1_QPOP1,QPIBPC1_QPOP1,Acima ou igual à média simples do grupo,Acima ou igual à média simples do grupo
2203305,Nordeste,Média Renda e Alto Dinamismo,1,184629.0,13862.0,16342.0,51457527.69082904,29952633.87711215,0.0,143913.3515625,0,13319.07372673496,143913.3515625,0.004804697715497708,1,1,1,QPIB1,QPIBPC1,QPOP1,QPIB1_QPOP1,QPIBPC1_QPOP1,Abaixo da média simples do grupo,Abaixo da média simples do grupo
2205508,Nordeste,Baixa Renda e Médio Dinamismo,1,366611.0,39457.0,42559.0,80292735.43885422,25761748.250026703,664829.8576660156,0.0,0,9291.405834199255,664829.8576660156,0.02580686105669581,1,1,1,QPIB1,QPIBPC1,QPOP1,QPIB1_QPOP1,QPIBPC1_QPOP1,Abaixo da média simples do grupo,Abaixo da média simples do grupo
2205557,Nordeste,Baixa Renda e Médio Dinamismo,1,73483.0,8610.0,8251.0,5535595.0129470825,521986.61572265625,20904.0,0.0,0,8534.610917537746,20904.0,0.040047003831812394,1,1,1,QPIB1,QPIBPC1,QPOP1,QPIB1_QPOP1,QPIBPC1_QPOP1,Abaixo da média simples do grupo,Abaixo da média simples do grupo
2205581,Nordeste,Baixa Renda e Baixo Dinamismo,1,68515.0,4086.0,4810.0,14979912.316642761,2822699.2975463867,0.0,3683992.112716675,0,16768.23299069995,3683992.112716675,1.3051309134908424,1,2,1,QPIB1,QPIBPC2,QPOP1,QPIB1_QPOP1,QPIBPC2_QPOP1,Abaixo da média simples do grupo,Abaixo da média simples do grupo
2206308,Nordeste,Baixa Renda e Médio Dinamismo,1,21812.0,1239.0,1313.0,6092020.79888916,513479.57861328125,1452427.1235351562,0.0,0,17604.5197740113,1452427.1235351562,2.8285976386005958,1,2,1,QPIB1,QPIBPC2,QPOP1,QPIB1_QPOP1,QPIBPC2_QPOP1,Acima ou igual à média simples do grupo,Acima ou igual à média simples do grupo
2206407,Nordeste,Baixa Renda e Baixo Dinamismo,1,116388.0,10563.0,10255.0,22836787.73949051,3030649.0151901245,5469817.428909302,1042660.5859375,0,11018.460664583925,6512478.014846802,2.1488723973660964,1,1,1,QPIB1,QPIBPC1,QPOP1,QPIB1_QPOP1,QPIBPC1_QPOP1,Acima ou igual à média simples do grupo,Abaixo da média simples do grupo
2206720,Nordeste,Baixa Renda e Alto Dinamismo,1,86424.0,8632.0,10262.0,32478440.991004944,3508851.772605896,174674.5927734375,1467906.9440917969,0,10012.048192771084,1642581.5368652344,0.4681250857300675,1,1,1,QPIB1,QPIBPC1,QPOP1,QPIB1_QPOP1,QPIBPC1_QPOP1,Abaixo da média simples do grupo,Abaixo da média simples do grupo
2211001,Nordeste,Média Renda e Médio Dinamismo,1,20567753.0,871126.0,861509.0,15565610962.287184,5121696816.519103,4293030.26676178,8894526.053497314,0,23610.537396427153,13187556.320259094,0.0025748412670045257,4,2,4,QPIB4,QPIBPC2,QPOP4,QPIB4_QPOP4,QPIBPC2_QPOP4,Abaixo da média simples do grupo,Abaixo da média simples do grupo
2211100,Nordeste,Baixa Renda e Baixo Dinamismo,1,392973.0,44649.0,46077.0,385546947.80277133,25990469.349521637,17984138.791999817,13937.0,0,8801.384129543774,17998075.791999817,0.6924875249446419,1,1,2,QPIB1,QPIBPC1,QPOP2,QPIB1_QPOP2,QPIBPC1_QPOP2,Acima ou igual à média simples do grupo,Acima ou igual à média simples do grupo
230001,Nordeste,Baixa Renda e Alto Dinamismo,2,1126218.0,67868.0,63310.0,284844194.80855966,192064101.04343295,289510.4763183594,218006.701171875,0,16594.241763423117,507517.1774902344,0.0026424364299888897,2,2,2,QPIB2,QPIBPC2,QPOP2,QPIB2_QPOP2,QPIBPC2_QPOP2,Abaixo da média simples do grupo,Abaixo da média simples do grupo
230002,Nordeste,Baixa Renda e Médio Dinamismo,6,2925923.0,248634.0,240366.0,964885263.9541996,601382596.6370122,46035.72265625,937837.9716644287,0,11767.99230998174,983873.6943206787,0.0016360195652860465,3,1,3,QPIB3,QPIBPC1,QPOP3,QPIB3_QPOP3,QPIBPC1_QPOP3,Abaixo da média simples do grupo,Abaixo da média simples do grupo
230003,Nordeste,Baixa Renda e Médio Dinamismo,12,2532902.0,234462.0,222490.0,462710809.8630011,162380588.51207924,552595.884185791,4265409.900444031,0,10803.038445462378,4818005.784629822,0.029671069853718493,2,1,3,QPIB2,QPIBPC1,QPOP3,QPIB2_QPOP3,QPIBPC1_QPOP3,Abaixo da média simples do grupo,Abaixo da média simples do grupo
230004,Nordeste,Baixa Renda e Médio Dinamismo,6,1959905.0,209500.0,188455.0,488563626.72263503,190881559.45420837,626638.1032714844,1876544.2608032227,0,9355.155131264917,2503182.364074707,0.013113798793514202,2,1,3,QPIB2,QPIBPC1,QPOP3,QPIB2_QPOP3,QPIBPC1_QPOP3,Abaixo da média simples do grupo,Abaixo da média simples do grupo
230005,Nordeste,Baixa Renda e Baixo Dinamismo,6,1537857.0,158003.0,144768.0,401721201.4993916,228054276.61468887,0.0,882987.2084960938,0,9733.08734644279,882987.2084960938,0.0038718292048868378,2,1,3,QPIB2,QPIBPC1,QPOP3,QPIB2_QPOP3,QPIBPC1_QPOP3,Abaixo da média simples do grupo,Abaixo da média simples do grupo
230006,Nordeste,Baixa Renda e Médio Dinamismo,11,4225592.0,339383.0,324440.0,1515280909.046431,966334048.6385379,3810615.1229782104,3759347.84967041,0,12450.80631616787,7569962.972648621,0.00783369165488259,3,1,4,QPIB3,QPIBPC1,QPOP4,QPIB3_QPOP4,QPIBPC1_QPOP4,Abaixo da média simples do grupo,Abaixo da média simples do grupo
230007,Nordeste,Média Renda e Alto Dinamismo,15,6572968.0,397696.0,377186.0,2596675095.812801,1541105631.7830203,7651393.644821167,1955843.87940979,0,16527.619085934984,9607237.524230957,0.006233990276912833,3,2,4,QPIB3,QPIBPC2,QPOP4,QPIB3_QPOP4,QPIBPC2_QPOP4,Abaixo da média simples do grupo,Abaixo da média simples do grupo
230008,Nordeste,Média Renda e Alto Dinamismo,5,2807711.0,154215.0,152755.0,1006896033.8908082,611206348.5732427,37441.8603515625,12464473.621826172,0,18206.471484615635,12501915.482177734,0.020454492188049636,3,2,3,QPIB3,QPIBPC2,QPOP3,QPIB3_QPOP3,QPIBPC2_QPOP3,Abaixo da média simples do grupo,Abaixo da média simples do grupo
230009,Nordeste,Baixa Renda e Médio Dinamismo,10,4002066.0,341622.0,300409.0,1059937964.9237176,326918886.140934,516799.79052734375,3532379.5877685547,0,11714.895410717108,4049179.3782958984,0.012385883930089945,3,1,4,QPIB3,QPIBPC1,QPOP4,QPIB3_QPOP4,QPIBPC1_QPOP4,Abaixo da média simples do grupo,Abaixo da média simples do grupo
230010,Nordeste,Baixa Renda e Médio Dinamismo,5,1162976.0,116210.0,106834.0,197452345.2028992,57848688.75727272,399864.3076171875,1384619.410522461,0,10007.538077618105,1784483.7181396484,0.030847435896553553,2,1,2,QPIB2,QPIBPC1,QPOP2,QPIB2_QPOP2,QPIBPC1_QPOP2,Abaixo da média simples do grupo,Abaixo da média simples do grupo
230011,Nordeste,Média Renda e Médio Dinamismo,22,11262516.0,860248.0,856893.0,5474727579.431282,2562238425.3692837,500821.9364013672,8340072.549850464,0,13092.173419758023,8840894.486251831,0.0034504573808261554,4,1,4,QPIB4,QPIBPC1,QPOP4,QPIB4_QPOP4,QPIBPC1_QPOP4,Abaixo da média simples do grupo,Abaixo da média simples do grupo
230012,Nordeste,Baixa Renda e Médio Dinamismo,8,2252940.0,193054.0,185722.0,755018298.767415,343044555.76616174,3593292.772705078,1176991.0936889648,0,11669.999067618386,4770283.866394043,0.013905726781583829,2,1,3,QPIB2,QPIBPC1,QPOP3,QPIB2_QPOP3,QPIBPC1_QPOP3,Abaixo da média simples do grupo,Abaixo da média simples do grupo
230013,Nordeste,Baixa Renda e Médio Dinamismo,10,2674423.0,262308.0,255145.0,572684979.5598593,171260290.98522067,75428.62109375,2427550.2439727783,0,10195.735547524284,2502978.8650665283,0.014615056710854994,2,1,4,QPIB2,QPIBPC1,QPOP4,QPIB2_QPOP4,QPIBPC1_QPOP4,Abaixo da média simples do grupo,Abaixo da média simples do grupo
230014,Nordeste,Baixa Renda e Médio Dinamismo,3,996792.0,98498.0,99955.0,265052711.0548899,110089533.40741706,0.0,0.0,0,10119.921216674451,0.0,0.0,2,1,2,QPIB2,QPIBPC1,QPOP2,QPIB2_QPOP2,QPIBPC1_QPOP2,Abaixo da média simples do grupo,Abaixo da média simples do grupo
230015,Nordeste,Baixa Renda e Médio Dinamismo,23,9122385.0,615099.0,586936.0,4547854884.650295,2792952968.6337247,462838.46630859375,110443511.19011688,0,14830.758950998132,110906349.65642548,0.03970935096364311,4,1,4,QPIB4,QPIBPC1,QPOP4,QPIB4_QPOP4,QPIBPC1_QPOP4,Abaixo da média simples do grupo,Abaixo da média simples do grupo
230016,Nordeste,Baixa Renda e Alto Dinamismo,11,5483914.0,415990.0,410532.0,1149916099.051327,494145589.5580671,1732057.497619629,5327993.487365723,0,13182.80247121325,7060050.984985352,0.014287390465832994,3,1,4,QPIB3,QPIBPC1,QPOP4,QPIB3_QPOP4,QPIBPC1_QPOP4,Abaixo da média simples do grupo,Abaixo da média simples do grupo
230017,Nordeste,Baixa Renda e Alto Dinamismo,6,3174380.0,212296.0,221720.0,815248032.3427768,445866684.65688884,1448047.8122558594,817696.0639648438,0,14952.613332328447,2265743.876220703,0.0050816621967713915,3,1,3,QPIB3,QPIBPC1,QPOP3,QPIB3_QPOP3,QPIBPC1_QPOP3,Abaixo da média simples do grupo,Abaixo da média simples do grupo
230018,Nordeste,Baixa Renda e Médio Dinamismo,4,1466437.0,147498.0,142415.0,324190335.48987675,150242119.82448387,30845.9697265625,8711698.118255615,0,9942.080570584008,8742544.087982178,0.058189701384641065,2,1,3,QPIB2,QPIBPC1,QPOP3,QPIB2_QPOP3,QPIBPC1_QPOP3,Abaixo da média simples do grupo,Abaixo da média simples do grupo
2301000,Nordeste,Média Renda e Alto Dinamismo,1,2850933.0,81581.0,79695.0,1491687404.791756,591113203.5115917,826983.104888916,1756911.9950561523,0,34946.04135766906,2583895.0999450684,0.004371235635737916,3,3,2,QPIB3,QPIBPC3,QPOP2,QPIB3_QPOP2,QPIBPC3_QPOP2,Abaixo da média simples do grupo,Abaixo da média simples do grupo
2303501,Nordeste,Média Renda e Médio Dinamismo,1,983022.0,72706.0,72689.0,417374522.51306695,229437057.22666925,0.0,74392.1396484375,0,13520.507248370148,74392.1396484375,0.00032423768221078077,2,1,2,QPIB2,QPIBPC1,QPOP2,QPIB2_QPOP2,QPIBPC1_QPOP2,Abaixo da média simples do grupo,Abaixo da média simples do grupo
2303709,Nordeste,Média Renda e Alto Dinamismo,1,8414843.0,368918.0,354973.0,2965780669.3326383,1232882890.3305984,3776463.9962768555,42550103.57058525,0,22809.521357049533,46326567.56686211,0.03757580539903478,4,2,4,QPIB4,QPIBPC2,QPOP4,QPIB4_QPOP4,QPIBPC2_QPOP4,Abaixo da média simples do grupo,Abaixo da média simples do grupo
2303956,Nordeste,Baixa Renda e Médio Dinamismo,1,208605.0,20286.0,20136.0,51755587.12478638,31338670.909210205,0.0,143915.2705078125,0,10283.200236616385,143915.2705078125,0.004592258265347075,1,1,1,QPIB1,QPIBPC1,QPOP1,QPIB1_QPOP1,QPIBPC1_QPOP1,Abaixo da média simples do grupo,Abaixo da média simples do grupo
2304285,Nordeste,Alta Renda,1,2827543.0,55035.0,74085.0,3904242641.4103065,2443159208.7643394,0.0,6130131.4951171875,0,51377.17815935314,6130131.4951171875,0.0025091002965040433,3,4,2,QPIB3,QPIBPC4,QPOP2,QPIB3_QPOP2,QPIBPC4_QPOP2,Abaixo da média simples do grupo,Abaixo da média simples do grupo
2304400,Nordeste,Alta Renda,1,60624818.0,2703391.0,2421147.0,59922599069.12187,23581361371.079243,1138389.9028320312,7972158.667897949,0,22425.471565156502,9110548.57072998,0.00038634531854905455,4,2,4,QPIB4,QPIBPC2,QPOP4,QPIB4_QPOP4,QPIBPC2_QPOP4,Abaixo da média simples do grupo,Abaixo da média simples do grupo
2304954,Nordeste,Baixa Renda e Médio Dinamismo,1,220362.0,26508.0,24306.0,72696864.63682632,40658465.27490616,187741.02697753906,164668.453125,0,8313.037573562699,352409.48010253906,0.00866755490448975,1,1,1,QPIB1,QPIBPC1,QPOP1,QPIB1_QPOP1,QPIBPC1_QPOP1,Abaixo da média simples do grupo,Abaixo da média simples do grupo
2305233,Nordeste,Baixa Renda e Baixo Dinamismo,1,1765192.0,69688.0,74680.0,1293160386.826595,992929284.0861713,410109.07427978516,384258.0700683594,0,25329.92767764895,794367.1443481445,0.0008000238859701166,2,3,2,QPIB2,QPIBPC3,QPOP2,QPIB2_QPOP2,QPIBPC3_QPOP2,Abaixo da média simples do grupo,Abaixo da média simples do grupo
2306256,Nordeste,Média Renda e Alto Dinamismo,1,1003203.0,38661.0,55889.0,778717164.5090405,215258359.79468918,0.0,9343057.012939453,0,25948.70800031039,9343057.012939453,0.04340392178891797,2,3,1,QPIB2,QPIBPC3,QPOP1,QPIB2_QPOP1,QPIBPC3_QPOP1,Abaixo da média simples do grupo,Abaixo da média simples do grupo
2307650,Nordeste,Média Renda e Médio Dinamismo,1,9676792.0,230986.0,234328.0,4881597845.891935,2588744774.952388,978118.2097167969,17718666.089935303,0,41893.413453629226,18696784.2996521,0.0072223358905653305,4,4,3,QPIB4,QPIBPC4,QPOP3,QPIB4_QPOP3,QPIBPC4_QPOP3,Abaixo da média simples do grupo,Abaixo da média simples do grupo
2307700,Nordeste,Baixa Renda e Baixo Dinamismo,1,1411529.0,131677.0,104983.0,680105685.0340296,414393155.03090584,621505.6473388672,9805.72998046875,0,10719.632130136622,631311.3773193359,0.0015234599550087938,2,1,3,QPIB2,QPIBPC1,QPOP3,QPIB2_QPOP3,QPIBPC1_QPOP3,Abaixo da média simples do grupo,Abaixo da média simples do grupo
2309607,Nordeste,Baixa Renda e Baixo Dinamismo,1,1215684.0,74145.0,70974.0,464554041.58495045,221703885.12742534,0.0,0.0,0,16396.034796682176,0.0,0.0,2,2,2,QPIB2,QPIBPC2,QPOP2,QPIB2_QPOP2,QPIBPC2_QPOP2,Abaixo da média simples do grupo,Abaixo da média simples do grupo
2309706,Nordeste,Média Renda e Baixo Dinamismo,1,1076576.0,85647.0,80778.0,423354225.6250748,222675800.82987657,0.0,0.0,0,12569.920721099395,0.0,0.0,2,1,2,QPIB2,QPIBPC1,QPOP2,QPIB2_QPOP2,QPIBPC1_QPOP2,Abaixo da média simples do grupo,Abaixo da média simples do grupo
2310209,Nordeste,Média Renda e Médio Dinamismo,1,517679.0,35526.0,38862.0,165991350.37821555,59885938.83600784,33152.0,21073546.126708984,0,14571.834712604852,21106698.126708984,0.35244831319264686,1,1,1,QPIB1,QPIBPC1,QPOP1,QPIB1_QPOP1,QPIBPC1_QPOP1,Abaixo da média simples do grupo,Abaixo da média simples do grupo
2310258,Nordeste,Baixa Renda e Alto Dinamismo,1,494439.0,33232.0,32091.0,169771009.01563263,120381063.52031326,0.0,0.0,0,14878.400337024555,0.0,0.0,1,1,1,QPIB1,QPIBPC1,QPOP1,QPIB1_QPOP1,QPIBPC1_QPOP1,Abaixo da média simples do grupo,Abaixo da média simples do grupo
2310852,Nordeste,Baixa Renda e Alto Dinamismo,1,253603.0,20964.0,23332.0,67806522.76386642,28330262.68642807,23128.69140625,136053.43005371094,0,12097.071169624118,159182.12145996094,0.005618801464068983,1,1,1,QPIB1,QPIBPC1,QPOP1,QPIB1_QPOP1,QPIBPC1_QPOP1,Abaixo da média simples do grupo,Abaixo da média simples do grupo
2312403,Nordeste,Baixa Renda e Alto Dinamismo,1,7061584.0,49306.0,54052.0,1763837489.9317584,525291411.7283991,0.0,352326.0625,0,143219.5675982639,352326.0625,0.0006707249626273531,3,4,2,QPIB3,QPIBPC4,QPOP2,QPIB3_QPOP2,QPIBPC4_QPOP2,Abaixo da média simples do grupo,Abaixo da média simples do grupo
2312601,Nordeste,Baixa Renda e Médio Dinamismo,1,123544.0,13086.0,10791.0,17090061.493782043,3533409.9873580933,44883.099609375,547090.9033203125,0,9440.929237352897,591974.0029296875,0.16753617753039252,1,1,1,QPIB1,QPIBPC1,QPOP1,QPIB1_QPOP1,QPIBPC1_QPOP1,Abaixo da média simples do grupo,Abaixo da média simples do grupo
2313500,Nordeste,Baixa Renda e Alto Dinamismo,1,1039052.0,56653.0,58387.0,192501478.97493076,79557655.65697694,0.0,0.0,0,18340.635094346282,0.0,0.0,2,2,2,QPIB2,QPIBPC2,QPOP2,QPIB2_QPOP2,QPIBPC2_QPOP2,Abaixo da média simples do grupo,Abaixo da média simples do grupo
240001,Nordeste,Baixa Renda e Alto Dinamismo,11,2293564.0,128148.0,119626.0,283610839.54109454,144582757.60704398,5282962.865600586,2466610.10546875,0,17897.77444829416,7749572.971069336,0.053599565393071334,2,2,3,QPIB2,QPIBPC2,QPOP3,QPIB2_QPOP3,QPIBPC2_QPOP3,Abaixo da média simples do grupo,Abaixo da média simples do grupo
240002,Nordeste,Baixa Renda e Médio Dinamismo,13,1611103.0,146605.0,134089.0,286937930.353528,77778529.27201462,1823800.3231201172,0.0,0,10989.413730773165,1823800.3231201172,0.023448634734937527,2,1,3,QPIB2,QPIBPC1,QPOP3,QPIB2_QPOP3,QPIBPC1_QPOP3,Abaixo da média simples do grupo,Abaixo da média simples do grupo
240003,Nordeste,Baixa Renda e Alto Dinamismo,7,1648846.0,98608.0,94411.0,627097255.5617864,244081207.30374122,20759330.999938965,0.0,0,16721.219373681648,20759330.999938965,0.08505091903329327,2,2,2,QPIB2,QPIBPC2,QPOP2,QPIB2_QPOP2,QPIBPC2_QPOP2,Abaixo da média simples do grupo,Abaixo da média simples do grupo
240004,Nordeste,Baixa Renda e Médio Dinamismo,9,1171776.0,102352.0,92005.0,232499980.7984991,74928079.22700882,68014.0,3484975.2890625,0,11448.491480381428,3552989.2890625,0.04741866234550128,2,1,2,QPIB2,QPIBPC1,QPOP2,QPIB2_QPOP2,QPIBPC1_QPOP2,Abaixo da média simples do grupo,Abaixo da média simples do grupo
240005,Nordeste,Baixa Renda e Alto Dinamismo,10,3083110.0,74509.0,70917.0,419646414.58172846,169002801.95979023,1386478.2970199585,20526058.004859924,0,41379.02803688145,21912536.301879883,0.12965782843703025,3,4,2,QPIB3,QPIBPC4,QPOP2,QPIB3_QPOP2,QPIBPC4_QPOP2,Abaixo da média simples do grupo,Abaixo da média simples do grupo
240006,Nordeste,Baixa Renda e Médio Dinamismo,10,944546.0,69014.0,63592.0,167329232.15390205,44979976.88844681,2593125.101119995,457151.08435058594,0,13686.295534239429,3050276.185470581,0.06781408965672568,1,1,2,QPIB1,QPIBPC1,QPOP2,QPIB1_QPOP2,QPIBPC1_QPOP2,Abaixo da média simples do grupo,Abaixo da média simples do grupo
240007,Nordeste,Média Renda e Médio Dinamismo,15,2901640.0,184976.0,172193.0,1265316441.590474,548261355.3670367,1539335.847290039,48637907.338020325,0,15686.575555747773,50177243.185310364,0.09152066381136588,3,2,3,QPIB3,QPIBPC2,QPOP3,QPIB3_QPOP3,QPIBPC2_QPOP3,Abaixo da média simples do grupo,Abaixo da média simples do grupo
240008,Nordeste,Média Renda e Alto Dinamismo,9,1888676.0,115991.0,111003.0,643594179.7601032,198689126.26055402,251857.7198486328,47909167.43421936,0,16282.952987731807,48161025.15406799,0.24239386452840553,2,2,2,QPIB2,QPIBPC2,QPOP2,QPIB2_QPOP2,QPIBPC2_QPOP2,Abaixo da média simples do grupo,Abaixo da média simples do grupo
240009,Nordeste,Média Renda e Baixo Dinamismo,17,11578493.0,510247.0,463391.0,6228495966.906249,1891296474.1706798,1202522.4096069336,830991028.1327027,0,22691.937434223033,832193550.5423096,0.440012214852365,4,2,4,QPIB4,QPIBPC2,QPOP4,QPIB4_QPOP4,QPIBPC2_QPOP4,Acima ou igual à média simples do grupo,Acima ou igual à média simples do grupo
240010,Nordeste,Média Renda e Médio Dinamismo,34,2845440.0,240336.0,226934.0,549125545.3466003,155366140.2237975,145869.130859375,48440.0,0,11839.424805272618,194309.130859375,0.0012506530095906482,3,1,3,QPIB3,QPIBPC1,QPOP3,QPIB3_QPOP3,QPIBPC1_QPOP3,Abaixo da média simples do grupo,Abaixo da média simples do grupo
240011,Nordeste,Média Renda e Médio Dinamismo,17,7089200.0,242703.0,222231.0,1820967071.102429,529665719.647426,1105041.8762207031,336414866.5197189,0,29209.36288385393,337519908.3959396,0.6372319292640102,3,3,3,QPIB3,QPIBPC3,QPOP3,QPIB3_QPOP3,QPIBPC3_QPOP3,Acima ou igual à média simples do grupo,Acima ou igual à média simples do grupo
2401206,Nordeste,Baixa Renda e Baixo Dinamismo,1,344145.0,14526.0,13230.0,201034546.50451958,15019996.455487976,38298855.42316185,0.0,0,23691.656340355225,38298855.42316185,2.5498578203171474,1,2,1,QPIB1,QPIBPC2,QPOP1,QPIB1_QPOP1,QPIBPC2_QPOP1,Acima ou igual à média simples do grupo,Acima ou igual à média simples do grupo
2401701,Nordeste,Baixa Renda e Médio Dinamismo,1,101436.0,10323.0,9922.0,12738184.437179565,2113103.60055542,0.0,0.0,0,9826.213310084278,0.0,0.0,1,1,1,QPIB1,QPIBPC1,QPOP1,QPIB1_QPOP1,QPIBPC1_QPOP1,Abaixo da média simples do grupo,Abaixo da média simples do grupo
2402600,Nordeste,Baixa Renda e Médio Dinamismo,1,904769.0,74268.0,77893.0,278942302.28392506,77324216.34388828,6202322.5809021,3900612.931137085,0,12182.48774707815,10102935.512039185,0.1306568108897197,1,1,2,QPIB1,QPIBPC1,QPOP2,QPIB1_QPOP2,QPIBPC1_QPOP2,Abaixo da média simples do grupo,Abaixo da média simples do grupo
2403251,Nordeste,Alta Renda,1,5682353.0,272490.0,252228.0,3015558632.3554583,846666325.9903021,4810144.967840672,1252021.0200653076,0,20853.436823369666,6062165.987905979,0.007160041449404965,3,2,4,QPIB3,QPIBPC2,QPOP4,QPIB3_QPOP4,QPIBPC2_QPOP4,Abaixo da média simples do grupo,Abaixo da média simples do grupo
2403608,Nordeste,Média Renda e Alto Dinamismo,1,510379.0,29282.0,61543.0,167397208.8540354,37087205.89877176,529857.679977417,3624.1298828125,0,17429.78621678847,533481.8098602295,0.014384524175704946,1,2,1,QPIB1,QPIBPC2,QPOP1,QPIB1_QPOP1,QPIBPC2_QPOP1,Abaixo da média simples do grupo,Abaixo da média simples do grupo
2404200,Nordeste,Baixa Renda e Alto Dinamismo,1,494281.0,27004.0,26741.0,188676362.32146963,52675477.66766103,1064169.40335083,0.0,0,18303.992001185008,1064169.40335083,0.020202368359426456,1,2,1,QPIB1,QPIBPC2,QPOP1,QPIB1_QPOP1,QPIBPC2_QPOP1,Abaixo da média simples do grupo,Abaixo da média simples do grupo
2404606,Nordeste,Baixa Renda e Médio Dinamismo,1,133977.0,14033.0,11609.0,17354693.323234558,5344174.212219238,751034.7509765625,274075.3681640625,0,9547.281408109457,1025110.119140625,0.19181824514566762,1,1,1,QPIB1,QPIBPC1,QPOP1,QPIB1_QPOP1,QPIBPC1_QPOP1,Abaixo da média simples do grupo,Abaixo da média simples do grupo
2407104,Nordeste,Média Renda e Baixo Dinamismo,1,1561057.0,82828.0,82175.0,803546568.3099617,368198676.2481503,1888990.385925293,10115221.72473526,0,18846.97203844111,12004212.110660553,0.0326025401095419,2,2,2,QPIB2,QPIBPC2,QPOP2,QPIB2_QPOP2,QPIBPC2_QPOP2,Abaixo da média simples do grupo,Abaixo da média simples do grupo
2407500,Nordeste,Baixa Renda e Médio Dinamismo,1,127115.0,12714.0,10220.0,29612408.765497357,15036331.51945282,93113.6337890625,0.0,0,9998.033663677836,93113.6337890625,0.006192576538273277,1,1,1,QPIB1,QPIBPC1,QPOP1,QPIB1_QPOP1,QPIBPC1_QPOP1,Abaixo da média simples do grupo,Abaixo da média simples do grupo
2407807,Nordeste,Baixa Renda e Alto Dinamismo,1,252962.0,22698.0,23017.0,66352073.57464981,21723314.75177002,1129720.1449279785,1983434.176147461,0,11144.682350867917,3113154.3210754395,0.14330935939791506,1,1,1,QPIB1,QPIBPC1,QPOP1,QPIB1_QPOP1,QPIBPC1_QPOP1,Abaixo da média simples do grupo,Abaixo da média simples do grupo
2408102,Nordeste,Alta Renda,1,20775622.0,896708.0,747856.0,16932931208.387896,6611112439.9589615,2133221.9228248596,320499024.89172363,0,23168.770658898997,322632246.8145485,0.048801506515679716,4,2,4,QPIB4,QPIBPC2,QPOP4,QPIB4_QPOP4,QPIBPC2_QPOP4,Abaixo da média simples do grupo,Abaixo da média simples do grupo
2408201,Nordeste,Baixa Renda e Alto Dinamismo,1,441744.0,28266.0,31722.0,107046775.58446579,44858810.36572647,221988.09057617188,0.0,0,15628.104436425387,221988.09057617188,0.004948595131398707,1,2,1,QPIB1,QPIBPC2,QPOP1,QPIB1_QPOP1,QPIBPC2_QPOP1,Abaixo da média simples do grupo,Abaixo da média simples do grupo
2412005,Nordeste,Média Renda e Baixo Dinamismo,1,1674551.0,104919.0,115755.0,901540531.0995059,206478223.63903296,1042061.3356933594,4316450.543609619,0,15960.41708365501,5358511.8793029785,0.02595194681968388,2,2,2,QPIB2,QPIBPC2,QPOP2,QPIB2_QPOP2,QPIBPC2_QPOP2,Abaixo da média simples do grupo,Abaixo da média simples do grupo
2412203,Nordeste,Baixa Renda e Médio Dinamismo,1,878699.0,44566.0,47167.0,425397541.74488914,185605756.921475,2322462.292602539,38277.5,0,19716.80204640309,2360739.792602539,0.012719108672913131,1,2,2,QPIB1,QPIBPC2,QPOP2,QPIB1_QPOP2,QPIBPC2_QPOP2,Abaixo da média simples do grupo,Abaixo da média simples do grupo
2414803,Nordeste,Baixa Renda e Médio Dinamismo,1,124852.0,12789.0,10707.0,23148230.686665058,9871898.442390442,895553.4404296875,0.0,0,9762.452107279694,895553.4404296875,0.09071744869093616,1,1,1,QPIB1,QPIBPC1,QPOP1,QPIB1_QPOP1,QPIBPC1_QPOP1,Abaixo da média simples do grupo,Abaixo da média simples do grupo
250001,Nordeste,Baixa Renda e Médio Dinamismo,11,1659140.0,152180.0,148365.0,350058135.86458755,89539903.30326965,41252289.873535156,5896156.632182617,0,10902.483900643974,47148446.50571777,0.526563518234178,2,1,3,QPIB2,QPIBPC1,QPOP3,QPIB2_QPOP3,QPIBPC1_QPOP3,Acima ou igual à média simples do grupo,Acima ou igual à média simples do grupo
250002,Nordeste,Baixa Renda e Médio Dinamismo,26,4153900.0,321130.0,303768.0,1035893964.0953443,445040446.1558281,7609319.044723511,3975054.4929626435,0,12935.25986360664,11584373.537686154,0.0260299342177766,3,1,4,QPIB3,QPIBPC1,QPOP4,QPIB3_QPOP4,QPIBPC1_QPOP4,Abaixo da média simples do grupo,Abaixo da média simples do grupo
250003,Nordeste,Baixa Renda e Médio Dinamismo,9,1679715.0,123478.0,121756.0,585607606.184892,152841668.09461594,34948123.11885811,3132860.0055770874,0,13603.354443706572,38080983.124435194,0.2491531504410259,2,1,2,QPIB2,QPIBPC1,QPOP2,QPIB2_QPOP2,QPIBPC1_QPOP2,Abaixo da média simples do grupo,Acima ou igual à média simples do grupo
250004,Nordeste,Média Renda e Médio Dinamismo,19,4903993.0,322272.0,313942.0,1652129176.9769266,537715963.8651013,33517793.39833069,12727427.471096039,0,15216.937866150332,46245220.86942673,0.08600306477236823,3,1,4,QPIB3,QPIBPC1,QPOP4,QPIB3_QPOP4,QPIBPC1_QPOP4,Abaixo da média simples do grupo,Abaixo da média simples do grupo
250005,Nordeste,Média Renda e Médio Dinamismo,47,14805866.0,946511.0,934969.0,8190173818.577796,3374167176.0005736,17839503.891784668,20649822.062843323,0,15642.571507357019,38489325.95462799,0.011407059563732015,4,2,4,QPIB4,QPIBPC2,QPOP4,QPIB4_QPOP4,QPIBPC2_QPOP4,Abaixo da média simples do grupo,Abaixo da média simples do grupo
250006,Nordeste,Baixa Renda e Médio Dinamismo,10,925368.0,95316.0,87584.0,194557685.22276497,31911455.968868256,49247.89990234375,16487975.562999725,0,9708.422510386505,16537223.46290207,0.5182221544211342,1,1,2,QPIB1,QPIBPC1,QPOP2,QPIB1_QPOP2,QPIBPC1_QPOP2,Acima ou igual à média simples do grupo,Acima ou igual à média simples do grupo
250007,Nordeste,Baixa Renda e Alto Dinamismo,7,873482.0,57214.0,54754.0,139291942.9546051,35579146.22640228,112026.28076171875,0.0,0,15266.92767504457,112026.28076171875,0.0031486500560990753,1,1,2,QPIB1,QPIBPC1,QPOP2,QPIB1_QPOP2,QPIBPC1_QPOP2,Abaixo da média simples do grupo,Abaixo da média simples do grupo
250008,Nordeste,Baixa Renda e Médio Dinamismo,8,555872.0,52530.0,51661.0,109504493.1118987,30898021.803373624,636558.380859375,355071.6163787842,0,10581.99124309918,991629.9972381592,0.03209364028378954,1,1,2,QPIB1,QPIBPC1,QPOP2,QPIB1_QPOP2,QPIBPC1_QPOP2,Abaixo da média simples do grupo,Abaixo da média simples do grupo
250009,Nordeste,Média Renda e Médio Dinamismo,26,3691046.0,269737.0,253497.0,1199601999.0155168,432623877.6800909,433143.9567871094,7668720.0678367615,0,13683.869843588383,8101864.024623871,0.018727269673762426,3,1,4,QPIB3,QPIBPC1,QPOP4,QPIB3_QPOP4,QPIBPC1_QPOP4,Abaixo da média simples do grupo,Abaixo da média simples do grupo
250010,Nordeste,Baixa Renda e Médio Dinamismo,15,1295618.0,123709.0,117868.0,214472648.5718994,88004869.29051399,281723.4982910156,299488.1007080078,0,10473.110283002854,581211.5989990234,0.006604311825978384,2,1,2,QPIB2,QPIBPC1,QPOP2,QPIB2_QPOP2,QPIBPC1_QPOP2,Abaixo da média simples do grupo,Abaixo da média simples do grupo
250011,Nordeste,Baixa Renda e Médio Dinamismo,10,1492871.0,119599.0,113189.0,378857234.87504685,157757016.19273865,38168.93017578125,0.0,0,12482.303363740499,38168.93017578125,0.00024194759191660038,2,1,2,QPIB2,QPIBPC1,QPOP2,QPIB2_QPOP2,QPIBPC1_QPOP2,Abaixo da média simples do grupo,Abaixo da média simples do grupo
250012,Nordeste,Baixa Renda e Médio Dinamismo,7,837668.0,67454.0,64690.0,131972282.19109344,41567726.1248436,468908.8986816406,592120.6836090088,0,12418.35917810656,1061029.5822906494,0.025525321714831753,1,1,2,QPIB1,QPIBPC1,QPOP2,QPIB1_QPOP2,QPIBPC1_QPOP2,Abaixo da média simples do grupo,Abaixo da média simples do grupo
250013,Nordeste,Baixa Renda e Médio Dinamismo,5,597034.0,63257.0,58229.0,81090706.84008026,35634127.4362793,46064.22003173828,0.0,0,9438.228180280443,46064.22003173828,0.001292699536816497,1,1,2,QPIB1,QPIBPC1,QPOP2,QPIB1_QPOP2,QPIBPC1_QPOP2,Abaixo da média simples do grupo,Abaixo da média simples do grupo
250014,Nordeste,Média Renda e Médio Dinamismo,13,1901028.0,143554.0,137740.0,658131870.1159334,265427444.3892322,135315.35888671875,5383919.277587891,0,13242.598604009641,5519234.636474609,0.020793760227676414,2,1,3,QPIB2,QPIBPC1,QPOP3,QPIB2_QPOP3,QPIBPC1_QPOP3,Abaixo da média simples do grupo,Abaixo da média simples do grupo
250015,Nordeste,Média Renda e Médio Dinamismo,12,2029106.0,156274.0,150712.0,822025730.8737466,251974389.2709637,570375.9704589844,1460062.1875,0,12984.284013975453,2030438.1579589844,0.008058113222671722,2,1,3,QPIB2,QPIBPC1,QPOP3,QPIB2_QPOP3,QPIBPC1_QPOP3,Abaixo da média simples do grupo,Abaixo da média simples do grupo
2500601,Nordeste,Baixa Renda e Alto Dinamismo,1,2586880.0,19865.0,21618.0,293716103.6278019,106840978.31936073,11156667.249603271,29170.349731445312,0,130223.00528567833,11185837.599334717,0.10469613602656166,2,4,1,QPIB2,QPIBPC4,QPOP1,QPIB2_QPOP1,QPIBPC4_QPOP1,Abaixo da média simples do grupo,Abaixo da média simples do grupo
2501807,Nordeste,Média Renda e Médio Dinamismo,1,1176644.0,97519.0,82667.0,566038695.04494,180458061.32268253,0.0,0.0,0,12065.792307140147,0.0,0.0,2,1,2,QPIB2,QPIBPC1,QPOP2,QPIB2_QPOP2,QPIBPC1_QPOP2,Abaixo da média simples do grupo,Abaixo da média simples do grupo
2503001,Nordeste,Baixa Renda e Baixo Dinamismo,1,392056.0,22079.0,21193.0,251671005.00476265,20179153.92608261,4270601.686767578,442104.16064453125,0,17756.963630599214,4712705.847412109,0.2335432825714606,1,2,1,QPIB1,QPIBPC2,QPOP1,QPIB1_QPOP1,QPIBPC2_QPOP1,Abaixo da média simples do grupo,Abaixo da média simples do grupo
2503209,Nordeste,Alta Renda,1,2496037.0,69773.0,66162.0,1613136784.024556,667046144.6435682,82401.330078125,5796036.514587402,0,35773.68036346438,5878437.844665527,0.008812640462537465,2,3,2,QPIB2,QPIBPC3,QPOP2,QPIB2_QPOP2,QPIBPC3_QPOP2,Abaixo da média simples do grupo,Abaixo da média simples do grupo
2504603,Nordeste,Média Renda e Alto Dinamismo,1,961121.0,25341.0,27400.0,418674147.09586453,89698750.62375519,1845169.0593566895,0.0,0,37927.50878023756,1845169.0593566895,0.020570733109721014,1,3,1,QPIB1,QPIBPC3,QPOP1,QPIB1_QPOP1,QPIBPC3_QPOP1,Abaixo da média simples do grupo,Abaixo da média simples do grupo
2504900,Nordeste,Baixa Renda e Médio Dinamismo,1,182347.0,17599.0,17089.0,39921696.36614227,9528095.10256958,3842406.242301941,2738606.139266968,0,10361.213705324166,6581012.381568909,0.6906954969198524,1,1,1,QPIB1,QPIBPC1,QPOP1,QPIB1_QPOP1,QPIBPC1_QPOP1,Abaixo da média simples do grupo,Abaixo da média simples do grupo
2507507,Nordeste,Alta Renda,1,19073676.0,825796.0,827822.0,15191424086.548449,5467338505.415472,7341133.762252808,976215.7602310181,0,23097.321856729748,8317349.522483826,0.001521279414882649,4,2,4,QPIB4,QPIBPC2,QPOP4,QPIB4_QPOP4,QPIBPC2_QPOP4,Abaixo da média simples do grupo,Abaixo da média simples do grupo
2508604,Nordeste,Baixa Renda e Alto Dinamismo,1,206817.0,13344.0,12554.0,82666347.47460556,65265051.91365433,2565083.417541504,0.0,0,15498.875899280576,2565083.417541504,0.03930255691721673,1,1,1,QPIB1,QPIBPC1,QPOP1,QPIB1_QPOP1,QPIBPC1_QPOP1,Abaixo da média simples do grupo,Abaixo da média simples do grupo
2511202,Nordeste,Baixa Renda e Baixo Dinamismo,1,511573.0,28607.0,29574.0,278550969.8731251,50820174.721710205,13297265.55984497,11268078.064483643,0,17882.790925298003,24565343.624328613,0.48337778763744355,1,2,1,QPIB1,QPIBPC2,QPOP1,QPIB1_QPOP1,QPIBPC2_QPOP1,Abaixo da média simples do grupo,Abaixo da média simples do grupo
2511905,Nordeste,Baixa Renda e Alto Dinamismo,1,369493.0,19478.0,16748.0,81632009.52547073,11104100.82522583,386761.53369140625,6912938.658447266,0,18969.76075572441,7299700.192138672,0.6573877801573559,1,2,1,QPIB1,QPIBPC2,QPOP1,QPIB1_QPOP1,QPIBPC2_QPOP1,Abaixo da média simples do grupo,Abaixo da média simples do grupo
2512903,Nordeste,Média Renda e Médio Dinamismo,1,299199.0,24258.0,24548.0,175750304.49228287,13855233.187141418,88336343.04299164,0.0,0,12334.034133069503,88336343.04299164,6.375666280735979,1,1,1,QPIB1,QPIBPC1,QPOP1,QPIB1_QPOP1,QPIBPC1_QPOP1,Acima ou igual à média simples do grupo,Acima ou igual à média simples do grupo
2513703,Nordeste,Baixa Renda e Médio Dinamismo,1,2248411.0,138093.0,149335.0,1343701258.523297,412510086.4264217,71586571.43334198,4094812.905151367,0,16281.860774984974,75681384.33849335,0.18346553654995884,2,2,3,QPIB2,QPIBPC2,QPOP3,QPIB2_QPOP3,QPIBPC2_QPOP3,Abaixo da média simples do grupo,Abaixo da média simples do grupo
260001,Nordeste,Média Renda e Alto Dinamismo,2,1082506.0,60486.0,58674.0,489307947.18419236,261014623.26143193,2398098.1017608643,238226.3505859375,0,17896.802565883016,2636324.4523468018,0.010100294073203179,2,2,2,QPIB2,QPIBPC2,QPOP2,QPIB2_QPOP2,QPIBPC2_QPOP2,Abaixo da média simples do grupo,Abaixo da média simples do grupo
260002,Nordeste,Baixa Renda e Alto Dinamismo,11,11173360.0,349066.0,327021.0,3880303079.02444,752155720.1574177,192659382.62332612,4101573.5513305664,0,32009.3048306051,196760956.1746567,0.2615960377639312,4,3,4,QPIB4,QPIBPC3,QPOP4,QPIB4_QPOP4,QPIBPC3_QPOP4,Acima ou igual à média simples do grupo,Acima ou igual à média simples do grupo
260003,Nordeste,Baixa Renda e Baixo Dinamismo,10,2380567.0,258413.0,198341.0,674793417.5943353,179889949.8490219,61960812.54550888,36796.9423828125,0,9212.257123287141,61997609.48789169,0.3446418743233019,2,1,4,QPIB2,QPIBPC1,QPOP4,QPIB2_QPOP4,QPIBPC1_QPOP4,Acima ou igual à média simples do grupo,Acima ou igual à média simples do grupo
260004,Nordeste,Baixa Renda e Médio Dinamismo,8,2530096.0,232721.0,209116.0,722744412.3656671,279680369.81892437,30982693.422940977,4351207.4326171875,0,10871.799278964942,35333900.855558164,0.12633672101633256,2,1,3,QPIB2,QPIBPC1,QPOP3,QPIB2_QPOP3,QPIBPC1_QPOP3,Abaixo da média simples do grupo,Abaixo da média simples do grupo
260005,Nordeste,Média Renda e Alto Dinamismo,4,4806858.0,212081.0,203574.0,2312452207.5397325,1059238403.5551078,4801612.522140503,11254371.061401367,0,22665.1986740915,16055983.58354187,0.015158045185723426,3,2,3,QPIB3,QPIBPC2,QPOP3,QPIB3_QPOP3,QPIBPC2_QPOP3,Abaixo da média simples do grupo,Abaixo da média simples do grupo
2600054,Nordeste,Baixa Renda e Baixo Dinamismo,1,1443077.0,100698.0,96695.0,816074817.8388946,431268813.300333,0.0,0.0,0,14330.741424854516,0.0,0.0,2,1,2,QPIB2,QPIBPC1,QPOP2,QPIB2_QPOP2,QPIBPC1_QPOP2,Abaixo da média simples do grupo,Abaixo da média simples do grupo
260006,Nordeste,Média Renda e Médio Dinamismo,6,3132278.0,184803.0,173224.0,1523930921.7228315,485255939.53995275,41279857.25996185,5333058.555969238,0,16949.28112638864,46612915.81593109,0.09605841375197283,3,2,3,QPIB3,QPIBPC2,QPOP3,QPIB3_QPOP3,QPIBPC2_QPOP3,Abaixo da média simples do grupo,Abaixo da média simples do grupo
260007,Nordeste,Baixa Renda e Médio Dinamismo,5,2121698.0,159150.0,139972.0,1374227595.425469,220898157.42499593,50595166.458757475,5507740.033569336,0,13331.43575243481,56102906.49232681,0.25397634433132865,2,1,3,QPIB2,QPIBPC1,QPOP3,QPIB2_QPOP3,QPIBPC1_QPOP3,Acima ou igual à média simples do grupo,Acima ou igual à média simples do grupo
260008,Nordeste,Baixa Renda e Médio Dinamismo,6,1409609.0,139226.0,134126.0,456473524.38713837,193952873.89236832,380493.0515136719,1568857.5612792969,0,10124.61034576875,1949350.6127929688,0.010050640517318327,2,1,3,QPIB2,QPIBPC1,QPOP3,QPIB2_QPOP3,QPIBPC1_QPOP3,Abaixo da média simples do grupo,Abaixo da média simples do grupo
260009,Nordeste,Média Renda e Médio Dinamismo,24,16170983.0,1109091.0,1075938.0,8442698937.679359,3638276866.2164774,23253895.616241455,14625827.206703186,0,14580.393313082515,37879722.82294464,0.01041144591679648,4,1,4,QPIB4,QPIBPC1,QPOP4,QPIB4_QPOP4,QPIBPC1_QPOP4,Abaixo da média simples do grupo,Abaixo da média simples do grupo
260010,Nordeste,Baixa Renda e Alto Dinamismo,22,7577615.0,564730.0,535087.0,2132461411.2618399,810137287.5386859,10424736.389129639,1322233.4837532043,0,13418.120163618012,11746969.872882843,0.014499974329748274,4,1,4,QPIB4,QPIBPC1,QPOP4,QPIB4_QPOP4,QPIBPC1_QPOP4,Abaixo da média simples do grupo,Abaixo da média simples do grupo
260011,Nordeste,Baixa Renda e Médio Dinamismo,11,4099402.0,379906.0,374461.0,1124873443.7768102,494784157.2530894,2256987.8358154297,2938619.315677643,0,10790.56924607666,5195607.1514930725,0.01050075487529291,3,1,4,QPIB3,QPIBPC1,QPOP4,QPIB3_QPOP4,QPIBPC1_QPOP4,Abaixo da média simples do grupo,Abaixo da média simples do grupo
260012,Nordeste,Baixa Renda e Alto Dinamismo,7,5154924.0,271821.0,246733.0,1663288398.2572653,966634449.8859224,6069060.74697876,767521.6640396118,0,18964.40672354233,6836582.411018372,0.007072562344353848,3,2,4,QPIB3,QPIBPC2,QPOP4,QPIB3_QPOP4,QPIBPC2_QPOP4,Abaixo da média simples do grupo,Abaixo da média simples do grupo
260013,Nordeste,Baixa Renda e Médio Dinamismo,13,4951510.0,331398.0,318489.0,1425742364.7782025,463560538.8666449,2947775.6321258545,3718974.657470703,0,14941.279066258698,6666750.289596558,0.01438161735227946,3,1,4,QPIB3,QPIBPC1,QPOP4,QPIB3_QPOP4,QPIBPC1_QPOP4,Abaixo da média simples do grupo,Abaixo da média simples do grupo
260014,Nordeste,Baixa Renda e Médio Dinamismo,12,2042750.0,191075.0,184653.0,509596023.40306365,199291954.15108788,1587896.1983947754,429286.2138671875,0,10690.828208818526,2017182.412261963,0.010121745360240133,2,1,3,QPIB2,QPIBPC1,QPOP3,QPIB2_QPOP3,QPIBPC1_QPOP3,Abaixo da média simples do grupo,Abaixo da média simples do grupo
260015,Nordeste,Média Renda e Médio Dinamismo,6,8539824.0,482264.0,498719.0,6222030782.614399,3345775627.311295,280525.7607421875,6001939.052429199,0,17707.77831229368,6282464.813171387,0.0018777304616269352,4,2,4,QPIB4,QPIBPC2,QPOP4,QPIB4_QPOP4,QPIBPC2_QPOP4,Abaixo da média simples do grupo,Abaixo da média simples do grupo
260016,Nordeste,Baixa Renda e Médio Dinamismo,10,3574685.0,337912.0,319248.0,974173389.1448421,402749820.1989416,21399.19024658203,6424872.820503235,0,10578.74535381993,6446272.010749817,0.01600564838878296,3,1,4,QPIB3,QPIBPC1,QPOP4,QPIB3_QPOP4,QPIBPC1_QPOP4,Abaixo da média simples do grupo,Abaixo da média simples do grupo
260017,Nordeste,Baixa Renda e Baixo Dinamismo,9,2312902.0,195364.0,180202.0,728239105.2760395,242406175.79915294,108286.9306640625,3852244.016155243,0,11838.936549210704,3960530.9468193054,0.01633840777266676,2,1,3,QPIB2,QPIBPC1,QPOP3,QPIB2_QPOP3,QPIBPC1_QPOP3,Abaixo da média simples do grupo,Abaixo da média simples do grupo
260018,Nordeste,Baixa Renda e Médio Dinamismo,5,2375275.0,168198.0,135448.0,879309454.4892799,313603645.16011834,45021702.41526779,0.0,0,14121.898001165293,45021702.41526779,0.14356243337758656,2,1,3,QPIB2,QPIBPC1,QPOP3,QPIB2_QPOP3,QPIBPC1_QPOP3,Abaixo da média simples do grupo,Abaixo da média simples do grupo
2601052,Nordeste,Baixa Renda e Médio Dinamismo,1,154357.0,20936.0,19243.0,24524571.001391366,7915322.924944835,622213.9707641602,0.0,0,7372.802827665266,622213.9707641602,0.07860879166449126,1,1,1,QPIB1,QPIBPC1,QPOP1,QPIB1_QPOP1,QPIBPC1_QPOP1,Abaixo da média simples do grupo,Abaixo da média simples do grupo
2602902,Nordeste,Média Renda e Médio Dinamismo,1,10188899.0,210796.0,202961.0,3788841544.4931026,1441249838.2042444,28079319.32044924,521970.71423339844,0,48335.352663238395,28601290.03468264,0.01984478282427356,4,4,3,QPIB4,QPIBPC4,QPOP3,QPIB4_QPOP3,QPIBPC4_QPOP3,Abaixo da média simples do grupo,Abaixo da média simples do grupo
2603454,Nordeste,Média Renda e Médio Dinamismo,1,1877946.0,159945.0,147533.0,820238064.5245675,268868449.25674343,71185.80126953125,54899.669921875,0,11741.198536997093,126085.47119140625,0.000468948556589497,2,1,3,QPIB2,QPIBPC1,QPOP3,QPIB2_QPOP3,QPIBPC1_QPOP3,Abaixo da média simples do grupo,Abaixo da média simples do grupo
2606804,Nordeste,Média Renda e Médio Dinamismo,1,2905754.0,119690.0,114843.0,1705586448.8607981,526643929.678342,531936.4980163574,947495.0140380859,0,24277.33311053555,1479431.5120544434,0.002809168450793755,3,2,2,QPIB3,QPIBPC2,QPOP2,QPIB3_QPOP2,QPIBPC2_QPOP2,Abaixo da média simples do grupo,Abaixo da média simples do grupo
2607208,Nordeste,Baixa Renda e Médio Dinamismo,1,11682256.0,99101.0,98439.0,3624014995.526685,1461208055.7043133,8258031.049694061,5981409.469573975,0,117882.32207545837,14239440.519268036,0.009744978111556139,4,4,2,QPIB4,QPIBPC4,QPOP2,QPIB4_QPOP2,QPIBPC4_QPOP2,Abaixo da média simples do grupo,Abaixo da média simples do grupo
2607604,Nordeste,Média Renda e Médio Dinamismo,1,280343.0,27076.0,21525.0,41822505.22113037,7882512.65687561,0.0,0.0,0,10353.92967942089,0.0,0.0,1,1,1,QPIB1,QPIBPC1,QPOP1,QPIB1_QPOP1,QPIBPC1_QPOP1,Abaixo da média simples do grupo,Abaixo da média simples do grupo
2607752,Nordeste,Baixa Renda e Alto Dinamismo,1,1876862.0,27144.0,23978.0,567522196.1758175,90378626.55750275,693344.939453125,1290468.7395019531,0,69144.63601532567,1983813.6789550781,0.021950031268652782,2,4,1,QPIB2,QPIBPC4,QPOP1,QPIB2_QPOP1,QPIBPC4_QPOP1,Abaixo da média simples do grupo,Abaixo da média simples do grupo
2607901,Nordeste,Média Renda e Médio Dinamismo,1,12825773.0,711330.0,642958.0,7787832533.138646,2695195715.0619564,4341350.198204683,35979006.30207062,0,18030.69320849676,40320356.5002753,0.014960084818682055,4,2,4,QPIB4,QPIBPC2,QPOP4,QPIB4_QPOP4,QPIBPC2_QPOP4,Abaixo da média simples do grupo,Abaixo da média simples do grupo
2609402,Nordeste,Baixa Renda e Médio Dinamismo,1,803787.0,63792.0,55093.0,542927063.5068994,267896343.48366833,43265301.48805068,55140.0,0,12600.122272385252,43320441.48805068,0.16170598271227096,1,1,2,QPIB1,QPIBPC1,QPOP2,QPIB1_QPOP2,QPIBPC1_QPOP2,Abaixo da média simples do grupo,Abaixo da média simples do grupo
2609600,Nordeste,Média Renda e Baixo Dinamismo,1,5093215.0,393734.0,349341.0,5158231539.873725,1531932658.1755607,184220.36889648438,1174007.1033325195,0,12935.674846469952,1358227.472229004,0.0008866104296298316,3,1,4,QPIB3,QPIBPC1,QPOP4,QPIB3_QPOP4,QPIBPC1_QPOP4,Abaixo da média simples do grupo,Abaixo da média simples do grupo
2610707,Nordeste,Média Renda e Médio Dinamismo,1,4833014.0,336919.0,341579.0,3355381591.5512753,1202149667.0411382,51091.630615234375,66544.3896484375,0,14344.735678308436,117636.02026367188,9.785472099593928e-05,3,1,4,QPIB3,QPIBPC1,QPOP4,QPIB3_QPOP4,QPIBPC1_QPOP4,Abaixo da média simples do grupo,Abaixo da média simples do grupo
2611606,Nordeste,Alta Renda,1,45167887.0,1661017.0,1478148.0,49664626882.98397,21002940581.83614,45359620.45454025,16612113.483398438,0,27192.910728788447,61971733.93793869,0.0029506217806250126,4,3,4,QPIB4,QPIBPC3,QPOP4,QPIB4_QPOP4,QPIBPC3_QPOP4,Abaixo da média simples do grupo,Abaixo da média simples do grupo
2613701,Nordeste,Média Renda e Médio Dinamismo,1,1295154.0,114910.0,111046.0,566620851.1694816,204809403.35341918,157307.19897460938,164785.06079101562,0,11271.029501348881,322092.259765625,0.0015726439044882255,2,1,2,QPIB2,QPIBPC1,QPOP2,QPIB2_QPOP2,QPIBPC1_QPOP2,Abaixo da média simples do grupo,Abaixo da média simples do grupo
270001,Nordeste,Baixa Renda e Alto Dinamismo,2,809827.0,36990.0,26727.0,46548643.71376419,3996387.7521362305,11055498.36245346,0.0,0,21893.133279264664,11055498.36245346,2.766372796669655,1,2,1,QPIB1,QPIBPC2,QPOP1,QPIB1_QPOP1,QPIBPC2_QPOP1,Acima ou igual à média simples do grupo,Acima ou igual à média simples do grupo
270002,Nordeste,Baixa Renda e Alto Dinamismo,13,4719371.0,212394.0,193111.0,1351436543.5943356,464687845.7784769,52952842.14285278,249634.89233398438,0,22219.888509091594,53202477.03518677,0.11449078670447757,3,2,3,QPIB3,QPIBPC2,QPOP3,QPIB3_QPOP3,QPIBPC2_QPOP3,Abaixo da média simples do grupo,Abaixo da média simples do grupo
270003,Nordeste,Baixa Renda e Médio Dinamismo,7,4078613.0,196128.0,176632.0,1307310010.752695,201371789.1073889,283697561.76565313,693449.4485321045,0,20795.66915483766,284391011.21418524,1.4122683841405574,3,2,3,QPIB3,QPIBPC2,QPOP3,QPIB3_QPOP3,QPIBPC2_QPOP3,Acima ou igual à média simples do grupo,Acima ou igual à média simples do grupo
270004,Nordeste,Baixa Renda e Baixo Dinamismo,6,3222007.0,183390.0,134794.0,1128529878.6752698,182804544.6234088,375689387.3210287,1757931.333984375,0,17569.153170838104,377447318.6550131,2.0647589447657504,3,2,3,QPIB3,QPIBPC2,QPOP3,QPIB3_QPOP3,QPIBPC2_QPOP3,Acima ou igual à média simples do grupo,Acima ou igual à média simples do grupo
270005,Nordeste,Baixa Renda e Alto Dinamismo,5,4223316.0,126727.0,113553.0,546661587.7526419,97545444.67929657,14022205.213165283,331390.88665771484,0,33326.09467595698,14353596.099822998,0.14714778477881563,3,3,3,QPIB3,QPIBPC3,QPOP3,QPIB3_QPOP3,QPIBPC3_QPOP3,Abaixo da média simples do grupo,Abaixo da média simples do grupo
270006,Nordeste,Baixa Renda e Alto Dinamismo,6,1305397.0,77647.0,66560.0,183621776.07358408,79468552.4340725,19050218.733963013,63433.33984375,0,16811.94379692712,19113652.073806763,0.2405184376507115,2,2,2,QPIB2,QPIBPC2,QPOP2,QPIB2_QPOP2,QPIBPC2_QPOP2,Abaixo da média simples do grupo,Abaixo da média simples do grupo
270007,Nordeste,Baixa Renda e Alto Dinamismo,17,11814405.0,571140.0,544000.0,3418063372.2061615,964187818.483716,28253792.452846527,77237439.72500229,0,20685.655005777917,105491232.17784882,0.10940942226769114,4,2,4,QPIB4,QPIBPC2,QPOP4,QPIB4_QPOP4,QPIBPC2_QPOP4,Abaixo da média simples do grupo,Abaixo da média simples do grupo
270008,Nordeste,Baixa Renda e Alto Dinamismo,9,2518709.0,176494.0,166129.0,456202499.5729128,156445071.24655464,4139481.693336487,104264.64965820312,0,14270.79107505071,4243746.34299469,0.027126110839929378,2,1,3,QPIB2,QPIBPC1,QPOP3,QPIB2_QPOP3,QPIBPC1_QPOP3,Abaixo da média simples do grupo,Abaixo da média simples do grupo
270009,Nordeste,Baixa Renda e Médio Dinamismo,7,1903988.0,161739.0,148657.0,320928466.5079174,81330628.31123137,924512.8601074219,563184.4819335938,0,11771.978310735198,1487697.3420410156,0.018291969125677734,2,1,3,QPIB2,QPIBPC1,QPOP3,QPIB2_QPOP3,QPIBPC1_QPOP3,Abaixo da média simples do grupo,Abaixo da média simples do grupo
270010,Nordeste,Baixa Renda e Médio Dinamismo,9,1476162.0,146696.0,136901.0,330802569.20019627,116936382.08460617,68034.1201171875,0.0,0,10062.728363418226,68034.1201171875,0.0005818045582080968,2,1,3,QPIB2,QPIBPC1,QPOP3,QPIB2_QPOP3,QPIBPC1_QPOP3,Abaixo da média simples do grupo,Abaixo da média simples do grupo
270011,Nordeste,Baixa Renda e Médio Dinamismo,8,1386957.0,121033.0,113977.0,201708175.1866255,52432814.71374893,892090.3686981201,184445.232421875,0,11459.329273834408,1076535.6011199951,0.02053171486209963,2,1,2,QPIB2,QPIBPC1,QPOP2,QPIB2_QPOP2,QPIBPC1_QPOP2,Abaixo da média simples do grupo,Abaixo da média simples do grupo
2700409,Nordeste,Baixa Renda e Alto Dinamismo,1,1452477.0,47540.0,37468.0,192223238.7851405,16256605.106853008,13908266.560089111,5879853.251411438,0,30552.734539335295,19788119.81150055,1.2172356824463197,2,3,2,QPIB2,QPIBPC3,QPOP2,QPIB2_QPOP2,QPIBPC3_QPOP2,Acima ou igual à média simples do grupo,Acima ou igual à média simples do grupo
2700508,Nordeste,Baixa Renda e Médio Dinamismo,1,255659.0,16201.0,16324.0,46489207.56730987,30082348.94208908,881424.271484375,0.0,0,15780.445651502994,881424.271484375,0.02930038053814172,1,2,1,QPIB1,QPIBPC2,QPOP1,QPIB1_QPOP1,QPIBPC2_QPOP1,Abaixo da média simples do grupo,Abaixo da média simples do grupo
2700607,Nordeste,Média Renda e Alto Dinamismo,1,223684.0,8434.0,7905.0,97030793.61563705,39496563.3717482,2361337.8203125,725346.908782959,0,26521.697889494902,3086684.729095459,0.07815071655837676,1,3,1,QPIB1,QPIBPC3,QPOP1,QPIB1_QPOP1,QPIBPC3_QPOP1,Abaixo da média simples do grupo,Abaixo da média simples do grupo
2702207,Nordeste,Baixa Renda e Alto Dinamismo,1,94744.0,5882.0,5555.0,3288761.5302505493,1110845.178413391,0.0,0.0,0,16107.446446786807,0.0,0.0,1,2,1,QPIB1,QPIBPC2,QPOP1,QPIB1_QPOP1,QPIBPC2_QPOP1,Abaixo da média simples do grupo,Abaixo da média simples do grupo
2704302,Nordeste,Média Renda e Baixo Dinamismo,1,23179003.0,1031597.0,952380.0,16205591815.021225,6247487548.586469,71769614.75712825,23671371.204284668,0,22469.04847532515,95440985.96141292,0.015276698868012473,4,2,4,QPIB4,QPIBPC2,QPOP4,QPIB4_QPOP4,QPIBPC2_QPOP4,Abaixo da média simples do grupo,Abaixo da média simples do grupo
2704708,Nordeste,Média Renda e Alto Dinamismo,1,2534969.0,52848.0,60243.0,1012111894.940815,480442701.10301983,3630007.7754707336,324325.099609375,0,47967.16999697245,3954332.8750801086,0.008230602454780958,2,4,2,QPIB2,QPIBPC4,QPOP2,QPIB2_QPOP2,QPIBPC4_QPOP2,Abaixo da média simples do grupo,Abaixo da média simples do grupo
2705200,Nordeste,Baixa Renda e Baixo Dinamismo,1,207802.0,18201.0,15295.0,50925070.62920002,7737259.747078896,5778750.537296295,0.0,0,11417.064996428768,5778750.537296295,0.7468730178637196,1,1,1,QPIB1,QPIBPC1,QPOP1,QPIB1_QPOP1,QPIBPC1_QPOP1,Abaixo da média simples do grupo,Abaixo da média simples do grupo
2705507,Nordeste,Baixa Renda e Alto Dinamismo,1,571090.0,28428.0,25158.0,150354060.17486078,22354627.41996765,16796428.234905243,1733177.5668487549,0,20088.996763754047,18529605.801753998,0.8288935196120935,1,2,1,QPIB1,QPIBPC2,QPOP1,QPIB1_QPOP1,QPIBPC2_QPOP1,Abaixo da média simples do grupo,Abaixo da média simples do grupo
2706448,Nordeste,Média Renda e Médio Dinamismo,1,227643.0,13484.0,13835.0,67719262.54538828,21441746.87630272,406266.4443447869,0.0,0,16882.453277959063,406266.4443447869,0.01894745081585633,1,2,1,QPIB1,QPIBPC2,QPOP1,QPIB1_QPOP1,QPIBPC2_QPOP1,Abaixo da média simples do grupo,Abaixo da média simples do grupo
2706901,Nordeste,Baixa Renda e Baixo Dinamismo,1,625363.0,35310.0,35361.0,387594515.0996999,76836576.65158844,9210737.489536285,42856631.7111969,0,17710.648541489663,52067369.200733185,0.6776378057136776,1,2,1,QPIB1,QPIBPC2,QPOP1,QPIB1_QPOP1,QPIBPC2_QPOP1,Abaixo da média simples do grupo,Abaixo da média simples do grupo
2707701,Nordeste,Baixa Renda e Médio Dinamismo,1,1203783.0,75662.0,93904.0,912697990.3528495,114064431.36812592,18944579.30092621,17160814.089118958,0,15910.00766567101,36105393.390045166,0.3165350754567864,2,2,2,QPIB2,QPIBPC2,QPOP2,QPIB2_QPOP2,QPIBPC2_QPOP2,Abaixo da média simples do grupo,Acima ou igual à média simples do grupo
2707909,Nordeste,Baixa Renda e Alto Dinamismo,1,220506.0,7344.0,6916.0,45108247.72669983,38582246.87975311,0.0,0.0,0,30025.32679738562,0.0,0.0,1,3,1,QPIB1,QPIBPC3,QPOP1,QPIB1_QPOP1,QPIBPC3_QPOP1,Abaixo da média simples do grupo,Abaixo da média simples do grupo
2708907,Nordeste,Média Renda e Alto Dinamismo,1,236569.0,14042.0,24278.0,53139686.992126465,7827784.53225708,1410553.9574279785,0.0,0,16847.2439823387,1410553.9574279785,0.1801983628465124,1,2,1,QPIB1,QPIBPC2,QPOP1,QPIB1_QPOP1,QPIBPC2_QPOP1,Abaixo da média simples do grupo,Abaixo da média simples do grupo
280001,Nordeste,Baixa Renda e Baixo Dinamismo,16,5096946.0,249619.0,220453.0,1863807969.1673715,625571683.6682503,189935673.09142572,284800978.04312897,0,20418.902407268677,474736651.1345547,0.758884494820444,3,2,3,QPIB3,QPIBPC2,QPOP3,QPIB3_QPOP3,QPIBPC2_QPOP3,Acima ou igual à média simples do grupo,Acima ou igual à média simples do grupo
280002,Nordeste,Baixa Renda e Médio Dinamismo,10,3851357.0,248922.0,230830.0,1234885183.8851633,483714702.1628557,15846467.349401245,3113842.3828125,0,15472.14388442966,18960309.732213743,0.03919729883635052,3,1,3,QPIB3,QPIBPC1,QPOP3,QPIB3_QPOP3,QPIBPC1_QPOP3,Abaixo da média simples do grupo,Abaixo da média simples do grupo
280003,Nordeste,Baixa Renda e Médio Dinamismo,16,2264515.0,160439.0,147891.0,585067770.4645307,225028215.15598297,25269746.934066772,15158719.12335205,0,14114.492112266968,40428466.05741882,0.17965954193519684,2,1,3,QPIB2,QPIBPC1,QPOP3,QPIB2_QPOP3,QPIBPC1_QPOP3,Abaixo da média simples do grupo,Abaixo da média simples do grupo
280005,Nordeste,Média Renda e Médio Dinamismo,6,3680260.0,263467.0,254512.0,1566736475.5279202,792441054.3549984,18283644.103736877,237185.42179107666,0,13968.58050533843,18520829.525527954,0.023371870278228894,3,1,4,QPIB3,QPIBPC1,QPOP4,QPIB3_QPOP4,QPIBPC1_QPOP4,Abaixo da média simples do grupo,Abaixo da média simples do grupo
280006,Nordeste,Baixa Renda e Médio Dinamismo,9,4941633.0,176089.0,169248.0,543176202.1835932,222043157.34401157,13797775.983978271,76850.8603515625,0,28063.26914230872,13874626.844329834,0.06248617165371085,3,3,3,QPIB3,QPIBPC3,QPOP3,QPIB3_QPOP3,QPIBPC3_QPOP3,Abaixo da média simples do grupo,Abaixo da média simples do grupo
2800308,Nordeste,Alta Renda,1,16049036.0,672614.0,600791.0,13228028330.227419,5053108201.63135,5483189.637535095,239998085.1770935,0,23860.69275988903,245481274.8146286,0.04858025298872033,4,2,4,QPIB4,QPIBPC2,QPOP4,QPIB4_QPOP4,QPIBPC2_QPOP4,Abaixo da média simples do grupo,Abaixo da média simples do grupo
2800605,Nordeste,Média Renda e Alto Dinamismo,1,2184821.0,31439.0,41486.0,303656242.77669567,48312214.23870308,0.0,1374811.7768249512,0,69493.97245459461,1374811.7768249512,0.02845681570362769,2,4,1,QPIB2,QPIBPC4,QPOP1,QPIB2_QPOP1,QPIBPC4_QPOP1,Abaixo da média simples do grupo,Abaixo da média simples do grupo
2804805,Nordeste,Baixa Renda e Baixo Dinamismo,1,2736063.0,187733.0,192002.0,1694818803.4386606,356834856.4982282,1477695.2993164062,53536780.104400635,0,14574.225096280356,55014475.40371704,0.15417349062700159,2,1,3,QPIB2,QPIBPC1,QPOP3,QPIB2_QPOP3,QPIBPC1_QPOP3,Abaixo da média simples do grupo,Abaixo da média simples do grupo
2806701,Nordeste,Média Renda e Baixo Dinamismo,1,950671.0,92090.0,93355.0,656728482.8322823,290758198.9751911,3142370.2922058105,67553.150390625,0,10323.28157237485,3209923.4425964355,0.011039838098840066,1,1,2,QPIB1,QPIBPC1,QPOP2,QPIB1_QPOP2,QPIBPC1_QPOP2,Abaixo da média simples do grupo,Abaixo da média simples do grupo
290001,Nordeste,Baixa Renda e Baixo Dinamismo,5,1966606.0,147026.0,131994.0,1407172100.1025581,393002383.50099814,18796871.13750244,372072675.2056494,0,13375.90630228667,390869546.3431518,0.994572966354946,2,1,3,QPIB2,QPIBPC1,QPOP3,QPIB2_QPOP3,QPIBPC1_QPOP3,Acima ou igual à média simples do grupo,Acima ou igual à média simples do grupo
290002,Nordeste,Baixa Renda e Baixo Dinamismo,17,8957467.0,507494.0,462940.0,3250804671.877021,1080381569.2018356,54763777.45744133,75408216.9291687,0,17650.389955349227,130171994.38661003,0.1204870557749134,4,2,4,QPIB4,QPIBPC2,QPOP4,QPIB4_QPOP4,QPIBPC2_QPOP4,Abaixo da média simples do grupo,Abaixo da média simples do grupo
290003,Nordeste,Média Renda e Médio Dinamismo,14,4370881.0,295278.0,283558.0,2382127252.4044857,1194699816.5345156,13237825.868896484,715147.0233154297,0,14802.596197481695,13952972.892211914,0.011679061718353251,3,1,4,QPIB3,QPIBPC1,QPOP4,QPIB3_QPOP4,QPIBPC1_QPOP4,Abaixo da média simples do grupo,Abaixo da média simples do grupo
290004,Nordeste,Média Renda e Baixo Dinamismo,12,3433150.0,288664.0,270637.0,1684094166.374833,798466086.2528714,12935468.238563538,7937050.061546326,0,11893.239198514537,20872518.300109863,0.026140769983184497,3,1,4,QPIB3,QPIBPC1,QPOP4,QPIB3_QPOP4,QPIBPC1_QPOP4,Abaixo da média simples do grupo,Abaixo da média simples do grupo
290005,Nordeste,Média Renda e Baixo Dinamismo,13,10155303.0,435094.0,393022.0,3263202782.304385,1747663310.2246666,30104072.737983704,5645358.102401733,0,23340.48044790321,35749430.84038544,0.020455559506933722,4,2,4,QPIB4,QPIBPC2,QPOP4,QPIB4_QPOP4,QPIBPC2_QPOP4,Abaixo da média simples do grupo,Abaixo da média simples do grupo
290006,Nordeste,Baixa Renda e Baixo Dinamismo,5,1161863.0,117620.0,103998.0,229830207.22454405,84247123.99653244,6073446.479629517,12034502.518489838,0,9878.107464716884,18107948.998119354,0.21493848263431126,2,1,2,QPIB2,QPIBPC1,QPOP2,QPIB2_QPOP2,QPIBPC1_QPOP2,Abaixo da média simples do grupo,Abaixo da média simples do grupo
290007,Nordeste,Média Renda e Médio Dinamismo,22,11237685.0,650652.0,640596.0,5657785878.348194,2441553955.40901,72782130.57267761,31576109.508489378,0,17271.421589421072,104358240.08116698,0.04274254920722604,4,2,4,QPIB4,QPIBPC2,QPOP4,QPIB4_QPOP4,QPIBPC2_QPOP4,Abaixo da média simples do grupo,Abaixo da média simples do grupo
290008,Nordeste,Média Renda e Baixo Dinamismo,13,8790652.0,458167.0,429117.0,4340146583.5289135,1149145453.7172668,499701366.04055977,23990095.320861816,0,19186.567343348604,523691461.3614216,0.4557225194316171,4,2,4,QPIB4,QPIBPC2,QPOP4,QPIB4_QPOP4,QPIBPC2_QPOP4,Acima ou igual à média simples do grupo,Acima ou igual à média simples do grupo
290009,Nordeste,Média Renda e Médio Dinamismo,8,8264612.0,387910.0,391975.0,4869239399.737467,1992118818.2595541,96769647.99251938,27134957.559864044,0,21305.4883864814,123904605.55238342,0.062197397272033515,4,2,4,QPIB4,QPIBPC2,QPOP4,QPIB4_QPOP4,QPIBPC2_QPOP4,Abaixo da média simples do grupo,Abaixo da média simples do grupo
290010,Nordeste,Baixa Renda e Médio Dinamismo,8,1555768.0,132940.0,125555.0,474973266.4970865,244124753.12075287,24159666.855436325,2063114.7618408203,0,11702.783210470889,26222781.617277145,0.10741549671657595,2,1,3,QPIB2,QPIBPC1,QPOP3,QPIB2_QPOP3,QPIBPC1_QPOP3,Abaixo da média simples do grupo,Abaixo da média simples do grupo
290011,Nordeste,Média Renda e Médio Dinamismo,30,12501936.0,815516.0,865935.0,6578857830.906023,2720427663.7365875,87036515.80580902,38401049.61072159,0,15330.092849189961,125437565.41653061,0.04610950222592518,4,1,4,QPIB4,QPIBPC1,QPOP4,QPIB4_QPOP4,QPIBPC1_QPOP4,Abaixo da média simples do grupo,Abaixo da média simples do grupo
290012,Nordeste,Média Renda e Médio Dinamismo,16,5115332.0,344134.0,344289.0,2163377625.5773993,833040639.304533,20168823.57839966,128836273.00280762,0,14864.360975666455,149005096.58120728,0.17886894054245028,3,1,4,QPIB3,QPIBPC1,QPOP4,QPIB3_QPOP4,QPIBPC1_QPOP4,Abaixo da média simples do grupo,Acima ou igual à média simples do grupo
290013,Nordeste,Média Renda e Médio Dinamismo,12,3286430.0,228008.0,226796.0,1602955414.1078594,318762268.8568666,3185779.9582977295,248454802.073061,0,14413.660924178099,251640582.03135872,0.789430263919826,3,1,3,QPIB3,QPIBPC1,QPOP3,QPIB3_QPOP3,QPIBPC1_QPOP3,Acima ou igual à média simples do grupo,Acima ou igual à média simples do grupo
290014,Nordeste,Baixa Renda e Médio Dinamismo,13,3531490.0,218247.0,209139.0,928859183.1295538,262256532.5807147,48022974.90229416,101615406.27370262,0,16181.16171127209,149638381.17599678,0.5705801861387098,3,2,3,QPIB3,QPIBPC2,QPOP3,QPIB3_QPOP3,QPIBPC2_QPOP3,Acima ou igual à média simples do grupo,Acima ou igual à média simples do grupo
290015,Nordeste,Média Renda e Baixo Dinamismo,6,2359053.0,153712.0,139924.0,1157838135.6912668,725616064.9342995,75174921.53322983,7723282.174919128,0,15347.22728219007,82898203.70814896,0.11424527062483784,2,1,3,QPIB2,QPIBPC1,QPOP3,QPIB2_QPOP3,QPIBPC1_QPOP3,Abaixo da média simples do grupo,Abaixo da média simples do grupo
290016,Nordeste,Média Renda e Alto Dinamismo,24,5908206.0,480683.0,463249.0,2082773092.1949875,717826100.6562142,20877186.781913757,150319952.8774109,0,12291.273042732944,171197139.65932465,0.23849389079447175,3,1,4,QPIB3,QPIBPC1,QPOP4,QPIB3_QPOP4,QPIBPC1_QPOP4,Acima ou igual à média simples do grupo,Acima ou igual à média simples do grupo
290017,Nordeste,Baixa Renda e Alto Dinamismo,7,2695033.0,233847.0,216965.0,784877294.870666,197504759.00451088,27754920.817092896,15285740.647125244,0,11524.770469580537,43040661.46421814,0.2179221487176171,2,1,3,QPIB2,QPIBPC1,QPOP3,QPIB2_QPOP3,QPIBPC1_QPOP3,Abaixo da média simples do grupo,Acima ou igual à média simples do grupo
290018,Nordeste,Média Renda e Alto Dinamismo,17,27312072.0,515348.0,521606.0,7665799763.4821615,2516067438.5548964,1489231370.9963455,10469824.755279541,0,52997.337721306765,1499701195.751625,0.5960496816464421,4,4,4,QPIB4,QPIBPC4,QPOP4,QPIB4_QPOP4,QPIBPC4_QPOP4,Acima ou igual à média simples do grupo,Acima ou igual à média simples do grupo
290019,Nordeste,Média Renda e Alto Dinamismo,7,5871648.0,138306.0,138741.0,1514898963.6461096,445867165.4087316,587064053.5761166,2952934.252685547,0,42454.03670122771,590016987.8288021,1.3233021706990393,3,4,3,QPIB3,QPIBPC4,QPOP3,QPIB3_QPOP3,QPIBPC4_QPOP3,Acima ou igual à média simples do grupo,Acima ou igual à média simples do grupo
290020,Nordeste,Baixa Renda e Médio Dinamismo,19,4868965.0,409863.0,396522.0,1494723579.4430022,492544194.7162721,1950533.076965332,35116739.62252426,0,11879.493879662228,37067272.69948959,0.07525674466804351,3,1,4,QPIB3,QPIBPC1,QPOP4,QPIB3_QPOP4,QPIBPC1_QPOP4,Abaixo da média simples do grupo,Abaixo da média simples do grupo
290021,Nordeste,Baixa Renda e Médio Dinamismo,10,2198881.0,222932.0,212814.0,707068955.8385078,117310528.99797928,20122209.914512634,12740283.339492798,0,9863.46060682181,32862493.254005432,0.280132512696891,2,1,3,QPIB2,QPIBPC1,QPOP3,QPIB2_QPOP3,QPIBPC1_QPOP3,Acima ou igual à média simples do grupo,Acima ou igual à média simples do grupo
290022,Nordeste,Baixa Renda e Alto Dinamismo,9,9310543.0,521703.0,537551.0,3981338487.6644077,1715116801.9058518,826846.7691650391,137793099.7735901,0,17846.443282864006,138619946.54275513,0.08082245266836609,4,2,4,QPIB4,QPIBPC2,QPOP4,QPIB4_QPOP4,QPIBPC2_QPOP4,Abaixo da média simples do grupo,Abaixo da média simples do grupo
290023,Nordeste,Baixa Renda e Médio Dinamismo,9,5049039.0,299084.0,292776.0,1773857054.9183853,290253353.1671611,6367907.137084961,719753095.2562561,0,16881.675382166883,726121002.3933411,2.501679978784457,3,2,4,QPIB3,QPIBPC2,QPOP4,QPIB3_QPOP4,QPIBPC2_QPOP4,Acima ou igual à média simples do grupo,Acima ou igual à média simples do grupo
290024,Nordeste,Média Renda e Médio Dinamismo,7,4620671.0,197492.0,188654.0,1070174337.2466087,360009814.2836373,281797.895111084,774467.9375,0,23396.750248111315,1056265.832611084,0.0029339917710657034,3,2,3,QPIB3,QPIBPC2,QPOP3,QPIB3_QPOP3,QPIBPC2_QPOP3,Abaixo da média simples do grupo,Abaixo da média simples do grupo
290025,Nordeste,Baixa Renda e Médio Dinamismo,7,2068268.0,205704.0,192283.0,544486553.0728524,186760183.90742305,6129196.197128296,3997941.6821289062,0,10054.58328471979,10127137.879257202,0.05422535825022115,2,1,3,QPIB2,QPIBPC1,QPOP3,QPIB2_QPOP3,QPIBPC1_QPOP3,Abaixo da média simples do grupo,Abaixo da média simples do grupo
290026,Nordeste,Baixa Renda e Médio Dinamismo,5,1866816.0,189690.0,187885.0,347669876.61763096,74597259.10914993,3440561.1028137207,1736164.9289550781,0,9841.404396647162,5176726.031768799,0.06939566002276662,2,1,3,QPIB2,QPIBPC1,QPOP3,QPIB2_QPOP3,QPIBPC1_QPOP3,Abaixo da média simples do grupo,Abaixo da média simples do grupo
290027,Nordeste,Baixa Renda e Médio Dinamismo,6,1594715.0,129375.0,115999.0,263579736.8991518,88651251.22030354,325445.9030761719,1252961.497619629,0,12326.299516908213,1578407.4006958008,0.017804682719856555,2,1,3,QPIB2,QPIBPC1,QPOP3,QPIB2_QPOP3,QPIBPC1_QPOP3,Abaixo da média simples do grupo,Abaixo da média simples do grupo
290028,Nordeste,Baixa Renda e Médio Dinamismo,5,956503.0,97955.0,93864.0,102687598.51679017,27107110.104821928,2830393.932434082,215036.810546875,0,9764.718493185646,3045430.742980957,0.11234804194192663,1,1,2,QPIB1,QPIBPC1,QPOP2,QPIB1_QPOP2,QPIBPC1_QPOP2,Abaixo da média simples do grupo,Abaixo da média simples do grupo
290029,Nordeste,Média Renda e Médio Dinamismo,33,22741588.0,1241854.0,1210406.0,13152421015.39538,5519765037.463195,58676306.418970145,30815656.470458984,0,18312.610016958515,89491962.88942912,0.016213002235065853,4,2,4,QPIB4,QPIBPC2,QPOP4,QPIB4_QPOP4,QPIBPC2_QPOP4,Abaixo da média simples do grupo,Abaixo da média simples do grupo
290030,Nordeste,Baixa Renda e Médio Dinamismo,16,4341178.0,325532.0,310397.0,1593365220.8861847,357900228.6983725,5133002.3322143555,335941007.1511917,0,13335.641350159123,341074009.48340607,0.9529862853785795,3,1,4,QPIB3,QPIBPC1,QPOP4,QPIB3_QPOP4,QPIBPC1_QPOP4,Acima ou igual à média simples do grupo,Acima ou igual à média simples do grupo
290031,Nordeste,Baixa Renda e Médio Dinamismo,12,2377588.0,223359.0,210885.0,1052394349.393702,543406538.2267854,32789890.282852173,4396545.897109985,0,10644.69307258718,37186436.17996216,0.06843207352879284,2,1,3,QPIB2,QPIBPC1,QPOP3,QPIB2_QPOP3,QPIBPC1_QPOP3,Abaixo da média simples do grupo,Abaixo da média simples do grupo
290032,Nordeste,Baixa Renda e Médio Dinamismo,7,2138577.0,196507.0,196212.0,766833979.3906494,281617312.3156946,4200564.885009766,104135615.40593505,0,10882.95582345667,108336180.29094481,0.38469289902710013,2,1,3,QPIB2,QPIBPC1,QPOP3,QPIB2_QPOP3,QPIBPC1_QPOP3,Acima ou igual à média simples do grupo,Acima ou igual à média simples do grupo
290033,Nordeste,Baixa Renda e Baixo Dinamismo,5,2087335.0,191400.0,179640.0,794093345.8915814,206163950.81865692,2114071.770263672,146465072.5181427,0,10905.616509926855,148579144.28840637,0.7206844052920653,2,1,3,QPIB2,QPIBPC1,QPOP3,QPIB2_QPOP3,QPIBPC1_QPOP3,Acima ou igual à média simples do grupo,Acima ou igual à média simples do grupo
290034,Nordeste,Baixa Renda e Alto Dinamismo,10,3045928.0,177138.0,179219.0,928523623.0815086,412464041.3473379,2381852.3468551636,43817587.181892395,0,17195.226320721697,46199439.52874756,0.11200840533355196,3,2,3,QPIB3,QPIBPC2,QPOP3,QPIB3_QPOP3,QPIBPC2_QPOP3,Abaixo da média simples do grupo,Abaixo da média simples do grupo
2905701,Nordeste,Média Renda e Baixo Dinamismo,1,25988748.0,309208.0,299797.0,9581750302.823828,5596562724.379347,1879894.2605285645,35437694.73275757,0,84049.40363768078,37317588.99328613,0.006667947958615012,4,4,4,QPIB4,QPIBPC4,QPOP4,QPIB4_QPOP4,QPIBPC4_QPOP4,Abaixo da média simples do grupo,Abaixo da média simples do grupo
2906501,Nordeste,Baixa Renda e Médio Dinamismo,1,5539779.0,87820.0,72318.0,1747760806.6878066,943437702.9879856,685417.0610351562,26053257.771240234,0,63081.06353905716,26738674.83227539,0.028341749272464575,3,4,2,QPIB3,QPIBPC4,QPOP2,QPIB3_QPOP2,QPIBPC4_QPOP2,Abaixo da média simples do grupo,Abaixo da média simples do grupo
2910057,Nordeste,Média Renda e Baixo Dinamismo,1,2651001.0,83705.0,71358.0,1021384938.8505535,231757668.26057917,224461.10913085938,307049.6572265625,0,31670.760408577742,531510.7663574219,0.0022933902051508913,2,3,2,QPIB2,QPIBPC3,QPOP2,QPIB2_QPOP2,QPIBPC3_QPOP2,Abaixo da média simples do grupo,Abaixo da média simples do grupo
2916104,Nordeste,Média Renda e Baixo Dinamismo,1,230210.0,22440.0,19666.0,91409761.43230057,43700640.16685104,0.0,135943.43725585938,0,10258.912655971479,135943.43725585938,0.0031107882341499145,1,1,1,QPIB1,QPIBPC1,QPOP1,QPIB1_QPOP1,QPIBPC1_QPOP1,Abaixo da média simples do grupo,Abaixo da média simples do grupo
2919207,Nordeste,Alta Renda,1,6062376.0,204669.0,202495.0,8455982902.823135,2105774072.4703357,380759.7604980469,58546609.368499756,0,29620.39194992891,58927369.1289978,0.027983709125959863,3,3,3,QPIB3,QPIBPC3,QPOP3,QPIB3_QPOP3,QPIBPC3_QPOP3,Abaixo da média simples do grupo,Abaixo da média simples do grupo
2919926,Nordeste,Média Renda e Baixo Dinamismo,1,467772.0,21754.0,18369.0,242693269.67277908,59658956.21058273,0.0,0.0,0,21502.804082007908,0.0,0.0,1,2,1,QPIB1,QPIBPC2,QPOP1,QPIB1_QPOP1,QPIBPC2_QPOP1,Abaixo da média simples do grupo,Abaixo da média simples do grupo
2921005,Nordeste,Média Renda e Baixo Dinamismo,1,1152807.0,47643.0,42529.0,1260140303.029925,710532026.5872605,4534193.278190613,243157023.4101715,0,24196.776021661106,247691216.68836212,0.3485996512754561,2,2,2,QPIB2,QPIBPC2,QPOP2,QPIB2_QPOP2,QPIBPC2_QPOP2,Abaixo da média simples do grupo,Acima ou igual à média simples do grupo
2925204,Nordeste,Média Renda e Baixo Dinamismo,1,1676680.0,40401.0,32109.0,853022587.561924,122539693.0992794,2076608.8362884521,77431891.04343629,0,41500.95294670924,79508499.87972474,0.6488387384429666,2,4,1,QPIB2,QPIBPC4,QPOP1,QPIB2_QPOP1,QPIBPC4_QPOP1,Acima ou igual à média simples do grupo,Abaixo da média simples do grupo
2927408,Nordeste,Alta Renda,1,54219916.0,2900319.0,2406396.0,56474740812.133995,25185816532.351353,20230513.69303894,647264285.7971497,0,18694.466367320285,667494799.4901886,0.026502805602224053,4,2,4,QPIB4,QPIBPC2,QPOP4,QPIB4_QPOP4,QPIBPC2_QPOP4,Abaixo da média simples do grupo,Abaixo da média simples do grupo
2929206,Nordeste,Baixa Renda e Alto Dinamismo,1,10813800.0,40664.0,38645.0,1301913786.7973022,54190303.04462433,4265562.67829895,17946069.384277344,0,265930.5528231359,22211632.062576294,0.40988204189014377,4,4,1,QPIB4,QPIBPC4,QPOP1,QPIB4_QPOP1,QPIBPC4_QPOP1,Acima ou igual à média simples do grupo,Abaixo da média simples do grupo
2929503,Nordeste,Média Renda e Baixo Dinamismo,1,733726.0,44554.0,40899.0,539961806.4412982,117206707.27141666,8446157.727722168,270039615.8066807,0,16468.240786461374,278485773.53440285,2.376022499203145,1,2,2,QPIB1,QPIBPC2,QPOP2,QPIB1_QPOP2,QPIBPC2_QPOP2,Acima ou igual à média simples do grupo,Acima ou igual à média simples do grupo
2930709,Nordeste,Média Renda e Baixo Dinamismo,1,4976528.0,137117.0,113980.0,3651884536.67459,1252531442.2924023,261699.74096679688,14867516.230987549,0,36294.02626953623,15129215.971954346,0.012078911124390317,3,3,3,QPIB3,QPIBPC3,QPOP3,QPIB3_QPOP3,QPIBPC3_QPOP3,Abaixo da média simples do grupo,Abaixo da média simples do grupo
2933208,Nordeste,Média Renda e Baixo Dinamismo,1,544736.0,44185.0,42467.0,187600028.16636086,25483475.5488739,595910.4537963867,11152639.595581055,0,12328.527780921127,11748550.049377441,0.4610262060544015,1,1,2,QPIB1,QPIBPC1,QPOP2,QPIB1_QPOP2,QPIBPC1_QPOP2,Acima ou igual à média simples do grupo,Acima ou igual à média simples do grupo
310001,Sudeste,Média Renda e Médio Dinamismo,1,70211.0,4948.0,5114.0,42940889.297698975,11179689.919242859,466769.32421875,0.0,0,14189.773645917543,466769.32421875,0.04175154477364627,1,1,1,QPIB1,QPIBPC1,QPOP1,QPIB1_QPOP1,QPIBPC1_QPOP1,Abaixo da média simples do grupo,Abaixo da média simples do grupo
310002,Sudeste,Média Renda e Alto Dinamismo,16,21652538.0,362905.0,350162.0,8346890895.101992,2919908317.8899727,127340929.83721328,471330702.0287144,0,59664.47968476599,598671631.8659277,0.20503096901979054,4,4,4,QPIB4,QPIBPC4,QPOP4,QPIB4_QPOP4,QPIBPC4_QPOP4,Acima ou igual à média simples do grupo,Acima ou igual à média simples do grupo
310003,Sudeste,Média Renda e Baixo Dinamismo,6,37718621.0,260220.0,254814.0,7862427599.45526,1691084720.4616065,16986254.883491516,2312166370.1931076,0,144948.9701022212,2329152625.076599,1.3773127962748208,4,4,4,QPIB4,QPIBPC4,QPOP4,QPIB4_QPOP4,QPIBPC4_QPOP4,Acima ou igual à média simples do grupo,Acima ou igual à média simples do grupo
310004,Sudeste,Média Renda e Médio Dinamismo,11,6107048.0,187275.0,178160.0,2548824789.0088706,747617830.0655279,282096072.29801834,23786401.00907135,0,32610.05473234548,305882473.3070897,0.40914282806802427,3,3,3,QPIB3,QPIBPC3,QPOP3,QPIB3_QPOP3,QPIBPC3_QPOP3,Abaixo da média simples do grupo,Abaixo da média simples do grupo
310005,Sudeste,Média Renda e Médio Dinamismo,9,15179063.0,157887.0,148101.0,3736683946.214435,1026492694.2473047,18105856.33216858,1014986496.857933,0,96138.77646671353,1033092353.1901016,1.0064293287032464,4,4,3,QPIB4,QPIBPC4,QPOP3,QPIB4_QPOP3,QPIBPC4_QPOP3,Acima ou igual à média simples do grupo,Acima ou igual à média simples do grupo
310006,Sudeste,Média Renda e Médio Dinamismo,32,14905725.0,769566.0,736849.0,8548128161.358106,3379410165.7082124,276366318.0485616,44181004.81424713,0,19369.00148915103,320547322.8628087,0.09485303859102069,4,2,4,QPIB4,QPIBPC2,QPOP4,QPIB4_QPOP4,QPIBPC2_QPOP4,Abaixo da média simples do grupo,Abaixo da média simples do grupo
310007,Sudeste,Média Renda e Alto Dinamismo,11,3947169.0,221822.0,209723.0,2122982063.3665726,885583846.9874239,78343782.21230698,82147374.20815277,0,17794.30804879588,160491156.42045975,0.18122638185691622,3,2,3,QPIB3,QPIBPC2,QPOP3,QPIB3_QPOP3,QPIBPC2_QPOP3,Abaixo da média simples do grupo,Abaixo da média simples do grupo
310008,Sudeste,Média Renda e Médio Dinamismo,14,2418872.0,193601.0,182003.0,961771088.0256048,275413346.55164814,65461602.3177042,24374860.847358704,0,12494.109018031932,89836463.1650629,0.32618776210330064,2,1,3,QPIB2,QPIBPC1,QPOP3,QPIB2_QPOP3,QPIBPC1_QPOP3,Acima ou igual à média simples do grupo,Acima ou igual à média simples do grupo
310009,Sudeste,Baixa Renda e Médio Dinamismo,8,1548030.0,151237.0,142575.0,470880145.1175804,133480499.30248955,38399792.53627014,861127.4477539062,0,10235.788861191375,39260919.98402405,0.294132252944695,2,1,3,QPIB2,QPIBPC1,QPOP3,QPIB2_QPOP3,QPIBPC1_QPOP3,Acima ou igual à média simples do grupo,Acima ou igual à média simples do grupo
310010,Sudeste,Média Renda e Médio Dinamismo,7,4327816.0,148213.0,133009.0,2053935664.9749045,667524930.4640913,256610632.14110973,6049771.879516602,0,29199.97571063267,262660404.02062634,0.3934840363760104,3,3,3,QPIB3,QPIBPC3,QPOP3,QPIB3_QPOP3,QPIBPC3_QPOP3,Abaixo da média simples do grupo,Abaixo da média simples do grupo
310011,Sudeste,Baixa Renda e Alto Dinamismo,6,1501946.0,115956.0,104616.0,347034812.13250744,98215094.24431956,46924051.39102936,2481919.009033203,0,12952.723446824657,49405970.40006256,0.5030384665432426,2,1,2,QPIB2,QPIBPC1,QPOP2,QPIB2_QPOP2,QPIBPC1_QPOP2,Acima ou igual à média simples do grupo,Acima ou igual à média simples do grupo
310012,Sudeste,Média Renda e Médio Dinamismo,8,1052546.0,96802.0,91630.0,282270572.62261176,106863374.47791053,13781416.63168335,3358385.9848327637,0,10873.18443833805,17139802.616516113,0.16038986884191123,2,1,2,QPIB2,QPIBPC1,QPOP2,QPIB2_QPOP2,QPIBPC1_QPOP2,Abaixo da média simples do grupo,Abaixo da média simples do grupo
310013,Sudeste,Média Renda e Médio Dinamismo,27,7060644.0,495265.0,449431.0,3350790306.3073854,1044441741.1268295,174752526.9550386,34517997.87348938,0,14256.295114736555,209270524.828528,0.20036591471607576,3,1,4,QPIB3,QPIBPC1,QPOP4,QPIB3_QPOP4,QPIBPC1_QPOP4,Abaixo da média simples do grupo,Acima ou igual à média simples do grupo
310014,Sudeste,Média Renda e Alto Dinamismo,10,2864510.0,178448.0,161188.0,1301278657.8501887,345818559.4714526,188121829.93863964,2815465.981323242,0,16052.351385277503,190937295.91996288,0.5521314304581875,3,2,3,QPIB3,QPIBPC2,QPOP3,QPIB3_QPOP3,QPIBPC2_QPOP3,Acima ou igual à média simples do grupo,Acima ou igual à média simples do grupo
310015,Sudeste,Média Renda e Médio Dinamismo,14,1998614.0,171958.0,161667.0,677250507.4840099,195273908.74251235,67851043.40281677,26594488.25071287,0,11622.686935181846,94445531.65352964,0.48365668645505155,2,1,3,QPIB2,QPIBPC1,QPOP3,QPIB2_QPOP3,QPIBPC1_QPOP3,Acima ou igual à média simples do grupo,Acima ou igual à média simples do grupo
310016,Sudeste,Média Renda e Alto Dinamismo,13,2095403.0,126490.0,125632.0,991761400.2668993,398004362.29332685,42788848.60452057,56706070.840538025,0,16565.760139141436,99494919.44505858,0.24998449482252513,2,2,3,QPIB2,QPIBPC2,QPOP3,QPIB2_QPOP3,QPIBPC2_QPOP3,Acima ou igual à média simples do grupo,Abaixo da média simples do grupo
310017,Sudeste,Média Renda e Médio Dinamismo,8,1171410.0,109085.0,94996.0,571745511.9037693,149359073.2542787,6721663.8684158325,145914336.53378963,0,10738.506669111244,152636000.40220547,1.0219399268924756,2,1,2,QPIB2,QPIBPC1,QPOP2,QPIB2_QPOP2,QPIBPC1_QPOP2,Acima ou igual à média simples do grupo,Acima ou igual à média simples do grupo
310018,Sudeste,Baixa Renda e Médio Dinamismo,7,1257272.0,93126.0,90527.0,376602371.79534733,122539757.23451057,18024293.032455444,58467700.23562622,0,13500.762407920452,76491993.26808167,0.624221844357787,2,1,2,QPIB2,QPIBPC1,QPOP2,QPIB2_QPOP2,QPIBPC1_QPOP2,Acima ou igual à média simples do grupo,Acima ou igual à média simples do grupo
310019,Sudeste,Média Renda e Médio Dinamismo,7,644030.0,51350.0,47547.0,149139150.71397948,60643395.5900116,16688471.699058533,576765.5941390991,0,12541.966893865629,17265237.29319763,0.2847010317483169,1,1,2,QPIB1,QPIBPC1,QPOP2,QPIB1_QPOP2,QPIBPC1_QPOP2,Abaixo da média simples do grupo,Acima ou igual à média simples do grupo
310020,Sudeste,Média Renda e Médio Dinamismo,26,8762788.0,456901.0,415498.0,5061676273.078707,1834154433.10545,70862754.34378424,41012324.45409012,0,19178.745505043764,111875078.79787436,0.06099545206150173,4,2,4,QPIB4,QPIBPC2,QPOP4,QPIB4_QPOP4,QPIBPC2_QPOP4,Abaixo da média simples do grupo,Abaixo da média simples do grupo
310021,Sudeste,Média Renda e Alto Dinamismo,20,3208749.0,194571.0,183099.0,1028235893.6993499,336850374.97557807,88347666.04931974,46077265.56463409,0,16491.404166088472,134424931.61395383,0.3990642184195275,3,2,3,QPIB3,QPIBPC2,QPOP3,QPIB3_QPOP3,QPIBPC2_QPOP3,Abaixo da média simples do grupo,Acima ou igual à média simples do grupo
310022,Sudeste,Média Renda e Médio Dinamismo,7,925763.0,65189.0,60050.0,332022032.8103705,149087927.81582046,3777570.6242103577,5424040.983337402,0,14201.214928899048,9201611.60754776,0.061719360798382035,1,1,2,QPIB1,QPIBPC1,QPOP2,QPIB1_QPOP2,QPIBPC1_QPOP2,Abaixo da média simples do grupo,Abaixo da média simples do grupo
310023,Sudeste,Média Renda e Médio Dinamismo,5,1214684.0,59038.0,58070.0,379078417.3164039,144473491.41614413,11750855.214019775,30864853.307223514,0,20574.61296114367,42615708.52124329,0.29497251089815646,2,2,2,QPIB2,QPIBPC2,QPOP2,QPIB2_QPOP2,QPIBPC2_QPOP2,Abaixo da média simples do grupo,Acima ou igual à média simples do grupo
310024,Sudeste,Média Renda e Baixo Dinamismo,22,27407818.0,651060.0,594661.0,11536596378.700834,4105634750.702144,162171403.33053303,137463401.0270369,0,42097.22299020059,299634804.35756993,0.07298135916896321,4,4,4,QPIB4,QPIBPC4,QPOP4,QPIB4_QPOP4,QPIBPC4_QPOP4,Abaixo da média simples do grupo,Abaixo da média simples do grupo
310025,Sudeste,Média Renda e Médio Dinamismo,16,4049941.0,234990.0,225076.0,2124675870.38112,824351482.978527,10484738.383579254,12803431.149289131,0,17234.524873398866,23288169.532868385,0.028250291306232786,3,2,3,QPIB3,QPIBPC2,QPOP3,QPIB3_QPOP3,QPIBPC2_QPOP3,Abaixo da média simples do grupo,Abaixo da média simples do grupo
310026,Sudeste,Média Renda e Médio Dinamismo,6,14261349.0,151431.0,150912.0,3560972555.964941,1021308416.1382586,125274941.03228855,550582201.1523857,0,94177.20942211304,675857142.1846743,0.6617561664087773,4,4,3,QPIB4,QPIBPC4,QPOP3,QPIB4_QPOP3,QPIBPC4_QPOP3,Acima ou igual à média simples do grupo,Acima ou igual à média simples do grupo
310027,Sudeste,Alta Renda,29,20917401.0,753436.0,709391.0,14155461034.063908,5801271888.965442,88813000.39455155,23047015.394721985,0,27762.677918230613,111860015.78927353,0.01928198125001548,4,3,4,QPIB4,QPIBPC3,QPOP4,QPIB4_QPOP4,QPIBPC3_QPOP4,Abaixo da média simples do grupo,Abaixo da média simples do grupo
310028,Sudeste,Média Renda e Médio Dinamismo,24,7421450.0,354682.0,352032.0,2764695785.1762657,952211395.3783284,11124261.8253479,30467130.50756836,0,20924.236358202557,41591392.33291626,0.04367873828730158,4,2,4,QPIB4,QPIBPC2,QPOP4,QPIB4_QPOP4,QPIBPC2_QPOP4,Abaixo da média simples do grupo,Abaixo da média simples do grupo
310029,Sudeste,Média Renda e Baixo Dinamismo,17,6767771.0,288686.0,266227.0,4306563215.390892,2694336334.1144924,21078006.92201233,17195641.15093994,0,23443.36407030476,38273648.07295227,0.014205222855197513,3,2,4,QPIB3,QPIBPC2,QPOP4,QPIB3_QPOP4,QPIBPC2_QPOP4,Abaixo da média simples do grupo,Abaixo da média simples do grupo
310030,Sudeste,Média Renda e Médio Dinamismo,19,3761546.0,181506.0,177507.0,2384085305.42651,1210409855.9458442,50906445.41358948,16204308.741226196,0,20724.086256101727,67110754.15481567,0.05544465275555251,3,2,3,QPIB3,QPIBPC2,QPOP3,QPIB3_QPOP3,QPIBPC2_QPOP3,Abaixo da média simples do grupo,Abaixo da média simples do grupo
310031,Sudeste,Média Renda e Médio Dinamismo,12,3671869.0,187150.0,175220.0,2156065649.8473663,1002992873.0127395,16069998.706184387,35265318.48288727,0,19619.925193694897,51335317.189071655,0.051182135556829246,3,2,3,QPIB3,QPIBPC2,QPOP3,QPIB3_QPOP3,QPIBPC2_QPOP3,Abaixo da média simples do grupo,Abaixo da média simples do grupo
310032,Sudeste,Média Renda e Baixo Dinamismo,10,3236153.0,184623.0,169647.0,2565991962.857102,996348919.4706712,19366276.083921053,11177186.362937927,0,17528.43903522313,30543462.44685898,0.030655387736141432,3,2,3,QPIB3,QPIBPC2,QPOP3,QPIB3_QPOP3,QPIBPC2_QPOP3,Abaixo da média simples do grupo,Abaixo da média simples do grupo
310033,Sudeste,Média Renda e Médio Dinamismo,12,3096753.0,171436.0,166048.0,1641072284.881466,744808658.5951678,4685544.797698975,5763964.749044189,0,18063.609743577777,10449509.546743164,0.014029790639723047,3,2,3,QPIB3,QPIBPC2,QPOP3,QPIB3_QPOP3,QPIBPC2_QPOP3,Abaixo da média simples do grupo,Abaixo da média simples do grupo
310034,Sudeste,Média Renda e Médio Dinamismo,9,1791826.0,112652.0,111126.0,671396953.4771088,255721560.5277412,7558812.409439087,4791541.385559082,0,15905.85164932713,12350353.794998169,0.04829609896604075,2,2,2,QPIB2,QPIBPC2,QPOP2,QPIB2_QPOP2,QPIBPC2_QPOP2,Abaixo da média simples do grupo,Abaixo da média simples do grupo
310035,Sudeste,Média Renda e Médio Dinamismo,9,1322868.0,73602.0,71293.0,815826166.0334045,502559884.9479362,23701127.38905716,1524129.1782836914,0,17973.26159615228,25225256.56734085,0.05019353379140899,2,2,2,QPIB2,QPIBPC2,QPOP2,QPIB2_QPOP2,QPIBPC2_QPOP2,Abaixo da média simples do grupo,Abaixo da média simples do grupo
310036,Sudeste,Média Renda e Baixo Dinamismo,5,1651557.0,57409.0,51948.0,550617851.8259351,135850548.58528715,11631080.809310913,2212049.8741149902,0,28768.25933216046,13843130.683425903,0.10189970395839194,2,3,2,QPIB2,QPIBPC3,QPOP2,QPIB2_QPOP2,QPIBPC3_QPOP2,Abaixo da média simples do grupo,Abaixo da média simples do grupo
310037,Sudeste,Média Renda e Médio Dinamismo,14,5206276.0,239815.0,221503.0,2642702507.984452,1356736002.379981,22568808.828849792,8222005.108129889,0,21709.551112315745,30790813.93697968,0.022694771777977848,3,2,3,QPIB3,QPIBPC2,QPOP3,QPIB3_QPOP3,QPIBPC2_QPOP3,Abaixo da média simples do grupo,Abaixo da média simples do grupo
310038,Sudeste,Média Renda e Médio Dinamismo,21,17994454.0,353473.0,346523.0,7194007656.066434,1734493340.1171722,31683941.335147858,1131595065.1950073,0,50907.57709924096,1163279006.5301552,0.6706736656893539,4,4,4,QPIB4,QPIBPC4,QPOP4,QPIB4_QPOP4,QPIBPC4_QPOP4,Acima ou igual à média simples do grupo,Acima ou igual à média simples do grupo
310039,Sudeste,Média Renda e Alto Dinamismo,14,5364875.0,190629.0,185941.0,2554215416.227595,1068766284.3261002,82165952.81668045,83567233.90400696,0,28143.016015401645,165733186.7206874,0.1550696248106187,3,3,3,QPIB3,QPIBPC3,QPOP3,QPIB3_QPOP3,QPIBPC3_QPOP3,Abaixo da média simples do grupo,Abaixo da média simples do grupo
310040,Sudeste,Alta Renda,5,8068276.0,204144.0,197699.0,4901961844.101078,2043913974.2130141,26637649.766059875,13245116.220169067,0,39522.47433184419,39882765.98622894,0.01951293767223513,4,3,3,QPIB4,QPIBPC3,QPOP3,QPIB4_QPOP3,QPIBPC3_QPOP3,Abaixo da média simples do grupo,Abaixo da média simples do grupo
310041,Sudeste,Média Renda e Baixo Dinamismo,15,8194915.0,270975.0,257947.0,3861647383.741454,1710083240.1362576,101190684.90753233,41053345.50120926,0,30242.328628102223,142244030.4087416,0.08317959446079815,4,3,4,QPIB4,QPIBPC3,QPOP4,QPIB4_QPOP4,QPIBPC3_QPOP4,Abaixo da média simples do grupo,Abaixo da média simples do grupo
310042,Sudeste,Média Renda e Médio Dinamismo,13,7216813.0,262703.0,248604.0,3625244469.4575577,1949265055.0339904,31974654.352342375,8178288.425140977,0,27471.376421281828,40152942.77748335,0.02059901636967641,3,3,4,QPIB3,QPIBPC3,QPOP4,QPIB3_QPOP4,QPIBPC3_QPOP4,Abaixo da média simples do grupo,Abaixo da média simples do grupo
310043,Sudeste,Média Renda e Baixo Dinamismo,14,5760768.0,231835.0,226474.0,3519464059.0528817,1490127415.1288016,64862869.08677078,26817814.465248108,0,24848.569025384433,91680683.55201888,0.0615253988492617,3,2,3,QPIB3,QPIBPC2,QPOP3,QPIB3_QPOP3,QPIBPC2_QPOP3,Abaixo da média simples do grupo,Abaixo da média simples do grupo
310044,Sudeste,Média Renda e Médio Dinamismo,9,4890095.0,162268.0,157178.0,2925795317.818708,1332636505.705431,18256994.52066894,12029397.101581573,0,30135.917124756576,30286391.622250512,0.022726671145946443,3,3,3,QPIB3,QPIBPC3,QPOP3,QPIB3_QPOP3,QPIBPC3_QPOP3,Abaixo da média simples do grupo,Abaixo da média simples do grupo
310045,Sudeste,Média Renda e Baixo Dinamismo,6,3789882.0,134981.0,125228.0,1890325725.3967042,888302704.345144,34740434.25040817,44591430.80394195,0,28077.15159911395,79331865.05435012,0.08930724252700942,3,3,3,QPIB3,QPIBPC3,QPOP3,QPIB3_QPOP3,QPIBPC3_QPOP3,Abaixo da média simples do grupo,Abaixo da média simples do grupo
310046,Sudeste,Média Renda e Médio Dinamismo,5,3288522.0,126092.0,123217.0,1964255591.2109542,1039537622.9627069,13051600.840042114,1374043.013671875,0,26080.338165783713,14425643.85371399,0.013876981010654104,3,3,3,QPIB3,QPIBPC3,QPOP3,QPIB3_QPOP3,QPIBPC3_QPOP3,Abaixo da média simples do grupo,Abaixo da média simples do grupo
310047,Sudeste,Média Renda e Médio Dinamismo,5,2943377.0,118216.0,116908.0,1910859597.5356088,1122121683.0362794,21614589.522191316,9469391.632019043,0,24898.296338905056,31083981.15421036,0.02770107879040546,3,2,2,QPIB3,QPIBPC2,QPOP2,QPIB3_QPOP2,QPIBPC2_QPOP2,Abaixo da média simples do grupo,Abaixo da média simples do grupo
310048,Sudeste,Média Renda e Médio Dinamismo,5,1930862.0,91692.0,86516.0,1165737213.584365,528742718.011662,27045875.59538269,14053003.688980103,0,21058.12938969594,41098879.28436279,0.07772944739346048,2,2,2,QPIB2,QPIBPC2,QPOP2,QPIB2_QPOP2,QPIBPC2_QPOP2,Abaixo da média simples do grupo,Abaixo da média simples do grupo
310049,Sudeste,Alta Renda,5,1901922.0,54612.0,56797.0,935125491.4527367,452553406.5900861,24700346.88412094,0.0,0,34826.08217974072,24700346.88412094,0.05457996012058313,2,3,2,QPIB2,QPIBPC3,QPOP2,QPIB2_QPOP2,QPIBPC3_QPOP2,Abaixo da média simples do grupo,Abaixo da média simples do grupo
310050,Sudeste,Média Renda e Alto Dinamismo,34,28650784.0,563001.0,575750.0,14773525598.705248,7428480639.248873,61713354.94138718,25371705.813415527,0,50889.40161740388,87085060.7548027,0.011723132223658629,4,4,4,QPIB4,QPIBPC4,QPOP4,QPIB4_QPOP4,QPIBPC4_QPOP4,Abaixo da média simples do grupo,Abaixo da média simples do grupo
310051,Sudeste,Alta Renda,8,9500105.0,280326.0,270742.0,5719086359.005515,2338078448.8414745,36510232.69459534,118969282.01711273,0,33889.489380221596,155479514.71170807,0.06649884429187937,4,3,4,QPIB4,QPIBPC3,QPOP4,QPIB4_QPOP4,QPIBPC3_QPOP4,Abaixo da média simples do grupo,Abaixo da média simples do grupo
310052,Sudeste,Média Renda e Baixo Dinamismo,14,4418149.0,204495.0,197930.0,3214961669.9923735,1514678576.330561,32160244.64509563,8451605.612258911,0,21605.168830533756,40611850.25735454,0.026812190316799912,3,2,3,QPIB3,QPIBPC2,QPOP3,QPIB3_QPOP3,QPIBPC2_QPOP3,Abaixo da média simples do grupo,Abaixo da média simples do grupo
310053,Sudeste,Média Renda e Médio Dinamismo,16,4848375.0,190550.0,183336.0,2462592220.9411163,1420526541.2754228,31537211.888442993,7029094.43503952,0,25444.10915770139,38566306.32348251,0.027149303587707466,3,3,3,QPIB3,QPIBPC3,QPOP3,QPIB3_QPOP3,QPIBPC3_QPOP3,Abaixo da média simples do grupo,Abaixo da média simples do grupo
310054,Sudeste,Média Renda e Médio Dinamismo,8,1429295.0,74435.0,72496.0,749988960.8828394,359948950.7278304,45224880.89976883,1368303.0255126953,0,19201.92113924901,46593183.925281525,0.12944386650125897,2,2,2,QPIB2,QPIBPC2,QPOP2,QPIB2_QPOP2,QPIBPC2_QPOP2,Abaixo da média simples do grupo,Abaixo da média simples do grupo
310055,Sudeste,Alta Renda,10,24142319.0,458608.0,451555.0,11695402409.50371,4762585716.389897,551949591.2227854,26936474.61557281,0,52642.60326902278,578886065.8383582,0.12154869230934523,4,4,4,QPIB4,QPIBPC4,QPOP4,QPIB4_QPOP4,QPIBPC4_QPOP4,Abaixo da média simples do grupo,Abaixo da média simples do grupo
310056,Sudeste,Alta Renda,8,12101793.0,181607.0,177234.0,5147046272.461047,2185015295.413423,220535923.50077394,53059755.47621704,0,66637.26067827782,273595678.976991,0.12521453719399453,4,4,3,QPIB4,QPIBPC4,QPOP3,QPIB4_QPOP3,QPIBPC4_QPOP3,Abaixo da média simples do grupo,Abaixo da média simples do grupo
310057,Sudeste,Média Renda e Baixo Dinamismo,6,4539017.0,116949.0,105798.0,2460369106.4481096,640562816.2066603,271967507.59000444,5427308.722244263,0,38811.93511701682,277394816.3122487,0.4330485774290632,3,3,2,QPIB3,QPIBPC3,QPOP2,QPIB3_QPOP2,QPIBPC3_QPOP2,Abaixo da média simples do grupo,Abaixo da média simples do grupo
310058,Sudeste,Alta Renda,5,2937962.0,68418.0,65704.0,1635994524.4742112,234925329.8611287,114605173.08992144,1455889.0740127563,0,42941.36046069748,116061062.1639342,0.49403383718793253,3,4,2,QPIB3,QPIBPC4,QPOP2,QPIB3_QPOP2,QPIBPC4_QPOP2,Acima ou igual à média simples do grupo,Abaixo da média simples do grupo
310059,Sudeste,Alta Renda,11,45404251.0,959408.0,957650.0,29238890224.027695,13223898452.91633,577409693.3163015,24783582.80133438,0,47325.278713540014,602193276.1176358,0.045538256230698085,4,4,4,QPIB4,QPIBPC4,QPOP4,QPIB4_QPOP4,QPIBPC4_QPOP4,Abaixo da média simples do grupo,Abaixo da média simples do grupo
310060,Sudeste,Alta Renda,6,5262392.0,154574.0,148631.0,2616891641.933253,744354408.083553,276558772.1625763,2531186.575531006,0,34044.483548332835,279089958.7381073,0.37494230665828177,3,3,3,QPIB3,QPIBPC3,QPOP3,QPIB3_QPOP3,QPIBPC3_QPOP3,Abaixo da média simples do grupo,Abaixo da média simples do grupo
310061,Sudeste,Média Renda e Baixo Dinamismo,7,2560725.0,77003.0,74242.0,1016177808.0534525,406933960.84101546,75215866.92302871,3296331.5948791504,0,33254.87318675896,78512198.51790786,0.19293597014032873,2,3,2,QPIB2,QPIBPC3,QPOP2,QPIB2_QPOP2,QPIBPC3_QPOP2,Abaixo da média simples do grupo,Abaixo da média simples do grupo
310062,Sudeste,Alta Renda,18,22178404.0,503966.0,505158.0,13139277339.128117,6056684928.273345,805583278.7443572,808041084.5535583,0,44007.73861728767,1613624363.2979155,0.2664203904293122,4,4,4,QPIB4,QPIBPC4,QPOP4,QPIB4_QPOP4,QPIBPC4_QPOP4,Acima ou igual à média simples do grupo,Acima ou igual à média simples do grupo
310063,Sudeste,Média Renda e Alto Dinamismo,7,1303979.0,51006.0,48160.0,255856854.91749954,84538036.08226776,82127774.1604271,141.41000366210938,0,25565.208014743363,82127915.57043076,0.9714906966907582,2,3,2,QPIB2,QPIBPC3,QPOP2,QPIB2_QPOP2,QPIBPC3_QPOP2,Acima ou igual à média simples do grupo,Acima ou igual à média simples do grupo
310064,Sudeste,Alta Renda,5,6189078.0,143643.0,141726.0,3200057501.536996,1623340330.8338308,125744215.94125748,4388943.045901794,0,43086.527014891086,130133158.98715927,0.08016381809495006,3,4,3,QPIB3,QPIBPC4,QPOP3,QPIB3_QPOP3,QPIBPC4_QPOP3,Abaixo da média simples do grupo,Abaixo da média simples do grupo
310065,Sudeste,Média Renda e Médio Dinamismo,19,21513455.0,702027.0,684420.0,14611452326.406761,7025606109.158607,91957091.01090303,230941287.45891,0,30644.768648499274,322898378.469813,0.04596021659239926,4,3,4,QPIB4,QPIBPC3,QPOP4,QPIB4_QPOP4,QPIBPC3_QPOP4,Abaixo da média simples do grupo,Abaixo da média simples do grupo
310066,Sudeste,Média Renda e Médio Dinamismo,10,6677281.0,172825.0,170142.0,3553801656.753029,1339278782.1880236,84873542.85049416,4326657.390586853,0,38636.08274265876,89200200.24108101,0.06660316091572191,3,3,3,QPIB3,QPIBPC3,QPOP3,QPIB3_QPOP3,QPIBPC3_QPOP3,Abaixo da média simples do grupo,Abaixo da média simples do grupo
310067,Sudeste,Média Renda e Médio Dinamismo,9,4397554.0,144297.0,140806.0,2155325585.970751,872639686.1476407,109387635.07433867,15020392.373363495,0,30475.7132857925,124408027.44770217,0.14256517257072554,3,3,3,QPIB3,QPIBPC3,QPOP3,QPIB3_QPOP3,QPIBPC3_QPOP3,Abaixo da média simples do grupo,Abaixo da média simples do grupo
310068,Sudeste,Média Renda e Médio Dinamismo,7,4675797.0,143560.0,139974.0,2985457207.0751567,1271877856.843112,52625722.4088707,40641299.025475465,0,32570.332961827808,93267021.43434617,0.07333017155109635,3,3,3,QPIB3,QPIBPC3,QPOP3,QPIB3_QPOP3,QPIBPC3_QPOP3,Abaixo da média simples do grupo,Abaixo da média simples do grupo
310069,Sudeste,Média Renda e Alto Dinamismo,8,2559062.0,99630.0,95729.0,1271280263.6554875,570337552.4830956,20071231.039016724,49437384.35589981,0,25685.65693064338,69508615.39491653,0.1218727665613018,2,3,2,QPIB2,QPIBPC3,QPOP2,QPIB2_QPOP2,QPIBPC3_QPOP2,Abaixo da média simples do grupo,Abaixo da média simples do grupo
310070,Sudeste,Média Renda e Alto Dinamismo,5,1178976.0,40290.0,39225.0,485217788.72670835,162308910.11416548,88255724.67179108,197744.3759765625,0,29262.248696947132,88453469.04776764,0.54496989096625,2,3,1,QPIB2,QPIBPC3,QPOP1,QPIB2_QPOP1,QPIBPC3_QPOP1,Acima ou igual à média simples do grupo,Abaixo da média simples do grupo
3104502,Sudeste,Média Renda e Médio Dinamismo,1,301123.0,17850.0,17162.0,189310958.9820474,32684868.761687607,28807770.644298553,0.0,0,16869.635854341737,28807770.644298553,0.8813794191539269,1,2,1,QPIB1,QPIBPC2,QPOP1,QPIB1_QPOP1,QPIBPC2_QPOP1,Abaixo da média simples do grupo,Abaixo da média simples do grupo
3105004,Sudeste,Média Renda e Alto Dinamismo,1,194700.0,7780.0,7473.0,40611164.25389099,22191937.616264343,4676972.300697327,133076.6650390625,0,25025.706940874035,4810048.965736389,0.21674758864729018,1,2,1,QPIB1,QPIBPC2,QPOP1,QPIB1_QPOP1,QPIBPC2_QPOP1,Abaixo da média simples do grupo,Abaixo da média simples do grupo
3106200,Sudeste,Alta Renda,1,92084333.0,2530701.0,2304445.0,114040523212.10257,46572817770.733,25519279.886390686,656191425.5807781,0,36386.88766472215,681710705.4671688,0.014637523304324634,4,3,4,QPIB4,QPIBPC3,QPOP4,QPIB4_QPOP4,QPIBPC3_QPOP4,Abaixo da média simples do grupo,Abaixo da média simples do grupo
3106705,Sudeste,Média Renda e Baixo Dinamismo,1,27444001.0,450024.0,411145.0,14109042817.657093,3604264013.3327227,2592958.6550750732,22012962.735733032,0,60983.416440012086,24605921.390808105,0.006826892064451174,4,4,4,QPIB4,QPIBPC4,QPOP4,QPIB4_QPOP4,QPIBPC4_QPOP4,Abaixo da média simples do grupo,Abaixo da média simples do grupo
3109006,Sudeste,Alta Renda,1,4252684.0,41208.0,38702.0,1262164759.7468991,163004306.7097112,3071863.61958313,552253743.4477149,0,103200.44651523976,555325607.067298,3.4068155515440366,3,4,1,QPIB3,QPIBPC4,QPOP1,QPIB3_QPOP1,QPIBPC4_QPOP1,Abaixo da média simples do grupo,Acima ou igual à média simples do grupo
3109303,Sudeste,Média Renda e Médio Dinamismo,1,1109734.0,25179.0,23844.0,371834478.0999643,150882430.1319487,105141025.39722015,0.0,0,44073.7916517733,105141025.39722015,0.6968407474963978,2,4,1,QPIB2,QPIBPC4,QPOP1,QPIB2_QPOP1,QPIBPC4_QPOP1,Acima ou igual à média simples do grupo,Abaixo da média simples do grupo
3109451,Sudeste,Média Renda e Alto Dinamismo,1,466260.0,7025.0,6627.0,52116768.28052139,28598472.846141815,12757339.234981537,0.0,0,66371.53024911032,12757339.234981537,0.4460846319877047,1,4,1,QPIB1,QPIBPC4,QPOP1,QPIB1_QPOP1,QPIBPC4_QPOP1,Abaixo da média simples do grupo,Abaixo da média simples do grupo
3110004,Sudeste,Média Renda e Alto Dinamismo,1,986451.0,45364.0,38616.0,364459189.8050554,143272339.7031381,1957999.653579712,35155528.12599182,0,21745.238515122124,37113527.77957153,0.25904182102750034,2,2,2,QPIB2,QPIBPC2,QPOP2,QPIB2_QPOP2,QPIBPC2_QPOP2,Abaixo da média simples do grupo,Abaixo da média simples do grupo
3112505,Sudeste,Média Renda e Baixo Dinamismo,1,115679.0,9896.0,10637.0,47159923.48828674,18106347.603580475,1899373.7467041016,1145201.3649291992,0,11689.470493128536,3044575.111633301,0.1681496002557272,1,1,1,QPIB1,QPIBPC1,QPOP1,QPIB1_QPOP1,QPIBPC1_QPOP1,Abaixo da média simples do grupo,Abaixo da média simples do grupo
3117876,Sudeste,Média Renda e Baixo Dinamismo,1,423540.0,6867.0,7310.0,718515110.64625,114947992.97868033,230165.611328125,0.0,0,61677.58846657929,230165.611328125,0.0020023456292169828,1,4,1,QPIB1,QPIBPC4,QPOP1,QPIB1_QPOP1,QPIBPC4_QPOP1,Abaixo da média simples do grupo,Abaixo da média simples do grupo
3118601,Sudeste,Alta Renda,1,29629378.0,673849.0,618967.0,21013713752.151596,7065992140.113729,1035317.9162597656,85198645.46523666,0,43970.35240832887,86233963.38149643,0.012204084249109917,4,4,4,QPIB4,QPIBPC4,QPOP4,QPIB4_QPOP4,QPIBPC4_QPOP4,Abaixo da média simples do grupo,Abaixo da média simples do grupo
3124104,Sudeste,Média Renda e Médio Dinamismo,1,897776.0,72512.0,85409.0,461931494.6015682,119006886.54314826,12218890.527053833,16203382.960457306,0,12381.067961165048,28422273.48751114,0.2388288132990194,1,1,2,QPIB1,QPIBPC1,QPOP2,QPIB1_QPOP2,QPIBPC1_QPOP2,Abaixo da média simples do grupo,Acima ou igual à média simples do grupo
3126000,Sudeste,Alta Renda,1,130946.0,7602.0,8010.0,78240417.46543846,43957292.96410179,2639957.3848114014,0.0,0,17225.20389371218,2639957.3848114014,0.06005732397960338,1,2,1,QPIB1,QPIBPC2,QPOP1,QPIB1_QPOP1,QPIBPC2_QPOP1,Abaixo da média simples do grupo,Abaixo da média simples do grupo
3129806,Sudeste,Média Renda e Baixo Dinamismo,1,2924760.0,184030.0,170297.0,1340584292.6674635,445891623.57414937,438295.1346435547,768324.5189971924,0,15892.843558115525,1206619.653640747,0.002706082800947914,3,2,3,QPIB3,QPIBPC2,QPOP3,QPIB3_QPOP3,QPIBPC2_QPOP3,Abaixo da média simples do grupo,Abaixo da média simples do grupo
3130101,Sudeste,Média Renda e Baixo Dinamismo,1,873861.0,44561.0,45767.0,668114953.746436,158981169.1083486,400846.6192626953,461954.0791015625,0,19610.444110320685,862800.6983642578,0.005427062231352967,1,2,2,QPIB1,QPIBPC2,QPOP2,QPIB1_QPOP2,QPIBPC2_QPOP2,Abaixo da média simples do grupo,Abaixo da média simples do grupo
3132206,Sudeste,Média Renda e Alto Dinamismo,1,355826.0,13510.0,13774.0,209613639.16319945,103704872.01985669,2678844.6560668945,181770.62329101562,0,26337.9718726869,2860615.27935791,0.02758419371859578,1,3,1,QPIB1,QPIBPC3,QPOP1,QPIB1_QPOP1,QPIBPC3_QPOP1,Abaixo da média simples do grupo,Abaixo da média simples do grupo
3133709,Sudeste,Média Renda e Alto Dinamismo,1,6812655.0,11354.0,12806.0,745729728.89899,41340628.45213318,1007454.5551757812,381350585.0161915,0,600022.4590452703,382358039.57136726,9.248965337188471,3,4,1,QPIB3,QPIBPC4,QPOP1,QPIB3_QPOP1,QPIBPC4_QPOP1,Acima ou igual à média simples do grupo,Acima ou igual à média simples do grupo
3134608,Sudeste,Média Renda e Médio Dinamismo,1,277605.0,20683.0,20293.0,136901318.8341655,39120305.44128418,5374548.340942383,531149.47265625,0,13421.892375380747,5905697.813598633,0.1509624668565668,1,1,1,QPIB1,QPIBPC1,QPOP1,QPIB1_QPOP1,QPIBPC1_QPOP1,Abaixo da média simples do grupo,Abaixo da média simples do grupo
3136603,Sudeste,Média Renda e Alto Dinamismo,1,99626.0,5739.0,5909.0,32066879.665974088,11297309.894500732,826197.9941864014,2478589.175262451,0,17359.470290991463,3304787.1694488525,0.29252868163398316,1,2,1,QPIB1,QPIBPC2,QPOP1,QPIB1_QPOP1,QPIBPC2_QPOP1,Abaixo da média simples do grupo,Abaixo da média simples do grupo
3136652,Sudeste,Média Renda e Baixo Dinamismo,1,1165009.0,27823.0,30509.0,878545675.2942703,221297052.57857752,1977764.9705352783,0.0,0,41872.15612982065,1977764.9705352783,0.008937150077193276,2,4,1,QPIB2,QPIBPC4,QPOP1,QPIB2_QPOP1,QPIBPC4_QPOP1,Abaixo da média simples do grupo,Abaixo da média simples do grupo
3137601,Sudeste,Alta Renda,1,1840789.0,66744.0,74938.0,1590457211.7156017,739563351.1940424,2209722.0247802734,7200.0,0,27579.842382835912,2216922.0247802734,0.0029976093612548546,2,3,2,QPIB2,QPIBPC3,QPOP2,QPIB2_QPOP2,QPIBPC3_QPOP2,Abaixo da média simples do grupo,Abaixo da média simples do grupo
3140159,Sudeste,Média Renda e Médio Dinamismo,1,182959.0,15814.0,15894.0,92351238.33004692,31016839.587463148,38361.32019042969,668138.380859375,0,11569.432148728974,706499.7010498047,0.02277793967556154,1,1,1,QPIB1,QPIBPC1,QPOP1,QPIB1_QPOP1,QPIBPC1_QPOP1,Abaixo da média simples do grupo,Abaixo da média simples do grupo
3140704,Sudeste,Média Renda e Baixo Dinamismo,1,981699.0,31631.0,37722.0,466925279.9849264,186388775.33521727,2364645.9400024414,9841232.794281006,0,31035.977363978374,12205878.734283447,0.06548612550477553,2,3,1,QPIB2,QPIBPC3,QPOP1,QPIB2_QPOP1,QPIBPC3_QPOP1,Abaixo da média simples do grupo,Abaixo da média simples do grupo
3141108,Sudeste,Média Renda e Baixo Dinamismo,1,1309890.0,38469.0,37595.0,1068200793.9150648,443794666.25596917,7127145.927429199,283657.75244140625,0,34050.53419636591,7410803.6798706055,0.016698721826449908,2,3,1,QPIB2,QPIBPC3,QPOP1,QPIB2_QPOP1,QPIBPC3_QPOP1,Abaixo da média simples do grupo,Abaixo da média simples do grupo
3144805,Sudeste,Alta Renda,1,19908447.0,97378.0,111258.0,9547455815.08528,3188484894.638592,2530523.0724639893,3127275699.492937,0,204445.0183819754,3129806222.565401,0.9815966912147339,4,4,2,QPIB4,QPIBPC4,QPOP2,QPIB4_QPOP2,QPIBPC4_QPOP2,Abaixo da média simples do grupo,Acima ou igual à média simples do grupo
3149309,Sudeste,Média Renda e Baixo Dinamismo,1,1699681.0,65149.0,62449.0,1610927591.6193051,678100411.7500602,4676815.111488342,19863111.77972412,0,26089.13413866675,24539926.891212463,0.03618922281418344,2,3,2,QPIB2,QPIBPC3,QPOP2,QPIB2_QPOP2,QPIBPC3_QPOP2,Abaixo da média simples do grupo,Abaixo da média simples do grupo
3153905,Sudeste,Média Renda e Alto Dinamismo,1,183592.0,16501.0,16272.0,58002827.214278944,12305183.187805176,0.0,9150680.964940796,0,11126.113568874614,9150680.964940796,0.7436444322104371,1,1,1,QPIB1,QPIBPC1,QPOP1,QPIB1_QPOP1,QPIBPC1_QPOP1,Abaixo da média simples do grupo,Abaixo da média simples do grupo
3154606,Sudeste,Média Renda e Médio Dinamismo,1,4440447.0,341415.0,322647.0,2044329964.476719,461407214.07824993,1015996.5541992188,12708153.331256866,0,13006.010280743378,13724149.885456085,0.029744116404579253,3,1,4,QPIB3,QPIBPC1,QPOP4,QPIB3_QPOP4,QPIBPC1_QPOP4,Abaixo da média simples do grupo,Abaixo da média simples do grupo
3154804,Sudeste,Média Renda e Baixo Dinamismo,1,461144.0,10524.0,10233.0,102826928.90900803,16604982.847732544,179470.26025390625,21641023.72465515,0,43818.32003040669,21820493.984909058,1.3140931360786503,1,4,1,QPIB1,QPIBPC4,QPOP1,QPIB1_QPOP1,QPIBPC4_QPOP1,Abaixo da média simples do grupo,Acima ou igual à média simples do grupo
3155306,Sudeste,Média Renda e Médio Dinamismo,1,104011.0,5924.0,5561.0,24625305.535842896,5557005.012863159,370039.86697387695,23620.36962890625,0,17557.562457798784,393660.2366027832,0.0708403601745099,1,2,1,QPIB1,QPIBPC2,QPOP1,QPIB1_QPOP1,QPIBPC2_QPOP1,Abaixo da média simples do grupo,Abaixo da média simples do grupo
3156700,Sudeste,Média Renda e Médio Dinamismo,1,3852164.0,137877.0,129281.0,2131114275.1212459,728279587.8775166,682821.1371459961,400521290.48010254,0,27939.134155805536,401204111.61724854,0.5508929788716305,3,3,3,QPIB3,QPIBPC3,QPOP3,QPIB3_QPOP3,QPIBPC3_QPOP3,Acima ou igual à média simples do grupo,Acima ou igual à média simples do grupo
3157807,Sudeste,Média Renda e Médio Dinamismo,1,4599518.0,221705.0,218575.0,2641573057.9706435,1099097771.0614119,789939.8801269531,11612294.306251526,0,20746.11758868767,12402234.186378479,0.011284013590894187,3,2,3,QPIB3,QPIBPC2,QPOP3,QPIB3_QPOP3,QPIBPC2_QPOP3,Abaixo da média simples do grupo,Abaixo da média simples do grupo
3162922,Sudeste,Média Renda e Baixo Dinamismo,1,943578.0,32696.0,31255.0,788310365.1293762,507726711.4855596,617422.438873291,656540.4838867188,0,28859.12649865427,1273962.9227600098,0.002509150875738873,1,3,1,QPIB1,QPIBPC3,QPOP1,QPIB1_QPOP1,QPIBPC3_QPOP1,Abaixo da média simples do grupo,Abaixo da média simples do grupo
3162955,Sudeste,Média Renda e Baixo Dinamismo,1,535824.0,24490.0,26042.0,579948310.2838345,208275354.09303024,234641.724609375,1346414.1685791016,0,21879.297672519395,1581055.8931884766,0.007591180915636648,1,2,1,QPIB1,QPIBPC2,QPOP1,QPIB1_QPOP1,QPIBPC2_QPOP1,Abaixo da média simples do grupo,Abaixo da média simples do grupo
3165537,Sudeste,Média Renda e Alto Dinamismo,1,1982414.0,34050.0,36844.0,1031802261.2458794,248637619.46698302,1102215.0233154297,182277436.27153015,0,58220.675477239354,183379651.29484558,0.7375378339286137,2,4,1,QPIB2,QPIBPC4,QPOP1,QPIB2_QPOP1,QPIBPC4_QPOP1,Acima ou igual à média simples do grupo,Abaixo da média simples do grupo
3168309,Sudeste,Média Renda e Baixo Dinamismo,1,62224.0,4120.0,4218.0,17509189.589630127,3463944.899002075,4015032.184173584,2349858.120666504,0,15102.912621359223,6364890.304840088,1.8374686926093262,1,1,1,QPIB1,QPIBPC1,QPOP1,QPIB1_QPOP1,QPIBPC1_QPOP1,Acima ou igual à média simples do grupo,Abaixo da média simples do grupo
3170404,Sudeste,Alta Renda,1,3937151.0,85461.0,85600.0,1622636175.1514962,566666903.0572174,187659355.1792047,3647709.529891968,0,46069.563894642,191307064.70909667,0.33760056159443647,3,4,2,QPIB3,QPIBPC4,QPOP2,QPIB3_QPOP2,QPIBPC4_QPOP2,Abaixo da média simples do grupo,Abaixo da média simples do grupo
3171204,Sudeste,Média Renda e Baixo Dinamismo,1,2482540.0,131849.0,128834.0,2163811257.8834014,1246156677.0759127,225410.9150390625,1054906.982345581,0,18828.66005809676,1280317.8973846436,0.00102741326266364,2,2,3,QPIB2,QPIBPC2,QPOP3,QPIB2_QPOP3,QPIBPC2_QPOP3,Abaixo da média simples do grupo,Abaixo da média simples do grupo
320001,Sudeste,Média Renda e Baixo Dinamismo,3,6878426.0,67343.0,66014.0,1037950712.5244472,292312563.645277,5036340.173217773,224482818.41275024,0,102140.17789525267,229519158.58596802,0.7851840363060509,3,4,2,QPIB3,QPIBPC4,QPOP2,QPIB3_QPOP2,QPIBPC4_QPOP2,Acima ou igual à média simples do grupo,Acima ou igual à média simples do grupo
320002,Sudeste,Média Renda e Alto Dinamismo,11,5808604.0,232092.0,231534.0,2562041938.264614,1099322189.796983,29374638.678427696,18085504.40652466,0,25027.161642796822,47460143.084952354,0.043172186939769715,3,2,3,QPIB3,QPIBPC2,QPOP3,QPIB3_QPOP3,QPIBPC2_QPOP3,Abaixo da média simples do grupo,Abaixo da média simples do grupo
320003,Sudeste,Média Renda e Baixo Dinamismo,9,6054152.0,299457.0,268182.0,3320000199.1397157,958072403.6422418,191654347.95042586,157055943.28945923,0,20217.099616973388,348710291.2398851,0.363970708178438,3,2,4,QPIB3,QPIBPC2,QPOP4,QPIB3_QPOP4,QPIBPC2_QPOP4,Acima ou igual à média simples do grupo,Acima ou igual à média simples do grupo
320004,Sudeste,Média Renda e Baixo Dinamismo,6,13372874.0,364848.0,330858.0,8530530461.286215,3976304908.717619,183720582.32337165,146957657.67650414,0,36653.27478840503,330678239.9998758,0.08316219394415642,4,3,4,QPIB4,QPIBPC3,QPOP4,QPIB4_QPOP4,QPIBPC3_QPOP4,Abaixo da média simples do grupo,Abaixo da média simples do grupo
320005,Sudeste,Média Renda e Médio Dinamismo,13,8116845.0,326764.0,300191.0,4263805370.215998,1586301670.5336733,19750884.347622633,170889243.70157817,0,24840.083362916357,190640128.0492008,0.12017898713115803,4,2,4,QPIB4,QPIBPC2,QPOP4,QPIB4_QPOP4,QPIBPC2_QPOP4,Abaixo da média simples do grupo,Abaixo da média simples do grupo
320006,Sudeste,Média Renda e Médio Dinamismo,5,2966551.0,138881.0,134017.0,1395212377.7366927,347862207.9528585,26600508.67189026,132021816.39479232,0,21360.380469610674,158622325.06668258,0.45599183078887,3,2,3,QPIB3,QPIBPC2,QPOP3,QPIB3_QPOP3,QPIBPC2_QPOP3,Abaixo da média simples do grupo,Acima ou igual à média simples do grupo
320007,Sudeste,Média Renda e Médio Dinamismo,12,27394574.0,449863.0,419716.0,6635934060.147311,2125394788.7575042,35574895.00061249,104016659.36003113,0,60895.37036831213,139591554.36064363,0.06567794138718491,4,4,4,QPIB4,QPIBPC4,QPOP4,QPIB4_QPOP4,QPIBPC4_QPOP4,Abaixo da média simples do grupo,Abaixo da média simples do grupo
320008,Sudeste,Média Renda e Alto Dinamismo,12,3440385.0,196193.0,193511.0,1119271748.090219,337548089.3789591,12925388.04115796,8755807.234718323,0,17535.71738033467,21681195.275876284,0.06423142644879616,3,2,3,QPIB3,QPIBPC2,QPOP3,QPIB3_QPOP3,QPIBPC2_QPOP3,Abaixo da média simples do grupo,Abaixo da média simples do grupo
3201308,Sudeste,Média Renda e Médio Dinamismo,1,9150387.0,386495.0,351863.0,4744424667.260754,1062822752.5115033,1524357.6145896912,15352301.97849083,0,23675.30498454055,16876659.59308052,0.015879091366081625,4,2,4,QPIB4,QPIBPC2,QPOP4,QPIB4_QPOP4,QPIBPC2_QPOP4,Abaixo da média simples do grupo,Abaixo da média simples do grupo
3202207,Sudeste,Média Renda e Baixo Dinamismo,1,420568.0,22379.0,17961.0,210282864.07407883,94127067.21388626,1142857.063583374,2947059.406677246,0,18792.975557442245,4089916.47026062,0.04345101352161589,1,2,1,QPIB1,QPIBPC2,QPOP1,QPIB1_QPOP1,QPIBPC2_QPOP1,Abaixo da média simples do grupo,Abaixo da média simples do grupo
3202405,Sudeste,Alta Renda,1,2293498.0,128504.0,123543.0,1601890283.0888221,496376874.4150336,4191981.189682007,2408873.1250724792,0,17847.67789329515,6600854.314754486,0.013298069783233578,2,2,3,QPIB2,QPIBPC2,QPOP3,QPIB2_QPOP3,QPIBPC2_QPOP3,Abaixo da média simples do grupo,Abaixo da média simples do grupo
3205002,Sudeste,Média Renda e Médio Dinamismo,1,28808370.0,536765.0,518791.0,15146824795.428196,4285899596.9169707,4854941.390144348,31377049.85056305,0,53670.35853678984,36231991.2407074,0.008453765754748573,4,4,4,QPIB4,QPIBPC4,QPOP4,QPIB4_QPOP4,QPIBPC4_QPOP4,Abaixo da média simples do grupo,Abaixo da média simples do grupo
3205101,Sudeste,Média Renda e Alto Dinamismo,1,3044545.0,80735.0,70674.0,1599165813.0309422,373553363.23553634,1508389.677433014,245736.5157470703,0,37710.34867157986,1754126.1931800842,0.00469578476816994,3,3,2,QPIB3,QPIBPC3,QPOP2,QPIB3_QPOP2,QPIBPC3_QPOP2,Abaixo da média simples do grupo,Abaixo da média simples do grupo
3205200,Sudeste,Alta Renda,1,12703613.0,508655.0,458624.0,8869338047.477894,3123686050.578434,5808041.39377594,14689061.227890015,0,24974.91030266094,20497102.621665955,0.006561831851786247,4,2,4,QPIB4,QPIBPC2,QPOP4,QPIB4_QPOP4,QPIBPC2_QPOP4,Abaixo da média simples do grupo,Abaixo da média simples do grupo
3205309,Sudeste,Alta Renda,1,25190760.0,369534.0,321973.0,20981317343.617992,6981534662.428929,2612864.2109466568,2895697179.976906,0,68168.99121596389,2898310044.1878524,0.4151393904530882,4,4,4,QPIB4,QPIBPC4,QPOP4,QPIB4_QPOP4,QPIBPC4_QPOP4,Acima ou igual à média simples do grupo,Acima ou igual à média simples do grupo
330001,Sudeste,Média Renda e Alto Dinamismo,2,44770325.0,137879.0,130527.0,1560850933.0401983,592556170.1026014,5057605.67796112,407100.03564453125,0,324707.35209857917,5464705.713605652,0.009222257718891754,4,4,3,QPIB4,QPIBPC4,QPOP3,QPIB4_QPOP3,QPIBPC4_QPOP3,Abaixo da média simples do grupo,Abaixo da média simples do grupo
330002,Sudeste,Média Renda e Baixo Dinamismo,2,11942290.0,254346.0,212330.0,5184792813.837436,2303632579.5001197,3883666.686401367,9281975.066864014,0,46952.930260354005,13165641.75326538,0.005715165634670039,4,4,4,QPIB4,QPIBPC4,QPOP4,QPIB4_QPOP4,QPIBPC4_QPOP4,Abaixo da média simples do grupo,Abaixo da média simples do grupo
330003,Sudeste,Média Renda e Alto Dinamismo,1,544157.0,21775.0,21320.0,268643739.64264107,35557907.55804062,20581107.54877472,162005.4750366211,0,24989.988518943745,20743113.02381134,0.5833614643930518,1,2,1,QPIB1,QPIBPC2,QPOP1,QPIB1_QPOP1,QPIBPC2_QPOP1,Abaixo da média simples do grupo,Abaixo da média simples do grupo
330004,Sudeste,Média Renda e Baixo Dinamismo,8,29148476.0,668162.0,622105.0,11240577451.585457,4175483632.1298647,24124534.622276306,15209338.497022867,0,43624.86343132354,39333873.11929917,0.009420195738915022,4,4,4,QPIB4,QPIBPC4,QPOP4,QPIB4_QPOP4,QPIBPC4_QPOP4,Abaixo da média simples do grupo,Abaixo da média simples do grupo
330005,Sudeste,Alta Renda,4,15714469.0,200372.0,193588.0,5868682469.33056,2041587648.988595,9890604.228733063,7953470.071891785,0,78426.47176252172,17844074.300624847,0.008740293030997137,4,4,3,QPIB4,QPIBPC4,QPOP3,QPIB4_QPOP3,QPIBPC4_QPOP3,Abaixo da média simples do grupo,Abaixo da média simples do grupo
330007,Sudeste,Alta Renda,3,6231829.0,220615.0,198518.0,3366945588.311943,1668178223.5363684,6317339.2443237305,4987719.990463257,0,28247.530766267028,11305059.234786987,0.006776889348682067,3,3,3,QPIB3,QPIBPC3,QPOP3,QPIB3_QPOP3,QPIBPC3_QPOP3,Abaixo da média simples do grupo,Abaixo da média simples do grupo
330008,Sudeste,Média Renda e Médio Dinamismo,11,9635051.0,344286.0,334234.0,5007863361.704244,2502684840.8019047,26347581.835479736,9066482.982930908,0,27985.60208663727,35414064.81841064,0.014150429267419603,4,3,4,QPIB4,QPIBPC3,QPOP4,QPIB4_QPOP4,QPIBPC3_QPOP4,Abaixo da média simples do grupo,Abaixo da média simples do grupo
330009,Sudeste,Média Renda e Alto Dinamismo,4,7939100.0,154069.0,146447.0,2467371192.3750286,1151590655.5713875,21148920.887306213,18595665.86933136,0,51529.509505481314,39744586.75663757,0.03451277288883297,4,4,3,QPIB4,QPIBPC4,QPOP3,QPIB4_QPOP3,QPIBPC4_QPOP3,Abaixo da média simples do grupo,Abaixo da média simples do grupo
330010,Sudeste,Média Renda e Baixo Dinamismo,6,47409341.0,660542.0,628341.0,9463755092.87315,3302336343.5360956,95193952.32845406,317360808.4421425,0,71773.39366762446,412554760.77059656,0.12492814718225785,4,4,4,QPIB4,QPIBPC4,QPOP4,QPIB4_QPOP4,QPIBPC4_QPOP4,Acima ou igual à média simples do grupo,Abaixo da média simples do grupo
330011,Sudeste,Média Renda e Médio Dinamismo,7,5110574.0,201779.0,192079.0,2523734945.3889027,1295274282.825721,21423071.218826294,19181950.53289795,0,25327.58116553259,40605021.75172424,0.03134858947646353,3,3,3,QPIB3,QPIBPC3,QPOP3,QPIB3_QPOP3,QPIBPC3_QPOP3,Abaixo da média simples do grupo,Abaixo da média simples do grupo
330012,Sudeste,Média Renda e Médio Dinamismo,5,2878551.0,120607.0,116381.0,1037700505.4471848,304380624.2353427,11785356.884485016,13425725.169094086,0,23867.196763040287,25211082.0535791,0.08282748652912367,3,2,2,QPIB3,QPIBPC2,QPOP2,QPIB3_QPOP2,QPIBPC2_QPOP2,Abaixo da média simples do grupo,Abaixo da média simples do grupo
330013,Sudeste,Média Renda e Baixo Dinamismo,6,24173902.0,572973.0,553267.0,6184303738.070325,2090664982.643466,18374066.174842834,74161790.73089504,0,42190.29867026893,92535856.90573788,0.04426144679992403,4,4,4,QPIB4,QPIBPC4,QPOP4,QPIB4_QPOP4,QPIBPC4_QPOP4,Abaixo da média simples do grupo,Abaixo da média simples do grupo
330014,Sudeste,Alta Renda,6,32679803.0,537484.0,505710.0,36795070686.08937,8392929220.171296,51244262.91589737,15998941712.464752,0,60801.44339180329,16050185975.38065,1.9123461611955632,4,4,4,QPIB4,QPIBPC4,QPOP4,QPIB4_QPOP4,QPIBPC4_QPOP4,Acima ou igual à média simples do grupo,Acima ou igual à média simples do grupo
3300456,Sudeste,Média Renda e Médio Dinamismo,1,7801397.0,515239.0,482876.0,1764324454.56655,539795534.8581281,161451.27185058594,360615.36419677734,0,15141.316942234575,522066.6360473633,0.000967156269983922,4,1,4,QPIB4,QPIBPC1,QPOP4,QPIB4_QPOP4,QPIBPC1_QPOP4,Abaixo da média simples do grupo,Abaixo da média simples do grupo
3300803,Sudeste,Média Renda e Baixo Dinamismo,1,1182281.0,59652.0,56865.0,498397872.0009738,159400057.2545668,7506564.732601166,1438370.0293426514,0,19819.63722926306,8944934.761943817,0.056116258149509206,2,2,2,QPIB2,QPIBPC2,QPOP2,QPIB2_QPOP2,QPIBPC2_QPOP2,Abaixo da média simples do grupo,Abaixo da média simples do grupo
3301702,Sudeste,Média Renda e Médio Dinamismo,1,44333513.0,929449.0,807611.0,14394189817.22395,4547149134.2886505,76940.19165039062,23236541.3959198,0,47698.70428608778,23313481.58757019,0.005127054534404955,4,4,4,QPIB4,QPIBPC4,QPOP4,QPIB4_QPOP4,QPIBPC4_QPOP4,Abaixo da média simples do grupo,Abaixo da média simples do grupo
3301850,Sudeste,Média Renda e Baixo Dinamismo,1,1243176.0,62225.0,51534.0,512307196.3334687,216240496.71474865,1913592.8532714844,4905901.0859375,0,19978.72237846525,6819493.939208984,0.03153661799160981,2,2,2,QPIB2,QPIBPC2,QPOP2,QPIB2_QPOP2,QPIBPC2_QPOP2,Abaixo da média simples do grupo,Abaixo da média simples do grupo
3301900,Sudeste,Média Renda e Médio Dinamismo,1,5059944.0,244416.0,223881.0,2523626657.459502,806499296.3104234,4972214.464302063,3070480.421447754,0,20702.179890023566,8042694.885749817,0.009972352018834453,3,2,3,QPIB3,QPIBPC2,QPOP3,QPIB3_QPOP3,QPIBPC2_QPOP3,Abaixo da média simples do grupo,Abaixo da média simples do grupo
3302007,Sudeste,Média Renda e Baixo Dinamismo,1,9215278.0,136547.0,116500.0,3050032058.5755234,1361825356.7993302,1256883.7579956055,26927924.345546722,0,67487.95652778896,28184808.103542328,0.0206963455062876,4,4,3,QPIB4,QPIBPC4,QPOP3,QPIB4_QPOP3,QPIBPC4_QPOP3,Abaixo da média simples do grupo,Abaixo da média simples do grupo
3302270,Sudeste,Baixa Renda e Médio Dinamismo,1,1405237.0,106296.0,91200.0,463076566.43623704,237357297.54137582,110223.80078125,4343130.24017334,0,13220.036501843908,4453354.04095459,0.018762237719606185,2,1,2,QPIB2,QPIBPC1,QPOP2,QPIB2_QPOP2,QPIBPC1_QPOP2,Abaixo da média simples do grupo,Abaixo da média simples do grupo
3302502,Sudeste,Média Renda e Baixo Dinamismo,1,4433023.0,247741.0,226011.0,1310057726.3190103,362764392.7180222,2026149.3809623718,19388082.199279785,0,17893.780197867934,21414231.580242157,0.0590306877138504,3,2,3,QPIB3,QPIBPC2,QPOP3,QPIB3_QPOP3,QPIBPC2_QPOP3,Abaixo da média simples do grupo,Abaixo da média simples do grupo
3302700,Sudeste,Alta Renda,1,85056394.0,167668.0,196819.0,1795099315.0648365,374397564.97211695,1709491.2335205078,6065267.660766602,0,507290.56230169145,7774758.894287109,0.020766050908654094,4,4,3,QPIB4,QPIBPC4,QPOP3,QPIB4_QPOP3,QPIBPC4_QPOP3,Abaixo da média simples do grupo,Abaixo da média simples do grupo
3302858,Sudeste,Média Renda e Médio Dinamismo,1,2455983.0,177016.0,166750.0,1206687940.8670378,285503481.3801073,0.0,0.0,0,13874.355990418946,0.0,0.0,2,1,3,QPIB2,QPIBPC1,QPOP3,QPIB2_QPOP3,QPIBPC1_QPOP3,Abaixo da média simples do grupo,Abaixo da média simples do grupo
3303203,Sudeste,Média Renda e Médio Dinamismo,1,2826956.0,162893.0,146627.0,950073160.2205619,308025512.01122606,0.0,0.0,0,17354.680679955552,0.0,0.0,3,2,3,QPIB3,QPIBPC2,QPOP3,QPIB3_QPOP3,QPIBPC2_QPOP3,Abaixo da média simples do grupo,Abaixo da média simples do grupo
3303302,Sudeste,Alta Renda,1,63383194.0,516981.0,479684.0,16849134464.126045,6954703855.051523,932795.8977050781,791544703.571106,0,122602.55986196785,792477499.468811,0.11394841764444046,4,4,4,QPIB4,QPIBPC4,QPOP4,QPIB4_QPOP4,QPIBPC4_QPOP4,Abaixo da média simples do grupo,Abaixo da média simples do grupo
3303500,Sudeste,Média Renda e Médio Dinamismo,1,16072451.0,825388.0,784434.0,6925359159.217676,2347256997.3424826,770992.8003540039,12045738.51361084,0,19472.600764731254,12816731.313964844,0.005460301674880804,4,2,4,QPIB4,QPIBPC2,QPOP4,QPIB4_QPOP4,QPIBPC2_QPOP4,Abaixo da média simples do grupo,Abaixo da média simples do grupo
3303609,Sudeste,Média Renda e Médio Dinamismo,1,1065984.0,53093.0,41164.0,391917796.3861437,161968884.00231615,128268.0,0.0,0,20077.675023072723,128268.0,0.000791929886966226,2,2,2,QPIB2,QPIBPC2,QPOP2,QPIB2_QPOP2,QPIBPC2_QPOP2,Abaixo da média simples do grupo,Abaixo da média simples do grupo
3303906,Sudeste,Alta Renda,1,13790418.0,307144.0,277618.0,6305325160.78494,3449639568.853846,5357532.309539795,4589688.034187317,0,44898.868283280804,9947220.343727112,0.002883553526443375,4,4,4,QPIB4,QPIBPC4,QPOP4,QPIB4_QPOP4,QPIBPC4_QPOP4,Abaixo da média simples do grupo,Abaixo da média simples do grupo
3304144,Sudeste,Média Renda e Médio Dinamismo,1,3791931.0,152311.0,140297.0,1253446018.3689015,412730840.5396866,0.0,8339099.435844421,0,24895.975996480884,8339099.435844421,0.02020469181547039,3,2,3,QPIB3,QPIBPC2,QPOP3,QPIB3_QPOP3,QPIBPC2_QPOP3,Abaixo da média simples do grupo,Abaixo da média simples do grupo
3304300,Sudeste,Média Renda e Baixo Dinamismo,1,1594747.0,60930.0,56188.0,925718376.5395801,362838744.7479269,3557307.266998291,3682477.103942871,0,26173.428524536354,7239784.370941162,0.019953173346939065,2,3,2,QPIB2,QPIBPC3,QPOP2,QPIB2_QPOP2,QPIBPC3_QPOP2,Abaixo da média simples do grupo,Abaixo da média simples do grupo
3304557,Sudeste,Alta Renda,1,280310323.0,6775561.0,6170505.0,268777311078.77298,97197651594.20058,11022334.666496277,12532073287.561142,0,41370.791732227044,12543095622.227638,0.12904731149878973,4,4,4,QPIB4,QPIBPC4,QPOP4,QPIB4_QPOP4,QPIBPC4_QPOP4,Acima ou igual à média simples do grupo,Abaixo da média simples do grupo
3304904,Sudeste,Média Renda e Médio Dinamismo,1,18481451.0,1098357.0,895231.0,7603262171.645824,2519133710.6677017,143549.673828125,12352056.077774048,0,16826.451691025777,12495605.751602173,0.004960278884240006,4,2,4,QPIB4,QPIBPC2,QPOP4,QPIB4_QPOP4,QPIBPC2_QPOP4,Abaixo da média simples do grupo,Abaixo da média simples do grupo
3305109,Sudeste,Média Renda e Médio Dinamismo,1,8129258.0,473385.0,440790.0,3741281207.9799147,928893450.2179013,0.0,0.0,0,17172.614256894492,0.0,0.0,4,2,4,QPIB4,QPIBPC2,QPOP4,QPIB4_QPOP4,QPIBPC2_QPOP4,Abaixo da média simples do grupo,Abaixo da média simples do grupo
3305554,Sudeste,Média Renda e Alto Dinamismo,1,3921225.0,83841.0,79900.0,1118459613.3123302,503262966.52699447,262918.7456970215,40530484.26832318,0,46769.778509321215,40793403.014020205,0.08105782806856322,3,4,2,QPIB3,QPIBPC4,QPOP2,QPIB3_QPOP2,QPIBPC4_QPOP2,Abaixo da média simples do grupo,Abaixo da média simples do grupo
3305752,Sudeste,Média Renda e Baixo Dinamismo,1,638106.0,34898.0,31017.0,237654325.00286627,75784201.54471016,1142293.8264770508,1186682.0148925781,0,18284.887386096623,2328975.841369629,0.030731680137787168,1,2,1,QPIB1,QPIBPC2,QPOP1,QPIB1_QPOP1,QPIBPC2_QPOP1,Abaixo da média simples do grupo,Abaixo da média simples do grupo
350002,Sudeste,Alta Renda,11,69845319.0,1926812.0,1818870.0,42972330999.82676,12407198554.966177,413615.5587158203,332963671.111145,0,36249.16130893933,333377286.66986084,0.026869666443471343,4,3,4,QPIB4,QPIBPC3,QPOP4,QPIB4_QPOP4,QPIBPC3_QPOP4,Abaixo da média simples do grupo,Abaixo da média simples do grupo
350003,Sudeste,Alta Renda,22,85800416.0,1840147.0,1820799.0,58058599770.4977,26289044928.51658,313015990.3484352,81310231.80185461,0,46626.93578284778,394326222.15028983,0.014999640467065862,4,4,4,QPIB4,QPIBPC4,QPOP4,QPIB4_QPOP4,QPIBPC4_QPOP4,Abaixo da média simples do grupo,Abaixo da média simples do grupo
350004,Sudeste,Média Renda e Alto Dinamismo,19,10512508.0,355988.0,344033.0,4854394518.825287,1498605476.9362805,635321532.6669822,27322071.01129532,0,29530.512264458353,662643603.6782775,0.44217348319917593,4,3,4,QPIB4,QPIBPC3,QPOP4,QPIB4_QPOP4,QPIBPC3_QPOP4,Acima ou igual à média simples do grupo,Acima ou igual à média simples do grupo
350005,Sudeste,Média Renda e Alto Dinamismo,13,9279502.0,256070.0,249550.0,3323658898.2014747,1494966322.4576528,34248922.97723007,70687663.62495804,0,36238.14581950248,104936586.60218811,0.07019327795269488,4,3,4,QPIB4,QPIBPC3,QPOP4,QPIB4_QPOP4,QPIBPC3_QPOP4,Abaixo da média simples do grupo,Abaixo da média simples do grupo
350006,Sudeste,Média Renda e Médio Dinamismo,6,8382916.0,257464.0,234517.0,4785291135.991125,2184398819.2461658,547817854.4461617,15959132.902469635,0,32559.565609172543,563776987.3486314,0.2580925160649878,4,3,4,QPIB4,QPIBPC3,QPOP4,QPIB4_QPOP4,QPIBPC3_QPOP4,Acima ou igual à média simples do grupo,Acima ou igual à média simples do grupo
350007,Sudeste,Média Renda e Alto Dinamismo,12,7758791.0,237421.0,225838.0,4536802181.363301,1989662823.595914,489931193.7205107,8141951.7972717285,0,32679.463905888697,498073145.51778245,0.2503304276538754,4,3,3,QPIB4,QPIBPC3,QPOP3,QPIB4_QPOP3,QPIBPC3_QPOP3,Acima ou igual à média simples do grupo,Abaixo da média simples do grupo
350008,Sudeste,Média Renda e Médio Dinamismo,6,5809759.0,168143.0,166135.0,4030048696.8029656,2021177399.4942873,66982774.66726303,23761274.280296326,0,34552.48806075781,90744048.94755936,0.0448966275648363,3,3,3,QPIB3,QPIBPC3,QPOP3,QPIB3_QPOP3,QPIBPC3_QPOP3,Abaixo da média simples do grupo,Abaixo da média simples do grupo
350009,Sudeste,Alta Renda,19,27217885.0,668242.0,633251.0,22057966763.783604,7113099163.214437,663220115.0721142,21250805.873321533,0,40730.581136773806,684470920.9454358,0.09622682114220951,4,4,4,QPIB4,QPIBPC4,QPOP4,QPIB4_QPOP4,QPIBPC4_QPOP4,Abaixo da média simples do grupo,Abaixo da média simples do grupo
350010,Sudeste,Média Renda e Médio Dinamismo,12,12034567.0,361660.0,323205.0,8348185385.3304615,3425699986.954605,217269376.68575835,4408195.633178711,0,33275.9138417298,221677572.31893706,0.06471015359287345,4,3,4,QPIB4,QPIBPC3,QPOP4,QPIB4_QPOP4,QPIBPC3_QPOP4,Abaixo da média simples do grupo,Abaixo da média simples do grupo
350011,Sudeste,Alta Renda,9,8295205.0,272436.0,253554.0,6425039373.1455,2897541281.0376277,196589865.7905505,30189448.939712524,0,30448.270419474666,226779314.73026302,0.07826612038778337,4,3,4,QPIB4,QPIBPC3,QPOP4,QPIB4_QPOP4,QPIBPC3_QPOP4,Abaixo da média simples do grupo,Abaixo da média simples do grupo
350012,Sudeste,Alta Renda,8,9050664.0,167372.0,153326.0,4297761835.176574,1728848168.3874822,223318822.98169708,6289925.887954712,0,54075.138015916644,229608748.8696518,0.1328102450337271,4,4,3,QPIB4,QPIBPC4,QPOP3,QPIB4_QPOP3,QPIBPC4_QPOP3,Abaixo da média simples do grupo,Abaixo da média simples do grupo
350013,Sudeste,Alta Renda,18,14172959.0,394516.0,375721.0,10209067558.79071,5787163656.842418,167404436.97061753,1814510.8717041016,0,35924.92826653418,169218947.84232163,0.02924039441017823,4,3,4,QPIB4,QPIBPC3,QPOP4,QPIB4_QPOP4,QPIBPC3_QPOP4,Abaixo da média simples do grupo,Abaixo da média simples do grupo
350014,Sudeste,Alta Renda,12,9280721.0,249939.0,230507.0,5445325542.892244,1425995061.524339,671121252.5525179,13916350.19517517,0,37131.94419438343,685037602.7476931,0.48039268944971786,4,3,3,QPIB4,QPIBPC3,QPOP3,QPIB4_QPOP3,QPIBPC3_QPOP3,Acima ou igual à média simples do grupo,Abaixo da média simples do grupo
350015,Sudeste,Alta Renda,11,8158974.0,241971.0,224050.0,5579379765.384021,2680565778.201016,382915584.156008,9837134.91621399,0,33718.809278797875,392752719.072222,0.14651859031633485,4,3,3,QPIB4,QPIBPC3,QPOP3,QPIB4_QPOP3,QPIBPC3_QPOP3,Abaixo da média simples do grupo,Abaixo da média simples do grupo
350016,Sudeste,Média Renda e Alto Dinamismo,8,5270365.0,128627.0,125165.0,2701706613.205846,1203855057.7967162,156229270.784088,3121529.7252197266,0,40974.01789670909,159350800.5093077,0.13236709807985522,3,4,3,QPIB3,QPIBPC4,QPOP3,QPIB3_QPOP3,QPIBPC4_QPOP3,Abaixo da média simples do grupo,Abaixo da média simples do grupo
350017,Sudeste,Média Renda e Alto Dinamismo,5,1592540.0,56754.0,56167.0,816001846.9839749,367265212.50450355,38883220.378471375,5880864.362854004,0,28060.40102900236,44764084.74132538,0.1218849028364658,2,3,2,QPIB2,QPIBPC3,QPOP2,QPIB2_QPOP2,QPIBPC3_QPOP2,Abaixo da média simples do grupo,Abaixo da média simples do grupo
350018,Sudeste,Alta Renda,28,19522672.0,545377.0,519668.0,11192614843.021467,3912357824.5414844,476873618.99033964,11022523.144317627,0,35796.65442437067,487896142.13465726,0.12470642104210831,4,3,4,QPIB4,QPIBPC3,QPOP4,QPIB4_QPOP4,QPIBPC3_QPOP4,Acima ou igual à média simples do grupo,Acima ou igual à média simples do grupo
350019,Sudeste,Alta Renda,10,3581456.0,139824.0,119224.0,2194497314.122631,753794689.1320419,196471369.1495452,0.0,0,25614.029065110426,196471369.1495452,0.2606430795841404,3,3,3,QPIB3,QPIBPC3,QPOP3,QPIB3_QPOP3,QPIBPC3_QPOP3,Abaixo da média simples do grupo,Abaixo da média simples do grupo
350020,Sudeste,Alta Renda,12,3411309.0,137389.0,127007.0,2259841297.531927,570987636.5879114,59082063.394361265,6745851.864906311,0,24829.56423003297,65827915.259267576,0.11528781192643646,3,2,3,QPIB3,QPIBPC2,QPOP3,QPIB3_QPOP3,QPIBPC2_QPOP3,Abaixo da média simples do grupo,Abaixo da média simples do grupo
350021,Sudeste,Média Renda e Baixo Dinamismo,5,2301157.0,99982.0,84627.0,957413051.3865616,319390275.0031769,97093001.36281158,8675025.995942974,0,23015.712828309097,105768027.35875456,0.3311560671585962,2,2,2,QPIB2,QPIBPC2,QPOP2,QPIB2_QPOP2,QPIBPC2_QPOP2,Abaixo da média simples do grupo,Acima ou igual à média simples do grupo
350022,Sudeste,Alta Renda,14,11867056.0,321680.0,305962.0,7329397032.558687,2858920709.7346935,245062945.61341092,6170895.108665466,0,36890.87291718478,251233840.7220764,0.08787716282813271,4,3,4,QPIB4,QPIBPC3,QPOP4,QPIB4_QPOP4,QPIBPC3_QPOP4,Abaixo da média simples do grupo,Abaixo da média simples do grupo
350023,Sudeste,Média Renda e Médio Dinamismo,19,7945746.0,296877.0,272689.0,5160215820.231781,2525951822.015387,176391105.48911667,18417478.16908264,0,26764.43779747168,194808583.6581993,0.07712284215411794,4,3,4,QPIB4,QPIBPC3,QPOP4,QPIB4_QPOP4,QPIBPC3_QPOP4,Abaixo da média simples do grupo,Abaixo da média simples do grupo
350024,Sudeste,Alta Renda,11,7209111.0,203412.0,182199.0,3664881716.831018,1096690741.436159,179807406.70497158,7141405.387001038,0,35440.93268833697,186948812.09197262,0.17046629922958584,3,3,3,QPIB3,QPIBPC3,QPOP3,QPIB3_QPOP3,QPIBPC3_QPOP3,Abaixo da média simples do grupo,Abaixo da média simples do grupo
350025,Sudeste,Alta Renda,36,34346158.0,934155.0,934984.0,27155653413.659977,11320209834.289507,1087988312.3745687,45062399.46896362,0,36767.08683248497,1133050711.8435323,0.10009096372149061,4,3,4,QPIB4,QPIBPC3,QPOP4,QPIB4_QPOP4,QPIBPC3_QPOP4,Abaixo da média simples do grupo,Acima ou igual à média simples do grupo
350026,Sudeste,Alta Renda,16,9315501.0,263840.0,240662.0,7214132771.347332,2859154347.098072,436994313.76521146,8402327.309326172,0,35307.387052759244,445396641.07453763,0.15577915250591404,4,3,4,QPIB4,QPIBPC3,QPOP4,QPIB4_QPOP4,QPIBPC3_QPOP4,Acima ou igual à média simples do grupo,Acima ou igual à média simples do grupo
350027,Sudeste,Alta Renda,12,6000356.0,174770.0,168982.0,3706150086.858261,1539023984.905992,96087882.62004471,9860993.007141113,0,34332.87177433198,105948875.62718582,0.06884160134363175,3,3,3,QPIB3,QPIBPC3,QPOP3,QPIB3_QPOP3,QPIBPC3_QPOP3,Abaixo da média simples do grupo,Abaixo da média simples do grupo
350028,Sudeste,Alta Renda,18,3726856.0,112399.0,109565.0,1854981133.245573,593812164.1319792,176436526.47784865,1071335.5091552734,0,33157.376844989725,177507861.98700392,0.2989293125149782,3,3,2,QPIB3,QPIBPC3,QPOP2,QPIB3_QPOP2,QPIBPC3_QPOP2,Abaixo da média simples do grupo,Abaixo da média simples do grupo
350029,Sudeste,Alta Renda,11,4237730.0,112273.0,115381.0,2463890714.7522635,708044625.2843504,64351446.48637009,1375606.8172607422,0,37744.87187480516,65727053.30363083,0.09282897003452978,3,3,2,QPIB3,QPIBPC3,QPOP2,QPIB3_QPOP2,QPIBPC3_QPOP2,Abaixo da média simples do grupo,Abaixo da média simples do grupo
350030,Sudeste,Alta Renda,7,1666821.0,49702.0,54305.0,817263614.9269333,326534435.65512806,20863819.096901238,2592225.75082016,0,33536.29632610358,23456044.847721398,0.07183329623615772,2,3,2,QPIB2,QPIBPC3,QPOP2,QPIB2_QPOP2,QPIBPC3_QPOP2,Abaixo da média simples do grupo,Abaixo da média simples do grupo
350031,Sudeste,Alta Renda,26,63839481.0,1534356.0,1433341.0,48822646841.47789,18423970896.538116,834160912.73513,81502723.09573936,0,41606.6942743405,915663635.8308693,0.04969958110403461,4,4,4,QPIB4,QPIBPC4,QPOP4,QPIB4_QPOP4,QPIBPC4_QPOP4,Abaixo da média simples do grupo,Abaixo da média simples do grupo
350032,Sudeste,Alta Renda,16,17500328.0,431842.0,414467.0,12602888004.749805,5385367312.658724,669470806.487363,8743572.277160645,0,40524.840103556395,678214378.7645236,0.1259365126628091,4,4,4,QPIB4,QPIBPC4,QPOP4,QPIB4_QPOP4,QPIBPC4_QPOP4,Acima ou igual à média simples do grupo,Abaixo da média simples do grupo
350033,Sudeste,Alta Renda,10,14573135.0,434079.0,422379.0,9708815382.47375,4905338185.809075,99047059.37183686,7695226.453636169,0,33572.54094300807,106742285.82547303,0.021760433589323912,4,3,4,QPIB4,QPIBPC3,QPOP4,QPIB4_QPOP4,QPIBPC3_QPOP4,Abaixo da média simples do grupo,Abaixo da média simples do grupo
350034,Sudeste,Média Renda e Médio Dinamismo,6,6862989.0,167436.0,147795.0,4614622821.879042,1651725815.770872,338086151.98288685,0.0,0,40988.730022217445,338086151.98288685,0.2046866064299538,3,4,3,QPIB3,QPIBPC4,QPOP3,QPIB3_QPOP3,QPIBPC4_QPOP3,Abaixo da média simples do grupo,Abaixo da média simples do grupo
350035,Sudeste,Média Renda e Médio Dinamismo,6,4679574.0,127160.0,111344.0,1835803099.3151116,674526971.6858988,82172767.88392806,24174429.061309814,0,36800.676313306074,106347196.94523787,0.15766188960455635,3,3,3,QPIB3,QPIBPC3,QPOP3,QPIB3_QPOP3,QPIBPC3_QPOP3,Abaixo da média simples do grupo,Abaixo da média simples do grupo
350036,Sudeste,Alta Renda,17,24139809.0,631114.0,593148.0,18248351274.284283,10384799856.241379,172342307.36564174,23479575.042564392,0,38249.52227331354,195821882.40820614,0.018856587042504726,4,3,4,QPIB4,QPIBPC3,QPOP4,QPIB4_QPOP4,QPIBPC3_QPOP4,Abaixo da média simples do grupo,Abaixo da média simples do grupo
350037,Sudeste,Alta Renda,9,22290094.0,529530.0,500387.0,16948351960.302845,8200634063.887075,266792348.6831732,62174201.52663422,0,42094.109871017696,328966550.2098074,0.04011477010765168,4,4,4,QPIB4,QPIBPC4,QPOP4,QPIB4_QPOP4,QPIBPC4_QPOP4,Abaixo da média simples do grupo,Abaixo da média simples do grupo
350038,Sudeste,Alta Renda,18,210336964.0,3200900.0,3028349.0,143594406097.3509,67651859749.99869,259319699.47816968,183222477.00037384,0,65711.81980068106,442542176.4785435,0.006541463577112558,4,4,4,QPIB4,QPIBPC4,QPOP4,QPIB4_QPOP4,QPIBPC4_QPOP4,Abaixo da média simples do grupo,Abaixo da média simples do grupo
350039,Sudeste,Alta Renda,9,86128538.0,973441.0,975202.0,43715695270.57595,20743441527.19307,38861430.96184158,43599426.151664734,0,88478.43680305226,82460857.11350632,0.003975273678931551,4,4,4,QPIB4,QPIBPC4,QPOP4,QPIB4_QPOP4,QPIBPC4_QPOP4,Abaixo da média simples do grupo,Abaixo da média simples do grupo
350040,Sudeste,Alta Renda,11,34170196.0,617398.0,610059.0,22438417373.251965,9696181281.490446,210232423.1634752,28249029.16469574,0,55345.49188691897,238481452.32817093,0.024595399508817024,4,4,4,QPIB4,QPIBPC4,QPOP4,QPIB4_QPOP4,QPIBPC4_QPOP4,Abaixo da média simples do grupo,Abaixo da média simples do grupo
350041,Sudeste,Alta Renda,11,17897640.0,485447.0,491728.0,12648142480.203346,6101141769.6885195,64816252.400188446,25293013.27770233,0,36868.37080051993,90109265.67789078,0.014769246327887101,4,3,4,QPIB4,QPIBPC3,QPOP4,QPIB4_QPOP4,QPIBPC3_QPOP4,Abaixo da média simples do grupo,Abaixo da média simples do grupo
350042,Sudeste,Alta Renda,4,19137193.0,382593.0,355793.0,13589479076.831774,5434355418.323485,16294509.766143799,34614808.14506531,0,50019.71546787317,50909317.91120911,0.00936805085283045,4,4,4,QPIB4,QPIBPC4,QPOP4,QPIB4_QPOP4,QPIBPC4_QPOP4,Abaixo da média simples do grupo,Abaixo da média simples do grupo
350043,Sudeste,Alta Renda,4,15575858.0,335434.0,327169.0,11080804742.125809,4942392778.219882,119985298.96932556,18460010.145166166,0,46434.94100180661,138445309.11449173,0.028011798197138844,4,4,4,QPIB4,QPIBPC4,QPOP4,QPIB4_QPOP4,QPIBPC4_QPOP4,Abaixo da média simples do grupo,Abaixo da média simples do grupo
350044,Sudeste,Alta Renda,9,10372590.0,320471.0,293948.0,6943272476.602649,3059912253.0958767,271272053.95915914,24477466.36185074,0,32366.704007538905,295749520.3210099,0.09665294160699683,4,3,4,QPIB4,QPIBPC3,QPOP4,QPIB4_QPOP4,QPIBPC3_QPOP4,Abaixo da média simples do grupo,Acima ou igual à média simples do grupo
350045,Sudeste,Alta Renda,4,10418544.0,275087.0,260834.0,7223530621.69254,3444186090.615534,88778880.9816513,20120299.214019775,0,37873.6327052896,108899180.19567108,0.03161826258238241,4,3,4,QPIB4,QPIBPC3,QPOP4,QPIB4_QPOP4,QPIBPC3_QPOP4,Abaixo da média simples do grupo,Abaixo da média simples do grupo
350046,Sudeste,Alta Renda,5,15591877.0,254409.0,239343.0,9279021957.688148,4121660359.05425,60157700.875349574,97162864.77225113,0,61286.656525516,157320565.6476007,0.038169221125172785,4,4,4,QPIB4,QPIBPC4,QPOP4,QPIB4_QPOP4,QPIBPC4_QPOP4,Abaixo da média simples do grupo,Abaixo da média simples do grupo
350047,Sudeste,Média Renda e Médio Dinamismo,7,6636382.0,187367.0,177356.0,3902985126.9818134,2065788303.423098,62991117.25392914,3766481.5099105835,0,35419.161325099936,66757598.76383972,0.03231579860008868,3,3,3,QPIB3,QPIBPC3,QPOP3,QPIB3_QPOP3,QPIBPC3_QPOP3,Abaixo da média simples do grupo,Abaixo da média simples do grupo
350048,Sudeste,Alta Renda,5,6180652.0,138104.0,130958.0,3835584844.3002353,2297121332.9105725,35115114.53212738,8376967.481487274,0,44753.60597810346,43492082.013614655,0.018933297684588526,3,4,3,QPIB3,QPIBPC4,QPOP3,QPIB3_QPOP3,QPIBPC4_QPOP3,Abaixo da média simples do grupo,Abaixo da média simples do grupo
350049,Sudeste,Alta Renda,8,57062391.0,1124606.0,1083892.0,37238400296.34395,18862225287.758194,56406919.57554413,37448339.763237,0,50739.895572315996,93855259.33878112,0.004975831743441973,4,4,4,QPIB4,QPIBPC4,QPOP4,QPIB4_QPOP4,QPIBPC4_QPOP4,Abaixo da média simples do grupo,Abaixo da média simples do grupo
350050,Sudeste,Alta Renda,10,27618926.0,637422.0,611083.0,15096444427.99157,6015079072.031676,54140503.31063843,68920375.5260334,0,43329.10693386799,123060878.83667183,0.02045873002881512,4,4,4,QPIB4,QPIBPC4,QPOP4,QPIB4_QPOP4,QPIBPC4_QPOP4,Abaixo da média simples do grupo,Abaixo da média simples do grupo
350051,Sudeste,Média Renda e Alto Dinamismo,4,36158079.0,345844.0,343015.0,7077695867.702855,2552529156.0321827,7677028.818115234,21391392.663848877,0,104550.2567631649,29068421.48196411,0.011388085974755312,4,4,4,QPIB4,QPIBPC4,QPOP4,QPIB4_QPOP4,QPIBPC4_QPOP4,Abaixo da média simples do grupo,Abaixo da média simples do grupo
350052,Sudeste,Média Renda e Alto Dinamismo,8,11942321.0,325562.0,301818.0,6412699401.019526,3404702759.0903225,39207278.913188934,39570731.179406166,0,36682.171137909216,78778010.0925951,0.023137999310589807,4,3,4,QPIB4,QPIBPC3,QPOP4,QPIB4_QPOP4,QPIBPC3_QPOP4,Abaixo da média simples do grupo,Abaixo da média simples do grupo
350053,Sudeste,Média Renda e Médio Dinamismo,9,4229037.0,165784.0,148452.0,2934285681.0541463,798718361.7369906,40999697.649902344,19349981.760074157,0,25509.3193553057,60349679.4099765,0.07555814702786187,3,3,3,QPIB3,QPIBPC3,QPOP3,QPIB3_QPOP3,QPIBPC3_QPOP3,Abaixo da média simples do grupo,Abaixo da média simples do grupo
3503901,Sudeste,Alta Renda,1,6681571.0,92453.0,86540.0,3320665239.020923,1405527118.5782018,227639.88317871094,3650239.291534424,0,72269.92093279828,3877879.1747131348,0.002759021240825226,3,4,2,QPIB3,QPIBPC4,QPOP2,QPIB3_QPOP2,QPIBPC4_QPOP2,Abaixo da média simples do grupo,Abaixo da média simples do grupo
3505708,Sudeste,Alta Renda,1,44208912.0,279704.0,316026.0,60236923193.43109,26042981236.69051,6065594.259765625,31056874.635406494,0,158056.0592626491,37122468.89517212,0.001425430850553789,4,4,4,QPIB4,QPIBPC4,QPOP4,QPIB4_QPOP4,QPIBPC4_QPOP4,Abaixo da média simples do grupo,Abaixo da média simples do grupo
3506607,Sudeste,Média Renda e Alto Dinamismo,1,931267.0,33265.0,29569.0,279409027.568224,117990264.59138277,1261376.893951416,4772132.646362305,0,27995.4005711709,6033509.540313721,0.05113565565098638,1,3,1,QPIB1,QPIBPC3,QPOP1,QPIB1_QPOP1,QPIBPC3_QPOP1,Abaixo da média simples do grupo,Abaixo da média simples do grupo
3509007,Sudeste,Alta Renda,1,4090023.0,104044.0,94750.0,2387129339.9468393,1071486631.2989112,4105723.943725586,26023366.306625366,0,39310.51285994387,30129090.250350952,0.028118960489340795,3,3,2,QPIB3,QPIBPC3,QPOP2,QPIB3_QPOP2,QPIBPC3_QPOP2,Abaixo da média simples do grupo,Abaixo da média simples do grupo
3509205,Sudeste,Alta Renda,1,17475052.0,79034.0,92595.0,6575875434.507747,2303264812.741491,733298.4599609375,9899706.600906372,0,221108.02945567732,10633005.06086731,0.004616492642116664,4,4,2,QPIB4,QPIBPC4,QPOP2,QPIB4_QPOP2,QPIBPC4_QPOP2,Abaixo da média simples do grupo,Abaixo da média simples do grupo
3510609,Sudeste,Média Renda e Médio Dinamismo,1,6203703.0,405375.0,386711.0,3155504825.4967856,1124325251.2034016,0.0,0.0,0,15303.615171137835,0.0,0.0,3,1,4,QPIB3,QPIBPC1,QPOP4,QPIB3_QPOP4,QPIBPC1_QPOP4,Abaixo da média simples do grupo,Abaixo da média simples do grupo
3513009,Sudeste,Alta Renda,1,12461522.0,257882.0,273620.0,10822989656.858791,6027698429.2689705,1291374.8420410156,0.0,0,48322.573890383974,1291374.8420410156,0.00021424012119956564,4,4,4,QPIB4,QPIBPC4,QPOP4,QPIB4_QPOP4,QPIBPC4_QPOP4,Abaixo da média simples do grupo,Abaixo da média simples do grupo
3513801,Sudeste,Média Renda e Baixo Dinamismo,1,14947046.0,429550.0,392336.0,11398243662.512636,6132049418.1676855,0.0,0.0,0,34796.987545105345,0.0,0.0,4,3,4,QPIB4,QPIBPC3,QPOP4,QPIB4_QPOP4,QPIBPC3_QPOP4,Abaixo da média simples do grupo,Abaixo da média simples do grupo
3515004,Sudeste,Média Renda e Alto Dinamismo,1,11397375.0,279264.0,250231.0,5090293660.729028,2131655209.0283108,1053984.5249023438,41741054.789741516,0,40812.18846682709,42795039.31464386,0.020075966851201728,4,4,4,QPIB4,QPIBPC4,QPOP4,QPIB4_QPOP4,QPIBPC4_QPOP4,Abaixo da média simples do grupo,Abaixo da média simples do grupo
3515103,Sudeste,Média Renda e Médio Dinamismo,1,1190193.0,70402.0,66642.0,800435143.5057467,480964884.7696035,635944.2604980469,1739278.6447753906,0,16905.670293457573,2375222.9052734375,0.004938453888190278,2,2,2,QPIB2,QPIBPC2,QPOP2,QPIB2_QPOP2,QPIBPC2_QPOP2,Abaixo da média simples do grupo,Abaixo da média simples do grupo
3515707,Sudeste,Média Renda e Baixo Dinamismo,1,4156684.0,198661.0,178325.0,1885716120.818958,900157834.1047385,69877.099609375,0.0,0,20923.502851591405,69877.099609375,7.762760813926817e-05,3,2,3,QPIB3,QPIBPC2,QPOP3,QPIB3_QPOP3,QPIBPC2_QPOP3,Abaixo da média simples do grupo,Abaixo da média simples do grupo
3516309,Sudeste,Média Renda e Baixo Dinamismo,1,1775558.0,179372.0,165053.0,698530427.9739119,265656799.98225164,1591714.114868164,0.0,0,9898.746738621412,1591714.114868164,0.005991618189237036,2,1,3,QPIB2,QPIBPC1,QPOP3,QPIB2_QPOP3,QPIBPC1_QPOP3,Abaixo da média simples do grupo,Abaixo da média simples do grupo
3516408,Sudeste,Média Renda e Médio Dinamismo,1,3820464.0,158438.0,140153.0,1578120015.8944614,868591732.6599611,1526282.6879730225,0.0,0,24113.306151302088,1526282.6879730225,0.0017571922810029048,3,2,3,QPIB3,QPIBPC2,QPOP3,QPIB3_QPOP3,QPIBPC2_QPOP3,Abaixo da média simples do grupo,Abaixo da média simples do grupo
3518305,Sudeste,Média Renda e Baixo Dinamismo,1,1322794.0,30465.0,31178.0,1000481337.6684737,640837177.6831164,3421301.4582977295,7041516.759399414,0,43420.12145084523,10462818.217697144,0.016326796543740533,2,4,1,QPIB2,QPIBPC4,QPOP1,QPIB2_QPOP1,QPIBPC4_QPOP1,Abaixo da média simples do grupo,Abaixo da média simples do grupo
3518800,Sudeste,Alta Renda,1,63017793.0,1404694.0,1284479.0,44269084937.40318,16479536605.68568,208187.9296875,55803227.79920903,0,44862.29242810178,56011415.72889653,0.0033988465251851667,4,4,4,QPIB4,QPIBPC4,QPOP4,QPIB4_QPOP4,QPIBPC4_QPOP4,Abaixo da média simples do grupo,Abaixo da média simples do grupo
3522208,Sudeste,Média Renda e Baixo Dinamismo,1,4240049.0,179574.0,157848.0,2161135203.4731264,870097042.3477263,3333.3299560546875,19207792.916809082,0,23611.70882198982,19211126.246765137,0.022079291517793236,3,2,3,QPIB3,QPIBPC2,QPOP3,QPIB3_QPOP3,QPIBPC2_QPOP3,Abaixo da média simples do grupo,Abaixo da média simples do grupo
3522505,Sudeste,Média Renda e Médio Dinamismo,1,10461483.0,244131.0,231940.0,4564888052.116102,2364235162.6797795,0.0,0.0,0,42851.923762242404,0.0,0.0,4,4,3,QPIB4,QPIBPC4,QPOP3,QPIB4_QPOP3,QPIBPC4_QPOP3,Abaixo da média simples do grupo,Abaixo da média simples do grupo
3523107,Sudeste,Média Renda e Alto Dinamismo,1,8121171.0,379082.0,369029.0,4878479218.346854,2273300167.9732904,66705.59375,10414608.774834633,0,21423.256709630106,10481314.368584633,0.004610616106155929,4,2,4,QPIB4,QPIBPC2,QPOP4,QPIB4_QPOP4,QPIBPC2_QPOP4,Abaixo da média simples do grupo,Abaixo da média simples do grupo
3525003,Sudeste,Média Renda e Médio Dinamismo,1,4043221.0,127734.0,118014.0,2644086990.0975466,1071917286.0925517,0.0,0.0,0,31653.443875553887,0.0,0.0,3,3,3,QPIB3,QPIBPC3,QPOP3,QPIB3_QPOP3,QPIBPC3_QPOP3,Abaixo da média simples do grupo,Abaixo da média simples do grupo
3526209,Sudeste,Média Renda e Baixo Dinamismo,1,519978.0,31844.0,27307.0,224240826.2116352,75218632.82627822,773964.0399551392,3350305.1328125,0,16328.915965330989,4124269.172767639,0.054830419243232946,1,2,1,QPIB1,QPIBPC2,QPOP1,QPIB1_QPOP1,QPIBPC2_QPOP1,Abaixo da média simples do grupo,Abaixo da média simples do grupo
3528502,Sudeste,Alta Renda,1,1986449.0,103645.0,93413.0,1341013339.1682265,617374102.6835696,288024.7194824219,18595992.574501038,0,19165.8931931111,18884017.29398346,0.030587640803038867,2,2,2,QPIB2,QPIBPC2,QPOP2,QPIB2_QPOP2,QPIBPC2_QPOP2,Abaixo da média simples do grupo,Abaixo da média simples do grupo
3529401,Sudeste,Média Renda e Médio Dinamismo,1,17503269.0,481725.0,417255.0,7947425075.514025,3435155386.6536903,0.0,0.0,0,36334.56640199284,0.0,0.0,4,3,4,QPIB4,QPIBPC3,QPOP4,QPIB4_QPOP4,QPIBPC3_QPOP4,Abaixo da média simples do grupo,Abaixo da média simples do grupo
3530607,Sudeste,Alta Renda,1,16631460.0,455587.0,450724.0,11371662900.325079,4330282659.914617,3353934.643157959,79129458.28316215,0,36505.56315259215,82483392.9263201,0.01904803898596922,4,3,4,QPIB4,QPIBPC3,QPOP4,QPIB4_QPOP4,QPIBPC3_QPOP4,Abaixo da média simples do grupo,Abaixo da média simples do grupo
3534401,Sudeste,Alta Renda,1,66916873.0,701428.0,725945.0,29133700220.78177,9364550786.009684,4276710.371231079,3817.35009765625,0,95400.91499056212,4280527.721328735,0.00045709909841310236,4,4,4,QPIB4,QPIBPC4,QPOP4,QPIB4_QPOP4,QPIBPC4_QPOP4,Abaixo da média simples do grupo,Abaixo da média simples do grupo
3539103,Sudeste,Média Renda e Baixo Dinamismo,1,749823.0,19453.0,18324.0,218519204.52625847,59608033.08344555,0.0,723772.39453125,0,38545.365753354235,723772.39453125,0.01214219555807248,1,3,1,QPIB1,QPIBPC3,QPOP1,QPIB1_QPOP1,QPIBPC3_QPOP1,Abaixo da média simples do grupo,Abaixo da média simples do grupo
3539806,Sudeste,Média Renda e Baixo Dinamismo,1,3258501.0,119221.0,103663.0,2118336591.8224506,660938333.7371875,0.0,0.0,0,27331.602653894868,0.0,0.0,3,3,2,QPIB3,QPIBPC3,QPOP2,QPIB3_QPOP2,QPIBPC3_QPOP2,Abaixo da média simples do grupo,Abaixo da média simples do grupo
3543303,Sudeste,Alta Renda,1,3341662.0,125238.0,115091.0,2173046294.7507734,761311469.8256074,0.0,0.0,0,26682.492534214856,0.0,0.0,3,3,3,QPIB3,QPIBPC3,QPOP3,QPIB3_QPOP3,QPIBPC3_QPOP3,Abaixo da média simples do grupo,Abaixo da média simples do grupo
3544103,Sudeste,Média Renda e Médio Dinamismo,1,855801.0,52009.0,44070.0,290929627.0619351,127087277.48455048,0.0,0.0,0,16454.863581303234,0.0,0.0,1,2,2,QPIB1,QPIBPC2,QPOP2,QPIB1_QPOP2,QPIBPC2_QPOP2,Abaixo da média simples do grupo,Abaixo da média simples do grupo
3545001,Sudeste,Média Renda e Baixo Dinamismo,1,237592.0,17363.0,15058.0,125171006.587826,41537796.33154274,5854241.141685486,0.0,0,13683.810401428325,5854241.141685486,0.14093769190254143,1,1,1,QPIB1,QPIBPC1,QPOP1,QPIB1_QPOP1,QPIBPC1_QPOP1,Abaixo da média simples do grupo,Abaixo da média simples do grupo
3546801,Sudeste,Média Renda e Baixo Dinamismo,1,1472202.0,58529.0,53039.0,1012737452.9913363,271339664.08116627,5425137.6664123535,57854857.2645874,0,25153.376958430865,63279994.930999756,0.2332132132074532,2,3,2,QPIB2,QPIBPC3,QPOP2,QPIB2_QPOP2,QPIBPC3_QPOP2,Abaixo da média simples do grupo,Abaixo da média simples do grupo
3547304,Sudeste,Alta Renda,1,9468382.0,145073.0,153810.0,7088427843.912197,3782026628.9731703,1528767.6911621094,41412583.223335266,0,65266.32798659985,42941350.914497375,0.0113540583203551,4,4,3,QPIB4,QPIBPC4,QPOP3,QPIB4_QPOP3,QPIBPC4_QPOP3,Abaixo da média simples do grupo,Abaixo da média simples do grupo
3547809,Sudeste,Alta Renda,1,27925688.0,723889.0,745814.0,21351162654.73866,9060572219.740488,270523.50439453125,0.0,0,38577.306741779474,270523.50439453125,2.985722069574537e-05,4,3,4,QPIB4,QPIBPC3,QPOP4,QPIB4_QPOP4,QPIBPC3_QPOP4,Abaixo da média simples do grupo,Abaixo da média simples do grupo
3548708,Sudeste,Alta Renda,1,46541309.0,849874.0,809712.0,37106471108.799034,13017119112.68558,1030937.5498046875,0.0,0,54762.59892642909,1030937.5498046875,7.919859539427641e-05,4,4,4,QPIB4,QPIBPC4,QPOP4,QPIB4_QPOP4,QPIBPC4_QPOP4,Abaixo da média simples do grupo,Abaixo da média simples do grupo
3548807,Sudeste,Alta Renda,1,13231138.0,162763.0,164884.0,13064216323.161062,3965335911.1067758,498215.81640625,289752.19140625,0,81290.82162407918,787968.0078125,0.00019871406243426377,4,4,3,QPIB4,QPIBPC4,QPOP3,QPIB4_QPOP3,QPIBPC4_QPOP3,Abaixo da média simples do grupo,Abaixo da média simples do grupo
3549953,Sudeste,Média Renda e Baixo Dinamismo,1,260906.0,16127.0,16027.0,316966158.51186764,47250153.24767521,227419.458984375,0.0,0,16178.21045451727,227419.458984375,0.004813094632567449,1,2,1,QPIB1,QPIBPC2,QPOP1,QPIB1_QPOP1,QPIBPC2_QPOP1,Abaixo da média simples do grupo,Abaixo da média simples do grupo
3550308,Sudeste,Alta Renda,1,660796609.0,12396372.0,11394118.0,830755924352.3066,345705226506.86316,209352831.22389272,423584466.076725,0,53305.645312999644,632937297.3006177,0.001830858340488677,4,4,4,QPIB4,QPIBPC4,QPOP4,QPIB4_QPOP4,QPIBPC4_QPOP4,Abaixo da média simples do grupo,Abaixo da média simples do grupo
3552502,Sudeste,Média Renda e Médio Dinamismo,1,12206093.0,303397.0,306990.0,6719049718.935595,3051782467.520434,6694.2900390625,4797714.953170776,0,40231.422855202916,4804409.243209839,0.0015742961021443346,4,4,4,QPIB4,QPIBPC4,QPOP4,QPIB4_QPOP4,QPIBPC4_QPOP4,Abaixo da média simples do grupo,Abaixo da média simples do grupo
3552809,Sudeste,Alta Renda,1,8648966.0,297528.0,273373.0,6657974408.417157,3041906315.999689,0.0,0.0,0,29069.418676561534,0.0,0.0,4,3,4,QPIB4,QPIBPC3,QPOP4,QPIB4_QPOP4,QPIBPC3_QPOP4,Abaixo da média simples do grupo,Abaixo da média simples do grupo
3556453,Sudeste,Alta Renda,1,2329260.0,54315.0,50294.0,1608433869.0636609,807785658.8747337,0.0,0.0,0,42884.28610880972,0.0,0.0,2,4,2,QPIB2,QPIBPC4,QPOP2,QPIB2_QPOP2,QPIBPC4_QPOP2,Abaixo da média simples do grupo,Abaixo da média simples do grupo
410002,Sul,Média Renda e Médio Dinamismo,7,14513223.0,302544.0,300659.0,5785331125.50696,1331353458.9755526,1057802.8984375,15721868.810089111,0,47970.619149611295,16779671.70852661,0.012603468744835202,4,4,4,QPIB4,QPIBPC4,QPOP4,QPIB4_QPOP4,QPIBPC4_QPOP4,Abaixo da média simples do grupo,Abaixo da média simples do grupo
410003,Sul,Média Renda e Médio Dinamismo,9,5641239.0,179117.0,162031.0,2801946286.362371,963641372.5293384,73574299.8090174,103049867.02326965,0,31494.715744457535,176624166.83228707,0.18328827701605319,3,3,3,QPIB3,QPIBPC3,QPOP3,QPIB3_QPOP3,QPIBPC3_QPOP3,Abaixo da média simples do grupo,Abaixo da média simples do grupo
410004,Sul,Média Renda e Alto Dinamismo,12,13405033.0,355115.0,339104.0,6015165081.911169,1740664499.8714457,302118269.52907693,10944993.252456665,0,37748.42797403658,313063262.7815336,0.1798527302674665,4,3,4,QPIB4,QPIBPC3,QPOP4,QPIB4_QPOP4,QPIBPC3_QPOP4,Acima ou igual à média simples do grupo,Acima ou igual à média simples do grupo
410005,Sul,Média Renda e Alto Dinamismo,7,2335429.0,72107.0,78417.0,765713093.3207103,151144337.26684076,59617319.02498627,2161104.2678222656,0,32388.38115578238,61778423.29280853,0.4087379283270176,2,3,2,QPIB2,QPIBPC3,QPOP2,QPIB2_QPOP2,QPIBPC3_QPOP2,Acima ou igual à média simples do grupo,Abaixo da média simples do grupo
410006,Sul,Alta Renda,23,23703949.0,530206.0,545162.0,15163936522.125664,6654745444.381253,195901241.5484805,32283290.835754395,0,44707.055370931295,228184532.3842349,0.03428899486709835,4,4,4,QPIB4,QPIBPC4,QPOP4,QPIB4_QPOP4,QPIBPC4_QPOP4,Abaixo da média simples do grupo,Abaixo da média simples do grupo
410007,Sul,Alta Renda,7,23261163.0,383288.0,417367.0,9695733631.427166,3863515348.3770337,32418407.993850708,7269717.75642395,0,60688.471854062744,39688125.75027466,0.010272542534856668,4,4,4,QPIB4,QPIBPC4,QPOP4,QPIB4_QPOP4,QPIBPC4_QPOP4,Abaixo da média simples do grupo,Abaixo da média simples do grupo
410008,Sul,Alta Renda,14,16086610.0,334252.0,348680.0,9838320660.102634,5073945541.021818,76713625.21849228,23536661.22125244,0,48127.191460335314,100250286.43974473,0.01975785621450635,4,4,4,QPIB4,QPIBPC4,QPOP4,QPIB4_QPOP4,QPIBPC4_QPOP4,Abaixo da média simples do grupo,Abaixo da média simples do grupo
410009,Sul,Alta Renda,21,10267226.0,278424.0,292236.0,5704258251.667516,2461879509.0507483,30349280.846023396,5174423.560501099,0,36876.22475073988,35523704.406524494,0.014429505699172795,4,3,4,QPIB4,QPIBPC3,QPOP4,QPIB4_QPOP4,QPIBPC3_QPOP4,Abaixo da média simples do grupo,Abaixo da média simples do grupo
410010,Sul,Alta Renda,15,13492082.0,269857.0,279215.0,6844132908.805162,3072815923.293668,381957461.128332,8201099.550178528,0,49997.154048255186,390158560.67851055,0.12697101629840235,4,4,4,QPIB4,QPIBPC4,QPOP4,QPIB4_QPOP4,QPIBPC4_QPOP4,Acima ou igual à média simples do grupo,Abaixo da média simples do grupo
410011,Sul,Média Renda e Médio Dinamismo,8,3601691.0,107023.0,104703.0,1060431517.3891804,328571115.81706935,35321040.52724838,2218248.7294921875,0,33653.42963662017,37539289.25674057,0.11425011953162803,3,3,2,QPIB3,QPIBPC3,QPOP2,QPIB3_QPOP2,QPIBPC3_QPOP2,Abaixo da média simples do grupo,Abaixo da média simples do grupo
410012,Sul,Alta Renda,6,3509419.0,82592.0,88568.0,1913306936.6684456,1044753916.8138301,18023570.454849243,923121.479675293,0,42491.028186749325,18946691.934524536,0.018135076241021397,3,4,2,QPIB3,QPIBPC4,QPOP2,QPIB3_QPOP2,QPIBPC4_QPOP2,Abaixo da média simples do grupo,Abaixo da média simples do grupo
410013,Sul,Alta Renda,6,3864660.0,82408.0,84571.0,2237802729.732339,1217774550.9912257,11108646.091705322,5260739.913757324,0,46896.660518396275,16369386.005462646,0.013442049673429733,3,4,2,QPIB3,QPIBPC4,QPOP2,QPIB3_QPOP2,QPIBPC4_QPOP2,Abaixo da média simples do grupo,Abaixo da média simples do grupo
410014,Sul,Alta Renda,23,30758415.0,800612.0,808533.0,22855223749.627926,9520457228.672192,142512801.8829918,23977390.57095337,0,38418.628499198116,166490192.45394516,0.017487625694334995,4,3,4,QPIB4,QPIBPC3,QPOP4,QPIB4_QPOP4,QPIBPC3_QPOP4,Abaixo da média simples do grupo,Abaixo da média simples do grupo
410015,Sul,Alta Renda,24,14291952.0,309059.0,323026.0,5884418772.023933,2242526356.0609694,284933743.7792108,28707802.977493286,0,46243.44219064968,313641546.7567041,0.13986080739207904,4,4,4,QPIB4,QPIBPC4,QPOP4,QPIB4_QPOP4,QPIBPC4_QPOP4,Acima ou igual à média simples do grupo,Abaixo da média simples do grupo
410016,Sul,Média Renda e Médio Dinamismo,22,9357202.0,290562.0,299223.0,5208962837.0563545,2322920231.214304,153596031.37590027,4795068.136108398,0,32203.805039888215,158391099.51200867,0.06818619829627551,4,3,4,QPIB4,QPIBPC3,QPOP4,QPIB4_QPOP4,QPIBPC3_QPOP4,Abaixo da média simples do grupo,Abaixo da média simples do grupo
410017,Sul,Média Renda e Médio Dinamismo,17,6150032.0,205268.0,200815.0,3867552094.1567802,1736639553.043718,317605360.77149963,6512574.697555542,0,29960.987586959487,324117935.4690552,0.18663512235511998,3,3,3,QPIB3,QPIBPC3,QPOP3,QPIB3_QPOP3,QPIBPC3_QPOP3,Abaixo da média simples do grupo,Abaixo da média simples do grupo
410018,Sul,Alta Renda,11,5645148.0,168226.0,159739.0,3742991368.650021,2027305265.1377454,58567362.149614565,6445252.206817627,0,33556.92936882527,65012614.35643219,0.03206848789593358,3,3,3,QPIB3,QPIBPC3,QPOP3,QPIB3_QPOP3,QPIBPC3_QPOP3,Abaixo da média simples do grupo,Abaixo da média simples do grupo
410019,Sul,Média Renda e Médio Dinamismo,11,2368284.0,68369.0,63660.0,1526166647.2890952,395040061.8263202,40146565.2126379,477918.78021240234,0,34639.73438254179,40624483.9928503,0.10283636501330568,2,3,2,QPIB2,QPIBPC3,QPOP2,QPIB2_QPOP2,QPIBPC3_QPOP2,Abaixo da média simples do grupo,Abaixo da média simples do grupo
410020,Sul,Média Renda e Alto Dinamismo,7,1713462.0,60710.0,60413.0,878768800.3829772,371430458.7791325,52805258.9922905,8910967.691589355,0,28223.71932136386,61716226.68387985,0.16615822753668893,2,3,2,QPIB2,QPIBPC3,QPOP2,QPIB2_QPOP2,QPIBPC3_QPOP2,Abaixo da média simples do grupo,Abaixo da média simples do grupo
4100202,Sul,Média Renda e Alto Dinamismo,1,323813.0,5797.0,6247.0,111143002.04476547,21340234.658691406,10572525.040840149,0.0,0,55858.72002760048,10572525.040840149,0.4954268408915641,1,4,1,QPIB1,QPIBPC4,QPOP1,QPIB1_QPOP1,QPIBPC4_QPOP1,Abaixo da média simples do grupo,Abaixo da média simples do grupo
410021,Sul,Alta Renda,23,41458260.0,1113597.0,1065916.0,29139452278.523712,13693753482.578255,243292683.91501212,20635649.97683716,0,37229.1412422986,263928333.89184928,0.019273629704786896,4,3,4,QPIB4,QPIBPC3,QPOP4,QPIB4_QPOP4,QPIBPC3_QPOP4,Abaixo da média simples do grupo,Abaixo da média simples do grupo
410022,Sul,Média Renda e Médio Dinamismo,19,8828273.0,270239.0,274101.0,4446976428.64043,1855538699.3604412,229484776.3021521,11235868.566841125,0,32668.389832703644,240720644.86899322,0.12973086734971562,4,3,4,QPIB4,QPIBPC3,QPOP4,QPIB4_QPOP4,QPIBPC3_QPOP4,Acima ou igual à média simples do grupo,Acima ou igual à média simples do grupo
410023,Sul,Alta Renda,13,6510733.0,234286.0,225554.0,4168319039.097681,1993462993.8732395,95577012.02221084,10593985.353111267,0,27789.680134536422,106170997.3753221,0.053259577780791906,3,3,3,QPIB3,QPIBPC3,QPOP3,QPIB3_QPOP3,QPIBPC3_QPOP3,Abaixo da média simples do grupo,Abaixo da média simples do grupo
410024,Sul,Média Renda e Alto Dinamismo,18,6200404.0,180876.0,173520.0,2708911748.5187006,1087642050.3812516,177121200.93294004,8174093.945037842,0,34279.86023574162,185295294.87797788,0.17036422489644112,3,3,3,QPIB3,QPIBPC3,QPOP3,QPIB3_QPOP3,QPIBPC3_QPOP3,Abaixo da média simples do grupo,Abaixo da média simples do grupo
410025,Sul,Média Renda e Alto Dinamismo,15,4000664.0,131016.0,136312.0,1341769641.594798,333922148.72685003,74016624.69200134,6800960.413513184,0,30535.69029736826,80817585.10551453,0.24202523077204954,3,3,3,QPIB3,QPIBPC3,QPOP3,QPIB3_QPOP3,QPIBPC3_QPOP3,Abaixo da média simples do grupo,Abaixo da média simples do grupo
410026,Sul,Média Renda e Médio Dinamismo,6,1643107.0,59954.0,57158.0,681691260.1983151,216931883.08457422,76684561.16098404,26878792.665771484,0,27406.12803149081,103563353.82675552,0.4774003357836513,2,3,2,QPIB2,QPIBPC3,QPOP2,QPIB2_QPOP2,QPIBPC3_QPOP2,Acima ou igual à média simples do grupo,Abaixo da média simples do grupo
410027,Sul,Alta Renda,12,28457558.0,647823.0,632911.0,15999145344.401728,6335968193.837243,417762740.8461199,51964928.76020813,0,43927.98341522299,469727669.606328,0.07413668365052943,4,4,4,QPIB4,QPIBPC4,QPOP4,QPIB4_QPOP4,QPIBPC4_QPOP4,Abaixo da média simples do grupo,Abaixo da média simples do grupo
410028,Sul,Média Renda e Alto Dinamismo,7,9937613.0,190997.0,180653.0,4474917059.402026,741702248.2533878,267252946.4390617,4444842.631492615,0,52030.20466290046,271697789.0705543,0.3663165235245912,4,4,3,QPIB4,QPIBPC4,QPOP3,QPIB4_QPOP3,QPIBPC4_QPOP3,Acima ou igual à média simples do grupo,Acima ou igual à média simples do grupo
410029,Sul,Média Renda e Alto Dinamismo,7,5869975.0,157188.0,146519.0,2466640630.687854,901672448.3343872,78760481.88478898,7705434.196903229,0,37343.658548998654,86465916.0816922,0.09589504064521015,3,3,3,QPIB3,QPIBPC3,QPOP3,QPIB3_QPOP3,QPIBPC3_QPOP3,Abaixo da média simples do grupo,Abaixo da média simples do grupo
4100301,Sul,Média Renda e Médio Dinamismo,1,201794.0,9567.0,10154.0,62666359.91979504,11687438.758655548,238517.43969726562,69361.5126953125,0,21092.714539563083,307878.9523925781,0.026342722195191605,1,2,1,QPIB1,QPIBPC2,QPOP1,QPIB1_QPOP1,QPIBPC2_QPOP1,Abaixo da média simples do grupo,Abaixo da média simples do grupo
4100400,Sul,Média Renda e Médio Dinamismo,1,1729490.0,121420.0,119376.0,1203750058.8300903,459505994.994629,202836.119140625,5161127.744941711,0,14243.864272772196,5363963.864082336,0.011673327274315613,2,1,2,QPIB2,QPIBPC1,QPOP2,QPIB2_QPOP2,QPIBPC1_QPOP2,Abaixo da média simples do grupo,Abaixo da média simples do grupo
4101804,Sul,Média Renda e Médio Dinamismo,1,21824957.0,148522.0,151566.0,5837160402.043877,2233801266.8249483,2516241.210083008,3145774.194179535,0,146947.63738705378,5662015.404262543,0.0025346997015138887,4,4,3,QPIB4,QPIBPC4,QPOP3,QPIB4_QPOP3,QPIBPC4_QPOP3,Abaixo da média simples do grupo,Abaixo da média simples do grupo
4102307,Sul,Média Renda e Baixo Dinamismo,1,798695.0,13238.0,13387.0,379478649.81556,168041579.88732776,8562915.11656189,6196310.009735107,0,60333.5095935942,14759225.126296997,0.08783079245144618,1,4,1,QPIB1,QPIBPC4,QPOP1,QPIB1_QPOP1,QPIBPC4_QPOP1,Abaixo da média simples do grupo,Abaixo da média simples do grupo
4103107,Sul,Média Renda e Baixo Dinamismo,1,253580.0,13308.0,13256.0,199028368.78415334,50974603.36488724,17815999.494826086,2128667.173828125,0,19054.703937481216,19944666.66865421,0.3912667358269759,1,2,1,QPIB1,QPIBPC2,QPOP1,QPIB1_QPOP1,QPIBPC2_QPOP1,Abaixo da média simples do grupo,Abaixo da média simples do grupo
4104006,Sul,Média Renda e Médio Dinamismo,1,1618230.0,44072.0,47716.0,1034294125.0456601,545271791.3541679,801194.1625671387,281082.595703125,0,36717.870756943186,1082276.7582702637,0.001984839075541499,2,3,2,QPIB2,QPIBPC3,QPOP2,QPIB2_QPOP2,QPIBPC3_QPOP2,Abaixo da média simples do grupo,Abaixo da média simples do grupo
4104105,Sul,Média Renda e Baixo Dinamismo,1,241090.0,8118.0,7500.0,87304545.18357658,18455902.556726456,2613617.3604431152,67270.94970703125,0,29698.20152746982,2680888.3101501465,0.14525912790827275,1,3,1,QPIB1,QPIBPC3,QPOP1,QPIB1_QPOP1,QPIBPC3_QPOP1,Abaixo da média simples do grupo,Abaixo da média simples do grupo
4104204,Sul,Alta Renda,1,4827779.0,135678.0,136103.0,3212112393.345915,1307163728.338857,4954242.184204102,52985231.4274559,0,35582.622090537894,57939473.61166,0.044324572626636034,3,3,3,QPIB3,QPIBPC3,QPOP3,QPIB3_QPOP3,QPIBPC3_QPOP3,Abaixo da média simples do grupo,Abaixo da média simples do grupo
4104253,Sul,Média Renda e Baixo Dinamismo,1,479809.0,30151.0,30139.0,315365287.92692435,142422998.4159999,497518.5009765625,0.0,0,15913.53520612915,497518.5009765625,0.0034932455187003768,1,2,1,QPIB1,QPIBPC2,QPOP1,QPIB1_QPOP1,QPIBPC2_QPOP1,Abaixo da média simples do grupo,Abaixo da média simples do grupo
4105201,Sul,Média Renda e Médio Dinamismo,1,392758.0,17884.0,16123.0,91913409.37269548,16104163.800049305,13362073.549742736,18364631.21130371,0,21961.41802728696,31726704.761046447,1.970093272458475,1,2,1,QPIB1,QPIBPC2,QPOP1,QPIB1_QPOP1,QPIBPC2_QPOP1,Acima ou igual à média simples do grupo,Acima ou igual à média simples do grupo
4105805,Sul,Média Renda e Médio Dinamismo,1,4857064.0,249277.0,231972.0,4088035503.105439,1561064374.2784646,10256195.396324158,4873993.1706085205,0,19484.6054790454,15130188.566932678,0.009692225904473646,3,2,3,QPIB3,QPIBPC2,QPOP3,QPIB3_QPOP3,QPIBPC2_QPOP3,Abaixo da média simples do grupo,Abaixo da média simples do grupo
4106209,Sul,Média Renda e Médio Dinamismo,1,506134.0,19082.0,19114.0,193532871.41806334,97297467.9646349,323239.505859375,288794.1212158203,0,26524.15889319778,612033.6270751953,0.006290334577849998,1,3,1,QPIB1,QPIBPC3,QPOP1,QPIB1_QPOP1,QPIBPC3_QPOP1,Abaixo da média simples do grupo,Abaixo da média simples do grupo
4106902,Sul,Alta Renda,1,79905168.0,1963726.0,1765726.0,93609308252.46251,36159476266.73156,45954534.86905289,8569810.680304572,0,40690.58921662187,54524345.54935746,0.0015078853782935582,4,4,4,QPIB4,QPIBPC4,QPOP4,QPIB4_QPOP4,QPIBPC4_QPOP4,Abaixo da média simples do grupo,Abaixo da média simples do grupo
4107652,Sul,Média Renda e Alto Dinamismo,1,2607152.0,103750.0,148736.0,2013631779.7225473,993509723.8750626,136216.60107421875,830899.3248291016,0,25129.175903614458,967115.9259033203,0.0009734337799243711,2,2,2,QPIB2,QPIBPC2,QPOP2,QPIB2_QPOP2,QPIBPC2_QPOP2,Abaixo da média simples do grupo,Abaixo da média simples do grupo
4111258,Sul,Média Renda e Baixo Dinamismo,1,562595.0,29493.0,31217.0,255444000.37412843,45000566.4092041,1565732.668373108,0.0,0,19075.54334926932,1565732.668373108,0.034793621354349526,1,2,1,QPIB1,QPIBPC2,QPOP1,QPIB1_QPOP1,QPIBPC2_QPOP1,Abaixo da média simples do grupo,Abaixo da média simples do grupo
4113205,Sul,Média Renda e Alto Dinamismo,1,2556538.0,48651.0,44898.0,820711434.7609198,428990568.8070066,15891788.329547882,4767101.875751495,0,52548.519043801774,20658890.205299377,0.04815697991391824,2,4,2,QPIB2,QPIBPC4,QPOP2,QPIB2_QPOP2,QPIBPC4_QPOP2,Abaixo da média simples do grupo,Abaixo da média simples do grupo
4114302,Sul,Média Renda e Baixo Dinamismo,1,593942.0,27750.0,27414.0,356503046.62013036,158235953.91464686,1386854.0859375,12692791.946281433,0,21403.315315315314,14079646.032218933,0.0889788046515241,1,2,1,QPIB1,QPIBPC2,QPOP1,QPIB1_QPOP1,QPIBPC2_QPOP1,Abaixo da média simples do grupo,Abaixo da média simples do grupo
4119103,Sul,Média Renda e Baixo Dinamismo,1,808739.0,13015.0,13653.0,295809832.5169234,92103932.00783348,3878568.0339546204,17746.669921875,0,62138.99346907414,3896314.7038764954,0.042303456746505805,1,4,1,QPIB1,QPIBPC4,QPOP1,QPIB1_QPOP1,QPIBPC4_QPOP1,Abaixo da média simples do grupo,Abaixo da média simples do grupo
4119152,Sul,Alta Renda,1,6148935.0,134788.0,126347.0,4919960219.434009,2331937658.7418084,119408.55078125,0.0,0,45619.30587292637,119408.55078125,5.1205721702558983e-05,3,4,3,QPIB3,QPIBPC4,QPOP3,QPIB3_QPOP3,QPIBPC4_QPOP3,Abaixo da média simples do grupo,Abaixo da média simples do grupo
4119509,Sul,Média Renda e Baixo Dinamismo,1,1357285.0,116852.0,112000.0,690893070.6996242,237582805.75300375,132493.7734375,6332196.191146851,0,11615.41950501489,6464689.964584351,0.02721026020420511,2,1,2,QPIB2,QPIBPC1,QPOP2,QPIB2_QPOP2,QPIBPC1_QPOP2,Abaixo da média simples do grupo,Abaixo da média simples do grupo
4120804,Sul,Alta Renda,1,1392090.0,24253.0,24133.0,1271993901.573551,505471256.6199027,180062.47009277344,13112836.137641907,0,57398.672329196386,13292898.60773468,0.026298030666717993,2,4,1,QPIB2,QPIBPC4,QPOP1,QPIB2_QPOP1,QPIBPC4_QPOP1,Abaixo da média simples do grupo,Abaixo da média simples do grupo
4121208,Sul,Média Renda e Médio Dinamismo,1,471596.0,19388.0,18372.0,105701632.10282594,22060965.03946519,251940.26586914062,869552.6508789062,0,24324.118011140912,1121492.9167480469,0.050836076968609104,1,2,1,QPIB1,QPIBPC2,QPOP1,QPIB1_QPOP1,QPIBPC2_QPOP1,Abaixo da média simples do grupo,Abaixo da média simples do grupo
4122206,Sul,Média Renda e Baixo Dinamismo,1,1299058.0,32635.0,37499.0,508479243.849281,96672437.51317978,4237814.234954834,25818996.57857704,0,39805.66876053317,30056810.813531876,0.3109139645872082,2,4,1,QPIB2,QPIBPC4,QPOP1,QPIB2_QPOP1,QPIBPC4_QPOP1,Abaixo da média simples do grupo,Abaixo da média simples do grupo
4122305,Sul,Alta Renda,1,1155918.0,34645.0,31189.0,693417048.9814038,324245725.9234765,5965466.719736099,491730.9930419922,0,33364.64136238996,6457197.712778091,0.01991451913325149,2,3,1,QPIB2,QPIBPC3,QPOP1,QPIB2_QPOP1,QPIBPC3_QPOP1,Abaixo da média simples do grupo,Abaixo da média simples do grupo
4125506,Sul,Alta Renda,1,20050828.0,334620.0,328736.0,14808980513.087925,4449085940.320637,2499947.3400878906,23646577.276931763,0,59921.18821349591,26146524.617019653,0.005876830649653696,4,4,4,QPIB4,QPIBPC4,QPOP4,QPIB4_QPOP4,QPIBPC4_QPOP4,Abaixo da média simples do grupo,Abaixo da média simples do grupo
4127601,Sul,Média Renda e Baixo Dinamismo,1,521875.0,17295.0,17536.0,147513768.75273323,46359825.47211456,3156635.2673606873,1915241.64777565,0,30174.90604220873,5071876.915136337,0.10940241606791794,1,3,1,QPIB1,QPIBPC3,QPOP1,QPIB1_QPOP1,QPIBPC3_QPOP1,Abaixo da média simples do grupo,Abaixo da média simples do grupo
4127882,Sul,Média Renda e Baixo Dinamismo,1,133258.0,9269.0,6214.0,79992180.94446903,4453190.232208252,20144331.515037537,357422.40996074677,0,14376.7396698673,20501753.924998283,4.603835195882,1,1,1,QPIB1,QPIBPC1,QPOP1,QPIB1_QPOP1,QPIBPC1_QPOP1,Acima ou igual à média simples do grupo,Acima ou igual à média simples do grupo
4128633,Sul,Média Renda e Baixo Dinamismo,1,96594.0,5525.0,5695.0,10366180.511100769,1689939.2128219604,2385119.7583847046,152053.2080078125,0,17483.076923076922,2537172.966392517,1.5013397802372996,1,2,1,QPIB1,QPIBPC2,QPOP1,QPIB1_QPOP1,QPIBPC2_QPOP1,Abaixo da média simples do grupo,Abaixo da média simples do grupo
420001,Sul,Alta Renda,1,2076411.0,45711.0,52226.0,1078332792.975682,284026167.7232432,569769.3983459473,30528886.6526828,0,45424.75552930367,31098656.051028747,0.10949222143972123,2,4,2,QPIB2,QPIBPC4,QPOP2,QPIB2_QPOP2,QPIBPC4_QPOP2,Abaixo da média simples do grupo,Abaixo da média simples do grupo
420002,Sul,Alta Renda,13,18752788.0,449786.0,447155.0,16369808647.906866,7814019740.36161,3571519.4687957764,544656730.5772078,0,41692.68941229829,548228250.0460036,0.0701595680919835,4,4,4,QPIB4,QPIBPC4,QPOP4,QPIB4_QPOP4,QPIBPC4_QPOP4,Abaixo da média simples do grupo,Abaixo da média simples do grupo
420003,Sul,Alta Renda,17,12261871.0,328982.0,327546.0,8933795122.88311,4111687816.135664,11170637.474704742,42544823.911129,0,37272.16382659234,53715461.38583374,0.013064090414412293,4,3,4,QPIB4,QPIBPC3,QPOP4,QPIB4_QPOP4,QPIBPC3_QPOP4,Abaixo da média simples do grupo,Abaixo da média simples do grupo
420004,Sul,Alta Renda,14,6321081.0,203463.0,218227.0,3749168433.2799983,1581923086.633739,11583260.45111847,18081881.08467865,0,31067.471727046195,29665141.53579712,0.018752581453832375,3,3,3,QPIB3,QPIBPC3,QPOP3,QPIB3_QPOP3,QPIBPC3_QPOP3,Abaixo da média simples do grupo,Abaixo da média simples do grupo
420005,Sul,Alta Renda,18,11346542.0,287549.0,294073.0,6350221208.629088,2639235149.0445952,182487882.03178045,17227606.222873688,0,39459.50777084949,199715488.25465414,0.07567172948835243,4,3,4,QPIB4,QPIBPC3,QPOP4,QPIB4_QPOP4,QPIBPC3_QPOP4,Abaixo da média simples do grupo,Abaixo da média simples do grupo
420006,Sul,Alta Renda,6,2861493.0,70349.0,67856.0,1555734790.6098866,442395631.40672565,143241348.3974838,7769248.65988598,0,40675.67413893588,151010597.05736977,0.34134739662140795,3,4,2,QPIB3,QPIBPC4,QPOP2,QPIB3_QPOP2,QPIBPC4_QPOP2,Abaixo da média simples do grupo,Abaixo da média simples do grupo
420007,Sul,Alta Renda,32,21319320.0,419863.0,455121.0,16431314106.270039,8295011833.686312,23481004.594880104,18724087.92803192,0,50776.84863872263,42205092.522912025,0.005088008717662798,4,4,4,QPIB4,QPIBPC4,QPOP4,QPIB4_QPOP4,QPIBPC4_QPOP4,Abaixo da média simples do grupo,Abaixo da média simples do grupo
420008,Sul,Alta Renda,18,9653720.0,182118.0,181055.0,5835180243.887753,2942628494.5175276,51592236.31053833,19493092.839897156,0,53008.049726001824,71085329.15043548,0.024157085844467296,4,4,3,QPIB4,QPIBPC4,QPOP3,QPIB4_QPOP3,QPIBPC4_QPOP3,Abaixo da média simples do grupo,Abaixo da média simples do grupo
420009,Sul,Alta Renda,20,6879076.0,165431.0,171390.0,3983743011.389804,2079920266.6426194,25300498.408218384,13106185.920468807,0,41582.75051229818,38406684.32868719,0.018465459923943512,3,4,3,QPIB3,QPIBPC4,QPOP3,QPIB3_QPOP3,QPIBPC4_QPOP3,Abaixo da média simples do grupo,Abaixo da média simples do grupo
420010,Sul,Alta Renda,12,7650582.0,140582.0,150399.0,5049573343.090159,2652420250.2337394,11457528.16595459,5515371.483886719,0,54420.779331635626,16972899.64984131,0.006399023551545274,4,4,3,QPIB4,QPIBPC4,QPOP3,QPIB4_QPOP3,QPIBPC4_QPOP3,Abaixo da média simples do grupo,Abaixo da média simples do grupo
420011,Sul,Alta Renda,13,5695840.0,132281.0,129256.0,2994681621.0273085,1422380907.6008246,79065751.38008249,4285169.111495972,0,43058.640318715465,83350920.49157846,0.058599577684271036,3,4,3,QPIB3,QPIBPC4,QPOP3,QPIB3_QPOP3,QPIBPC4_QPOP3,Abaixo da média simples do grupo,Abaixo da média simples do grupo
420012,Sul,Alta Renda,8,2766433.0,53094.0,55407.0,1427629908.5610113,852942803.4122026,2548729.0342521667,1360838.3352661133,0,52104.437412890344,3909567.36951828,0.004583621966066227,2,4,2,QPIB2,QPIBPC4,QPOP2,QPIB2_QPOP2,QPIBPC4_QPOP2,Abaixo da média simples do grupo,Abaixo da média simples do grupo
420013,Sul,Alta Renda,6,1963902.0,42212.0,45288.0,1272451963.2014015,780764283.9449762,8313732.659584045,1235712.5787963867,0,46524.73230361035,9549445.238380432,0.012230894054387128,2,4,1,QPIB2,QPIBPC4,QPOP1,QPIB2_QPOP1,QPIBPC4_QPOP1,Abaixo da média simples do grupo,Abaixo da média simples do grupo
420014,Sul,Alta Renda,6,4884355.0,107666.0,100431.0,3207587986.3854218,1563778571.735003,92129748.2257086,7563981.661231995,0,45365.807218620546,99693729.8869406,0.0637518199116458,3,4,2,QPIB3,QPIBPC4,QPOP2,QPIB3_QPOP2,QPIBPC4_QPOP2,Abaixo da média simples do grupo,Abaixo da média simples do grupo
420015,Sul,Alta Renda,10,5993144.0,132565.0,128414.0,4094788491.977206,2159439696.037966,17992518.25628662,7324091.898136139,0,45209.09742390525,25316610.15442276,0.01172369397528092,3,4,3,QPIB3,QPIBPC4,QPOP3,QPIB3_QPOP3,QPIBPC4_QPOP3,Abaixo da média simples do grupo,Abaixo da média simples do grupo
420016,Sul,Alta Renda,12,62928564.0,1043557.0,1060924.0,44435770718.58314,23403195390.003136,8369896.495834351,111011080.73762321,0,60301.99021232189,119380977.23345757,0.005101054588658954,4,4,4,QPIB4,QPIBPC4,QPOP4,QPIB4_QPOP4,QPIBPC4_QPOP4,Abaixo da média simples do grupo,Abaixo da média simples do grupo
420017,Sul,Alta Renda,10,9555796.0,242145.0,234385.0,4878133369.11822,1894201455.9012733,145717239.9524145,20413556.894836426,0,39463.11507567779,166130796.84725094,0.08770492511748432,4,3,3,QPIB4,QPIBPC3,QPOP3,QPIB4_QPOP3,QPIBPC3_QPOP3,Abaixo da média simples do grupo,Abaixo da média simples do grupo
420018,Sul,Alta Renda,3,6167472.0,140986.0,134823.0,4645771952.091217,2177195593.359009,27963928.5307991,9946841.687973022,0,43745.279673159035,37910770.21877212,0.017412661652636746,3,4,3,QPIB3,QPIBPC4,QPOP3,QPIB3_QPOP3,QPIBPC4_QPOP3,Abaixo da média simples do grupo,Abaixo da média simples do grupo
420019,Sul,Alta Renda,12,31145093.0,664100.0,655004.0,27621415234.127785,15974842257.456379,15631337.978628635,56504763.08116913,0,46898.19756060834,72136101.05979776,0.004515606470300368,4,4,4,QPIB4,QPIBPC4,QPOP4,QPIB4_QPOP4,QPIBPC4_QPOP4,Abaixo da média simples do grupo,Abaixo da média simples do grupo
420020,Sul,Alta Renda,11,48904046.0,763728.0,835765.0,28577871283.649193,9601152710.569109,17275050.361660004,115156568.83753204,0,64033.32861961327,132431619.19919205,0.013793304115807793,4,4,4,QPIB4,QPIBPC4,QPOP4,QPIB4_QPOP4,QPIBPC4_QPOP4,Abaixo da média simples do grupo,Abaixo da média simples do grupo
420021,Sul,Alta Renda,3,8381740.0,170915.0,170704.0,6830620011.577672,4353918666.709897,931076.4473876953,5100125.95513916,0,49040.400198929296,6031202.4025268555,0.0013852354313922963,4,4,3,QPIB4,QPIBPC4,QPOP3,QPIB4_QPOP3,QPIBPC4_QPOP3,Abaixo da média simples do grupo,Abaixo da média simples do grupo
420022,Sul,Alta Renda,17,8181629.0,200405.0,200988.0,6454581468.315442,3563655098.7248898,24930072.45896721,12012457.139183044,0,40825.47341633193,36942529.59815025,0.010366471663144014,4,4,3,QPIB4,QPIBPC4,QPOP3,QPIB4_QPOP3,QPIBPC4_QPOP3,Abaixo da média simples do grupo,Abaixo da média simples do grupo
420023,Sul,Alta Renda,6,2005176.0,55393.0,59625.0,1565995302.2816663,833043657.0693283,5632136.946716309,3366852.24010849,0,36199.08652717852,8998989.186824799,0.010802542112238755,2,3,2,QPIB2,QPIBPC3,QPOP2,QPIB2_QPOP2,QPIBPC3_QPOP2,Abaixo da média simples do grupo,Abaixo da média simples do grupo
420024,Sul,Alta Renda,5,2154164.0,47122.0,48123.0,922414701.343826,355797022.9542682,4249140.794792175,5880547.360481262,0,45714.613131870465,10129688.155273438,0.028470412908922625,2,4,2,QPIB2,QPIBPC4,QPOP2,QPIB2_QPOP2,QPIBPC4_QPOP2,Abaixo da média simples do grupo,Abaixo da média simples do grupo
4200606,Sul,Alta Renda,1,187612.0,6646.0,6737.0,105167911.275069,21057783.663315296,0.0,338402.5,0,28229.3108636774,338402.5,0.01607018598968371,1,3,1,QPIB1,QPIBPC3,QPOP1,QPIB1_QPOP1,QPIBPC3_QPOP1,Abaixo da média simples do grupo,Abaixo da média simples do grupo
4200705,Sul,Média Renda e Alto Dinamismo,1,322561.0,10136.0,10453.0,92398832.45389557,26108099.292194366,2807185.927459717,0.0,0,31823.30307813733,2807185.927459717,0.10752165050555754,1,3,1,QPIB1,QPIBPC3,QPOP1,QPIB1_QPOP1,QPIBPC3_QPOP1,Abaixo da média simples do grupo,Abaixo da média simples do grupo
4200903,Sul,Média Renda e Médio Dinamismo,1,168208.0,4686.0,5358.0,42877712.358543396,13828005.844127655,0.0,1139050.6701660156,0,35895.86000853607,1139050.6701660156,0.08237273566453812,1,3,1,QPIB1,QPIBPC3,QPOP1,QPIB1_QPOP1,QPIBPC3_QPOP1,Abaixo da média simples do grupo,Abaixo da média simples do grupo
4201109,Sul,Alta Renda,1,81061.0,3223.0,3586.0,36410851.240300655,16499947.889577389,738843.7135009766,0.0,0,25150.79118833385,738843.7135009766,0.04477854829879105,1,3,1,QPIB1,QPIBPC3,QPOP1,QPIB1_QPOP1,QPIBPC3_QPOP1,Abaixo da média simples do grupo,Abaixo da média simples do grupo
4201208,Sul,Alta Renda,1,714271.0,8712.0,11199.0,270527371.6784439,59564112.841676936,1111779.4161376953,842606.2928161621,0,81987.02938475666,1954385.7089538574,0.0328114634083222,1,4,1,QPIB1,QPIBPC4,QPOP1,QPIB1_QPOP1,QPIBPC4_QPOP1,Abaixo da média simples do grupo,Abaixo da média simples do grupo
4202305,Sul,Alta Renda,1,2306124.0,70471.0,76486.0,1811549524.8441834,633573667.1032585,368794.7158203125,10247870.935417175,0,32724.439840501767,10616665.651237488,0.016756797516187184,2,3,2,QPIB2,QPIBPC3,QPOP2,QPIB2_QPOP2,QPIBPC3_QPOP2,Abaixo da média simples do grupo,Abaixo da média simples do grupo
4203709,Sul,Alta Renda,1,263122.0,12553.0,12814.0,218730845.65377915,92001721.53776342,1104612.4666748047,4468485.461669922,0,20960.885844021348,5573097.928344727,0.060576017874373896,1,2,1,QPIB1,QPIBPC2,QPOP1,QPIB1_QPOP1,QPIBPC2_QPOP1,Abaixo da média simples do grupo,Abaixo da média simples do grupo
4205407,Sul,Alta Renda,1,19819503.0,516524.0,532523.0,27935285068.355453,13360883471.636827,2669902.441345215,11100092.65017891,0,38370.923713128526,13769995.091524124,0.0010306201023873743,4,3,4,QPIB4,QPIBPC3,QPOP4,QPIB4_QPOP4,QPIBPC3_QPOP4,Abaixo da média simples do grupo,Abaixo da média simples do grupo
4205704,Sul,Alta Renda,1,688911.0,24070.0,29797.0,507124528.7082813,233819083.36423448,31248.0,1335148.2174072266,0,28621.14665558787,1366396.2174072266,0.005843818210845975,1,3,1,QPIB1,QPIBPC3,QPOP1,QPIB1_QPOP1,QPIBPC3_QPOP1,Abaixo da média simples do grupo,Abaixo da média simples do grupo
4206009,Sul,Alta Renda,1,414369.0,14739.0,16913.0,363176102.8167094,84853988.68394244,279459.1687011719,0.0,0,28113.779767962547,279459.1687011719,0.003293412284271983,1,3,1,QPIB1,QPIBPC3,QPOP1,QPIB1_QPOP1,QPIBPC3_QPOP1,Abaixo da média simples do grupo,Abaixo da média simples do grupo
4209805,Sul,Alta Renda,1,115960.0,2960.0,3321.0,18865308.563274384,2521401.736038208,20283.689453125,0.0,0,39175.67567567567,20283.689453125,0.008044608347496447,1,3,1,QPIB1,QPIBPC3,QPOP1,QPIB1_QPOP1,QPIBPC3_QPOP1,Abaixo da média simples do grupo,Abaixo da média simples do grupo
4210209,Sul,Média Renda e Baixo Dinamismo,1,59279.0,3465.0,3214.0,29306376.431775816,15805609.908582458,21741.7705078125,79816.55078125,0,17107.93650793651,101558.3212890625,0.006425460445782371,1,2,1,QPIB1,QPIBPC2,QPOP1,QPIB1_QPOP1,QPIBPC2_QPOP1,Abaixo da média simples do grupo,Abaixo da média simples do grupo
4211504,Sul,Alta Renda,1,619618.0,15010.0,13684.0,608847436.7609396,251204189.6680134,315438.3166503906,940203.3913574219,0,41280.34643570953,1255641.7080078125,0.004998490310481065,1,4,1,QPIB1,QPIBPC4,QPOP1,QPIB1_QPOP1,QPIBPC4_QPOP1,Abaixo da média simples do grupo,Abaixo da média simples do grupo
4211900,Sul,Alta Renda,1,6476832.0,178679.0,221575.0,5039824956.0680685,1633362467.017794,569216.4434814453,42732672.33900452,0,36248.4231498945,43301888.78248596,0.026510887605705115,3,3,3,QPIB3,QPIBPC3,QPOP3,QPIB3_QPOP3,QPIBPC3_QPOP3,Abaixo da média simples do grupo,Abaixo da média simples do grupo
4212304,Sul,Média Renda e Baixo Dinamismo,1,232259.0,7642.0,9046.0,185741018.7826467,67668594.69220448,1808355.1744308472,4650833.790863037,0,30392.436534938497,6459188.965293884,0.09545327481195634,1,3,1,QPIB1,QPIBPC3,QPOP1,QPIB1_QPOP1,QPIBPC3_QPOP1,Abaixo da média simples do grupo,Abaixo da média simples do grupo
4214300,Sul,Alta Renda,1,155974.0,2897.0,3265.0,60387183.708999634,8183532.206039429,761954.2006225586,42892.669921875,0,53839.83431135658,804846.8705444336,0.09834956963332513,1,4,1,QPIB1,QPIBPC4,QPOP1,QPIB1_QPOP1,QPIBPC4_QPOP1,Abaixo da média simples do grupo,Abaixo da média simples do grupo
4215703,Sul,Alta Renda,1,1191183.0,23907.0,27030.0,569768180.4284062,209500106.06018782,636084.4858398438,814692.8984375,0,49825.699585895345,1450777.3842773438,0.0069249482091457565,2,4,1,QPIB2,QPIBPC4,QPOP1,QPIB2_QPOP1,QPIBPC4_QPOP1,Abaixo da média simples do grupo,Abaixo da média simples do grupo
4215901,Sul,Média Renda e Alto Dinamismo,1,103494.0,2791.0,2943.0,33746265.102582395,20614095.51827759,170094.35781860352,0.0,0,37081.33285560731,170094.35781860352,0.00825136167957447,1,3,1,QPIB1,QPIBPC3,QPOP1,QPIB1_QPOP1,QPIBPC3_QPOP1,Abaixo da média simples do grupo,Abaixo da média simples do grupo
4216305,Sul,Alta Renda,1,913050.0,39719.0,32632.0,765549626.0897851,495228471.4977441,158497.52734375,3167623.5194091797,0,22987.73886553035,3326121.0467529297,0.006716336475351622,1,2,1,QPIB1,QPIBPC2,QPOP1,QPIB1_QPOP1,QPIBPC2_QPOP1,Abaixo da média simples do grupo,Abaixo da média simples do grupo
4216602,Sul,Alta Renda,1,10764130.0,253705.0,269490.0,11891566935.422281,4327695779.452406,385120.15673828125,9101086.634643555,0,42427.74088015609,9486206.791381836,0.002191976348342616,4,4,4,QPIB4,QPIBPC4,QPOP4,QPIB4_QPOP4,QPIBPC4_QPOP4,Abaixo da média simples do grupo,Abaixo da média simples do grupo
4217253,Sul,Alta Renda,1,94952.0,6046.0,4599.0,32923477.5995152,8679464.046039581,11533.330078125,0.0,0,15704.92887859742,11533.330078125,0.001328806711675663,1,2,1,QPIB1,QPIBPC2,QPOP1,QPIB1_QPOP1,QPIBPC2_QPOP1,Abaixo da média simples do grupo,Abaixo da média simples do grupo
4218004,Sul,Alta Renda,1,1992176.0,39889.0,51068.0,2015195622.6225712,504825111.7678242,2850096.1177368164,10550398.196731567,0,49942.99180225125,13400494.314468384,0.0265448251326916,2,4,1,QPIB2,QPIBPC4,QPOP1,QPIB2_QPOP1,QPIBPC4_QPOP1,Abaixo da média simples do grupo,Abaixo da média simples do grupo
430001,Sul,Média Renda e Médio Dinamismo,9,2905354.0,74579.0,69243.0,805039616.2352883,318972070.76572824,115468594.70406464,1542637.6188201904,0,38956.730446908645,117011232.32288483,0.36683848852968926,3,3,2,QPIB3,QPIBPC3,QPOP2,QPIB3_QPOP2,QPIBPC3_QPOP2,Abaixo da média simples do grupo,Abaixo da média simples do grupo
430002,Sul,Alta Renda,10,2678290.0,55485.0,53518.0,1816748169.633738,1328203047.6398926,852421.0001220703,1403591.8496704102,0,48270.523564927455,2256012.8497924805,0.0016985451537709008,2,4,2,QPIB2,QPIBPC4,QPOP2,QPIB2_QPOP2,QPIBPC4_QPOP2,Abaixo da média simples do grupo,Abaixo da média simples do grupo
430003,Sul,Alta Renda,10,6948164.0,248167.0,258885.0,3556304729.5739346,1024872130.3858585,8333733.819319535,6995241.181983948,0,27997.936873153965,15328975.001303483,0.014956963456048132,3,3,3,QPIB3,QPIBPC3,QPOP3,QPIB3_QPOP3,QPIBPC3_QPOP3,Abaixo da média simples do grupo,Abaixo da média simples do grupo
430004,Sul,Média Renda e Baixo Dinamismo,2,851158.0,33646.0,28596.0,665542299.1781771,532771916.5866002,1507721.354959717,20926.75,0,25297.44991975272,1528648.104959717,0.0028692355159287766,1,3,1,QPIB1,QPIBPC3,QPOP1,QPIB1_QPOP1,QPIBPC3_QPOP1,Abaixo da média simples do grupo,Abaixo da média simples do grupo
430005,Sul,Média Renda e Médio Dinamismo,9,4526910.0,142138.0,125042.0,1528459329.203631,623636483.5863712,41931073.896362305,4266686.597808838,0,31848.696337362282,46197760.49417114,0.07407802736058647,3,3,3,QPIB3,QPIBPC3,QPOP3,QPIB3_QPOP3,QPIBPC3_QPOP3,Abaixo da média simples do grupo,Abaixo da média simples do grupo
430006,Sul,Média Renda e Médio Dinamismo,3,1020494.0,37432.0,34171.0,446002664.467745,70062097.86518264,17813680.65810013,36949836.51702881,0,27262.60953195127,54763517.17512894,0.7816425548733629,2,3,1,QPIB2,QPIBPC3,QPOP1,QPIB2_QPOP1,QPIBPC3_QPOP1,Acima ou igual à média simples do grupo,Abaixo da média simples do grupo
430007,Sul,Alta Renda,6,790978.0,26050.0,24448.0,447338580.04705524,235042278.31110215,11827070.582336426,60.68000030517578,0,30363.83877159309,11827131.262336731,0.05031916533195926,1,3,1,QPIB1,QPIBPC3,QPOP1,QPIB1_QPOP1,QPIBPC3_QPOP1,Abaixo da média simples do grupo,Abaixo da média simples do grupo
430008,Sul,Alta Renda,7,2066936.0,72057.0,74941.0,1130982324.962739,378170523.79312795,756880.4527359009,3306425.288673401,0,28684.73569535229,4063305.7414093018,0.010744638954547572,2,3,2,QPIB2,QPIBPC3,QPOP2,QPIB2_QPOP2,QPIBPC3_QPOP2,Abaixo da média simples do grupo,Abaixo da média simples do grupo
430009,Sul,Alta Renda,17,31190545.0,844769.0,787037.0,13278458823.512009,5687870347.329231,361871458.9736085,43797037.55617905,0,36921.98103860345,405668496.52978754,0.07132168487635646,4,3,4,QPIB4,QPIBPC3,QPOP4,QPIB4_QPOP4,QPIBPC3_QPOP4,Abaixo da média simples do grupo,Abaixo da média simples do grupo
430010,Sul,Média Renda e Alto Dinamismo,7,9594282.0,195372.0,187589.0,2832604720.591686,1006396594.2342452,184753565.11090276,79939717.28464508,0,49107.763650881396,264693282.39554784,0.2630109083357438,4,4,3,QPIB4,QPIBPC4,QPOP3,QPIB4_QPOP3,QPIBPC4_QPOP3,Acima ou igual à média simples do grupo,Abaixo da média simples do grupo
430011,Sul,Alta Renda,25,19512571.0,485084.0,457547.0,8040420245.537097,3101264912.9750504,151148446.3330003,26635362.05059433,0,40225.13832655788,177783808.38359463,0.057326224418876304,4,4,4,QPIB4,QPIBPC4,QPOP4,QPIB4_QPOP4,QPIBPC4_QPOP4,Abaixo da média simples do grupo,Abaixo da média simples do grupo
430012,Sul,Média Renda e Médio Dinamismo,6,4936562.0,117977.0,110971.0,1407859090.199641,512053836.87336415,156255337.12352753,4222458.374542236,0,41843.42710867373,160477795.49806976,0.3134002402519981,3,4,2,QPIB3,QPIBPC4,QPOP2,QPIB3_QPOP2,QPIBPC4_QPOP2,Abaixo da média simples do grupo,Abaixo da média simples do grupo
430013,Sul,Alta Renda,4,3635264.0,98153.0,93263.0,1410108108.9707932,631674835.6370739,64611962.575544655,3378543.3933563232,0,37036.70799669903,67990505.96890098,0.10763529292777564,3,3,2,QPIB3,QPIBPC3,QPOP2,QPIB3_QPOP2,QPIBPC3_QPOP2,Abaixo da média simples do grupo,Abaixo da média simples do grupo
430014,Sul,Alta Renda,5,2969942.0,64270.0,61645.0,848382388.073259,314043687.4582815,56612510.20285059,1689120.0899047852,0,46210.393651781545,58301630.29275537,0.1856481522192683,3,4,2,QPIB3,QPIBPC4,QPOP2,QPIB3_QPOP2,QPIBPC4_QPOP2,Abaixo da média simples do grupo,Abaixo da média simples do grupo
430015,Sul,Média Renda e Médio Dinamismo,4,7184157.0,210812.0,199379.0,2857570513.716942,1026131183.8321161,206990454.92044973,7806903.546028137,0,34078.50122383925,214797358.46647787,0.20932738606024137,3,3,3,QPIB3,QPIBPC3,QPOP3,QPIB3_QPOP3,QPIBPC3_QPOP3,Abaixo da média simples do grupo,Abaixo da média simples do grupo
430016,Sul,Média Renda e Alto Dinamismo,3,4492246.0,137388.0,143587.0,1686548787.4019597,478594786.91083467,140461484.0140569,3145254.360481262,0,32697.513611086848,143606738.37453815,0.30005913625066927,3,3,3,QPIB3,QPIBPC3,QPOP3,QPIB3_QPOP3,QPIBPC3_QPOP3,Abaixo da média simples do grupo,Abaixo da média simples do grupo
430017,Sul,Média Renda e Médio Dinamismo,3,4916295.0,101670.0,98964.0,1676129106.383823,768334771.0651728,115189661.84284592,1192893.6344604492,0,48355.41457657126,116382555.47730637,0.1514737583930513,3,4,2,QPIB3,QPIBPC4,QPOP2,QPIB3_QPOP2,QPIBPC4_QPOP2,Abaixo da média simples do grupo,Abaixo da média simples do grupo
430018,Sul,Alta Renda,16,13390410.0,206392.0,202641.0,5393755670.791121,2812999271.383121,142165258.0128162,9381737.543838501,0,64878.532113647816,151546995.5566547,0.05387381258799285,4,4,3,QPIB4,QPIBPC4,QPOP3,QPIB4_QPOP3,QPIBPC4_QPOP3,Abaixo da média simples do grupo,Abaixo da média simples do grupo
430019,Sul,Alta Renda,12,5756069.0,132598.0,137742.0,3253550417.740958,1587626882.176148,12412434.341796875,592338.69921875,0,43409.92322659467,13004773.041015625,0.00819132831965536,3,4,3,QPIB3,QPIBPC4,QPOP3,QPIB3_QPOP3,QPIBPC4_QPOP3,Abaixo da média simples do grupo,Abaixo da média simples do grupo
430020,Sul,Alta Renda,8,6353373.0,124001.0,123499.0,2353400131.6050963,917368964.5150285,52650757.33510971,3296103.246154785,0,51236.46583495294,55946860.581264496,0.060986214647931844,3,4,2,QPIB3,QPIBPC4,QPOP2,QPIB3_QPOP2,QPIBPC4_QPOP2,Abaixo da média simples do grupo,Abaixo da média simples do grupo
430021,Sul,Alta Renda,16,4078058.0,106679.0,106601.0,1466771364.2193186,644176328.5215784,11589771.583992004,2802623.9993896484,0,38227.37370991479,14392395.583381653,0.02234232297298633,3,3,2,QPIB3,QPIBPC3,QPOP2,QPIB3_QPOP2,QPIBPC3_QPOP2,Abaixo da média simples do grupo,Abaixo da média simples do grupo
430022,Sul,Alta Renda,9,3785056.0,68801.0,70097.0,915369723.0358908,293163904.3017311,93799669.21482086,2180022.2820739746,0,55014.54920713362,95979691.49689484,0.327392595365732,3,4,2,QPIB3,QPIBPC4,QPOP2,QPIB3_QPOP2,QPIBPC4_QPOP2,Abaixo da média simples do grupo,Abaixo da média simples do grupo
430023,Sul,Alta Renda,8,4643309.0,68442.0,70474.0,1806731232.2268093,1067914431.7179502,4948324.181396484,2854316.301513672,0,67842.97653487624,7802640.482910156,0.007306428540681931,3,4,2,QPIB3,QPIBPC4,QPOP2,QPIB3_QPOP2,QPIBPC4_QPOP2,Abaixo da média simples do grupo,Abaixo da média simples do grupo
430024,Sul,Alta Renda,8,1940432.0,46038.0,45542.0,649522082.3139986,206417366.1680466,6114554.595321655,3219685.2271118164,0,42148.48603327686,9334239.822433472,0.04522022538953611,2,4,2,QPIB2,QPIBPC4,QPOP2,QPIB2_QPOP2,QPIBPC4_QPOP2,Abaixo da média simples do grupo,Abaixo da média simples do grupo
430025,Sul,Alta Renda,16,15428467.0,278745.0,277300.0,9029302117.794577,4330103370.877377,121951608.61764145,10121631.7763654,0,55349.75335880464,132073240.39400685,0.03050117493320854,4,4,4,QPIB4,QPIBPC4,QPOP4,QPIB4_QPOP4,QPIBPC4_QPOP4,Abaixo da média simples do grupo,Abaixo da média simples do grupo
430026,Sul,Alta Renda,30,11699734.0,215057.0,212647.0,5553162755.36669,2732122057.966737,28023810.911907196,5982452.161560059,0,54402.944335687745,34006263.073467255,0.012446831566073933,4,4,3,QPIB4,QPIBPC4,QPOP3,QPIB4_QPOP3,QPIBPC4_QPOP3,Abaixo da média simples do grupo,Abaixo da média simples do grupo
430027,Sul,Alta Renda,11,11856209.0,145530.0,138220.0,3084436474.681629,1186273316.3154058,227318703.24880219,5770242.160415649,0,81469.17474060331,233088945.40921783,0.19648839959849881,4,4,3,QPIB4,QPIBPC4,QPOP3,QPIB4_QPOP3,QPIBPC4_QPOP3,Abaixo da média simples do grupo,Abaixo da média simples do grupo
430028,Sul,Alta Renda,15,9068493.0,148305.0,146209.0,4206481397.202837,2125392504.2025402,86579501.25280549,7655050.131278992,0,61147.58774147871,94234551.38408448,0.044337481758194984,4,4,3,QPIB4,QPIBPC4,QPOP3,QPIB4_QPOP3,QPIBPC4_QPOP3,Abaixo da média simples do grupo,Abaixo da média simples do grupo
430029,Sul,Alta Renda,18,4502720.0,114860.0,118542.0,1752227358.0465488,866213757.3867319,17156108.847343445,3345105.825653076,0,39201.81090022636,20501214.67299652,0.02366761610303483,3,3,2,QPIB3,QPIBPC3,QPOP2,QPIB3_QPOP2,QPIBPC3_QPOP2,Abaixo da média simples do grupo,Abaixo da média simples do grupo
430030,Sul,Alta Renda,12,5301075.0,85693.0,83764.0,2542494131.458398,1438574416.5633926,12998385.151054382,7949150.602104187,0,61861.2372072398,20947535.75315857,0.014561315363302576,3,4,2,QPIB3,QPIBPC4,QPOP2,QPIB3_QPOP2,QPIBPC4_QPOP2,Abaixo da média simples do grupo,Abaixo da média simples do grupo
430031,Sul,Média Renda e Médio Dinamismo,8,2511684.0,73918.0,69178.0,853005182.7301083,321578642.26499474,11607095.32862091,4642309.283294678,0,33979.32844503369,16249404.611915588,0.050530111382600384,2,3,2,QPIB2,QPIBPC3,QPOP2,QPIB2_QPOP2,QPIBPC3_QPOP2,Abaixo da média simples do grupo,Abaixo da média simples do grupo
430032,Sul,Alta Renda,11,3976576.0,71608.0,70341.0,1510893813.6064467,854185964.6336098,14440121.291046143,3473846.293121338,0,55532.56619372137,17913967.58416748,0.02097197604019566,3,4,2,QPIB3,QPIBPC4,QPOP2,QPIB3_QPOP2,QPIBPC4_QPOP2,Abaixo da média simples do grupo,Abaixo da média simples do grupo
430033,Sul,Alta Renda,9,3457643.0,63963.0,62293.0,874275794.6603004,357214192.2264794,24103055.225193024,1479426.019897461,0,54056.923533918045,25582481.245090485,0.07161664290446441,3,4,2,QPIB3,QPIBPC4,QPOP2,QPIB3_QPOP2,QPIBPC4_QPOP2,Abaixo da média simples do grupo,Abaixo da média simples do grupo
430034,Sul,Média Renda e Alto Dinamismo,8,2776575.0,51111.0,50895.0,616556599.9790657,198140838.05374542,60079536.1771698,1330842.9660835266,0,54324.411574807775,61410379.14325333,0.30993297366894074,2,4,2,QPIB2,QPIBPC4,QPOP2,QPIB2_QPOP2,QPIBPC4_QPOP2,Abaixo da média simples do grupo,Abaixo da média simples do grupo
430035,Sul,Alta Renda,6,1422885.0,37804.0,43587.0,560535375.1995175,284942689.7127116,8021869.04750061,77169.693359375,0,37638.4774097979,8099038.740859985,0.028423395416901896,2,3,1,QPIB2,QPIBPC3,QPOP1,QPIB2_QPOP1,QPIBPC3_QPOP1,Abaixo da média simples do grupo,Abaixo da média simples do grupo
430036,Sul,Alta Renda,18,41304004.0,841456.0,778407.0,31833183892.201523,16186853268.654423,95313077.78145409,46408086.959121704,0,49086.35032610143,141721164.7405758,0.008755325225256506,4,4,4,QPIB4,QPIBPC4,QPOP4,QPIB4_QPOP4,QPIBPC4_QPOP4,Abaixo da média simples do grupo,Abaixo da média simples do grupo
430037,Sul,Alta Renda,14,14181326.0,246467.0,240888.0,10637845365.248213,7119270515.458816,1663234.6809539795,24522872.294273682,0,57538.43719443171,26186106.97522766,0.0036782008659970193,4,4,3,QPIB4,QPIBPC4,QPOP3,QPIB4_QPOP3,QPIBPC4_QPOP3,Abaixo da média simples do grupo,Abaixo da média simples do grupo
430038,Sul,Alta Renda,14,5506063.0,110109.0,104125.0,3314406904.31349,2068714968.151709,11370055.664737701,17059759.637829285,0,50005.56721067306,28429815.302566987,0.013742741624752476,3,4,2,QPIB3,QPIBPC4,QPOP2,QPIB3_QPOP2,QPIBPC4_QPOP2,Abaixo da média simples do grupo,Abaixo da média simples do grupo
430039,Sul,Média Renda e Médio Dinamismo,8,5539943.0,96964.0,94253.0,2356818118.952855,1340166157.6879673,99168169.83145726,4768916.007141113,0,57134.018811105154,103937085.83859837,0.07755537269938895,3,4,2,QPIB3,QPIBPC4,QPOP2,QPIB3_QPOP2,QPIBPC4_QPOP2,Abaixo da média simples do grupo,Abaixo da média simples do grupo
430040,Sul,Alta Renda,14,15833828.0,380927.0,362089.0,9158589759.142323,3406863743.925935,92466761.41460776,19676507.166290283,0,41566.567872584514,112143268.58089805,0.03291686342925725,4,4,4,QPIB4,QPIBPC4,QPOP4,QPIB4_QPOP4,QPIBPC4_QPOP4,Abaixo da média simples do grupo,Abaixo da média simples do grupo
430041,Sul,Alta Renda,25,13493695.0,295449.0,291817.0,8999936187.234848,5006766112.513102,17619697.53321457,51259031.93416763,0,45671.82491732922,68878729.4673822,0.013757129436351706,4,4,4,QPIB4,QPIBPC4,QPOP4,QPIB4_QPOP4,QPIBPC4_QPOP4,Abaixo da média simples do grupo,Abaixo da média simples do grupo
430042,Sul,Média Renda e Baixo Dinamismo,9,1710885.0,63780.0,54118.0,403812343.7947007,131460925.20745856,3472195.185272217,458087.169921875,0,26824.788334901223,3930282.355194092,0.029896962530818274,2,3,2,QPIB2,QPIBPC3,QPOP2,QPIB2_QPOP2,QPIBPC3_QPOP2,Abaixo da média simples do grupo,Abaixo da média simples do grupo
430043,Sul,Alta Renda,10,2716585.0,62582.0,60049.0,1456810860.030953,859320256.3260726,2249935.9150122404,2428706.790374756,0,43408.40816848295,4678642.705386996,0.00544458561397122,2,4,2,QPIB2,QPIBPC4,QPOP2,QPIB2_QPOP2,QPIBPC4_QPOP2,Abaixo da média simples do grupo,Abaixo da média simples do grupo
4300604,Sul,Média Renda e Médio Dinamismo,1,2958997.0,212352.0,186813.0,1404991546.8951087,523012122.25282294,312993.822265625,0.0,0,13934.396662145871,312993.822265625,0.0005984446802445708,3,1,3,QPIB3,QPIBPC1,QPOP3,QPIB3_QPOP3,QPIBPC1_QPOP3,Abaixo da média simples do grupo,Abaixo da média simples do grupo
4300877,Sul,Média Renda e Médio Dinamismo,1,204865.0,5840.0,8525.0,179495130.8902502,132976282.81105116,10908.0,0.0,0,35079.62328767123,10908.0,8.202966551185229e-05,1,3,1,QPIB1,QPIBPC3,QPOP1,QPIB1_QPOP1,QPIBPC3_QPOP1,Abaixo da média simples do grupo,Abaixo da média simples do grupo
4301107,Sul,Média Renda e Alto Dinamismo,1,332678.0,14201.0,14006.0,119175440.91078568,49130034.37930298,3092239.6908569336,0.0,0,23426.378424054645,3092239.6908569336,0.06293990488554599,1,2,1,QPIB1,QPIBPC2,QPOP1,QPIB1_QPOP1,QPIBPC2_QPOP1,Abaixo da média simples do grupo,Abaixo da média simples do grupo
4303103,Sul,Alta Renda,1,5219436.0,132144.0,135863.0,4077408988.3660216,1743681997.087189,0.0,0.0,0,39498.09298946604,0.0,0.0,3,3,3,QPIB3,QPIBPC3,QPOP3,QPIB3_QPOP3,QPIBPC3_QPOP3,Abaixo da média simples do grupo,Abaixo da média simples do grupo
4303905,Sul,Alta Renda,1,2910894.0,69981.0,62745.0,2612260382.137683,1406421120.6791081,683876.177734375,8672731.654729843,0,41595.49020448407,9356607.832464218,0.006652778243223667,3,4,2,QPIB3,QPIBPC4,QPOP2,QPIB3_QPOP2,QPIBPC4_QPOP2,Abaixo da média simples do grupo,Abaixo da média simples do grupo
4304606,Sul,Alta Renda,1,18904090.0,349728.0,344821.0,9711010283.363224,4085242365.082123,142088.0089111328,1696889.5767211914,0,54053.69315582395,1838977.5856323242,0.0004501514038311792,4,4,4,QPIB4,QPIBPC4,QPOP4,QPIB4_QPOP4,QPIBPC4_QPOP4,Abaixo da média simples do grupo,Abaixo da média simples do grupo
4304689,Sul,Média Renda e Médio Dinamismo,1,268333.0,12183.0,11120.0,86785880.3450019,52914118.45311901,134009.166015625,2143161.4591064453,0,22025.199047853566,2277170.6251220703,0.043035218041846506,1,2,1,QPIB1,QPIBPC2,QPOP1,QPIB1_QPOP1,QPIBPC2_QPOP1,Abaixo da média simples do grupo,Abaixo da média simples do grupo
4305355,Sul,Alta Renda,1,1545713.0,41705.0,31195.0,661370576.320654,122452988.68127388,1195663.9375,1001384.4441375732,0,37063.01402709507,2197048.3816375732,0.017941974347038186,2,3,1,QPIB2,QPIBPC3,QPOP1,QPIB2_QPOP1,QPIBPC3_QPOP1,Abaixo da média simples do grupo,Abaixo da média simples do grupo
4306403,Sul,Alta Renda,1,1841708.0,33547.0,30595.0,1278998003.6600163,759845829.3583559,66145.427734375,1201899.84375,0,54899.33526097714,1268045.271484375,0.001668819150531053,2,4,1,QPIB2,QPIBPC4,QPOP1,QPIB2_QPOP1,QPIBPC4_QPOP1,Abaixo da média simples do grupo,Abaixo da média simples do grupo
4306767,Sul,Média Renda e Médio Dinamismo,1,1645914.0,42490.0,39423.0,2921670444.103226,1735501199.4470992,4918798.964172363,5044617.049316406,0,38736.50270651918,9963416.01348877,0.005740944469910446,2,3,1,QPIB2,QPIBPC3,QPOP1,QPIB2_QPOP1,QPIBPC3_QPOP1,Abaixo da média simples do grupo,Abaixo da média simples do grupo
4307609,Sul,Alta Renda,1,1637893.0,51292.0,47815.0,1192385646.438698,583722998.7826079,51741.3271484375,7186915.390930176,0,31932.718552600796,7238656.718078613,0.01240084206580056,2,3,2,QPIB2,QPIBPC3,QPOP2,QPIB2_QPOP2,QPIBPC3_QPOP2,Abaixo da média simples do grupo,Abaixo da média simples do grupo
4307708,Sul,Alta Renda,1,3149024.0,83352.0,75934.0,2018227990.4301636,1017773862.3791305,193026.69328308105,1896423.7629394531,0,37779.82531912852,2089450.4562225342,0.0020529614027798584,3,3,2,QPIB3,QPIBPC3,QPOP2,QPIB3_QPOP2,QPIBPC3_QPOP2,Abaixo da média simples do grupo,Abaixo da média simples do grupo
4309050,Sul,Média Renda e Baixo Dinamismo,1,415411.0,8304.0,7631.0,196964240.6406752,66781219.357447624,3214500.2942407224,0.0,0,50025.40944123314,3214500.2942407224,0.04813479485954059,1,4,1,QPIB1,QPIBPC4,QPOP1,QPIB1_QPOP1,QPIBPC4_QPOP1,Abaixo da média simples do grupo,Abaixo da média simples do grupo
4309209,Sul,Alta Renda,1,8605873.0,285564.0,264226.0,6146125690.979105,2641277081.966865,2754988.607116699,10690410.606010437,0,30136.40725021361,13445399.213127136,0.005090491756781089,4,3,4,QPIB4,QPIBPC3,QPOP4,QPIB4_QPOP4,QPIBPC3_QPOP4,Abaixo da média simples do grupo,Abaixo da média simples do grupo
4309308,Sul,Alta Renda,1,5249582.0,98331.0,92667.0,2244608062.2758856,803750383.8018467,2759927.253173828,159580.22453308105,0,53386.8464675433,2919507.477706909,0.003632355936052246,3,4,2,QPIB3,QPIBPC4,QPOP2,QPIB3_QPOP2,QPIBPC4_QPOP2,Abaixo da média simples do grupo,Abaixo da média simples do grupo
4310108,Sul,Alta Renda,1,1640721.0,37754.0,32683.0,1116364358.4907165,661060131.8474977,359925.98837280273,1516695.8005371094,0,43458.20310430683,1876621.788909912,0.002838806484464921,2,4,1,QPIB2,QPIBPC4,QPOP1,QPIB2_QPOP1,QPIBPC4_QPOP1,Abaixo da média simples do grupo,Abaixo da média simples do grupo
4310801,Sul,Alta Renda,1,992276.0,25068.0,22836.0,849119276.1586307,505460955.3944929,11162.7998046875,0.0,0,39583.373224828465,11162.7998046875,2.208439580852563e-05,2,4,1,QPIB2,QPIBPC4,QPOP1,QPIB2_QPOP1,QPIBPC4_QPOP1,Abaixo da média simples do grupo,Abaixo da média simples do grupo
4312401,Sul,Alta Renda,1,4615886.0,66157.0,63908.0,2330491940.3829403,1478237158.7567043,7937093.877960205,18463751.954360962,0,69771.69460525719,26400845.832321167,0.01785968217341122,3,4,2,QPIB3,QPIBPC4,QPOP2,QPIB3_QPOP2,QPIBPC4_QPOP2,Abaixo da média simples do grupo,Abaixo da média simples do grupo
4313060,Sul,Média Renda e Baixo Dinamismo,1,733968.0,22147.0,20030.0,581403878.2848171,498396799.4818656,0.0,0.0,0,33140.74140967174,0.0,0.0,1,3,1,QPIB1,QPIBPC3,QPOP1,QPIB1_QPOP1,QPIBPC3_QPOP1,Abaixo da média simples do grupo,Abaixo da média simples do grupo
4313375,Sul,Média Renda e Alto Dinamismo,1,1723836.0,30482.0,28993.0,1207687376.3595324,358831409.8309026,821361.0871582031,455177.2795410156,0,56552.5884128338,1276538.3666992188,0.0035574878110608567,2,4,1,QPIB2,QPIBPC4,QPOP1,QPIB2_QPOP1,QPIBPC4_QPOP1,Abaixo da média simples do grupo,Abaixo da média simples do grupo
4313409,Sul,Alta Renda,1,8679216.0,247303.0,226461.0,7068582916.259851,3809395429.5532928,276408.982421875,1240458.316772461,0,35095.47397322313,1516867.299194336,0.00039819108497544736,4,3,3,QPIB4,QPIBPC3,QPOP3,QPIB4_QPOP3,QPIBPC3_QPOP3,Abaixo da média simples do grupo,Abaixo da média simples do grupo
4314050,Sul,Média Renda e Baixo Dinamismo,1,1264191.0,59419.0,51838.0,1128445496.247037,799828379.9286814,1813721.8733978271,3707557.115219116,0,21275.871354280618,5521278.988616943,0.006903079619541959,2,2,2,QPIB2,QPIBPC2,QPOP2,QPIB2_QPOP2,QPIBPC2_QPOP2,Abaixo da média simples do grupo,Abaixo da média simples do grupo
4314803,Sul,Média Renda e Baixo Dinamismo,1,1392426.0,38081.0,33862.0,1058551845.1644539,567475437.3329189,738469.705078125,1132.1800537109375,0,36564.8486121688,739601.8851318359,0.001303319644296668,2,3,1,QPIB2,QPIBPC3,QPOP1,QPIB2_QPOP1,QPIBPC3_QPOP1,Abaixo da média simples do grupo,Abaixo da média simples do grupo
4314902,Sul,Alta Renda,1,69401824.0,1492530.0,1321863.0,72208822907.09282,34795281312.08641,28622900.634147644,39679381.55850891,0,46499.449927304646,68302282.19265655,0.0019629754270424943,4,4,4,QPIB4,QPIBPC4,QPOP4,QPIB4_QPOP4,QPIBPC4_QPOP4,Abaixo da média simples do grupo,Abaixo da média simples do grupo
4316006,Sul,Alta Renda,1,638798.0,21591.0,21211.0,572306065.2974681,384574818.81016433,1057973.7947731018,0.0,0,29586.30911027743,1057973.7947731018,0.002751022019710926,1,3,1,QPIB1,QPIBPC3,QPOP1,QPIB1_QPOP1,QPIBPC3_QPOP1,Abaixo da média simples do grupo,Abaixo da média simples do grupo
4317608,Sul,Média Renda e Alto Dinamismo,1,1476500.0,43397.0,42646.0,868676618.5206604,522640337.72351193,3057884.3159332275,14547448.387255192,0,34023.089153628134,17605332.70318842,0.0336853691390771,2,3,2,QPIB2,QPIBPC3,QPOP2,QPIB2_QPOP2,QPIBPC3_QPOP2,Abaixo da média simples do grupo,Abaixo da média simples do grupo
4318408,Sul,Média Renda e Baixo Dinamismo,1,614459.0,24569.0,20926.0,294897768.96140456,190316835.26851442,2045463.4336547852,953453.5135498047,0,25009.524197159022,2998916.94720459,0.015757496928600533,1,2,1,QPIB1,QPIBPC2,QPOP1,QPIB1_QPOP1,QPIBPC2_QPOP1,Abaixo da média simples do grupo,Abaixo da média simples do grupo
4318705,Sul,Alta Renda,1,8486468.0,240378.0,216194.0,7469554102.290798,4995608591.384424,983373.4278869629,0.0,0,35304.67846475135,983373.4278869629,0.00019684757320317651,4,3,3,QPIB4,QPIBPC3,QPOP3,QPIB4_QPOP3,QPIBPC3_QPOP3,Abaixo da média simples do grupo,Abaixo da média simples do grupo
4319505,Sul,Alta Renda,1,768039.0,26161.0,24336.0,628172966.0298502,415496049.94532406,1383304.8210754395,0.0,0,29358.166736745537,1383304.8210754395,0.003329285131007795,1,3,1,QPIB1,QPIBPC3,QPOP1,QPIB1_QPOP1,QPIBPC3_QPOP1,Abaixo da média simples do grupo,Abaixo da média simples do grupo
4319901,Sul,Alta Renda,1,3196958.0,80514.0,75332.0,1835156467.2576764,1299298053.8208077,637610.3176269531,80697.119140625,0,39706.858434557966,718307.4367675781,0.0005528426942957949,3,4,2,QPIB3,QPIBPC4,QPOP2,QPIB3_QPOP2,QPIBPC4_QPOP2,Abaixo da média simples do grupo,Abaixo da média simples do grupo
4320008,Sul,Média Renda e Baixo Dinamismo,1,3649933.0,142508.0,131898.0,1975346404.3715718,627387610.2098836,0.0,1821562.9609375,0,25612.12703848205,1821562.9609375,0.0029034092023719153,3,3,3,QPIB3,QPIBPC3,QPOP3,QPIB3_QPOP3,QPIBPC3_QPOP3,Abaixo da média simples do grupo,Abaixo da média simples do grupo
4321204,Sul,Alta Renda,1,1407897.0,57740.0,52678.0,910108981.6774354,481736259.7937414,1616906.7145996094,4619089.69694519,0,24383.3910633876,6235996.4115448,0.01294483503113256,2,2,2,QPIB2,QPIBPC2,QPOP2,QPIB2_QPOP2,QPIBPC2_QPOP2,Abaixo da média simples do grupo,Abaixo da média simples do grupo
4322004,Sul,Média Renda e Baixo Dinamismo,1,10122393.0,30159.0,27298.0,2087460989.2809196,1284977031.7870858,6806163.281845093,10504268.323242188,0,335634.2385357605,17310431.60508728,0.013471393789049088,4,4,1,QPIB4,QPIBPC4,QPOP1,QPIB4_QPOP1,QPIBPC4_QPOP1,Abaixo da média simples do grupo,Abaixo da média simples do grupo
4323002,Sul,Média Renda e Médio Dinamismo,1,3953029.0,257330.0,223427.0,1824328561.4123547,601817954.9701571,8292696.119229583,4280202.580810547,0,15361.710643920258,12572898.70004013,0.020891531394512136,3,1,4,QPIB3,QPIBPC1,QPOP4,QPIB3_QPOP4,QPIBPC1_QPOP4,Abaixo da média simples do grupo,Abaixo da média simples do grupo
500001,Centro-Oeste,Alta Renda,13,40957710.0,1131332.0,1083710.0,25650699771.622173,9314493620.245306,1429733985.0630753,38239284.771499634,0,36203.08627352537,1467973269.834575,0.15760097431854964,4,3,4,QPIB4,QPIBPC3,QPOP4,QPIB4_QPOP4,QPIBPC3_QPOP4,Acima ou igual à média simples do grupo,Acima ou igual à média simples do grupo
500002,Centro-Oeste,Média Renda e Médio Dinamismo,6,16717668.0,191120.0,197242.0,6614359240.601154,1507490384.3551376,1047155511.58586,12400035.22684288,0,87472.10129761406,1059555546.8127029,0.7028605673434868,4,4,3,QPIB4,QPIBPC4,QPOP3,QPIB4_QPOP3,QPIBPC4_QPOP3,Acima ou igual à média simples do grupo,Acima ou igual à média simples do grupo
500003,Centro-Oeste,Alta Renda,6,6952900.0,130666.0,133344.0,3316280510.847918,1150662536.136447,531344752.249647,7666290.479415894,0,53211.240873677925,539011042.7290629,0.46843538031479487,3,4,3,QPIB3,QPIBPC4,QPOP3,QPIB3_QPOP3,QPIBPC4_QPOP3,Abaixo da média simples do grupo,Acima ou igual à média simples do grupo
500004,Centro-Oeste,Média Renda e Médio Dinamismo,7,4955020.0,111309.0,106933.0,1942529807.321485,308633829.5980282,722500622.1604462,4901129.207611084,0,44515.89718710976,727401751.3680573,2.356843876497408,3,4,2,QPIB3,QPIBPC4,QPOP2,QPIB3_QPOP2,QPIBPC4_QPOP2,Acima ou igual à média simples do grupo,Acima ou igual à média simples do grupo
500005,Centro-Oeste,Alta Renda,13,24228562.0,444902.0,451269.0,10023338638.251076,3864636887.5093284,965232468.9950116,8689444.266693115,0,54458.19978332307,973921913.2617047,0.25200864702437165,4,4,4,QPIB4,QPIBPC4,QPOP4,QPIB4_QPOP4,QPIBPC4_QPOP4,Acima ou igual à média simples do grupo,Acima ou igual à média simples do grupo
500006,Centro-Oeste,Média Renda e Alto Dinamismo,6,5854232.0,134758.0,121232.0,2072264424.3132129,688096206.307392,291336316.56064254,8803579.717407227,0,43442.5562860832,300139896.27804977,0.4361888548822616,3,4,3,QPIB3,QPIBPC4,QPOP3,QPIB3_QPOP3,QPIBPC4_QPOP3,Abaixo da média simples do grupo,Acima ou igual à média simples do grupo
500007,Centro-Oeste,Média Renda e Alto Dinamismo,7,6836645.0,118043.0,113181.0,2738180711.910068,449917922.68189245,267090987.29119614,1620090.5430908203,0,57916.56430283879,268711077.8342869,0.5972446623876216,3,4,2,QPIB3,QPIBPC4,QPOP2,QPIB3_QPOP2,QPIBPC4_QPOP2,Acima ou igual à média simples do grupo,Acima ou igual à média simples do grupo
500008,Centro-Oeste,Média Renda e Alto Dinamismo,3,5950247.0,116913.0,111365.0,1405537306.262569,338189575.70604753,172440641.7457142,3532179.6167144775,0,50894.656710545445,175972821.36242867,0.5203378046027748,3,4,2,QPIB3,QPIBPC4,QPOP2,QPIB3_QPOP2,QPIBPC4_QPOP2,Acima ou igual à média simples do grupo,Abaixo da média simples do grupo
500009,Centro-Oeste,Média Renda e Alto Dinamismo,5,2811668.0,92818.0,87691.0,658387759.1611531,127167051.32137999,193837393.76693726,826495.5225219727,0,30292.27089573143,194663889.28945923,1.53077300500976,3,3,2,QPIB3,QPIBPC3,QPOP2,QPIB3_QPOP2,QPIBPC3_QPOP2,Acima ou igual à média simples do grupo,Acima ou igual à média simples do grupo
500010,Centro-Oeste,Média Renda e Baixo Dinamismo,2,3933625.0,136709.0,116774.0,1726293642.4032571,420077753.19713986,222642874.1622465,284308226.78865194,0,28773.70911937034,506951100.9508984,1.2068030194233814,3,3,3,QPIB3,QPIBPC3,QPOP3,QPIB3_QPOP3,QPIBPC3_QPOP3,Acima ou igual à média simples do grupo,Acima ou igual à média simples do grupo
500011,Centro-Oeste,Média Renda e Alto Dinamismo,7,4098004.0,120873.0,109548.0,1466176908.9132478,397861748.8482549,429811549.65672123,14323676.934120178,0,33903.38619873752,444135226.5908414,1.1163054198513445,3,3,2,QPIB3,QPIBPC3,QPOP2,QPIB3_QPOP2,QPIBPC3_QPOP2,Acima ou igual à média simples do grupo,Acima ou igual à média simples do grupo
500012,Centro-Oeste,Média Renda e Médio Dinamismo,4,2647712.0,109745.0,104391.0,1097547218.3787155,237189664.32128504,290756300.4503578,18306198.719474792,0,24126.037632693973,309062499.1698326,1.3030184095677637,2,2,2,QPIB2,QPIBPC2,QPOP2,QPIB2_QPOP2,QPIBPC2_QPOP2,Acima ou igual à média simples do grupo,Acima ou igual à média simples do grupo
510001,Centro-Oeste,Média Renda e Alto Dinamismo,8,7426919.0,132628.0,128129.0,2521955679.574376,750666421.1608399,682674951.2299148,106667812.46164322,0,55998.12256838677,789342763.691558,1.051522675639212,4,4,3,QPIB4,QPIBPC4,QPOP3,QPIB4_QPOP3,QPIBPC4_QPOP3,Acima ou igual à média simples do grupo,Acima ou igual à média simples do grupo
510002,Centro-Oeste,Alta Renda,8,22703947.0,261486.0,251604.0,7892548870.074682,1523061364.4051046,2537549497.7534432,23704955.02029419,0,86826.6255172361,2561254452.7737374,1.6816488899474793,4,4,4,QPIB4,QPIBPC4,QPOP4,QPIB4_QPOP4,QPIBPC4_QPOP4,Acima ou igual à média simples do grupo,Acima ou igual à média simples do grupo
510003,Centro-Oeste,Média Renda e Alto Dinamismo,8,9228846.0,86058.0,72687.0,1969901478.2048392,353961182.6907931,826129927.2405908,5148789.04650116,0,107239.83824862303,831278716.287092,2.3485024825822927,4,4,2,QPIB4,QPIBPC4,QPOP2,QPIB4_QPOP2,QPIBPC4_QPOP2,Acima ou igual à média simples do grupo,Acima ou igual à média simples do grupo
510004,Centro-Oeste,Média Renda e Médio Dinamismo,5,2554610.0,115225.0,107037.0,1224807647.6070201,284072001.1375853,299764179.09166694,2394587.935913086,0,22170.622694727706,302158767.02758,1.0636696535299681,2,2,2,QPIB2,QPIBPC2,QPOP2,QPIB2_QPOP2,QPIBPC2_QPOP2,Acima ou igual à média simples do grupo,Acima ou igual à média simples do grupo
510005,Centro-Oeste,Média Renda e Alto Dinamismo,7,7698407.0,105159.0,108444.0,2323294357.793638,330746924.1538238,815456488.598661,89967452.11508751,0,73207.30512842457,905423940.7137485,2.7375128068996157,4,4,2,QPIB4,QPIBPC4,QPOP2,QPIB4_QPOP2,QPIBPC4_QPOP2,Acima ou igual à média simples do grupo,Acima ou igual à média simples do grupo
510006,Centro-Oeste,Média Renda e Baixo Dinamismo,9,2653037.0,96515.0,87836.0,1328824529.340417,230165096.41615936,315660481.91729116,16475759.713188171,0,27488.338600217583,332136241.63047934,1.4430347902531098,2,3,2,QPIB2,QPIBPC3,QPOP2,QPIB2_QPOP2,QPIBPC3_QPOP2,Acima ou igual à média simples do grupo,Acima ou igual à média simples do grupo
510007,Centro-Oeste,Alta Renda,12,15697490.0,262093.0,303199.0,7587939200.809673,1938210573.1295512,710853647.5697845,26052229.598320007,0,59892.82430282381,736905877.1681045,0.3801990802156507,4,4,4,QPIB4,QPIBPC4,QPOP4,QPIB4_QPOP4,QPIBPC4_QPOP4,Acima ou igual à média simples do grupo,Acima ou igual à média simples do grupo
510008,Centro-Oeste,Alta Renda,9,32911224.0,270251.0,305723.0,11430993267.976057,3397215911.5789,2121811004.7584732,18624059.92156875,0,121780.21172909628,2140435064.6800418,0.630055645678772,4,4,4,QPIB4,QPIBPC4,QPOP4,QPIB4_QPOP4,QPIBPC4_QPOP4,Acima ou igual à média simples do grupo,Acima ou igual à média simples do grupo
510009,Centro-Oeste,Média Renda e Médio Dinamismo,7,4132460.0,155753.0,127634.0,2067685136.2660315,398767015.0169469,233854079.52433014,136616063.08465576,0,26532.137422714168,370470142.6089859,0.9290390846224871,3,3,3,QPIB3,QPIBPC3,QPOP3,QPIB3_QPOP3,QPIBPC3_QPOP3,Acima ou igual à média simples do grupo,Acima ou igual à média simples do grupo
510010,Centro-Oeste,Alta Renda,6,3743955.0,109348.0,110680.0,1809060783.084324,318506301.7163931,349461453.58778006,8251546.955993652,0,34238.8978307788,357713000.5437737,1.1230955199821802,3,3,2,QPIB3,QPIBPC3,QPOP2,QPIB3_QPOP2,QPIBPC3_QPOP2,Acima ou igual à média simples do grupo,Acima ou igual à média simples do grupo
5100102,Centro-Oeste,Média Renda e Alto Dinamismo,1,95995.0,5309.0,4987.0,61491349.29863739,47692083.65615082,7960607.8480529785,20711.701171875,0,18081.559615746846,7981319.5492248535,0.16735103474967397,1,2,1,QPIB1,QPIBPC2,QPOP1,QPIB1_QPOP1,QPIBPC2_QPOP1,Abaixo da média simples do grupo,Abaixo da média simples do grupo
510011,Centro-Oeste,Média Renda e Alto Dinamismo,4,3379523.0,98696.0,89959.0,1450672989.2239232,245818471.6480577,237063851.3122788,93439560.74847984,0,34241.742319850855,330503412.06075865,1.3445019401713056,3,3,2,QPIB3,QPIBPC3,QPOP2,QPIB3_QPOP2,QPIBPC3_QPOP2,Acima ou igual à média simples do grupo,Acima ou igual à média simples do grupo
510012,Centro-Oeste,Média Renda e Alto Dinamismo,4,3865853.0,54045.0,53228.0,1258212354.5865304,130925687.46589947,586200523.596273,2025955.7247924805,0,71530.26181885466,588226479.3210654,4.492827119768023,3,4,2,QPIB3,QPIBPC4,QPOP2,QPIB3_QPOP2,QPIBPC4_QPOP2,Acima ou igual à média simples do grupo,Acima ou igual à média simples do grupo
510013,Centro-Oeste,Alta Renda,9,5166163.0,111447.0,125416.0,2326443753.651086,615253504.1485147,511972322.9356692,110635769.94631767,0,46355.334822830584,622608092.8819869,1.0119537535079146,3,4,2,QPIB3,QPIBPC4,QPOP2,QPIB3_QPOP2,QPIBPC4_QPOP2,Acima ou igual à média simples do grupo,Acima ou igual à média simples do grupo
510014,Centro-Oeste,Média Renda e Alto Dinamismo,13,7136062.0,125841.0,119632.0,1892537712.514985,254332703.73957768,850266641.8612709,7003864.006011963,0,56706.971495776415,857270505.8672829,3.3706656409593294,3,4,3,QPIB3,QPIBPC4,QPOP3,QPIB3_QPOP3,QPIBPC4_QPOP3,Acima ou igual à média simples do grupo,Acima ou igual à média simples do grupo
510015,Centro-Oeste,Alta Renda,8,11183684.0,111481.0,125025.0,2903517432.928323,415470557.37981606,1124136491.492081,7066236.88420105,0,100319.19340515425,1131202728.376282,2.7227025075140423,4,4,2,QPIB4,QPIBPC4,QPOP2,QPIB4_QPOP2,QPIBPC4_QPOP2,Acima ou igual à média simples do grupo,Acima ou igual à média simples do grupo
510016,Centro-Oeste,Alta Renda,10,22675911.0,338849.0,331367.0,9606065230.054077,2423436306.2328467,1585610725.4583063,19111518.207122803,0,66920.40112262394,1604722243.665429,0.6621681120887051,4,4,4,QPIB4,QPIBPC4,QPOP4,QPIB4_QPOP4,QPIBPC4_QPOP4,Acima ou igual à média simples do grupo,Acima ou igual à média simples do grupo
510017,Centro-Oeste,Alta Renda,4,10238326.0,108521.0,138139.0,4021539053.913783,935863882.0919065,1124768468.484239,9321522.750900269,0,94344.19144681674,1134089991.2351394,1.2118108337508915,4,4,2,QPIB4,QPIBPC4,QPOP2,QPIB4_QPOP2,QPIBPC4_QPOP2,Abaixo da média simples do grupo,Acima ou igual à média simples do grupo
510018,Centro-Oeste,Média Renda e Médio Dinamismo,4,2302668.0,51730.0,51819.0,978388887.0845914,158300562.49167138,261041293.60178757,199416.46362304688,0,44513.203170307366,261240710.0654106,1.6502828919458525,2,4,2,QPIB2,QPIBPC4,QPOP2,QPIB2_QPOP2,QPIBPC4_QPOP2,Acima ou igual à média simples do grupo,Acima ou igual à média simples do grupo
5103007,Centro-Oeste,Alta Renda,1,1156204.0,22521.0,18894.0,289840160.5394356,96488946.77010536,66930281.31220245,89061.66015625,0,51338.92811154034,67019342.9723587,0.6945805215600398,2,4,1,QPIB2,QPIBPC4,QPOP1,QPIB2_QPOP1,QPIBPC4_QPOP1,Acima ou igual à média simples do grupo,Abaixo da média simples do grupo
5103403,Centro-Oeste,Alta Renda,1,24783683.0,623614.0,646693.0,19515719436.696716,6239290527.254749,457829309.6701431,93684703.06786346,0,39742.024714005776,551514012.7380066,0.08839370603578377,4,4,4,QPIB4,QPIBPC4,QPOP4,QPIB4_QPOP4,QPIBPC4_QPOP4,Abaixo da média simples do grupo,Abaixo da média simples do grupo
5106109,Centro-Oeste,Média Renda e Alto Dinamismo,1,350839.0,13093.0,12870.0,225373267.59296936,20180673.288075864,26742292.415550232,133740584.62667847,0,26795.92148476285,160482877.0422287,7.952305393946052,1,3,1,QPIB1,QPIBPC3,QPOP1,QPIB1_QPOP1,QPIBPC3_QPOP1,Acima ou igual à média simples do grupo,Acima ou igual à média simples do grupo
5107800,Centro-Oeste,Média Renda e Alto Dinamismo,1,783823.0,17188.0,15181.0,191721806.92943212,35681013.05727804,91373866.05089173,14673137.589477539,0,45602.920642308585,106047003.64036927,2.972084998543457,1,4,1,QPIB1,QPIBPC4,QPOP1,QPIB1_QPOP1,QPIBPC4_QPOP1,Acima ou igual à média simples do grupo,Acima ou igual à média simples do grupo
5108402,Centro-Oeste,Média Renda e Médio Dinamismo,1,8474943.0,290383.0,299038.0,4883758144.703517,1281200305.9268126,11971463.288490295,1788142.3662109375,0,29185.396528033667,13759605.654701233,0.010739620956262273,4,3,4,QPIB4,QPIBPC3,QPOP4,QPIB4_QPOP4,QPIBPC3_QPOP4,Abaixo da média simples do grupo,Abaixo da média simples do grupo
520001,Centro-Oeste,Média Renda e Alto Dinamismo,1,100001.0,3848.0,3716.0,19218564.21066849,4926194.523765564,4543869.417053223,0.0,0,25987.785862785862,4543869.417053223,0.9223893606174338,1,3,1,QPIB1,QPIBPC3,QPOP1,QPIB1_QPOP1,QPIBPC3_QPOP1,Abaixo da média simples do grupo,Acima ou igual à média simples do grupo
520002,Centro-Oeste,Alta Renda,13,19276464.0,532371.0,528399.0,11931945285.296877,6198419916.332502,172269396.1062317,13599021.688915253,0,36208.704080425116,185868417.79514694,0.02998641916876165,4,3,4,QPIB4,QPIBPC3,QPOP4,QPIB4_QPOP4,QPIBPC3_QPOP4,Abaixo da média simples do grupo,Abaixo da média simples do grupo
520003,Centro-Oeste,Média Renda e Médio Dinamismo,12,2938217.0,110056.0,104789.0,1469752791.3021162,786726347.4707638,69996679.07628417,522944.453125,0,26697.472195972958,70519623.52940917,0.08963678889886144,3,3,2,QPIB3,QPIBPC3,QPOP2,QPIB3_QPOP2,QPIBPC3_QPOP2,Abaixo da média simples do grupo,Abaixo da média simples do grupo
520004,Centro-Oeste,Alta Renda,10,12805022.0,172036.0,169548.0,3960989616.3173165,1687051264.4273171,348892805.3156408,82253920.50400543,0,74432.22348810713,431146725.81964624,0.25556231450145195,4,4,3,QPIB4,QPIBPC4,QPOP3,QPIB4_QPOP3,QPIBPC4_QPOP3,Acima ou igual à média simples do grupo,Abaixo da média simples do grupo
520005,Centro-Oeste,Média Renda e Alto Dinamismo,15,4992008.0,148645.0,152085.0,1911206484.126343,389722126.9349954,586403333.7277632,3513657.5824279785,0,33583.42359312456,589916991.3101912,1.513686163907721,3,3,3,QPIB3,QPIBPC3,QPOP3,QPIB3_QPOP3,QPIBPC3_QPOP3,Acima ou igual à média simples do grupo,Acima ou igual à média simples do grupo
5200050,Centro-Oeste,Média Renda e Alto Dinamismo,1,310278.0,9158.0,18744.0,138756938.70147654,64894425.1542308,2388151.7655029297,154472.2099609375,0,33880.54160297008,2542623.975463867,0.0391809307104726,1,3,1,QPIB1,QPIBPC3,QPOP1,QPIB1_QPOP1,QPIBPC3_QPOP1,Abaixo da média simples do grupo,Abaixo da média simples do grupo
520006,Centro-Oeste,Alta Renda,5,2616479.0,55963.0,57184.0,951620417.2600857,566762519.8247602,76285228.94732451,4305653.530090332,0,46753.730143130284,80590882.47741485,0.14219515168775293,2,4,2,QPIB2,QPIBPC4,QPOP2,QPIB2_QPOP2,QPIBPC4_QPOP2,Abaixo da média simples do grupo,Abaixo da média simples do grupo
520007,Centro-Oeste,Alta Renda,8,8447713.0,196716.0,196450.0,4708852207.304987,1596382100.3541512,366081406.56029665,9078299.945709229,0,42943.70056324854,375159706.5060059,0.2350062096178466,4,4,3,QPIB4,QPIBPC4,QPOP3,QPIB4_QPOP3,QPIBPC4_QPOP3,Acima ou igual à média simples do grupo,Abaixo da média simples do grupo
520008,Centro-Oeste,Média Renda e Médio Dinamismo,6,5488929.0,160950.0,166782.0,3315733139.990929,1511612214.140924,115888855.01784638,9905427.416439056,0,34103.317800559176,125794282.43428543,0.08321861999889738,3,3,3,QPIB3,QPIBPC3,QPOP3,QPIB3_QPOP3,QPIBPC3_QPOP3,Abaixo da média simples do grupo,Abaixo da média simples do grupo
520009,Centro-Oeste,Alta Renda,8,3011960.0,67111.0,69017.0,881197898.321301,222866647.99957728,134798639.01921585,3574922.7531433105,0,44880.27298058441,138373561.77235916,0.620880526603611,3,4,2,QPIB3,QPIBPC4,QPOP2,QPIB3_QPOP2,QPIBPC4_QPOP2,Acima ou igual à média simples do grupo,Acima ou igual à média simples do grupo
520010,Centro-Oeste,Alta Renda,14,20546044.0,377659.0,341510.0,8972317832.53996,3242379358.670701,1218984796.739511,16036703.982749939,0,54403.69221970084,1235021500.722261,0.38089975419427496,4,4,4,QPIB4,QPIBPC4,QPOP4,QPIB4_QPOP4,QPIBPC4_QPOP4,Acima ou igual à média simples do grupo,Acima ou igual à média simples do grupo
5200100,Centro-Oeste,Média Renda e Alto Dinamismo,1,399760.0,20873.0,16927.0,177323662.3669932,79900776.4074974,12745627.95884491,5258109.918609619,0,19152.01456426963,18003737.877454527,0.2253261943993471,1,2,1,QPIB1,QPIBPC2,QPOP1,QPIB1_QPOP1,QPIBPC2_QPOP1,Abaixo da média simples do grupo,Abaixo da média simples do grupo
520011,Centro-Oeste,Alta Renda,10,15584307.0,239274.0,235174.0,6090935578.89002,1561099951.6064653,994176421.1380979,13035691.324798584,0,65131.63569798641,1007212112.4628965,0.6451938656627431,4,4,3,QPIB4,QPIBPC4,QPOP3,QPIB4_QPOP3,QPIBPC4_QPOP3,Acima ou igual à média simples do grupo,Acima ou igual à média simples do grupo
520012,Centro-Oeste,Média Renda e Baixo Dinamismo,5,3894948.0,95213.0,82937.0,1821901858.0059776,269626719.31887656,139735591.7496344,3195890.4153137207,0,40907.73318769496,142931482.1649481,0.5301087463661525,3,4,2,QPIB3,QPIBPC4,QPOP2,QPIB3_QPOP2,QPIBPC4_QPOP2,Acima ou igual à média simples do grupo,Abaixo da média simples do grupo
520013,Centro-Oeste,Alta Renda,9,2123971.0,60409.0,61504.0,723960447.4076068,348935162.90287036,53064652.53122711,18576559.5595932,0,35159.84373189425,71641212.09082031,0.20531382247298008,2,3,2,QPIB2,QPIBPC3,QPOP2,QPIB2_QPOP2,QPIBPC3_QPOP2,Abaixo da média simples do grupo,Abaixo da média simples do grupo
520014,Centro-Oeste,Média Renda e Alto Dinamismo,12,3160209.0,101444.0,101473.0,958129645.7744666,219459679.65762287,151151608.46753505,5353137.308425903,0,31152.251488505975,156504745.77596095,0.7131366728508974,3,3,2,QPIB3,QPIBPC3,QPOP2,QPIB3_QPOP2,QPIBPC3_QPOP2,Acima ou igual à média simples do grupo,Acima ou igual à média simples do grupo
520015,Centro-Oeste,Média Renda e Alto Dinamismo,13,7360293.0,142986.0,139101.0,2520355018.8134685,723454504.912592,490716651.4977865,9260029.728942871,0,51475.619990768326,499976681.2267294,0.6910962304217549,4,4,3,QPIB4,QPIBPC4,QPOP3,QPIB4_QPOP3,QPIBPC4_QPOP3,Acima ou igual à média simples do grupo,Acima ou igual à média simples do grupo
520016,Centro-Oeste,Média Renda e Médio Dinamismo,13,4257846.0,135914.0,130992.0,1551159038.1464157,354731034.8717254,315512681.6690334,170579794.18395644,0,31327.501214002972,486092475.85298985,1.3703127949567937,3,3,3,QPIB3,QPIBPC3,QPOP3,QPIB3_QPOP3,QPIBPC3_QPOP3,Acima ou igual à média simples do grupo,Acima ou igual à média simples do grupo
520017,Centro-Oeste,Média Renda e Médio Dinamismo,9,3366625.0,88926.0,90218.0,1591543311.2830539,311146136.8404752,162573959.29015368,319074099.23890495,0,37858.72523221555,481648058.52905864,1.5479801980507952,3,3,2,QPIB3,QPIBPC3,QPOP2,QPIB3_QPOP2,QPIBPC3_QPOP2,Acima ou igual à média simples do grupo,Acima ou igual à média simples do grupo
5200175,Centro-Oeste,Média Renda e Alto Dinamismo,1,514098.0,5843.0,4919.0,127277919.73950005,47471077.612163775,61025263.88277603,361317.46923828125,0,87985.28153345884,61386581.35201431,1.293136462027247,1,4,1,QPIB1,QPIBPC4,QPOP1,QPIB1_QPOP1,QPIBPC4_QPOP1,Abaixo da média simples do grupo,Acima ou igual à média simples do grupo
520018,Centro-Oeste,Média Renda e Alto Dinamismo,20,4456334.0,164611.0,165149.0,2500084997.0904126,520228255.1221786,411095150.5039823,316679891.3222351,0,27071.908924676965,727775041.8262174,1.3989533145509276,3,3,3,QPIB3,QPIBPC3,QPOP3,QPIB3_QPOP3,QPIBPC3_QPOP3,Acima ou igual à média simples do grupo,Acima ou igual à média simples do grupo
520021,Centro-Oeste,Média Renda e Médio Dinamismo,12,1961875.0,124928.0,109210.0,702640531.2642592,184106755.80927134,129361633.51140761,8110926.036956787,0,15704.04553022541,137472559.5483644,0.7467002443450882,2,2,3,QPIB2,QPIBPC2,QPOP3,QPIB2_QPOP3,QPIBPC2_QPOP3,Acima ou igual à média simples do grupo,Acima ou igual à média simples do grupo
520022,Centro-Oeste,Média Renda e Médio Dinamismo,1,36798.0,3538.0,2696.0,4935257.390289307,1459196.9753723145,339259.4538574219,0.0,0,10400.791407574901,339259.4538574219,0.23249736641679905,1,1,1,QPIB1,QPIBPC1,QPOP1,QPIB1_QPOP1,QPIBPC1_QPOP1,Abaixo da média simples do grupo,Abaixo da média simples do grupo
5200258,Centro-Oeste,Média Renda e Médio Dinamismo,1,2226482.0,222850.0,225223.0,738152162.3216279,191718600.76346582,85611.9169921875,0.0,0,9990.944581557102,85611.9169921875,0.00044654987388423415,2,1,3,QPIB2,QPIBPC1,QPOP3,QPIB2_QPOP3,QPIBPC1_QPOP3,Abaixo da média simples do grupo,Abaixo da média simples do grupo
5200308,Centro-Oeste,Média Renda e Alto Dinamismo,1,972377.0,28360.0,26905.0,381513798.38826257,112874966.76740527,14529608.62765503,44080.0,0,34286.91819464034,14573688.62765503,0.12911355852432863,1,3,1,QPIB1,QPIBPC3,QPOP1,QPIB1_QPOP1,QPIBPC3_QPOP1,Abaixo da média simples do grupo,Abaixo da média simples do grupo
5200605,Centro-Oeste,Alta Renda,1,271257.0,7751.0,10036.0,117526005.95003113,62912433.511276245,17561828.518838502,0.0,0,34996.387562895114,17561828.518838502,0.2791471818633557,1,3,1,QPIB1,QPIBPC3,QPOP1,QPIB1_QPOP1,QPIBPC3_QPOP1,Abaixo da média simples do grupo,Abaixo da média simples do grupo
5200803,Centro-Oeste,Média Renda e Médio Dinamismo,1,157963.0,8749.0,8446.0,66971587.375953674,11926623.428894043,9745805.479492188,714838.99609375,0,18054.977711738484,10460644.475585938,0.8770834878749881,1,2,1,QPIB1,QPIBPC2,QPOP1,QPIB1_QPOP1,QPIBPC2_QPOP1,Abaixo da média simples do grupo,Abaixo da média simples do grupo
5201405,Centro-Oeste,Média Renda e Médio Dinamismo,1,14410068.0,601844.0,522681.0,10126468703.471476,3320146814.7464347,1720001.2000732422,21196970.963653564,0,23943.1945819847,22916972.163726807,0.0069023972259121364,4,2,4,QPIB4,QPIBPC2,QPOP4,QPIB4_QPOP4,QPIBPC2_QPOP4,Abaixo da média simples do grupo,Abaixo da média simples do grupo
5201801,Centro-Oeste,Média Renda e Médio Dinamismo,1,159611.0,10680.0,11879.0,60656509.598371275,21119849.380433805,3565414.7957458496,0.0,0,14944.850187265918,3565414.7957458496,0.16881819238014922,1,1,1,QPIB1,QPIBPC1,QPOP1,QPIB1_QPOP1,QPIBPC1_QPOP1,Abaixo da média simples do grupo,Abaixo da média simples do grupo
5203203,Centro-Oeste,Média Renda e Alto Dinamismo,1,1444196.0,11643.0,10327.0,448710576.4567605,25268002.846030317,13745916.05808258,50291781.95932007,0,124039.85227175127,64037698.01740265,2.534339512608658,2,4,1,QPIB2,QPIBPC4,QPOP1,QPIB2_QPOP1,QPIBPC4_QPOP1,Acima ou igual à média simples do grupo,Acima ou igual à média simples do grupo
5203302,Centro-Oeste,Alta Renda,1,1327584.0,31004.0,34331.0,461360366.35971075,270344350.5868627,27307817.34934616,6583592.219673157,0,42819.76519158818,33891409.56901932,0.12536385352772472,2,4,1,QPIB2,QPIBPC4,QPOP1,QPIB2_QPOP1,QPIBPC4_QPOP1,Abaixo da média simples do grupo,Abaixo da média simples do grupo
5203559,Centro-Oeste,Média Renda e Baixo Dinamismo,1,111635.0,10120.0,10246.0,78467952.24598932,12942801.963488102,691381.6738739014,0.0,0,11031.126482213438,691381.6738739014,0.053418237861036784,1,1,1,QPIB1,QPIBPC1,QPOP1,QPIB1_QPOP1,QPIBPC1_QPOP1,Abaixo da média simples do grupo,Abaixo da média simples do grupo
5203609,Centro-Oeste,Média Renda e Médio Dinamismo,1,86753.0,3812.0,3991.0,28219479.24425125,18662428.4394722,1395866.86328125,0.0,0,22757.869884575026,1395866.86328125,0.07479556413617129,1,2,1,QPIB1,QPIBPC2,QPOP1,QPIB1_QPOP1,QPIBPC2_QPOP1,Abaixo da média simples do grupo,Abaixo da média simples do grupo
5204003,Centro-Oeste,Média Renda e Médio Dinamismo,1,459241.0,8098.0,7532.0,101480918.34193802,65624395.68393707,24357821.938179016,0.0,0,56710.42232650037,24357821.938179016,0.3711702284542499,1,4,1,QPIB1,QPIBPC4,QPOP1,QPIB1_QPOP1,QPIBPC4_QPOP1,Abaixo da média simples do grupo,Abaixo da média simples do grupo
5204557,Centro-Oeste,Média Renda e Alto Dinamismo,1,77630.0,3900.0,4507.0,14515757.16827041,5525220.72275573,2533559.2490234375,0.0,0,19905.128205128207,2533559.2490234375,0.4585444412363336,1,2,1,QPIB1,QPIBPC2,QPOP1,QPIB1_QPOP1,QPIBPC2_QPOP1,Abaixo da média simples do grupo,Abaixo da média simples do grupo
5205208,Centro-Oeste,Média Renda e Médio Dinamismo,1,93586.0,5132.0,5180.0,28104879.003311634,6820431.840488434,6431033.749221802,23400.7197265625,0,18235.77552611068,6454434.468948364,0.9463380941119618,1,2,1,QPIB1,QPIBPC2,QPOP1,QPIB1_QPOP1,QPIBPC2_QPOP1,Abaixo da média simples do grupo,Abaixo da média simples do grupo
5205307,Centro-Oeste,Média Renda e Baixo Dinamismo,1,371735.0,9740.0,9540.0,34545618.700912476,5777924.466659546,2473903.764968872,894221.9710693359,0,38165.81108829569,3368125.736038208,0.5829300392335276,1,3,1,QPIB1,QPIBPC3,QPOP1,QPIB1_QPOP1,QPIBPC3_QPOP1,Abaixo da média simples do grupo,Abaixo da média simples do grupo
5205497,Centro-Oeste,Média Renda e Médio Dinamismo,1,933247.0,74370.0,91549.0,316164056.38758564,89940529.60982543,6456583.076631317,225267.4609375,0,12548.70243377706,6681850.537568817,0.07429187449257434,1,1,2,QPIB1,QPIBPC1,QPOP2,QPIB1_QPOP2,QPIBPC1_QPOP2,Abaixo da média simples do grupo,Abaixo da média simples do grupo
5205513,Centro-Oeste,Média Renda e Baixo Dinamismo,1,407887.0,20771.0,24719.0,101812834.5748079,40076874.985765226,13108154.082847595,6123103.692626953,0,19637.330894034953,19231257.77547455,0.4798592151285557,1,2,1,QPIB1,QPIBPC2,QPOP1,QPIB1_QPOP1,QPIBPC2_QPOP1,Abaixo da média simples do grupo,Abaixo da média simples do grupo
5205802,Centro-Oeste,Média Renda e Alto Dinamismo,1,247838.0,11223.0,10361.0,77825163.91693497,29661556.563323975,17845932.96932602,514884.7416534424,0,22083.043749443106,18360817.71097946,0.6190105927779364,1,2,1,QPIB1,QPIBPC2,QPOP1,QPIB1_QPOP1,QPIBPC2_QPOP1,Abaixo da média simples do grupo,Abaixo da média simples do grupo
5206206,Centro-Oeste,Média Renda e Alto Dinamismo,1,4254148.0,61385.0,61951.0,1707841330.5478787,999724237.7283112,280507132.25536644,800305.1845092773,0,69302.72867964486,281307437.4398757,0.28138503281574423,3,4,2,QPIB3,QPIBPC4,QPOP2,QPIB3_QPOP2,QPIBPC4_QPOP2,Abaixo da média simples do grupo,Abaixo da média simples do grupo
5207907,Centro-Oeste,Média Renda e Baixo Dinamismo,1,240342.0,17415.0,13168.0,45737401.73435379,10828640.44519043,28910781.916322477,0.0,0,13800.861326442722,28910781.916322477,2.6698441104084565,1,1,1,QPIB1,QPIBPC1,QPOP1,QPIB1_QPOP1,QPIBPC1_QPOP1,Acima ou igual à média simples do grupo,Abaixo da média simples do grupo
5208004,Centro-Oeste,Média Renda e Médio Dinamismo,1,2869451.0,125705.0,114835.0,1593425676.4378223,630945779.6717169,76266415.81063461,3667316.981048584,0,22826.8644843085,79933732.7916832,0.12668875102591695,3,2,3,QPIB3,QPIBPC2,QPOP3,QPIB3_QPOP3,QPIBPC2_QPOP3,Abaixo da média simples do grupo,Abaixo da média simples do grupo
5208400,Centro-Oeste,Média Renda e Alto Dinamismo,1,262181.0,11217.0,13883.0,144062625.58562648,49056134.98444939,6519356.709726563,3900467.9609375,0,23373.54016225372,10419824.670664063,0.21240614805807895,1,2,1,QPIB1,QPIBPC2,QPOP1,QPIB1_QPOP1,QPIBPC2_QPOP1,Abaixo da média simples do grupo,Abaixo da média simples do grupo
5208608,Centro-Oeste,Média Renda e Médio Dinamismo,1,1675022.0,72045.0,72848.0,1662228208.7412903,416967188.79795986,36451006.21314621,4565613.272277832,0,23249.663404816434,41016619.48542404,0.09836893786215518,2,2,2,QPIB2,QPIBPC2,QPOP2,QPIB2_QPOP2,QPIBPC2_QPOP2,Abaixo da média simples do grupo,Abaixo da média simples do grupo
5208707,Centro-Oeste,Alta Renda,1,51156541.0,1555626.0,1434577.0,49171804642.51533,20237838062.5937,61145883.17272949,7821646.798126221,0,32884.85857140469,68967529.97085571,0.003407850668512404,4,3,4,QPIB4,QPIBPC3,QPOP4,QPIB4_QPOP4,QPIBPC3_QPOP4,Abaixo da média simples do grupo,Abaixo da média simples do grupo
5208806,Centro-Oeste,Média Renda e Médio Dinamismo,1,967898.0,46278.0,71855.0,430369755.39829063,194609670.18102413,4877574.0018081665,3948618.1657886505,0,20914.862353602144,8826192.167596817,0.045353307260563025,1,2,2,QPIB1,QPIBPC2,QPOP2,QPIB1_QPOP2,QPIBPC2_QPOP2,Abaixo da média simples do grupo,Abaixo da média simples do grupo
5209200,Centro-Oeste,Média Renda e Alto Dinamismo,1,314856.0,14206.0,19514.0,106517292.33099747,21024787.09464264,7267907.266906738,13199562.160736084,0,22163.592848092354,20467469.427642822,0.9734923514568274,1,2,1,QPIB1,QPIBPC2,QPOP1,QPIB1_QPOP1,QPIBPC2_QPOP1,Abaixo da média simples do grupo,Abaixo da média simples do grupo
5209705,Centro-Oeste,Média Renda e Alto Dinamismo,1,1094376.0,22533.0,27584.0,482557214.02951294,208769232.0464125,14664352.976608276,726860.2015991211,0,48567.70070563174,15391213.178207397,0.07372357040996205,2,4,1,QPIB2,QPIBPC4,QPOP1,QPIB2_QPOP1,QPIBPC4_QPOP1,Abaixo da média simples do grupo,Abaixo da média simples do grupo
5210000,Centro-Oeste,Média Renda e Médio Dinamismo,1,1273314.0,53655.0,51817.0,792888908.9257839,339367620.6846037,25388991.39422226,0.0,0,23731.50684931507,25388991.39422226,0.07481265108028055,2,2,2,QPIB2,QPIBPC2,QPOP2,QPIB2_QPOP2,QPIBPC2_QPOP2,Abaixo da média simples do grupo,Abaixo da média simples do grupo
5212501,Centro-Oeste,Média Renda e Médio Dinamismo,1,4931984.0,214645.0,207998.0,1997435439.7098372,836626202.7631328,125833249.10955283,2225673.0147094727,0,22977.399892846326,128058922.1242623,0.15306587541882022,3,2,3,QPIB3,QPIBPC2,QPOP3,QPIB3_QPOP3,QPIBPC2_QPOP3,Abaixo da média simples do grupo,Abaixo da média simples do grupo
5213053,Centro-Oeste,Média Renda e Alto Dinamismo,1,242966.0,2575.0,2607.0,24719167.72314453,4976981.926025391,17453451.045417786,495650.64752197266,0,94355.7281553398,17949101.69293976,3.606422920501518,1,4,1,QPIB1,QPIBPC4,QPOP1,QPIB1_QPOP1,QPIBPC4_QPOP1,Acima ou igual à média simples do grupo,Acima ou igual à média simples do grupo
5214507,Centro-Oeste,Média Renda e Médio Dinamismo,1,883709.0,30931.0,31895.0,573799949.3233068,339434442.77408886,4164164.2693252563,0.0,0,28570.333969157156,4164164.2693252563,0.01226794851840278,1,3,1,QPIB1,QPIBPC3,QPOP1,QPIB1_QPOP1,QPIBPC3_QPOP1,Abaixo da média simples do grupo,Abaixo da média simples do grupo
5214606,Centro-Oeste,Média Renda e Baixo Dinamismo,1,1163279.0,47064.0,34716.0,506074761.59337366,178991742.0588443,66636587.20336342,14128343.960601807,0,24716.959884412714,80764931.16396523,0.45122154930149466,2,2,2,QPIB2,QPIBPC2,QPOP2,QPIB2_QPOP2,QPIBPC2_QPOP2,Acima ou igual à média simples do grupo,Acima ou igual à média simples do grupo
5215009,Centro-Oeste,Média Renda e Baixo Dinamismo,1,176493.0,10193.0,9436.0,173583047.76429725,100728272.63060093,3014438.204849243,3453751.587158203,0,17315.118218385167,6468189.792007446,0.0642142431621768,1,2,1,QPIB1,QPIBPC2,QPOP1,QPIB1_QPOP1,QPIBPC2_QPOP1,Abaixo da média simples do grupo,Abaixo da média simples do grupo
5215231,Centro-Oeste,Média Renda e Baixo Dinamismo,1,1059106.0,119649.0,103532.0,274823967.0426325,60351361.98528839,886827.2569732666,6941.570068359375,0,8851.774774548889,893768.827041626,0.014809422648315649,2,1,2,QPIB2,QPIBPC1,QPOP2,QPIB2_QPOP2,QPIBPC1_QPOP2,Abaixo da média simples do grupo,Abaixo da média simples do grupo
5215603,Centro-Oeste,Média Renda e Alto Dinamismo,1,994853.0,35011.0,34770.0,233989599.6521331,36720969.39575958,69588945.35351467,25862544.377052307,0,28415.440861443545,95451489.73056698,2.5993728188883107,2,3,1,QPIB2,QPIBPC3,QPOP1,QPIB2_QPOP1,QPIBPC3_QPOP1,Acima ou igual à média simples do grupo,Acima ou igual à média simples do grupo
5217302,Centro-Oeste,Média Renda e Médio Dinamismo,1,596899.0,25218.0,26582.0,321179973.0618799,172598799.42721128,9910425.571868896,1752785.2126731873,0,23669.56142437941,11663210.784542084,0.06757411304857144,1,2,1,QPIB1,QPIBPC2,QPOP1,QPIB1_QPOP1,QPIBPC2_QPOP1,Abaixo da média simples do grupo,Abaixo da média simples do grupo
5217609,Centro-Oeste,Média Renda e Médio Dinamismo,1,1328658.0,91345.0,104124.0,455541044.60664904,150684313.69440937,18249504.309417725,2556994.546218872,0,14545.492364114072,20806498.855636597,0.13808005853769603,2,1,2,QPIB2,QPIBPC1,QPOP2,QPIB2_QPOP2,QPIBPC1_QPOP2,Abaixo da média simples do grupo,Abaixo da média simples do grupo
5219100,Centro-Oeste,Média Renda e Baixo Dinamismo,1,139751.0,6701.0,6149.0,56405322.105826415,22510183.24371338,2545250.7548828125,7881753.389801025,0,20855.245485748397,10427004.144683838,0.4632127616107204,1,2,1,QPIB1,QPIBPC2,QPOP1,QPIB1_QPOP1,QPIBPC2_QPOP1,Abaixo da média simples do grupo,Abaixo da média simples do grupo
5219738,Centro-Oeste,Alta Renda,1,139041.0,6593.0,7382.0,299409826.48867404,231850328.2602446,3212415.7793884277,0.0,0,21089.185499772488,3212415.7793884277,0.01385555846952519,1,2,1,QPIB1,QPIBPC2,QPOP1,QPIB1_QPOP1,QPIBPC2_QPOP1,Abaixo da média simples do grupo,Abaixo da média simples do grupo
5219753,Centro-Oeste,Média Renda e Médio Dinamismo,1,765823.0,76871.0,71881.0,220640621.04102165,43171853.71084321,3726091.3483428955,150621.0791015625,0,9962.443574299801,3876712.427444458,0.08979721958222905,1,1,2,QPIB1,QPIBPC1,QPOP2,QPIB1_QPOP2,QPIBPC1_QPOP2,Abaixo da média simples do grupo,Abaixo da média simples do grupo
5220009,Centro-Oeste,Média Renda e Alto Dinamismo,1,541761.0,14423.0,14004.0,117145119.5757736,40379641.105540276,41784919.627753615,11448.0,0,37562.296332247104,41796367.627753615,1.0350851687490348,1,3,1,QPIB1,QPIBPC3,QPOP1,QPIB1_QPOP1,QPIBPC3_QPOP1,Abaixo da média simples do grupo,Acima ou igual à média simples do grupo
5220454,Centro-Oeste,Média Renda e Alto Dinamismo,1,3907779.0,121447.0,155439.0,1610718009.445535,620311819.4963852,4524081.957633972,228890.09118652344,0,32176.82610521462,4752972.048820496,0.007662230348406561,3,3,2,QPIB3,QPIBPC3,QPOP2,QPIB3_QPOP2,QPIBPC3_QPOP2,Abaixo da média simples do grupo,Abaixo da média simples do grupo
5220686,Centro-Oeste,Média Renda e Alto Dinamismo,1,151736.0,6895.0,5727.0,33748662.472099304,10738841.061965942,7394015.8003845215,0.0,0,22006.671501087745,7394015.8003845215,0.6885301456385379,1,2,1,QPIB1,QPIBPC2,QPOP1,QPIB1_QPOP1,QPIBPC2_QPOP1,Abaixo da média simples do grupo,Abaixo da média simples do grupo
5221197,Centro-Oeste,Média Renda e Médio Dinamismo,1,187742.0,8326.0,7934.0,67640362.50518417,36630393.42568588,4005792.7608413696,0.0,0,22548.88301705501,4005792.7608413696,0.1093570771760381,1,2,1,QPIB1,QPIBPC2,QPOP1,QPIB1_QPOP1,QPIBPC2_QPOP1,Abaixo da média simples do grupo,Abaixo da média simples do grupo
5221403,Centro-Oeste,Média Renda e Médio Dinamismo,1,2312534.0,132006.0,141528.0,1458517996.7337806,569238004.5116111,16535408.73286438,0.0,0,17518.400678757025,16535408.73286438,0.029048321794767126,2,2,3,QPIB2,QPIBPC2,QPOP3,QPIB2_QPOP3,QPIBPC2_QPOP3,Abaixo da média simples do grupo,Abaixo da média simples do grupo
5221858,Centro-Oeste,Média Renda e Médio Dinamismo,1,2651366.0,175720.0,198531.0,1178412544.4318192,302414396.96581846,0.0,0.0,0,15088.584111085818,0.0,0.0,2,1,3,QPIB2,QPIBPC1,QPOP3,QPIB2_QPOP3,QPIBPC1_QPOP3,Abaixo da média simples do grupo,Abaixo da média simples do grupo
5222203,Centro-Oeste,Média Renda e Baixo Dinamismo,1,165706.0,6451.0,4183.0,88626185.07572746,9751974.611385345,46390642.939538956,0.0,0,25686.870252674005,46390642.939538956,4.757051242255931,1,3,1,QPIB1,QPIBPC3,QPOP1,QPIB1_QPOP1,QPIBPC3_QPOP1,Acima ou igual à média simples do grupo,Acima ou igual à média simples do grupo
5222302,Centro-Oeste,Média Renda e Médio Dinamismo,1,295148.0,5941.0,5803.0,107815874.36543846,52253999.72989464,22377813.318473816,286714.98681640625,0,49679.851876788416,22664528.305290222,0.43373767410045344,1,4,1,QPIB1,QPIBPC4,QPOP1,QPIB1_QPOP1,QPIBPC4_QPOP1,Abaixo da média simples do grupo,Abaixo da média simples do grupo
5300108,Centro-Oeste,Alta Renda,1,257028382.0,3094325.0,2791115.0,130208753593.12816,53495191800.41715,122713445.98069715,45702335.69069672,0,83064.44281062913,168415781.67139387,0.0031482414774720103,4,4,4,QPIB4,QPIBPC4,QPOP4,QPIB4_QPOP4,QPIBPC4_QPOP4,Abaixo da média simples do grupo,Abaixo da média simples do grupo
SEM_TIPO,Sem região,Sem correspondência territorial,1,0.0,0.0,0.0,48190178.96970081,2720914.2556152344,25068856.66670704,0.0,1,,25068856.66670704,9.21339458418128,,,,,,,,,,
