cnae_subclasse_key,descricao,nivel,secao,divisao,grupo,classe,subclasse,e_obj4_original,com_agr_original,com_min_original,e_obj4_ajustado,com_agr_ajustado,com_min_ajustado,excluir_obj4,classificacao,q_salario,q_vinculos,rank_salario,rank_vinculos,rank_massa,salario_relativo,vinculos,massa_salarial_rais_2024,remuneracao,indice,e_obj4,com_agr,com_min
,,,,,,,,0,0,0,0,0,0,0,,,,,,,,,,,,0,0,0
002053971523348,632,Alta remuneração e alto emprego,.0206183726968343,F,42,422,42219,3,1,543,3,1,543,0,,,,,,,,4221901.0,,,,3,1,543
005629133038202,345,Baixa remuneração e alto emprego,.0180557151629234,C,15,153,15394,4,1,1133,4,1,1133,0,,,,,,,,1539400.0,,,,4,1,1133
010705524923338,207,Alta remuneração e alto emprego,.0371898818787158,C,22,221,22196,4,1,512,4,1,512,0,,,,,,,,2219600.0,,,,4,1,512
1011201,Frigorífico - abate de bovinos,Subclasse,C,10,101,10112,1011201,0,0,0,0,0,0,0,Baixa remuneração e alto emprego,2.0,4.0,769.0,62.0,81.0,8789761362539812.0,241902.0,59124947392.0,2444169431918711.0,6793092986965.0,0,0,0
1011202,Frigorífico - abate de equinos,Subclasse,C,10,101,10112,1011202,0,0,0,0,0,0,0,Baixa remuneração e baixo emprego,3.0,1.0,603.0,1240.0,1236.0,9902551275663044.0,268.0,7379656.0,2753602985074627.0,142848890753201.0,0,0,0
1011203,Frigorífico - abate de ovinos e caprinos,Subclasse,C,10,101,10112,1011203,0,0,0,0,0,0,0,Baixa remuneração e baixo emprego,2.0,1.0,980.0,1208.0,1223.0,7424156648938409.0,467.0,96409145.0,2064435653104925.0,76836873543482.0,0,0,0
1011205,"Matadouro - abate de reses sob contrato, exceto abate de suínos",Subclasse,C,10,101,10112,1011205,0,0,0,0,0,0,0,Baixa remuneração e baixo emprego,1.0,2.0,1109.0,851.0,960.0,6702426344841175.0,5623.0,1047983289.0,1863744067223902.0,68105829675098.0,0,0,0
1012101,Abate de aves,Subclasse,C,10,101,10121,1012101,0,0,0,0,0,0,0,Baixa remuneração e alto emprego,2.0,4.0,871.0,35.0,44.0,8114022248531805.0,402819.0,90886706313.0,2256266618828804.0,1001748469693463.0,0,0,0
1012102,Abate de pequenos animais,Subclasse,C,10,101,10121,1012102,0,0,0,0,0,0,0,Baixa remuneração e baixo emprego,1.0,1.0,1125.0,993.0,1073.0,6616885329379355.0,2728.0,501940453.0,183995767228739.0,59811996468452.0,0,0,0
1012103,Frigorífico - abate de suínos,Subclasse,C,10,101,10121,1012103,0,0,0,0,0,0,0,Baixa remuneração e alto emprego,2.0,4.0,778.0,83.0,109.0,8720865620935202.0,185935.0,45089452984.0,2425011589211284.0,544578567931892.0,0,0,0
1012104,Matadouro - abate de suínos sob contrato,Subclasse,C,10,101,10121,1012104,0,0,0,0,0,0,0,Baixa remuneração e baixo emprego,1.0,1.0,1177.0,1246.0,1266.0,6292995777821564.0,217.0,37972693.0,1749893686635945.0,45979985137083.0,0,0,0
1013901,Fabricação de produtos de carne,Subclasse,C,10,101,10139,1013901,0,0,0,0,0,0,0,Baixa remuneração e alto emprego,2.0,4.0,814.0,150.0,184.0,8431717766181782.0,108438.0,25424462715.0,2344608229126321.0,351718237944859.0,0,0,0
1013902,Preparação de subprodutos do abate,Subclasse,C,10,101,10139,1013902,0,0,0,0,0,0,0,Baixa remuneração e alto emprego,2.0,3.0,665.0,493.0,525.0,943046292546094.0,21872.0,5735558757.0,2622329351225311.0,182684856169926.0,0,0,0
1020101,"Preservação de peixes, crustáceos e moluscos",Subclasse,C,10,102,10201,1020101,0,0,0,0,0,0,0,Baixa remuneração e alto emprego,1.0,3.0,991.0,518.0,626.0,735850701261778.0,20612.0,4217587154.0,2046180455074714.0,118410695222728.0,0,0,0
1020102,"Fabricação de conservas de peixes, crustáceos e moluscos",Subclasse,C,10,102,10201,1020102,0,0,0,0,0,0,0,Baixa remuneração e alto emprego,2.0,3.0,939.0,454.0,547.0,7665371281175524.0,24848.0,5296376593.0,2131510219333548.0,136763676455741.0,0,0,0
1031700,Fabricação de conservas de frutas,Subclasse,C,10,103,10317,1031700,0,0,0,0,0,0,0,Baixa remuneração e alto emprego,1.0,4.0,1015.0,290.0,399.0,7210372112486527.0,47345.0,9492618409.0,200498857513993.0,171009415427708.0,0,0,0
1032501,Fabricação de conservas de palmito,Subclasse,C,10,103,10325,1032501,0,0,0,0,0,0,0,Baixa remuneração e baixo emprego,1.0,1.0,1146.0,1005.0,1082.0,6487359115072069.0,2543.0,458742021.0,1803940310656705.0,55920463795109.0,0,0,0
1032599,"Fabricação de conservas de legumes e outros vegetais, exceto palmito",Subclasse,C,10,103,10325,1032599,0,0,0,0,0,0,0,Baixa remuneração e alto emprego,2.0,3.0,875.0,600.0,700.0,8086083054743863.0,14698.0,3304841722.0,2248497565655191.0,126605235727566.0,0,0,0
1033301,"Fabricação de sucos concentrados de frutas, hortaliças e legumes",Subclasse,C,10,103,10333,1033301,0,0,0,0,0,0,0,Alta remuneração e alto emprego,3.0,3.0,402.0,473.0,441.0,1264125504004959.0,23167.0,8143558415000001.0,3515154493460526.0,313405331343048.0,0,0,0
1033302,"Fabricação de sucos de frutas, hortaliças e legumes, exceto concentrados",Subclasse,C,10,103,10333,1033302,0,0,0,0,0,0,0,Baixa remuneração e baixo emprego,2.0,2.0,709.0,731.0,777.0,9144840325782002.0,9567.0,2432798418.0,2542906259015365.0,14477285397801.0,0,0,0
1041400,"Fabricação de óleos vegetais em bruto, exceto óleo de milho",Subclasse,C,10,104,10414,1041400,0,0,0,0,0,0,0,Alta remuneração e alto emprego,4.0,4.0,327.0,316.0,255.0,141021586468476.0,41405.0,16236507183.0,3921388040816327.0,43032074633352.0,0,0,0
1042200,"Fabricação de óleos vegetais refinados, exceto óleo de milho",Subclasse,C,10,104,10422,1042200,0,0,0,0,0,0,0,Alta remuneração e alto emprego,4.0,3.0,86.0,642.0,410.0,2635260461591534.0,12429.0,9107809914.0,7327870234129858.0,836787785841338.0,0,0,0
1043100,Fabricação de margarina e outras gorduras vegetais e de óleos não comestíveis de animais,Subclasse,C,10,104,10431,1043100,0,0,0,0,0,0,0,Alta remuneração e baixo emprego,4.0,2.0,295.0,882.0,825.0,1501411990091319.0,4665.0,1947626844.0,417497715755627.0,353880322610305.0,0,0,0
1051100,Preparação do leite,Subclasse,C,10,105,10511,1051100,0,0,0,0,0,0,0,Baixa remuneração e alto emprego,3.0,3.0,645.0,515.0,536.0,9539445904720404.0,20673.0,5483790794.0,2652634254341411.0,18299223412899.0,0,0,0
1052000,Fabricação de laticínios,Subclasse,C,10,105,10520,1052000,0,0,0,0,0,0,0,Baixa remuneração e alto emprego,3.0,4.0,604.0,120.0,128.0,990035668532217.0,135960.0,37429689228.0,275299273521624.0,481057024178614.0,0,0,0
1053800,Fabricação de sorvetes e outros gelados comestíveis,Subclasse,C,10,105,10538,1053800,0,0,0,0,0,0,0,Baixa remuneração e alto emprego,1.0,4.0,993.0,274.0,380.0,7356907663642559.0,50358.0,10301915959.0,2045735724016045.0,18234607945174.0,0,0,0
1061901,Beneficiamento de arroz,Subclasse,C,10,106,10619,1061901,0,0,0,0,0,0,0,Alta remuneração e alto emprego,3.0,3.0,562.0,387.0,406.0,1047426070360034.0,31806.0,9263746406.0,2912578257561467.0,244906433406762.0,0,0,0
1061902,Fabricação de produtos do arroz,Subclasse,C,10,106,10619,1061902,0,0,0,0,0,0,0,Baixa remuneração e baixo emprego,2.0,1.0,809.0,1127.0,1147.0,8476639262469275.0,1094.0,257866691.0,2357099552102377.0,106523473894257.0,0,0,0
1062700,Moagem de trigo e fabricação de derivados,Subclasse,C,10,106,10627,1062700,0,0,0,0,0,0,0,Alta remuneração e alto emprego,3.0,3.0,397.0,356.0,317.0,1268356266451213.0,35492.0,12517740833.0,3526918976952553.0,35051282126583.0,0,0,0
1063500,Fabricação de farinha de mandioca e derivados,Subclasse,C,10,106,10635,1063500,0,0,0,0,0,0,0,Baixa remuneração e baixo emprego,2.0,2.0,898.0,815.0,898.0,794534532639855.0,6670.0,1473644866.0,2209362617691154.0,104656217260986.0,0,0,0
1064300,"Fabricação de farinha de milho e derivados, exceto óleos de milho",Subclasse,C,10,106,10643,1064300,0,0,0,0,0,0,0,Baixa remuneração e alto emprego,2.0,3.0,759.0,614.0,689.0,8847469029750928.0,13970.0,343692204.0,2460216206156048.0,146782055134663.0,0,0,0
1065101,Fabricação de amidos e féculas de vegetais,Subclasse,C,10,106,10651,1065101,0,0,0,0,0,0,0,Alta remuneração e alto emprego,3.0,3.0,348.0,630.0,568.0,1362195111931053.0,13182.0,4993152711.0,3787856706873009.0,324565929771751.0,0,0,0
1065102,Fabricação de óleo de milho em bruto,Subclasse,C,10,106,10651,1065102,0,0,0,0,0,0,0,Alta remuneração e baixo emprego,3.0,1.0,355.0,1267.0,1261.0,134163922554675.0,121.0,45141433.0,3730696942148761.0,277504399035216.0,0,0,0
1065103,,,INDÚSTRIAS DE TRANSFORMAÇÃO,FABRICAÇÃO DE PRODUTOS ALIMENTÍCIOS,"Moagem, fabricação de produtos amiláceos e de alimentos para animais",Fabricação de amidos e féculas de vegetais e de óleos de milho,Fabricação de óleo de milho refinado,0,0,0,0,0,0,0,,,,,,,,,,,,0,0,0
1066000,Fabricação de alimentos para animais,Subclasse,C,10,106,10660,1066000,0,0,0,0,0,0,0,Alta remuneração e alto emprego,3.0,4.0,513.0,140.0,135.0,1103956703588419.0,115069.0,35323571174.0,3069773020883122.0,489543005344089.0,0,0,0
1069400,Moagem e fabricação de produtos de origem vegetal não especificados anteriormente,Subclasse,C,10,106,10694,1069400,0,0,0,0,0,0,0,Alta remuneração e alto emprego,3.0,3.0,573.0,416.0,431.0,1030489980993753.0,28934.0,8290991592.0,2865484064422479.0,230305159543186.0,0,0,0
1071600,Fabricação de açúcar em bruto,Subclasse,C,10,107,10716,1071600,0,0,0,0,0,0,0,Alta remuneração e alto emprego,3.0,4.0,439.0,37.0,27.0,1194640378732333.0,368094.0,122278513951.0,3321937166892153.0,12390691751784.0,0,0,0
1072401,Fabricação de açúcar de cana refinado,Subclasse,C,10,107,10724,1072401,0,0,0,0,0,0,0,Baixa remuneração e baixo emprego,3.0,2.0,638.0,799.0,833.0,9593398383344564.0,7054.0,1881751015.0,2667636823079104.0,151197789364917.0,0,0,0
1081301,Beneficiamento de café,Subclasse,C,10,108,10813,1081301,0,0,0,0,0,0,0,Baixa remuneração e baixo emprego,2.0,1.0,828.0,1104.0,1126.0,8354398374817005.0,1385.0,321750461.0,232310802166065.0,103897768227258.0,0,0,0
1081302,Torrefação e moagem de café,Subclasse,C,10,108,10813,1081302,0,0,0,0,0,0,0,Alta remuneração e alto emprego,3.0,3.0,501.0,521.0,499.0,1125894099336836.0,20414.0,6391162757.0,3130774349466053.0,248181467506859.0,0,0,0
1082100,Fabricação de produtos à base de café,Subclasse,C,10,108,10821,1082100,0,0,0,0,0,0,0,Alta remuneração e baixo emprego,4.0,2.0,274.0,939.0,885.0,1551318949224133.0,3551.0,1531813856.0,4313753466629119.0,369910289539002.0,0,0,0
1091100,,,,,,,,0,0,0,0,0,0,0,,,,,,,,,,,,0,0,0
1091101,Fabricação de produtos de panificação industrial,Subclasse,C,10,109,10911,1091101,0,0,0,0,0,0,0,Baixa remuneração e alto emprego,2.0,4.0,884.0,113.0,149.0,8008384942153998.0,141611.0,31535240969.0,2226892047157354.0,408472568398539.0,0,0,0
1091102,Fabricação de produtos de padaria e confeitaria com predominância de produção própria,Subclasse,C,10,109,10911,1091102,0,0,0,0,0,0,0,Baixa remuneração e alto emprego,1.0,4.0,1252.0,46.0,95.0,5838958650338201.0,302571.0,49126624449.0,162363955729399.0,622462750895726.0,0,0,0
1092900,Fabricação de biscoitos e bolachas,Subclasse,C,10,109,10929,1092900,0,0,0,0,0,0,0,Baixa remuneração e alto emprego,2.0,4.0,698.0,225.0,262.0,9213836158010866.0,62417.0,15991809224.0,2562091933928257.0,273580921060004.0,0,0,0
1093701,Fabricação de produtos derivados do cacau e de chocolates,Subclasse,C,10,109,10937,1093701,0,0,0,0,0,0,0,Alta remuneração e alto emprego,3.0,3.0,394.0,357.0,316.0,1272740605833617.0,35455.0,1254791632.0,3539110511916514.0,352314275135478.0,0,0,0
1093702,"Fabricação de frutas cristalizadas, balas e semelhantes",Subclasse,C,10,109,10937,1093702,0,0,0,0,0,0,0,Alta remuneração e alto emprego,3.0,3.0,576.0,527.0,522.0,1026217605474801.0,20277.0,5786252562.0,2853603867436011.0,206481635428481.0,0,0,0
1094500,Fabricação de massas alimentícias,Subclasse,C,10,109,10945,1094500,0,0,0,0,0,0,0,Baixa remuneração e alto emprego,2.0,4.0,808.0,243.0,299.0,8482948798822981.0,57752.0,13622853882.0,2358854045227871.0,237139811900822.0,0,0,0
1095300,"Fabricação de especiarias, molhos, temperos e condimentos",Subclasse,C,10,109,10953,1095300,0,0,0,0,0,0,0,Baixa remuneração e alto emprego,3.0,3.0,647.0,458.0,496.0,9526968646294380.0,24462.0,6480386695.0,2649164702395552.0,191878920597251.0,0,0,0
1096100,Fabricação de alimentos e pratos prontos,Subclasse,C,10,109,10961,1096100,0,0,0,0,0,0,0,Baixa remuneração e alto emprego,1.0,3.0,1140.0,377.0,514.0,6538843125051874.0,33610.0,6111160003.0,1818256472180899.0,120723753438042.0,0,0,0
1099601,Fabricação de vinagres,Subclasse,C,10,109,10996,1099601,0,0,0,0,0,0,0,Alta remuneração e baixo emprego,3.0,1.0,583.0,1044.0,1060.0,1020110469175969.0,1977.0,56080012.0,2836621750126454.0,157589135403025.0,0,0,0
1099602,Fabricação de pós-alimentícios,Subclasse,C,10,109,10996,1099602,0,0,0,0,0,0,0,Alta remuneração e baixo emprego,3.0,2.0,351.0,761.0,715.0,1358726593955336.0,8414.0,3178987406.0,3778211797004992.0,308911233541581.0,0,0,0
1099603,Fabricação de fermentos e leveduras,Subclasse,C,10,109,10996,1099603,0,0,0,0,0,0,0,Alta remuneração e baixo emprego,4.0,1.0,293.0,1021.0,982.0,1510465906498011.0,2258.0,948394635.0,4200153387953941.0,349760229070044.0,0,0,0
1099604,Fabricação de gelo comum,Subclasse,C,10,109,10996,1099604,0,0,0,0,0,0,0,Baixa remuneração e baixo emprego,1.0,2.0,1111.0,665.0,797.0,6692346775028164.0,11808.0,2197399417.0,1860941240684282.0,80579497790036.0,0,0,0
1099605,"Fabricação de produtos para infusão (chá, mate, etc.)",Subclasse,C,10,109,10996,1099605,0,0,0,0,0,0,0,Baixa remuneração e baixo emprego,2.0,2.0,891.0,866.0,946.0,7967635787213306.0,5122.0,1134810307.0,221556092737212.0,101816180007426.0,0,0,0
1099606,Fabricação de adoçantes naturais e artificiais,Subclasse,C,10,109,10996,1099606,0,0,0,0,0,0,0,Baixa remuneração e baixo emprego,3.0,1.0,633.0,1172.0,1173.0,9646781771964242.0,690.0,185091199.0,2682481144927536.0,137029731912217.0,0,0,0
1099607,Fabricação de alimentos dietéticos e complementos alimentares,Subclasse,C,10,109,10996,1099607,0,0,0,0,0,0,0,Alta remuneração e baixo emprego,3.0,2.0,496.0,728.0,726.0,1129612923920783.0,9667.0,3036516148.0,3141115287059067.0,220916404073454.0,0,0,0
1099699,Fabricação de outros produtos alimentícios não especificados anteriormente,Subclasse,C,10,109,10996,1099699,0,0,0,0,0,0,0,Alta remuneração e alto emprego,3.0,4.0,545.0,130.0,132.0,1062814007563344.0,121868.0,36016472687.0,2955367503118128.0,4848535701364.0,0,0,0
1111901,Fabricação de aguardente de cana-de-açúcar,Subclasse,C,11,111,11119,1111901,0,0,0,0,0,0,0,Alta remuneração e baixo emprego,3.0,2.0,580.0,750.0,767.0,1023234958808346.0,8916.0,2536878414.0,2845310020188425.0,176415869435155.0,0,0,0
1111902,Fabricação de outras aguardentes e bebidas destiladas,Subclasse,C,11,111,11119,1111902,0,0,0,0,0,0,0,Alta remuneração e baixo emprego,3.0,2.0,356.0,869.0,831.0,1341276775304735.0,5068.0,1890206424.0,37296890765588.0,292032296896012.0,0,0,0
1112700,Fabricação de vinho,Subclasse,C,11,111,11127,1112700,0,0,0,0,0,0,0,Alta remuneração e baixo emprego,3.0,2.0,531.0,699.0,713.0,1085119930023708.0,10570.0,3189385029.0,3017393594134342.0,205467467103285.0,0,0,0
111301,Cultivo de arroz,Subclasse,A,01,011,01113,0111301,0,0,0,0,0,0,0,Baixa remuneração e alto emprego,3.0,3.0,652.0,420.0,460.0,9510765380749104.0,28515.0,7541245308.0,2644659059442399.0,201283289086415.0,0,0,0
111302,Cultivo de milho,Subclasse,A,01,011,01113,0111302,0,0,0,0,0,0,0,Baixa remuneração e alto emprego,2.0,4.0,715.0,218.0,245.0,9118240084432272.0,66606.0,16888014765.0,2535509528420863.0,28022172795437.0,0,0,0
111303,Cultivo de trigo,Subclasse,A,01,011,01113,0111303,0,0,0,0,0,0,0,Alta remuneração e baixo emprego,3.0,1.0,587.0,1043.0,1059.0,1014797272557789.0,2001.0,564651653.0,2821847341329335.0,155577234146511.0,0,0,0
1113501,"Fabricação de malte, inclusive malte uísque",Subclasse,C,11,111,11135,1113501,0,0,0,0,0,0,0,Alta remuneração e baixo emprego,4.0,1.0,140.0,1155.0,1075.0,2146954393012609.0,830.0,495513094.0,5970037277108434.0,592496196267373.0,0,0,0
1113502,Fabricação de cervejas e chopes,Subclasse,C,11,111,11135,1113502,0,0,0,0,0,0,0,Alta remuneração e alto emprego,4.0,4.0,158.0,237.0,143.0,2014608054354845.0,58760.0,32917479741.0,5602021739448605.0,765283288510545.0,0,0,0
111399,Cultivo de outros cereais não especificados anteriormente,Subclasse,A,01,011,01113,0111399,0,0,0,0,0,0,0,Baixa remuneração e alto emprego,2.0,4.0,678.0,315.0,372.0,9360144626956940.0,41544.0,10812972357.0,2602775938041594.0,228207202363516.0,0,0,0
112101,Cultivo de algodão herbáceo,Subclasse,A,01,011,01121,0112101,0,0,0,0,0,0,0,Alta remuneração e alto emprego,3.0,3.0,426.0,486.0,461.0,1219033040287335.0,22195.0,7523585314.0,3389765854471728.0,291809107133744.0,0,0,0
112102,Cultivo de juta,Subclasse,A,01,011,01121,0112102,0,0,0,0,0,0,0,Baixa remuneração e baixo emprego,2.0,1.0,736.0,1282.0,1284.0,8991847147843582.0,64.0,16002326.0,25003634375.0,117950710740994.0,0,0,0
1121600,Fabricação de águas envasadas,Subclasse,C,11,112,11216,1121600,0,0,0,0,0,0,0,Baixa remuneração e alto emprego,2.0,3.0,979.0,351.0,466.0,7428671266398709.0,35933.0,7422647589.0,2065691033033702.0,153586351993569.0,0,0,0
112199,Cultivo de outras fibras de lavoura temporária não especificadas anteriormente,Subclasse,A,01,011,01121,0112199,0,0,0,0,0,0,0,Baixa remuneração e baixo emprego,2.0,1.0,985.0,1049.0,1100.0,7394194552027578.0,1909.0,392510271.0,2056104091147197.0,79141756707108.0,0,0,0
1122401,Fabricação de refrigerantes,Subclasse,C,11,112,11224,1122401,0,0,0,0,0,0,0,Alta remuneração e alto emprego,3.0,4.0,450.0,242.0,228.0,117923351838203.0,57800.0,18953170844.0,3279095301730104.0,373018731076603.0,0,0,0
1122402,Fabricação de chá mate e outros chás prontos para consumo,Subclasse,C,11,112,11224,1122402,0,0,0,0,0,0,0,Baixa remuneração e baixo emprego,2.0,1.0,784.0,1230.0,1233.0,8696857275656116.0,315.0,76177571.0,2418335587301587.0,110635694564075.0,0,0,0
1122403,"Fabricação de refrescos, xaropes e pós para refrescos, exceto refrescos de frutas",Subclasse,C,11,112,11224,1122403,0,0,0,0,0,0,0,Alta remuneração e baixo emprego,3.0,2.0,511.0,725.0,727.0,1110016806762895.0,9786.0,3020570592.0,3086624353157572.0,213385764785391.0,0,0,0
1122404,,,INDÚSTRIAS DE TRANSFORMAÇÃO,FABRICAÇÃO DE BEBIDAS,Fabricação de bebidas não alcoólicas,Fabricação de refrigerantes e de outras bebidas não alcoólicas,Fabricação de bebidas isotônicas,0,0,0,0,0,0,0,,,,,,,,,,,,0,0,0
1122499,Fabricação de outras bebidas não alcoólicas não especificadas anteriormente,Subclasse,C,11,112,11224,1122499,0,0,0,0,0,0,0,Alta remuneração e baixo emprego,3.0,2.0,522.0,941.0,957.0,1095359330303782.0,3511.0,1069403658.0,3045866300199373.0,190982938134242.0,0,0,0
113000,Cultivo de cana-de-açúcar,Subclasse,A,01,011,01130,0113000,0,0,0,0,0,0,0,Baixa remuneração e alto emprego,3.0,4.0,626.0,86.0,94.0,9736922223372096.0,182598.0,49439257677.0,270754650527388.0,588933478578289.0,0,0,0
114800,Cultivo de fumo,Subclasse,A,01,011,01148,0114800,0,0,0,0,0,0,0,Baixa remuneração e baixo emprego,1.0,2.0,1221.0,910.0,1028.0,6071687678811569.0,4021.0,678887357.0,1688354531211142.0,47573589955277.0,0,0,0
115600,Cultivo de soja,Subclasse,A,01,011,01156,0115600,0,0,0,0,0,0,0,Alta remuneração e alto emprego,3.0,4.0,517.0,43.0,39.0,1099969125660608.0,327562.0,100190889759.0,3058684760717055.0,1048510584086561.0,0,0,0
116401,Cultivo de amendoim,Subclasse,A,01,011,01164,0116401,0,0,0,0,0,0,0,Alta remuneração e baixo emprego,3.0,1.0,526.0,1019.0,1025.0,1088592612256098.0,2274.0,688351189.0,302705008355321.0,185081854142382.0,0,0,0
116402,Cultivo de girassol,Subclasse,A,01,011,01164,0116402,0,0,0,0,0,0,0,Alta remuneração e baixo emprego,3.0,1.0,335.0,1301.0,1292.0,1401310390336526.0,24.0,9351899000000000.0,3896624583333334.0,300336122892137.0,0,0,0
116403,Cultivo de mamona,Subclasse,A,01,011,01164,0116403,0,0,0,0,0,0,0,Baixa remuneração e baixo emprego,2.0,1.0,987.0,1317.0,1318.0,7392237882706343.0,1.0,205556.0,205556.0,74975764207296.0,0,0,0
116499,Cultivo de outras oleaginosas de lavoura temporária não especificadas anteriormente,Subclasse,A,01,011,01164,0116499,0,0,0,0,0,0,0,Baixa remuneração e baixo emprego,2.0,2.0,770.0,772.0,824.0,878871601993308.0,7990.0,1952659124.0,2443878753441802.0,131084886494047.0,0,0,0
119901,Cultivo de abacaxi,Subclasse,A,01,011,01199,0119901,0,0,0,0,0,0,0,Baixa remuneração e baixo emprego,1.0,1.0,1239.0,1185.0,1222.0,5948188982525386.0,583.0,96428972.0,1654013241852487.0,37456560253562.0,0,0,0
119902,Cultivo de alho,Subclasse,A,01,011,01199,0119902,0,0,0,0,0,0,0,Baixa remuneração e alto emprego,2.0,3.0,825.0,573.0,655.0,8364804157088729.0,16398.0,3814177355.0,2326001558116843.0,138505004902506.0,0,0,0
119903,Cultivo de batata-inglesa,Subclasse,A,01,011,01199,0119903,0,0,0,0,0,0,0,Baixa remuneração e alto emprego,2.0,3.0,747.0,452.0,509.0,8922169774459153.0,25000.0,6202470616.0,24809882464.0,174968478466665.0,0,0,0
119904,Cultivo de cebola,Subclasse,A,01,011,01199,0119904,0,0,0,0,0,0,0,Baixa remuneração e baixo emprego,1.0,2.0,1301.0,712.0,893.0,5303954746470532.0,10162.0,1498763902.0,1474870991930722.0,38118716029887.0,0,0,0
119905,Cultivo de feijão,Subclasse,A,01,011,01199,0119905,0,0,0,0,0,0,0,Baixa remuneração e baixo emprego,2.0,2.0,684.0,940.0,987.0,9321982308361336.0,3529.0,914774725.0,2592164139982998.0,135160545562739.0,0,0,0
119906,Cultivo de mandioca,Subclasse,A,01,011,01199,0119906,0,0,0,0,0,0,0,Baixa remuneração e baixo emprego,1.0,2.0,1244.0,944.0,1053.0,5909118510822657.0,3461.0,568693839.0,1643148913608783.0,42037799179375.0,0,0,0
119907,Cultivo de melão,Subclasse,A,01,011,01199,0119907,0,0,0,0,0,0,0,Baixa remuneração e alto emprego,1.0,3.0,1190.0,445.0,608.0,6254362307907232.0,25551.0,4443704402.0,1739150875503894.0,95682006743651.0,0,0,0
119908,Cultivo de melancia,Subclasse,A,01,011,01199,0119908,0,0,0,0,0,0,0,Baixa remuneração e baixo emprego,1.0,1.0,1173.0,1177.0,1209.0,6321246221040311.0,661.0,116187228.0,1757749288956127.0,47630351026199.0,0,0,0
119909,Cultivo de tomate rasteiro,Subclasse,A,01,011,01199,0119909,0,0,0,0,0,0,0,Baixa remuneração e baixo emprego,1.0,2.0,1248.0,802.0,947.0,587808693785473.0,6912.0,1129780198.0,1634519962384259.0,47929461058596.0,0,0,0
119999,Cultivo de outras plantas de lavoura temporária não especificadas anteriormente,Subclasse,A,01,011,01199,0119999,0,0,0,0,0,0,0,Baixa remuneração e alto emprego,1.0,4.0,1028.0,319.0,440.0,714581742471864.0,41014.0,8149637036.0,19870378495148.0,155432141743832.0,0,0,0
1210700,Processamento industrial do fumo,Subclasse,C,12,121,12107,1210700,0,0,0,0,0,0,0,Baixa remuneração e alto emprego,2.0,3.0,700.0,492.0,529.0,9205905690879638.0,21917.0,5610503699.0,2559886708491126.0,176120604725806.0,0,0,0
121101,"Horticultura, exceto morango",Subclasse,A,01,012,01211,0121101,0,0,0,0,0,0,0,Baixa remuneração e alto emprego,1.0,4.0,1023.0,198.0,288.0,7179477939711189.0,73331.0,14639784933.0,1996397830794616.0,225260813116984.0,0,0,0
121102,Cultivo de morango,Subclasse,A,01,012,01211,0121102,0,0,0,0,0,0,0,Baixa remuneração e baixo emprego,1.0,2.0,1264.0,873.0,1002.0,5768134841018568.0,4942.0,792669904.0,1603945576689599.0,41066981243187.0,0,0,0
1220401,Fabricação de cigarros,Subclasse,C,12,122,12204,1220401,0,0,0,0,0,0,0,Alta remuneração e baixo emprego,4.0,2.0,103.0,906.0,745.0,2488357924070225.0,4095.0,28334854.0,6919378266178266.0,73985782449338.0,0,0,0
1220402,Fabricação de cigarrilhas e charutos,Subclasse,C,12,122,12204,1220402,0,0,0,0,0,0,0,Baixa remuneração e baixo emprego,1.0,1.0,1082.0,1111.0,1151.0,6859433650335655.0,1314.0,250632767.0,1907403097412481.0,63447651994984.0,0,0,0
1220403,Fabricação de filtros para cigarros,Subclasse,C,12,122,12204,1220403,0,0,0,0,0,0,0,Alta remuneração e baixo emprego,3.0,1.0,371.0,1286.0,1279.0,130982289826937.0,57.0,20760684.0,3642225263157894.0,26498606368823.0,0,0,0
1220499,"Fabricação de outros produtos do fumo, exceto cigarros, cigarrilhas e charutos",Subclasse,C,12,122,12204,1220499,0,0,0,0,0,0,0,Baixa remuneração e baixo emprego,1.0,1.0,1071.0,1012.0,1081.0,6888066766898739.0,2415.0,462560674.0,1915365109730849.0,66518104606538.0,0,0,0
122900,Cultivo de flores e plantas ornamentais,Subclasse,A,01,012,01229,0122900,0,0,0,0,0,0,0,Baixa remuneração e alto emprego,1.0,3.0,1106.0,422.0,546.0,6721244727303619.0,28401.0,5308081282.0,1868976895883948.0,115672023213983.0,0,0,0
1311100,Preparação e fiação de fibras de algodão,Subclasse,C,13,131,13111,1311100,0,0,0,0,0,0,0,Baixa remuneração e alto emprego,2.0,3.0,761.0,385.0,447.0,8842885290076229.0,32241.0,792787363.0,2458941605409261.0,189601066539335.0,0,0,0
1312000,"Preparação e fiação de fibras têxteis naturais, exceto algodão",Subclasse,C,13,131,13120,1312000,0,0,0,0,0,0,0,Baixa remuneração e baixo emprego,1.0,2.0,1149.0,778.0,907.0,6481135057448875.0,7765.0,1399415744.0,1802209586606568.0,66369223106816.0,0,0,0
1313800,Fiação de fibras artificiais e sintéticas,Subclasse,C,13,131,13138,1313800,0,0,0,0,0,0,0,Baixa remuneração e alto emprego,2.0,3.0,671.0,610.0,669.0,9399544535295924.0,14161.0,3701305705.0,2613731872749099.0,163062578357308.0,0,0,0
1314600,Fabricação de linhas para costurar e bordar,Subclasse,C,13,131,13146,1314600,0,0,0,0,0,0,0,Baixa remuneração e baixo emprego,2.0,2.0,792.0,807.0,865.0,8633345236366032.0,6842.0,1642541692.0,2400674790996784.0,12409203688951.0,0,0,0
131800,Cultivo de laranja,Subclasse,A,01,013,01318,0131800,0,0,0,0,0,0,0,Baixa remuneração e alto emprego,2.0,4.0,868.0,139.0,180.0,8122485412191943.0,115703.0,26132910653.0,2258619971219415.0,3553057944411.0,0,0,0
1321900,Tecelagem de fios de algodão,Subclasse,C,13,132,13219,1321900,0,0,0,0,0,0,0,Baixa remuneração e alto emprego,3.0,4.0,646.0,330.0,379.0,9537861436238664.0,38879.0,10311463735.0,2652193661102394.0,227443961840041.0,0,0,0
1322700,"Tecelagem de fios de fibras têxteis naturais, exceto algodão",Subclasse,C,13,132,13227,1322700,0,0,0,0,0,0,0,Baixa remuneração e baixo emprego,1.0,1.0,1064.0,1035.0,1096.0,6954076366885272.0,2085.0,403180704.0,1933720402877698.0,67614823689583.0,0,0,0
1323500,Tecelagem de fios de fibras artificiais e sintéticas,Subclasse,C,13,132,13235,1323500,0,0,0,0,0,0,0,Baixa remuneração e alto emprego,2.0,3.0,750.0,424.0,480.0,8897732413864285.0,28231.0,6984894112.0,2474192948177536.0,181851157967375.0,0,0,0
132600,Cultivo de uva,Subclasse,A,01,013,01326,0132600,0,0,0,0,0,0,0,Baixa remuneração e alto emprego,1.0,4.0,1310.0,213.0,398.0,5034248942317742.0,67913.0,9506963508.0,1399873883939747.0,136717031617541.0,0,0,0
1330800,Fabricação de tecidos de malha,Subclasse,C,13,133,13308,1330800,0,0,0,0,0,0,0,Alta remuneração e alto emprego,3.0,3.0,594.0,347.0,387.0,1005510919141804.0,36223.0,10128040536.0,2796024773210391.0,237978683522179.0,0,0,0
133401,Cultivo de açaí,Subclasse,A,01,013,01334,0133401,0,0,0,0,0,0,0,Baixa remuneração e baixo emprego,1.0,1.0,1279.0,1054.0,1137.0,5630908654414827.0,1872.0,293115342.0,1565787083333333.0,31410833167626.0,0,0,0
133402,Cultivo de banana,Subclasse,A,01,013,01334,0133402,0,0,0,0,0,0,0,Baixa remuneração e alto emprego,1.0,3.0,1253.0,358.0,527.0,5834764202880549.0,35319.0,573041312.0,1622473207055692.0,102018795408034.0,0,0,0
133403,Cultivo de caju,Subclasse,A,01,013,01334,0133403,0,0,0,0,0,0,0,Baixa remuneração e baixo emprego,1.0,1.0,1246.0,1180.0,1218.0,5884978438912818.0,616.0,100804475.0,1636436282467532.0,35823759959414.0,0,0,0
133404,"Cultivo de cítricos, exceto laranja",Subclasse,A,01,013,01334,0133404,0,0,0,0,0,0,0,Baixa remuneração e baixo emprego,1.0,2.0,1046.0,671.0,790.0,7056139624740824.0,11689.0,2293500021.0,1962101138677389.0,9064545271454.0,0,0,0
133405,Cultivo de coco-da-baía,Subclasse,A,01,013,01334,0133405,0,0,0,0,0,0,0,Baixa remuneração e baixo emprego,1.0,2.0,1085.0,825.0,933.0,6843971601176824.0,6430.0,1223695592.0,1903103564541213.0,73682516260928.0,0,0,0
133406,Cultivo de guaraná,Subclasse,A,01,013,01334,0133406,0,0,0,0,0,0,0,Baixa remuneração e baixo emprego,1.0,1.0,1235.0,1305.0,1308.0,5987638391399197.0,17.0,2830471.0,1664982941176471.0,37402551154404.0,0,0,0
133407,Cultivo de maçã,Subclasse,A,01,013,01334,0133407,0,0,0,0,0,0,0,Baixa remuneração e alto emprego,1.0,4.0,1273.0,269.0,434.0,5675678954287655.0,52204.0,8239025109999999.0,1578236363113938.0,129507018701459.0,0,0,0
133408,Cultivo de mamão,Subclasse,A,01,013,01334,0133408,0,0,0,0,0,0,0,Baixa remuneração e baixo emprego,1.0,2.0,1278.0,674.0,842.0,5641380020103922.0,11553.0,1812317789.0,156869885657405.0,50284560459623.0,0,0,0
133409,Cultivo de maracujá,Subclasse,A,01,013,01334,0133409,0,0,0,0,0,0,0,Baixa remuneração e baixo emprego,1.0,1.0,1299.0,1152.0,1200.0,5328780187664742.0,854.0,126543517.0,1481774203747073.0,2133397625405.0,0,0,0
133410,Cultivo de manga,Subclasse,A,01,013,01334,0133410,0,0,0,0,0,0,0,Baixa remuneração e alto emprego,1.0,3.0,1292.0,451.0,661.0,5401644036632158.0,25006.0,3755989867.0,150203545829001.0,688945645346.0,0,0,0
133411,Cultivo de pêssego,Subclasse,A,01,013,01334,0133411,0,0,0,0,0,0,0,Baixa remuneração e baixo emprego,1.0,1.0,1285.0,1163.0,1204.0,5551939227227259.0,795.0,12273433.0,1543828050314465.0,2722150922367.0,0,0,0
133499,Cultivo de frutas de lavoura permanente não especificadas anteriormente,Subclasse,A,01,013,01334,0133499,0,0,0,0,0,0,0,Baixa remuneração e alto emprego,1.0,3.0,1262.0,427.0,603.0,5788518057832422.0,27887.0,4488729276.0,1609613538924947.0,86142157556272.0,0,0,0
1340501,"Estamparia e texturização em fios, tecidos, artefatos têxteis e peças do vestuário",Subclasse,C,13,134,13405,1340501,0,0,0,0,0,0,0,Baixa remuneração e alto emprego,2.0,3.0,824.0,512.0,578.0,8372590497473213.0,20815.0,4846078999.0,2328166706221475.0,148834572205301.0,0,0,0
1340502,"Alvejamento, tingimento e torção em fios, tecidos, artefatos têxteis e peças do vestuário",Subclasse,C,13,134,13405,1340502,0,0,0,0,0,0,0,Baixa remuneração e alto emprego,3.0,3.0,655.0,505.0,533.0,9500211753341066.0,21060.0,5563471611.0,2641724411680912.0,182776735490527.0,0,0,0
1340599,"Outros serviços de acabamento em fios, tecidos, artefatos têxteis e peças do vestuário",Subclasse,C,13,134,13405,1340599,0,0,0,0,0,0,0,Baixa remuneração e alto emprego,1.0,3.0,1037.0,593.0,730.0,7097350340779726.0,15179.0,2995667642.0,1973560604782924.0,99198612626302.0,0,0,0
134200,Cultivo de café,Subclasse,A,01,013,01342,0134200,0,0,0,0,0,0,0,Baixa remuneração e alto emprego,1.0,4.0,1127.0,95.0,154.0,66049052459804.0,167207.0,30709678542.0,1836626369829014.0,396647124929433.0,0,0,0
135100,Cultivo de cacau,Subclasse,A,01,013,01351,0135100,0,0,0,0,0,0,0,Baixa remuneração e baixo emprego,1.0,2.0,1309.0,686.0,875.0,514972154928921.0,10994.0,1574322504.0,1431983358195379.0,35321540470292.0,0,0,0
1351100,Fabricação de artefatos têxteis para uso doméstico,Subclasse,C,13,135,13511,1351100,0,0,0,0,0,0,0,Baixa remuneração e alto emprego,2.0,4.0,989.0,223.0,308.0,7386633155564137.0,62677.0,12873865159.0,2054001493211226.0,2098901247086.0,0,0,0
1352900,Fabricação de artefatos de tapeçaria,Subclasse,C,13,135,13529,1352900,0,0,0,0,0,0,0,Baixa remuneração e baixo emprego,2.0,2.0,677.0,705.0,752.0,9361387409744808.0,10443.0,2718439802.0,2603121518720674.0,152969164423748.0,0,0,0
1353700,Fabricação de artefatos de cordoaria,Subclasse,C,13,135,13537,1353700,0,0,0,0,0,0,0,Baixa remuneração e baixo emprego,2.0,2.0,906.0,814.0,899.0,7910990395755378.0,6677.0,146881283.0,2199809540212671.0,103721225459753.0,0,0,0
1354500,"Fabricação de tecidos especiais, inclusive artefatos",Subclasse,C,13,135,13545,1354500,0,0,0,0,0,0,0,Baixa remuneração e alto emprego,3.0,3.0,606.0,425.0,454.0,9899119725897264.0,28104.0,7736044114.0,2752648773840023.0,212144709709871.0,0,0,0
1359600,Fabricação de outros produtos têxteis não especificados anteriormente,Subclasse,C,13,135,13596,1359600,0,0,0,0,0,0,0,Baixa remuneração e alto emprego,2.0,4.0,938.0,201.0,278.0,7678289677655082.0,71821.0,15334519224.0,2135102438562537.0,240219529696349.0,0,0,0
139301,Cultivo de chá-da-índia,Subclasse,A,01,013,01393,0139301,0,0,0,0,0,0,0,Baixa remuneração e baixo emprego,2.0,1.0,960.0,1275.0,1282.0,7560542006485866.0,89.0,18711007.0,2102360337078652.0,79673385668062.0,0,0,0
139302,Cultivo de erva-mate,Subclasse,A,01,013,01393,0139302,0,0,0,0,0,0,0,Baixa remuneração e baixo emprego,1.0,1.0,1045.0,1168.0,1191.0,7060211257543874.0,740.0,145279267.0,1963233337837838.0,67646658271095.0,0,0,0
139303,Cultivo de pimenta-do-reino,Subclasse,A,01,013,01393,0139303,0,0,0,0,0,0,0,Baixa remuneração e baixo emprego,1.0,2.0,1263.0,983.0,1083.0,5773477504726475.0,2856.0,458511154.0,1605431211484594.0,37170705969177.0,0,0,0
139304,"Cultivo de plantas para condimento, exceto pimenta-do-reino",Subclasse,A,01,013,01393,0139304,0,0,0,0,0,0,0,Baixa remuneração e baixo emprego,1.0,1.0,1318.0,1211.0,1248.0,4656295102115768.0,436.0,5645224399999999.0,129477623853211.0,2505388419931.0,0,0,0
139305,Cultivo de dendê,Subclasse,A,01,013,01393,0139305,0,0,0,0,0,0,0,Baixa remuneração e alto emprego,1.0,3.0,1210.0,550.0,719.0,6176613741094429.0,18362.0,3153731023.0,1717531327197473.0,7901085431797.0,0,0,0
139306,Cultivo de seringueira,Subclasse,A,01,013,01393,0139306,0,0,0,0,0,0,0,Baixa remuneração e baixo emprego,1.0,2.0,1034.0,831.0,927.0,711254767718789.0,6318.0,1249565529.0,1977786528964862.0,80867879920181.0,0,0,0
139399,Cultivo de outras plantas de lavoura permanente não especificadas anteriormente,Subclasse,A,01,013,01393,0139399,0,0,0,0,0,0,0,Baixa remuneração e baixo emprego,1.0,2.0,1117.0,723.0,840.0,6670786059414325.0,9791.0,1816177483.0,1854945851292003.0,75815590921643.0,0,0,0
1411801,Confecção de roupas íntimas,Subclasse,C,14,141,14118,1411801,0,0,0,0,0,0,0,Baixa remuneração e alto emprego,1.0,4.0,1193.0,184.0,284.0,6246951718191206.0,85731.0,148922481.0,173709021240858.0,215923194463394.0,0,0,0
1411802,Facção de roupas íntimas,Subclasse,C,14,141,14118,1411802,0,0,0,0,0,0,0,Baixa remuneração e baixo emprego,1.0,2.0,1281.0,696.0,857.0,5620148728305057.0,10702.0,1672503284.0,1562795070080359.0,48051397415869.0,0,0,0
1412601,"Confecção de peças do vestuário, exceto roupas íntimas e as confeccionadas sob medida",Subclasse,C,14,141,14126,1412601,0,0,0,0,0,0,0,Baixa remuneração e alto emprego,1.0,4.0,1070.0,25.0,43.0,6924821402738306.0,493486.0,95024947291.0,1925585473367026.0,1095265287646426.0,0,0,0
1412602,"Confecção, sob medida, de peças do vestuário, exceto roupas íntimas",Subclasse,C,14,141,14126,1412602,0,0,0,0,0,0,0,Baixa remuneração e alto emprego,1.0,3.0,1170.0,345.0,489.0,6337748423111998.0,37199.0,6555721339.0,1762338057205839.0,121659399955543.0,0,0,0
1412603,"Facção de peças do vestuário, exceto roupas íntimas",Subclasse,C,14,141,14126,1412603,0,0,0,0,0,0,0,Baixa remuneração e alto emprego,1.0,4.0,1258.0,177.0,292.0,5810150292158763.0,88605.0,1431527912.0,1615628815529597.0,204778855067566.0,0,0,0
1413401,"Confecção de roupas profissionais, exceto sob medida",Subclasse,C,14,141,14134,1413401,0,0,0,0,0,0,0,Baixa remuneração e alto emprego,1.0,3.0,1183.0,367.0,517.0,6276823492759044.0,34388.0,6002070029.0,1745396658427358.0,114085414695882.0,0,0,0
1413402,"Confecção, sob medida, de roupas profissionais",Subclasse,C,14,141,14134,1413402,0,0,0,0,0,0,0,Baixa remuneração e baixo emprego,1.0,2.0,1206.0,748.0,882.0,6207211778412439.0,8950.0,1544805554.0,1726039725139665.0,61115425890209.0,0,0,0
1413403,Facção de roupas profissionais,Subclasse,C,14,141,14134,1413403,0,0,0,0,0,0,0,Baixa remuneração e baixo emprego,1.0,2.0,1277.0,902.0,1032.0,5641488184454446.0,4202.0,659179898.0,1568728933841028.0,36171145964468.0,0,0,0
1414200,"Fabricação de acessórios do vestuário, exceto para segurança e proteção",Subclasse,C,14,141,14142,1414200,0,0,0,0,0,0,0,Baixa remuneração e alto emprego,1.0,3.0,1066.0,579.0,723.0,6943152097308625.0,16026.0,309411208.0,193068269062773.0,96530447517146.0,0,0,0
141501,"Produção de sementes certificadas, exceto de forrageiras para pasto",Subclasse,A,01,014,01415,0141501,0,0,0,0,0,0,0,Alta remuneração e alto emprego,3.0,4.0,339.0,304.0,243.0,1394994429118011.0,43981.0,17060501643.0,3879061786453241.0,431400598655851.0,0,0,0
141502,Produção de sementes certificadas de forrageiras para formação de pasto,Subclasse,A,01,014,01415,0141502,0,0,0,0,0,0,0,Alta remuneração e baixo emprego,3.0,2.0,586.0,875.0,910.0,1015126037145014.0,4879.0,1377225354.0,2822761537200246.0,162977138876601.0,0,0,0
1421500,Fabricação de meias,Subclasse,C,14,142,14215,1421500,0,0,0,0,0,0,0,Baixa remuneração e alto emprego,2.0,3.0,921.0,556.0,652.0,7823017070613205.0,18025.0,3921062594.0,2175346792787795.0,126407261005648.0,0,0,0
1422300,"Fabricação de artigos do vestuário, produzidos em malharias e tricotagens, exceto meias",Subclasse,C,14,142,14223,1422300,0,0,0,0,0,0,0,Baixa remuneração e alto emprego,2.0,3.0,937.0,510.0,607.0,7678890764069359.0,20896.0,446185932.0,2135269582695253.0,128499100323786.0,0,0,0
142300,"Produção de mudas e outras formas de propagação vegetal, certificadas",Subclasse,A,01,014,01423,0142300,0,0,0,0,0,0,0,Baixa remuneração e alto emprego,2.0,3.0,793.0,622.0,709.0,861953759263129.0,13507.0,3237405438.0,239683529873399.0,139177216281659.0,0,0,0
1510600,Curtimento e outras preparações de couro,Subclasse,C,15,151,15106,1510600,0,0,0,0,0,0,0,Baixa remuneração e alto emprego,2.0,4.0,790.0,288.0,343.0,8637826164935067.0,47942.0,11515288714.0,240192080305369.0,219698428116553.0,0,0,0
151201,Criação de bovinos para corte,Subclasse,A,01,015,01512,0151201,0,0,0,0,0,0,0,Baixa remuneração e alto emprego,2.0,4.0,905.0,29.0,42.0,7911258633820315.0,448035.0,9856250858200000.0,2199884129186336.0,1085967329518478.0,0,0,0
151202,Criação de bovinos para leite,Subclasse,A,01,015,01512,0151202,0,0,0,0,0,0,0,Baixa remuneração e alto emprego,1.0,4.0,1101.0,138.0,205.0,6733621347020515.0,116308.0,21777724662.0,1872418463218351.0,297769562417828.0,0,0,0
151203,"Criação de bovinos, exceto para corte e leite",Subclasse,A,01,015,01512,0151203,0,0,0,0,0,0,0,Baixa remuneração e alto emprego,1.0,3.0,1091.0,485.0,627.0,681960870569485.0,22236.0,4216677104.0,1896328972836841.0,105865648373949.0,0,0,0
152101,Criação de bufalinos,Subclasse,A,01,015,01521,0152101,0,0,0,0,0,0,0,Baixa remuneração e baixo emprego,1.0,1.0,1188.0,1093.0,1148.0,6260741883283528.0,1478.0,257308692.0,1740924844384303.0,47642068982788.0,0,0,0
152102,Criação de equinos,Subclasse,A,01,015,01521,0152102,0,0,0,0,0,0,0,Baixa remuneração e alto emprego,2.0,3.0,901.0,648.0,758.0,7930519140306818.0,12115.0,2671648138.0,220523989929839.0,116377892786198.0,0,0,0
152103,Criação de asininos e muares,Subclasse,A,01,015,01521,0152103,0,0,0,0,0,0,0,Baixa remuneração e baixo emprego,2.0,1.0,935.0,1205.0,1216.0,7706937590920846.0,474.0,10158145.0,2143068565400844.0,84440736919016.0,0,0,0
1521100,"Fabricação de artigos para viagem, bolsas e semelhantes de qualquer material",Subclasse,C,15,152,15211,1521100,0,0,0,0,0,0,0,Baixa remuneração e alto emprego,1.0,3.0,1092.0,551.0,684.0,6817333031510328.0,18342.0,3477085926.0,1895696175989532.0,97704527377172.0,0,0,0
1529700,Fabricação de artefatos de couro não especificados anteriormente,Subclasse,C,15,152,15297,1529700,0,0,0,0,0,0,0,Baixa remuneração e alto emprego,1.0,3.0,1209.0,617.0,785.0,6177532050419289.0,13687.0,2351134631.0,1717786681522613.0,69723176644765.0,0,0,0
1531901,Fabricação de calçados de couro,Subclasse,C,15,153,15319,1531901,0,0,0,0,0,0,0,Baixa remuneração e alto emprego,1.0,4.0,1118.0,94.0,151.0,6659491141110689.0,168294.0,31164768291.0,1851805072729866.0,401571740798291.0,0,0,0
1531902,Acabamento de calçados de couro sob contrato,Subclasse,C,15,153,15319,1531902,0,0,0,0,0,0,0,Baixa remuneração e alto emprego,1.0,3.0,1254.0,386.0,557.0,5830242466746164.0,32160.0,5213830166.0,1621215847636816.0,95729725946261.0,0,0,0
1532700,Fabricação de tênis de qualquer material,Subclasse,C,15,153,15327,1532700,0,0,0,0,0,0,0,Baixa remuneração e alto emprego,1.0,3.0,1161.0,509.0,666.0,6392535798948205.0,20902.0,3715482637.0,1777572785857813.0,90458767256531.0,0,0,0
1533500,Fabricação de calçados de material sintético,Subclasse,C,15,153,15335,1533500,0,0,0,0,0,0,0,Baixa remuneração e alto emprego,1.0,4.0,1123.0,163.0,232.0,6636574347616662.0,99077.0,18283992558.0,1845432598685871.0,258259292120912.0,0,0,0
153901,Criação de caprinos,Subclasse,A,01,015,01539,0153901,0,0,0,0,0,0,0,Baixa remuneração e baixo emprego,1.0,1.0,1228.0,1138.0,1185.0,6032170425521524.0,952.0,15968524.0,1677365966386554.0,40439516262054.0,0,0,0
153902,"Criação de ovinos, inclusive para produção de lã",Subclasse,A,01,015,01539,0153902,0,0,0,0,0,0,0,Baixa remuneração e baixo emprego,1.0,1.0,1136.0,1024.0,1095.0,6562665784464157.0,2237.0,408225844.0,1824880840411265.0,5733682738369.0,0,0,0
1539400,Fabricação de calçados de materiais não especificados,,,,,,,0,0,0,0,0,0,0,,,,,,,,,,,,0,0,0
1540800,"Fabricação de partes para calçados, de qualquer material",Subclasse,C,15,154,15408,1540800,0,0,0,0,0,0,0,Baixa remuneração e alto emprego,1.0,3.0,1126.0,334.0,471.0,6612447451438698.0,38581.0,7093979642.0,1838723631321117.0,133221831320527.0,0,0,0
154700,Criação de suínos,Subclasse,A,01,015,01547,0154700,0,0,0,0,0,0,0,Baixa remuneração e alto emprego,2.0,4.0,841.0,265.0,321.0,8269840782747041.0,53366.0,12272019143.0,2299595087321516.0,219807368219214.0,0,0,0
155501,Criação de frangos para corte,Subclasse,A,01,015,01555,0155501,0,0,0,0,0,0,0,Baixa remuneração e alto emprego,2.0,4.0,982.0,281.0,382.0,7403022324770678.0,49701.0,10231243243.0,2058558830405827.0,182475619798357.0,0,0,0
155502,Produção de pintos de um dia,Subclasse,A,01,015,01555,0155502,0,0,0,0,0,0,0,Baixa remuneração e alto emprego,2.0,3.0,722.0,407.0,465.0,9075157806515172.0,29449.0,7431542428.0,2523529636999559.0,190175880883319.0,0,0,0
155503,"Criação de outros galináceos, exceto para corte",Subclasse,A,01,015,01555,0155503,0,0,0,0,0,0,0,Baixa remuneração e baixo emprego,1.0,2.0,1058.0,741.0,841.0,6977932944328854.0,9344.0,1813066967.0,1940354202696918.0,83504234117267.0,0,0,0
155504,"Criação de aves, exceto galináceos",Subclasse,A,01,015,01555,0155504,0,0,0,0,0,0,0,Baixa remuneração e baixo emprego,1.0,2.0,1112.0,788.0,911.0,6692241957814524.0,7392.0,137558622.0,1860912094155844.0,714724576004.0,0,0,0
155505,Produção de ovos,Subclasse,A,01,015,01555,0155505,0,0,0,0,0,0,0,Baixa remuneração e alto emprego,1.0,4.0,999.0,181.0,239.0,7301464945732687.0,86020.0,17464802011.0,2030318764357126.0,256928333846618.0,0,0,0
159801,Apicultura,Subclasse,A,01,015,01598,0159801,0,0,0,0,0,0,0,Baixa remuneração e baixo emprego,1.0,1.0,1067.0,1060.0,1121.0,6936442256700301.0,1772.0,341786352.0,1928816884875846.0,66482213873014.0,0,0,0
159802,Criação de animais de estimação,Subclasse,A,01,015,01598,0159802,0,0,0,0,0,0,0,Baixa remuneração e baixo emprego,1.0,1.0,1303.0,1154.0,1203.0,5295146607539556.0,841.0,123830666.0,1472421712247324.0,20405304010582.0,0,0,0
159803,Criação de escargô,Subclasse,A,01,015,01598,0159803,0,0,0,0,0,0,0,Baixa remuneração e baixo emprego,1.0,1.0,1314.0,1310.0,1314.0,4917465839388125.0,8.0,109392.0,13674.0,873261444554.0,0,0,0
159804,Criação de bicho-da-seda,Subclasse,A,01,015,01598,0159804,0,0,0,0,0,0,0,Baixa remuneração e baixo emprego,1.0,1.0,1166.0,1309.0,1312.0,636306078348966.0,9.0,1592439.0,1769376666666667.0,47438227421717.0,0,0,0
159899,Criação de outros animais não especificados anteriormente,Subclasse,A,01,015,01598,0159899,0,0,0,0,0,0,0,Baixa remuneração e baixo emprego,1.0,2.0,1072.0,780.0,895.0,6885772564699714.0,7724.0,1478935259.0,1914727160797514.0,77539152446904.0,0,0,0
161001,Serviço de pulverização e controle de pragas agrícolas,Subclasse,A,01,016,01610,0161001,0,0,0,0,0,0,0,Baixa remuneração e baixo emprego,2.0,2.0,699.0,675.0,737.0,9212476190175176.0,11437.0,2929832036.0,2561713767596398.0,151159414834562.0,0,0,0
161002,Serviço de poda de árvores para lavouras,Subclasse,A,01,016,01610,0161002,0,0,0,0,0,0,0,Baixa remuneração e baixo emprego,1.0,2.0,1276.0,895.0,1026.0,5650942657538863.0,4378.0,687940506.0,1571357939698492.0,36767810742502.0,0,0,0
161003,"Serviço de preparação de terreno, cultivo e colheita",Subclasse,A,01,016,01610,0161003,0,0,0,0,0,0,0,Baixa remuneração e alto emprego,1.0,4.0,1131.0,121.0,192.0,6582611671614991.0,134465.0,24612839269.0,1830427194362845.0,328530484457867.0,0,0,0
1610201,,,,,,,,0,0,0,0,0,0,0,,,,,,,,,,,,0,0,0
1610202,,,,,,,,0,0,0,0,0,0,0,,,,,,,,,,,,0,0,0
1610203,Serrarias com desdobramento de madeira em bruto,Subclasse,C,16,161,16102,1610203,0,0,0,0,0,0,0,Baixa remuneração e alto emprego,2.0,4.0,933.0,173.0,218.0,7723465222153276.0,92346.0,19832821712.0,21476644047387.0,287025215004363.0,0,0,0
1610204,Serrarias sem desdobramento de madeira em bruto - Resseragem,Subclasse,C,16,161,16102,1610204,0,0,0,0,0,0,0,Baixa remuneração e alto emprego,2.0,3.0,912.0,640.0,750.0,788159294406751.0,12481.0,273537963.0,2191634989183559.0,115801404604305.0,0,0,0
1610205,Serviço de tratamento de madeira realizado sob contrato,Subclasse,C,16,161,16102,1610205,0,0,0,0,0,0,0,Baixa remuneração e baixo emprego,1.0,1.0,1047.0,1025.0,1090.0,7051350094619898.0,2215.0,434310403.0,1960769313769752.0,70520626034726.0,0,0,0
161099,Atividades de apoio à agricultura não especificadas anteriormente,Subclasse,A,01,016,01610,0161099,0,0,0,0,0,0,0,Baixa remuneração e alto emprego,2.0,4.0,895.0,89.0,127.0,795628148901662.0,173435.0,38370822479.0,2212403637039813.0,477102372359792.0,0,0,0
1621800,"Fabricação de madeira laminada e de chapas de madeira compensada, prensada e aglomerada",Subclasse,C,16,162,16218,1621800,0,0,0,0,0,0,0,Alta remuneração e alto emprego,3.0,4.0,581.0,251.0,270.0,1022450093189857.0,55776.0,15857828189.0,2843127543925702.0,294961854864421.0,0,0,0
1622601,Fabricação de casas de madeira pré-fabricadas,Subclasse,C,16,162,16226,1622601,0,0,0,0,0,0,0,Baixa remuneração e baixo emprego,1.0,1.0,1055.0,1218.0,1234.0,7007961092667818.0,380.0,7405075699999999.0,1948704131578947.0,6548513855039.0,0,0,0
1622602,Fabricação de esquadrias de madeira e de peças de madeira para instalações industriais e comerciais,Subclasse,C,16,162,16226,1622602,0,0,0,0,0,0,0,Baixa remuneração e alto emprego,2.0,3.0,858.0,398.0,477.0,8196635797473765.0,30837.0,7028489220999999.0,2279238972986996.0,166319844103208.0,0,0,0
1622699,Fabricação de outros artigos de carpintaria para construção,Subclasse,C,16,162,16226,1622699,0,0,0,0,0,0,0,Baixa remuneração e baixo emprego,1.0,2.0,1036.0,841.0,938.0,7106504825922358.0,6094.0,1204239114.0,1976106192976699.0,80226689918473.0,0,0,0
1623400,Fabricação de artefatos de tanoaria e de embalagens de madeira,Subclasse,C,16,162,16234,1623400,0,0,0,0,0,0,0,Baixa remuneração e alto emprego,1.0,3.0,1009.0,412.0,519.0,7256984221379962.0,29165.0,5885351195.0,2017950006857535.0,133693678160176.0,0,0,0
162801,Serviço de inseminação artificial em animais,Subclasse,A,01,016,01628,0162801,0,0,0,0,0,0,0,Alta remuneração e baixo emprego,3.0,1.0,552.0,1140.0,1140.0,1055669224186327.0,946.0,2776983.0,29355.0,168798459585139.0,0,0,0
162802,Serviço de tosquiamento de ovinos,Subclasse,A,01,016,01628,0162802,0,0,0,0,0,0,0,Baixa remuneração e baixo emprego,1.0,1.0,1308.0,1291.0,1299.0,5162902790475679.0,45.0,6460419.0,1435648666666667.0,15372486050071.0,0,0,0
162803,Serviço de manejo de animais,Subclasse,A,01,016,01628,0162803,0,0,0,0,0,0,0,Baixa remuneração e alto emprego,1.0,3.0,1167.0,658.0,804.0,6361497041228263.0,11934.0,2111055188.0,1768941836768895.0,71450811481365.0,0,0,0
162899,Atividades de apoio à pecuária não especificadas anteriormente,Subclasse,A,01,016,01628,0162899,0,0,0,0,0,0,0,Baixa remuneração e alto emprego,1.0,3.0,1039.0,374.0,486.0,7096472252472215.0,33815.0,6672769524.0,197331643471832.0,138606221986958.0,0,0,0
1629301,"Fabricação de artefatos diversos de madeira, exceto móveis",Subclasse,C,16,162,16293,1629301,0,0,0,0,0,0,0,Baixa remuneração e alto emprego,2.0,3.0,931.0,338.0,435.0,7725756325293196.0,38226.0,8212097283.0,2148301491916497.0,168021049167491.0,0,0,0
1629302,"Fabricação de artefatos diversos de cortiça, bambu, palha, vime e outros materiais trançados, exceto móveis",Subclasse,C,16,162,16293,1629302,0,0,0,0,0,0,0,Baixa remuneração e baixo emprego,1.0,1.0,1226.0,1099.0,1159.0,6042696951363959.0,1410.0,236921324.0,1680293078014185.0,4162690673067.0,0,0,0
163600,Atividades de pós-colheita,Subclasse,A,01,016,01636,0163600,0,0,0,0,0,0,0,Baixa remuneração e alto emprego,2.0,3.0,880.0,391.0,476.0,8046632383894021.0,31466.0,704060408.0,2237527515413462.0,16309331018081.0,0,0,0
170900,Caça e serviços relacionados,Subclasse,A,01,017,01709,0170900,0,0,0,0,0,0,0,Baixa remuneração e baixo emprego,1.0,1.0,1300.0,1285.0,1294.0,531427414794776.0,59.0,8718669.0,1477740508474576.0,19452244801357.0,0,0,0
1710900,Fabricação de celulose e outras pastas para a fabricação de papel,Subclasse,C,17,171,17109,1710900,0,0,0,0,0,0,0,Alta remuneração e alto emprego,4.0,3.0,79.0,426.0,215.0,2679665970539458.0,27965.0,20837696521.0,7451348657607724.0,928753005214906.0,0,0,0
1721400,Fabricação de papel,Subclasse,C,17,172,17214,1721400,0,0,0,0,0,0,0,Alta remuneração e alto emprego,4.0,4.0,215.0,280.0,195.0,1731405013796402.0,49728.0,2394163952.0,4814518886743886.0,601676559396288.0,0,0,0
1722200,Fabricação de cartolina e papel-cartão,Subclasse,C,17,172,17222,1722200,0,0,0,0,0,0,0,Alta remuneração e baixo emprego,4.0,2.0,253.0,916.0,851.0,1609021033857334.0,3924.0,1755678311.0,4474205685524975.0,393780610711039.0,0,0,0
1731100,Fabricação de embalagens de papel,Subclasse,C,17,173,17311,1731100,0,0,0,0,0,0,0,Alta remuneração e alto emprego,3.0,4.0,528.0,323.0,327.0,1085438798699309.0,40266.0,12153407345.0,3018280272438285.0,283433532246128.0,0,0,0
1732000,Fabricação de embalagens de cartolina e papel-cartão,Subclasse,C,17,173,17320,1732000,0,0,0,0,0,0,0,Alta remuneração e alto emprego,3.0,3.0,395.0,587.0,534.0,1271830216608115.0,15676.0,5543941228.0,3536578992089819.0,295117990095403.0,0,0,0
1733800,Fabricação de chapas e de embalagens de papelão ondulado,Subclasse,C,17,173,17338,1733800,0,0,0,0,0,0,0,Alta remuneração e alto emprego,3.0,4.0,444.0,260.0,235.0,1183816433975757.0,54086.0,17804240511.0,3291839017675554.0,364924139459356.0,0,0,0
1741901,Fabricação de formulários contínuos,Subclasse,C,17,174,17419,1741901,0,0,0,0,0,0,0,Baixa remuneração e baixo emprego,2.0,1.0,707.0,1173.0,1179.0,9157204684415484.0,686.0,174679227.0,2546344416909621.0,123867593739595.0,0,0,0
1741902,"Fabricação de produtos de papel, cartolina, papel-cartão e papelão ondulado para uso comercial e de escritório",Subclasse,C,17,174,17419,1741902,0,0,0,0,0,0,0,Alta remuneração e alto emprego,3.0,3.0,588.0,393.0,417.0,1013519707775731.0,31452.0,8864100856.0,2818294816227903.0,229427144022178.0,0,0,0
1742701,Fabricação de fraldas descartáveis,Subclasse,C,17,174,17427,1742701,0,0,0,0,0,0,0,Alta remuneração e alto emprego,4.0,3.0,313.0,652.0,575.0,1463161809993425.0,12038.0,4897798569.0,4068614860441934.0,361891629956055.0,0,0,0
1742702,Fabricação de absorventes higiênicos,Subclasse,C,17,174,17427,1742702,0,0,0,0,0,0,0,Baixa remuneração e baixo emprego,2.0,1.0,863.0,1182.0,1196.0,8152766194344253.0,600.0,136022409.0,226704015.0,96689549811642.0,0,0,0
1742799,Fabricação de produtos de papel para uso doméstico e higiênico-sanitário não especificados anteriormente,Subclasse,C,17,174,17427,1742799,0,0,0,0,0,0,0,Alta remuneração e alto emprego,3.0,3.0,409.0,543.0,495.0,1248595811093711.0,18722.0,6500224233.0,3471971067727807.0,29427917817595.0,0,0,0
1749400,"Fabricação de produtos de pastas celulósicas, papel, cartolina, papel-cartão e papelão ondulado não especificados anteriormente",Subclasse,C,17,174,17494,1749400,0,0,0,0,0,0,0,Alta remuneração e alto emprego,3.0,3.0,447.0,578.0,552.0,1182050833349684.0,16028.0,526829046.0,3286929411030696.0,259412484109143.0,0,0,0
1811301,Impressão de jornais,Subclasse,C,18,181,18113,1811301,0,0,0,0,0,0,0,Baixa remuneração e baixo emprego,2.0,1.0,674.0,1015.0,1041.0,9389095689709468.0,2317.0,604928468.0,2610826361674579.0,134051078618215.0,0,0,0
1811302,"Impressão de livros, revistas e outras publicações periódicas",Subclasse,C,18,181,18113,1811302,0,0,0,0,0,0,0,Alta remuneração e alto emprego,3.0,3.0,540.0,536.0,524.0,1071959483534367.0,19385.0,5778277569.0,2980798333247356.0,223127705991946.0,0,0,0
1812100,Impressão de material de segurança,Subclasse,C,18,181,18121,1812100,0,0,0,0,0,0,0,Alta remuneração e baixo emprego,4.0,2.0,194.0,698.0,544.0,181869349188911.0,10591.0,5356125009.0,5057242006420546.0,50016425176578.0,0,0,0
1813001,Impressão de material para uso publicitário,Subclasse,C,18,181,18130,1813001,0,0,0,0,0,0,0,Baixa remuneração e alto emprego,2.0,4.0,948.0,303.0,402.0,762530259228269.0,44201.0,9372239997.0,2120368316780163.0,17788304165356.0,0,0,0
1813099,Impressão de material para outros usos,Subclasse,C,18,181,18130,1813099,0,0,0,0,0,0,0,Baixa remuneração e alto emprego,2.0,4.0,690.0,312.0,371.0,9273935441984056.0,41942.0,10816018668.0,2578803745171904.0,226376346540766.0,0,0,0
1821100,Serviços de pré-impressão,Subclasse,C,18,182,18211,1821100,0,0,0,0,0,0,0,Baixa remuneração e alto emprego,3.0,3.0,641.0,615.0,667.0,95651324354191.0,13968.0,3715176387.0,2659776909364261.0,167338573855553.0,0,0,0
1822900,,,,,,,,0,0,0,0,0,0,0,,,,,,,,,,,,0,0,0
1822901,Serviços de encadernação e plastificação,Subclasse,C,18,182,18229,1822901,0,0,0,0,0,0,0,Baixa remuneração e baixo emprego,1.0,1.0,1065.0,1064.0,1124.0,6952060555887751.0,1719.0,332310181.0,193315986620128.0,66792957262011.0,0,0,0
1822999,"Serviços de acabamentos gráficos, exceto encadernação e plastificação",Subclasse,C,18,182,18229,1822999,0,0,0,0,0,0,0,Baixa remuneração e alto emprego,2.0,3.0,800.0,651.0,743.0,8557636466101924.0,12066.0,2871252447.0,2379622449030333.0,13407541738415.0,0,0,0
1830001,Reprodução de som em qualquer suporte,Subclasse,C,18,183,18300,1830001,0,0,0,0,0,0,0,Alta remuneração e baixo emprego,4.0,1.0,20.0,1232.0,1093.0,4866170623784319.0,312.0,422178537.0,1353136336538462.0,1645002957357136.0,0,0,0
1830002,Reprodução de vídeo em qualquer suporte,Subclasse,C,18,183,18300,1830002,0,0,0,0,0,0,0,Alta remuneração e baixo emprego,4.0,1.0,326.0,1239.0,1215.0,1421971449827522.0,269.0,106364666.0,3954076802973977.0,309094208366226.0,0,0,0
1830003,Reprodução de software em qualquer suporte,Subclasse,C,18,183,18300,1830003,0,0,0,0,0,0,0,Alta remuneração e baixo emprego,3.0,1.0,364.0,1095.0,1064.0,1333404498564465.0,1433.0,531327544.0,3707798632240056.0,278189141321839.0,0,0,0
1910100,Coquerias,Subclasse,C,19,191,19101,1910100,0,0,0,0,0,0,0,Alta remuneração e baixo emprego,4.0,1.0,66.0,1219.0,1127.0,3081180562297731.0,375.0,321294019.0,8567840506666667.0,953057782911265.0,0,0,0
1921700,Fabricação de produtos do refino de petróleo,Subclasse,C,19,192,19217,1921700,0,0,0,0,0,0,0,Alta remuneração e alto emprego,4.0,3.0,4.0,381.0,57.0,8272579491918741.0,33342.0,76698491102.0,2300356640333513.0,3371844762218086.0,0,0,0
1922501,Formulação de combustíveis,Subclasse,C,19,192,19225,1922501,0,0,0,0,0,0,0,Alta remuneração e baixo emprego,4.0,1.0,258.0,1270.0,1254.0,1600838584257516.0,113.0,50301416.0,4451452743362832.0,377937582153942.0,0,0,0
1922502,Rerrefino de óleos lubrificantes,Subclasse,C,19,192,19225,1922502,0,0,0,0,0,0,0,Alta remuneração e baixo emprego,3.0,2.0,390.0,921.0,916.0,1274577777781371.0,3789.0,1342904631.0,3544219136975456.0,262060027976559.0,0,0,0
1922599,"Fabricação de outros produtos derivados do petróleo, exceto produtos do refino",Subclasse,C,19,192,19225,1922599,0,0,0,0,0,0,0,Alta remuneração e baixo emprego,4.0,2.0,151.0,801.0,644.0,2059530458462165.0,7014.0,4016873958.0,572693749358426.0,582836892881592.0,0,0,0
1931400,Fabricação de álcool,Subclasse,C,19,193,19314,1931400,0,0,0,0,0,0,0,Alta remuneração e alto emprego,3.0,4.0,407.0,80.0,65.0,1256466495473214.0,195169.0,68189259326.0,349385708416808.0,800592368587301.0,0,0,0
1932200,"Fabricação de biocombustíveis, exceto álcool",Subclasse,C,19,193,19322,1932200,0,0,0,0,0,0,0,Alta remuneração e baixo emprego,4.0,2.0,200.0,813.0,697.0,1787607885338909.0,6750.0,3355291514.0,4970802242962963.0,473984914855423.0,0,0,0
2011800,Fabricação de cloro e álcalis,Subclasse,C,20,201,20118,2011800,0,0,0,0,0,0,0,Alta remuneração e baixo emprego,4.0,1.0,47.0,1081.0,874.0,3508613024571482.0,1619.0,1579561515.0,975640219271155.0,1126179976768476.0,0,0,0
2012600,Fabricação de intermediários para fertilizantes,Subclasse,C,20,201,20126,2012600,0,0,0,0,0,0,0,Alta remuneração e baixo emprego,4.0,2.0,129.0,846.0,670.0,2262270928144059.0,5880.0,3698930442.0,6290698030612245.0,658526673620286.0,0,0,0
2013400,,,,,,,,0,0,0,0,0,0,0,,,,,,,,,,,,0,0,0
2013401,Fabricação de adubos e fertilizantes organo-minerais,Subclasse,C,20,201,20134,2013401,0,0,0,0,0,0,0,Alta remuneração e baixo emprego,3.0,2.0,350.0,664.0,604.0,1359559867221066.0,11835.0,447425593.0,3780528880439374.0,319471192283356.0,0,0,0
2013402,"Fabricação de adubos e fertilizantes, exceto organo-minerais",Subclasse,C,20,201,20134,2013402,0,0,0,0,0,0,0,Alta remuneração e alto emprego,4.0,4.0,197.0,256.0,166.0,1815237304223576.0,55188.0,27856868079.0,5047631383452925.0,659427362807816.0,0,0,0
2014200,Fabricação de gases industriais,Subclasse,C,20,201,20142,2014200,0,0,0,0,0,0,0,Alta remuneração e baixo emprego,4.0,2.0,70.0,804.0,535.0,2899910151049813.0,6875.0,5543849969.0,8063781773090909.0,915632930437163.0,0,0,0
2019301,Elaboração de combustíveis nucleares,Subclasse,C,20,201,20193,2019301,0,0,0,0,0,0,0,Alta remuneração e baixo emprego,4.0,1.0,11.0,1159.0,922.0,5683540635528199.0,813.0,1284883461.0,1580422461254612.0,19664167980594.0,0,0,0
2019399,Fabricação de outros produtos químicos inorgânicos não especificados anteriormente,Subclasse,C,20,201,20193,2019399,0,0,0,0,0,0,0,Alta remuneração e baixo emprego,4.0,2.0,179.0,669.0,512.0,1879030040043346.0,11701.0,6113795761.0,5225019879497479.0,528492321727507.0,0,0,0
2021500,Fabricação de produtos petroquímicos básicos,Subclasse,C,20,202,20215,2021500,0,0,0,0,0,0,0,Alta remuneração e baixo emprego,4.0,2.0,21.0,894.0,520.0,4785007765344313.0,4386.0,5835868511.0,1330567375968992.0,1644466464585037.0,0,0,0
2022300,"Fabricação de intermediários para plastificantes, resinas e fibras",Subclasse,C,20,202,20223,2022300,0,0,0,0,0,0,0,Alta remuneração e baixo emprego,4.0,1.0,84.0,1086.0,944.0,2650038895328071.0,1567.0,1154716758.0,7368964633056797.0,791441691149609.0,0,0,0
2029100,Fabricação de produtos químicos orgânicos não especificados anteriormente,Subclasse,C,20,202,20291,2029100,0,0,0,0,0,0,0,Alta remuneração e alto emprego,4.0,3.0,74.0,542.0,287.0,2808896649929206.0,18841.0,14716140774.0,7810700479804682.0,938621669480812.0,0,0,0
2031200,Fabricação de resinas termoplásticas,Subclasse,C,20,203,20312,2031200,0,0,0,0,0,0,0,Alta remuneração e alto emprego,4.0,3.0,119.0,616.0,414.0,2339005492965124.0,13794.0,8971719506999999.0,6504073877772944.0,722942442940885.0,0,0,0
2032100,Fabricação de resinas termofixas,Subclasse,C,20,203,20321,2032100,0,0,0,0,0,0,0,Alta remuneração e baixo emprego,4.0,2.0,128.0,934.0,792.0,2274040276810161.0,3615.0,2285918161.0,6323425065006915.0,653623071233068.0,0,0,0
2033900,Fabricação de elastômeros,Subclasse,C,20,203,20339,2033900,0,0,0,0,0,0,0,Alta remuneração e baixo emprego,4.0,1.0,112.0,1040.0,914.0,2403672425977398.0,2028.0,1355493552.0,6683893254437869.0,697502141010083.0,0,0,0
2040100,Fabricação de fibras artificiais e sintéticas,Subclasse,C,20,204,20401,2040100,0,0,0,0,0,0,0,Alta remuneração e baixo emprego,3.0,2.0,353.0,905.0,878.0,1351228432237146.0,4122.0,1548784474.0,3757361654536633.0,293137868914496.0,0,0,0
2051700,Fabricação de defensivos agrícolas,Subclasse,C,20,205,20517,2051700,0,0,0,0,0,0,0,Alta remuneração e alto emprego,4.0,3.0,51.0,584.0,283.0,3391768524961259.0,15859.0,14957404158.0,943149262753011.0,116213615331835.0,0,0,0
2052500,Fabricação de desinfestantes domissanitários,Subclasse,C,20,205,20525,2052500,0,0,0,0,0,0,0,Alta remuneração e baixo emprego,3.0,2.0,342.0,928.0,904.0,1383666920074901.0,3694.0,1421289911.0,384756337574445.0,304591305350199.0,0,0,0
2061400,Fabricação de sabões e detergentes sintéticos,Subclasse,C,20,206,20614,2061400,0,0,0,0,0,0,0,Alta remuneração e alto emprego,3.0,3.0,412.0,371.0,335.0,1243553138024166.0,34167.0,1181477402.0,3457948903913133.0,335965569890785.0,0,0,0
2062200,Fabricação de produtos de limpeza e polimento,Subclasse,C,20,206,20622,2062200,0,0,0,0,0,0,0,Baixa remuneração e alto emprego,3.0,4.0,615.0,320.0,352.0,982362955818439.0,40819.0,11150351601.0,2731657218697175.0,24140453925445.0,0,0,0
2063100,"Fabricação de cosméticos, produtos de perfumaria e de higiene pessoal",Subclasse,C,20,206,20631,2063100,0,0,0,0,0,0,0,Alta remuneração e alto emprego,3.0,4.0,443.0,188.0,178.0,1184197486155889.0,80845.0,2662143881.0,32928986096852.0,438791898704605.0,0,0,0
2071100,"Fabricação de tintas, vernizes, esmaltes e lacas",Subclasse,C,20,207,20711,2071100,0,0,0,0,0,0,0,Alta remuneração e alto emprego,4.0,4.0,250.0,328.0,237.0,1620914517178836.0,39099.0,17623005866.0,4507277901225095.0,515972323645828.0,0,0,0
2072000,Fabricação de tintas de impressão,Subclasse,C,20,207,20720,2072000,0,0,0,0,0,0,0,Alta remuneração e baixo emprego,4.0,2.0,178.0,973.0,869.0,1887826386659016.0,3055.0,1603716105.0,5249479885433715.0,500049388883386.0,0,0,0
2073800,"Fabricação de impermeabilizantes, solventes e produtos afins",Subclasse,C,20,207,20738,2073800,0,0,0,0,0,0,0,Alta remuneração e baixo emprego,4.0,2.0,240.0,872.0,794.0,1643729524543487.0,4961.0,2267533996.0,4570719604918363.0,410906745961174.0,0,0,0
2091600,Fabricação de adesivos e selantes,Subclasse,C,20,209,20916,2091600,0,0,0,0,0,0,0,Alta remuneração e baixo emprego,4.0,2.0,298.0,774.0,699.0,1493673913901865.0,7985.0,3316537718.0,415345988478397.0,361358302573394.0,0,0,0
2092401,"Fabricação de pólvoras, explosivos e detonantes",Subclasse,C,20,209,20924,2092401,0,0,0,0,0,0,0,Alta remuneração e baixo emprego,4.0,2.0,174.0,891.0,783.0,1914683246579696.0,4463.0,2376172952.0,5324160770781985.0,515824686946512.0,0,0,0
2092402,Fabricação de artigos pirotécnicos,Subclasse,C,20,209,20924,2092402,0,0,0,0,0,0,0,Baixa remuneração e baixo emprego,1.0,2.0,992.0,975.0,1040.0,7357884936544117.0,3021.0,618098858.0,2046007474346243.0,80552362978746.0,0,0,0
2092403,Fabricação de fósforos de segurança,Subclasse,C,20,209,20924,2092403,0,0,0,0,0,0,0,Baixa remuneração e baixo emprego,3.0,1.0,659.0,1065.0,1085.0,9476170673731484.0,1718.0,452699753.0,263503930733411.0,134950318176777.0,0,0,0
2093200,Fabricação de aditivos de uso industrial,Subclasse,C,20,209,20932,2093200,0,0,0,0,0,0,0,Alta remuneração e alto emprego,4.0,3.0,141.0,554.0,368.0,2145540492915331.0,18213.0,1086606821.0,596610564431999.0,662284436189257.0,0,0,0
2094100,Fabricação de catalisadores,Subclasse,C,20,209,20941,2094100,0,0,0,0,0,0,0,Alta remuneração e baixo emprego,4.0,1.0,49.0,1176.0,1036.0,3400024746716016.0,678.0,641011758.0,9454450707964604.0,1078480367968362.0,0,0,0
2099101,"Fabricação de chapas, filmes, papéis e outros materiais e produtos químicos para fotografia",Subclasse,C,20,209,20991,2099101,0,0,0,0,0,0,0,Alta remuneração e baixo emprego,4.0,1.0,236.0,1143.0,1092.0,1659196349432862.0,918.0,42354025.0,4613728213507626.0,403286049909196.0,0,0,0
2099199,Fabricação de outros produtos químicos não especificados anteriormente,Subclasse,C,20,209,20991,2099199,0,0,0,0,0,0,0,Alta remuneração e alto emprego,4.0,4.0,170.0,295.0,190.0,1938113571529436.0,46574.0,25100188641.0,5389313488427019.0,683694946669662.0,0,0,0
210101,Cultivo de eucalipto,Subclasse,A,02,021,02101,0210101,0,0,0,0,0,0,0,Baixa remuneração e alto emprego,2.0,4.0,777.0,326.0,395.0,8720914461561781.0,39659.0,9617407323.0,2425025170327038.0,203123081038673.0,0,0,0
210102,Cultivo de acácia-negra,Subclasse,A,02,021,02101,0210102,0,0,0,0,0,0,0,Baixa remuneração e baixo emprego,1.0,1.0,1236.0,1274.0,1285.0,5985515428251393.0,92.0,15312412.0,1664392608695652.0,37493204374458.0,0,0,0
210103,Cultivo de pinus,Subclasse,A,02,021,02101,0210103,0,0,0,0,0,0,0,Baixa remuneração e alto emprego,2.0,3.0,729.0,605.0,673.0,902892147380624.0,14540.0,3650518102.0,251067269738652.0,15333493482172.0,0,0,0
210104,Cultivo de teca,Subclasse,A,02,021,02101,0210104,0,0,0,0,0,0,0,Baixa remuneração e baixo emprego,2.0,1.0,780.0,1133.0,1152.0,8707168159003266.0,1031.0,249626002.0,2421202735208536.0,112582242994677.0,0,0,0
210105,"Cultivo de espécies madeireiras, exceto eucalipto, acácia-negra, pinus e teca",Subclasse,A,02,021,02101,0210105,0,0,0,0,0,0,0,Baixa remuneração e baixo emprego,2.0,1.0,894.0,1142.0,1166.0,7959794823404184.0,932.0,206287071.0,2213380590128755.0,92248707808109.0,0,0,0
210106,Cultivo de mudas em viveiros florestais,Subclasse,A,02,021,02101,0210106,0,0,0,0,0,0,0,Baixa remuneração e alto emprego,1.0,3.0,1213.0,580.0,751.0,6131806144226024.0,16018.0,2731183811.0,1705071676239231.0,73044831214807.0,0,0,0
210107,Extração de madeira em florestas plantadas,Subclasse,A,02,021,02101,0210107,0,0,0,0,0,0,0,Alta remuneração e alto emprego,3.0,3.0,458.0,376.0,363.0,1170856624733534.0,33681.0,10965865601.0,3255801668893442.0,303133002972628.0,0,0,0
210108,Produção de carvão vegetal - florestas plantadas,Subclasse,A,02,021,02101,0210108,0,0,0,0,0,0,0,Baixa remuneração e alto emprego,1.0,3.0,1050.0,449.0,573.0,7037661503137996.0,25154.0,4922544545.0,1956962926373539.0,118506565953208.0,0,0,0
210109,Produção de casca de acácia-negra - florestas plantadas,Subclasse,A,02,021,02101,0210109,0,0,0,0,0,0,0,Baixa remuneração e baixo emprego,1.0,1.0,1289.0,1293.0,1302.0,5518394541834.0,36.0,5524201.0,1534500277777778.0,24874868563921.0,0,0,0
210199,Produção de produtos não madeireiros não especificados anteriormente em florestas plantadas,Subclasse,A,02,021,02101,0210199,0,0,0,0,0,0,0,Baixa remuneração e baixo emprego,1.0,2.0,1038.0,760.0,859.0,7096571237965493.0,8420.0,1661555614.0,1973343959619953.0,84874344541392.0,0,0,0
2110600,Fabricação de produtos farmoquímicos,Subclasse,C,21,211,21106,2110600,0,0,0,0,0,0,0,Alta remuneração e baixo emprego,4.0,2.0,142.0,848.0,691.0,2119477296776842.0,5799.0,3417717023.0,5893631700293154.0,601752687715912.0,0,0,0
2121101,Fabricação de medicamentos alopáticos para uso humano,Subclasse,C,21,212,21211,2121101,0,0,0,0,0,0,0,Alta remuneração e alto emprego,4.0,4.0,104.0,129.0,50.0,2487509908392597.0,122168.0,84503852239.0,6917020188510903.0,1271571099890491.0,0,0,0
2121102,Fabricação de medicamentos homeopáticos para uso humano,Subclasse,C,21,212,21211,2121102,0,0,0,0,0,0,0,Alta remuneração e baixo emprego,4.0,1.0,277.0,1198.0,1161.0,1549540703343554.0,522.0,224919814.0,4308808697318008.0,35938350033199.0,0,0,0
2121103,Fabricação de medicamentos fitoterápicos para uso humano,Subclasse,C,21,212,21211,2121103,0,0,0,0,0,0,0,Alta remuneração e baixo emprego,3.0,1.0,375.0,1128.0,1101.0,1301414452380532.0,1084.0,392282678.0,361884389298893.0,26471799324346.0,0,0,0
2122000,Fabricação de medicamentos para uso veterinário,Subclasse,C,21,212,21220,2122000,0,0,0,0,0,0,0,Alta remuneração e alto emprego,4.0,3.0,168.0,599.0,443.0,1969333282374512.0,14778.0,8092619233.0,5476126155772094.0,576619300376116.0,0,0,0
2123800,Fabricação de preparações farmacêuticas,Subclasse,C,21,212,21238,2123800,0,0,0,0,0,0,0,Alta remuneração e baixo emprego,4.0,2.0,230.0,956.0,890.0,1669402724835367.0,3254.0,1510542297.0,4642109087277197.0,415209699289168.0,0,0,0
220901,Extração de madeira em florestas nativas,Subclasse,A,02,022,02209,0220901,0,0,0,0,0,0,0,Baixa remuneração e baixo emprego,2.0,2.0,830.0,899.0,970.0,8341137343958325.0,4296.0,996423058.0,2319420526070764.0,110186909503271.0,0,0,0
220902,Produção de carvão vegetal - florestas nativas,Subclasse,A,02,022,02209,0220902,0,0,0,0,0,0,0,Baixa remuneração e baixo emprego,1.0,1.0,1304.0,994.0,1099.0,5240354091718994.0,2697.0,393002944.0,1457185554319614.0,22396258080403.0,0,0,0
220903,Coleta de castanha-do-pará em florestas nativas,Subclasse,A,02,022,02209,0220903,0,0,0,0,0,0,0,Baixa remuneração e baixo emprego,1.0,1.0,1257.0,1279.0,1287.0,5811877093740895.0,79.0,12767261.0,1616108987341772.0,32817080126331.0,0,0,0
220904,Coleta de látex em florestas nativas,Subclasse,A,02,022,02209,0220904,0,0,0,0,0,0,0,Baixa remuneração e baixo emprego,1.0,1.0,1219.0,1236.0,1255.0,6084558479077524.0,293.0,49573652.0,1691933515358362.0,40544011823684.0,0,0,0
220905,Coleta de palmito em florestas nativas,Subclasse,A,02,022,02209,0220905,0,0,0,0,0,0,0,Baixa remuneração e baixo emprego,1.0,1.0,1270.0,1266.0,1281.0,5707015938283447.0,125.0,19836878.0,158695024.0,30097323258103.0,0,0,0
220906,Conservação de florestas nativas,Subclasse,A,02,022,02209,0220906,0,0,0,0,0,0,0,Baixa remuneração e baixo emprego,2.0,1.0,883.0,1120.0,1143.0,801920694752997.0,1202.0,268034139.0,2229901322795341.0,94451558046609.0,0,0,0
220999,Coleta de produtos não madeireiros não especificados anteriormente em florestas nativas,Subclasse,A,02,022,02209,0220999,0,0,0,0,0,0,0,Baixa remuneração e baixo emprego,1.0,1.0,1311.0,1003.0,1116.0,5005241664066995.0,2565.0,356998708.0,1391807828460039.0,15774292716465.0,0,0,0
2211100,Fabricação de pneumáticos e de câmaras-de-ar,Subclasse,C,22,221,22111,2211100,0,0,0,0,0,0,0,Alta remuneração e alto emprego,4.0,3.0,202.0,352.0,236.0,1782505792981896.0,35821.0,17755090061.0,4956614851902516.0,575404915025006.0,0,0,0
2212900,Reforma de pneumáticos usados,Subclasse,C,22,221,22129,2212900,0,0,0,0,0,0,0,Baixa remuneração e alto emprego,2.0,3.0,819.0,436.0,507.0,84053412248402.0,26804.0,6264828433.0,2337273702805551.0,163529317334431.0,0,0,0
2219600,Fabricação de artefatos de borracha não especificados ,,,,,,,0,0,0,0,0,0,0,,,,,,,,,,,,0,0,0
2221800,Fabricação de laminados planos e tubulares de material plástico,Subclasse,C,22,222,22218,2221800,0,0,0,0,0,0,0,Alta remuneração e alto emprego,3.0,3.0,448.0,410.0,397.0,1180605652815738.0,29220.0,9592665348.0,3282910796714579.0,295087610177887.0,0,0,0
2222600,Fabricação de embalagens de material plástico,Subclasse,C,22,222,22226,2222600,0,0,0,0,0,0,0,Alta remuneração e alto emprego,3.0,4.0,568.0,69.0,73.0,1038288683971617.0,226301.0,65336944055.0,2887169922139098.0,738449889134095.0,0,0,0
2223400,Fabricação de tubos e acessórios de material plástico para uso na construção,Subclasse,C,22,222,22234,2223400,0,0,0,0,0,0,0,Alta remuneração e alto emprego,3.0,3.0,428.0,490.0,464.0,121580350389824.0,21993.0,7435361508.0,3380785480834811.0,28989669683551.0,0,0,0
2229301,Fabricação de artefatos de material plástico para uso pessoal e doméstico,Subclasse,C,22,222,22293,2229301,0,0,0,0,0,0,0,Baixa remuneração e alto emprego,2.0,4.0,672.0,232.0,271.0,939778106743862.0,60559.0,15825529231.0,2613241505143744.0,275542814487365.0,0,0,0
2229302,Fabricação de artefatos de material plástico para usos industriais,Subclasse,C,22,222,22293,2229302,0,0,0,0,0,0,0,Alta remuneração e alto emprego,3.0,4.0,467.0,171.0,157.0,1157593253308863.0,93508.0,30099479049.0,3218920204581426.0,460013629794889.0,0,0,0
2229303,"Fabricação de artefatos de material plástico para uso na construção, exceto tubos e acessórios",Subclasse,C,22,222,22293,2229303,0,0,0,0,0,0,0,Baixa remuneração e alto emprego,2.0,3.0,664.0,402.0,444.0,943465806284137.0,30331.0,7957325394.0,2623495893310474.0,203367371814248.0,0,0,0
2229399,Fabricação de artefatos de material plástico para outros usos não especificados anteriormente,Subclasse,C,22,222,22293,2229399,0,0,0,0,0,0,0,Baixa remuneração e alto emprego,3.0,4.0,636.0,152.0,164.0,9634286606198816.0,106682.0,28580178354.0,2679006613486812.0,397130467961649.0,0,0,0
230600,Atividades de apoio à produção florestal,Subclasse,A,02,023,02306,0230600,0,0,0,0,0,0,0,Baixa remuneração e alto emprego,2.0,4.0,842.0,187.0,229.0,8267644213691707.0,81360.0,18704536161.0,2298984287241888.0,283374468004121.0,0,0,0
2311700,Fabricação de vidro plano e de segurança,Subclasse,C,23,231,23117,2311700,0,0,0,0,0,0,0,Alta remuneração e alto emprego,3.0,3.0,457.0,415.0,400.0,1172762317944732.0,29059.0,9476432905.0,3261100831067828.0,291299973991562.0,0,0,0
2312500,Fabricação de embalagens de vidro,Subclasse,C,23,231,23125,2312500,0,0,0,0,0,0,0,Alta remuneração e baixo emprego,4.0,2.0,199.0,754.0,611.0,1801715238857132.0,8756.0,4386782766.0,5010030568752854.0,486768049008277.0,0,0,0
2319200,Fabricação de artigos de vidro,Subclasse,C,23,231,23192,2319200,0,0,0,0,0,0,0,Baixa remuneração e alto emprego,3.0,3.0,616.0,413.0,445.0,9821254429940672.0,29137.0,7957305279000001.0,2730996766654083.0,212330057702702.0,0,0,0
2320600,Fabricação de cimento,Subclasse,C,23,232,23206,2320600,0,0,0,0,0,0,0,Alta remuneração e alto emprego,4.0,3.0,181.0,506.0,362.0,1877728379750378.0,21023.0,1097694996.0,5221400351995433.0,562331264241354.0,0,0,0
2330301,"Fabricação de estruturas pré-moldadas de concreto armado, em série e sob encomenda",Subclasse,C,23,233,23303,2330301,0,0,0,0,0,0,0,Baixa remuneração e alto emprego,2.0,4.0,900.0,196.0,249.0,7932959116889768.0,75148.0,1657703547.0,2205918383722787.0,256910516641295.0,0,0,0
2330302,Fabricação de artefatos de cimento para uso na construção,Subclasse,C,23,233,23303,2330302,0,0,0,0,0,0,0,Baixa remuneração e alto emprego,2.0,4.0,981.0,236.0,323.0,7415988672682264.0,59172.0,1220223909.0,2062164383492192.0,20335642214042.0,0,0,0
2330303,Fabricação de artefatos de fibrocimento para uso na construção,Subclasse,C,23,233,23303,2330303,0,0,0,0,0,0,0,Alta remuneração e baixo emprego,3.0,2.0,352.0,817.0,772.0,1354905403211939.0,6588.0,2482085795.0,3767586209775349.0,301939887642295.0,0,0,0
2330304,Fabricação de casas pré-moldadas de concreto,Subclasse,C,23,233,23303,2330304,0,0,0,0,0,0,0,Baixa remuneração e baixo emprego,2.0,1.0,907.0,1137.0,1165.0,790621008393281.0,969.0,213032739.0,2198480278637771.0,9088972003513.0,0,0,0
2330305,Preparação de massa de concreto e argamassa para construção,Subclasse,C,23,233,23303,2330305,0,0,0,0,0,0,0,Alta remuneração e alto emprego,3.0,3.0,578.0,346.0,375.0,1023662185528657.0,37061.0,10549406274.0,284649800976768.0,248021601590886.0,0,0,0
2330399,"Fabricação de outros artefatos e produtos de concreto, cimento, fibrocimento, gesso e materiais semelhantes",Subclasse,C,23,233,23303,2330399,0,0,0,0,0,0,0,Baixa remuneração e alto emprego,2.0,3.0,953.0,453.0,551.0,7600544866896743.0,24932.0,5269338146.0,211348393470239.0,134994996467344.0,0,0,0
2341900,Fabricação de produtos cerâmicos refratários,Subclasse,C,23,234,23419,2341900,0,0,0,0,0,0,0,Alta remuneração e alto emprego,4.0,3.0,299.0,649.0,566.0,1492724474697303.0,12108.0,5025812588.0,4150819778658738.0,374044870434343.0,0,0,0
2342701,Fabricação de azulejos e pisos,Subclasse,C,23,234,23427,2342701,0,0,0,0,0,0,0,Alta remuneração e alto emprego,4.0,4.0,323.0,314.0,247.0,1432887640376787.0,41798.0,16654126617.0,3984431460117709.0,441579809270633.0,0,0,0
2342702,"Fabricação de artefatos de cerâmica e barro cozido para uso na construção, exceto azulejos e pisos",Subclasse,C,23,234,23427,2342702,0,0,0,0,0,0,0,Baixa remuneração e alto emprego,1.0,4.0,1151.0,161.0,234.0,647534000739747.0,100896.0,18167315162.0,1800598156715826.0,255492089195575.0,0,0,0
2349401,Fabricação de material sanitário de cerâmica,Subclasse,C,23,234,23494,2349401,0,0,0,0,0,0,0,Alta remuneração e alto emprego,3.0,3.0,547.0,646.0,676.0,1062735904597913.0,12230.0,3614148844.0,2955150322158626.0,200777958334552.0,0,0,0
2349499,Fabricação de produtos cerâmicos não refratários não especificados anteriormente,Subclasse,C,23,234,23494,2349499,0,0,0,0,0,0,0,Baixa remuneração e alto emprego,2.0,3.0,876.0,535.0,613.0,8083575301836438.0,19432.0,4367925416.0,2247800234664471.0,137178288477957.0,0,0,0
2391501,"Britamento de pedras, exceto associado à extração",Subclasse,C,23,239,23915,2391501,0,0,0,0,0,0,0,Baixa remuneração e baixo emprego,2.0,2.0,738.0,978.0,1014.0,8989359394551911.0,2932.0,732903733.0,2499671667803547.0,124682479259426.0,0,0,0
2391502,"Aparelhamento de pedras para construção, exceto associado à extração",Subclasse,C,23,239,23915,2391502,0,0,0,0,0,0,0,Baixa remuneração e baixo emprego,2.0,2.0,785.0,827.0,881.0,8682706564739412.0,6401.0,1545457887.0,2414400698328386.0,124431782801547.0,0,0,0
2391503,"Aparelhamento de placas e execução de trabalhos em mármore, granito, ardósia e outras pedras",Subclasse,C,23,239,23915,2391503,0,0,0,0,0,0,0,Baixa remuneração e alto emprego,2.0,4.0,813.0,211.0,256.0,8435338086191513.0,69047.0,16195767419.0,2345614931713181.0,261428241624385.0,0,0,0
2392300,Fabricação de cal e gesso,Subclasse,C,23,239,23923,2392300,0,0,0,0,0,0,0,Alta remuneração e baixo emprego,3.0,2.0,474.0,688.0,685.0,1145667437255236.0,10882.0,3466741944.0,3185758081235067.0,230627888149542.0,0,0,0
2399101,"Decoração, lapidação, gravação, vitrificação e outros trabalhos em cerâmica, louça, vidro e cristal",Subclasse,C,23,239,23991,2399101,0,0,0,0,0,0,0,Baixa remuneração e baixo emprego,2.0,2.0,881.0,771.0,846.0,8030168305558668.0,8009.0,1788369133.0,2232949348233237.0,110004531708828.0,0,0,0
2399102,Fabricação de abrasivos,Subclasse,C,23,239,23991,2399102,0,0,0,0,0,0,0,Alta remuneração e baixo emprego,3.0,1.0,338.0,1112.0,1072.0,1395116971650111.0,1295.0,502382629.0,387940254054054.0,301797150191408.0,0,0,0
2399199,Fabricação de outros produtos de minerais não metálicos não especificados anteriormente,Subclasse,C,23,239,23991,2399199,0,0,0,0,0,0,0,Alta remuneração e alto emprego,3.0,3.0,401.0,392.0,355.0,1264361101019079.0,31457.0,11059682316.0,3515809618208983.0,337227444689529.0,0,0,0
2411300,Produção de ferro-gusa,Subclasse,C,24,241,24113,2411300,0,0,0,0,0,0,0,Alta remuneração e alto emprego,3.0,3.0,485.0,524.0,498.0,1136924670060594.0,20338.0,6429751038.0,3161447063624742.0,252553124782255.0,0,0,0
2412100,Produção de ferroligas,Subclasse,C,24,241,24121,2412100,0,0,0,0,0,0,0,Alta remuneração e alto emprego,4.0,3.0,223.0,576.0,456.0,1696729123012039.0,16321.0,7700403858.0,4718095617915569.0,470905154990434.0,0,0,0
2421100,Produção de semiacabados de aço,Subclasse,C,24,242,24211,2421100,0,0,0,0,0,0,0,Alta remuneração e baixo emprego,4.0,2.0,117.0,775.0,560.0,2347054882937985.0,7864.0,5132405644.0,6526456820956256.0,700608837421094.0,0,0,0
2422901,"Produção de laminados planos de aço ao carbono, revestidos ou não",Subclasse,C,24,242,24229,2422901,0,0,0,0,0,0,0,Alta remuneração e alto emprego,4.0,3.0,204.0,362.0,241.0,1777319614950067.0,35156.0,17374775974.0,4942193643759245.0,570784340761395.0,0,0,0
2422902,Produção de laminados planos de aços especiais,Subclasse,C,24,242,24229,2422902,0,0,0,0,0,0,0,Alta remuneração e baixo emprego,4.0,2.0,190.0,935.0,835.0,1851602962838491.0,3607.0,1857155348.0,5148753390629332.0,487882595264076.0,0,0,0
2423701,Produção de tubos de aço sem costura,Subclasse,C,24,242,24237,2423701,0,0,0,0,0,0,0,Alta remuneração e baixo emprego,4.0,2.0,98.0,832.0,610.0,2525972401202242.0,6317.0,4437043658.0,7023972863701124.0,764764694167693.0,0,0,0
2423702,"Produção de laminados longos de aço, exceto tubos",Subclasse,C,24,242,24237,2423702,0,0,0,0,0,0,0,Alta remuneração e alto emprego,4.0,3.0,144.0,388.0,230.0,2111623497361298.0,31682.0,18603013429.0,5871792635881573.0,702200086434158.0,0,0,0
2424501,Produção de arames de aço,Subclasse,C,24,242,24245,2424501,0,0,0,0,0,0,0,Alta remuneração e baixo emprego,4.0,2.0,262.0,838.0,754.0,15844470371285.0,6136.0,2703443525.0,4405872759126467.0,391412602973785.0,0,0,0
2424502,"Produção de relaminados, trefilados e perfilados de aço, exceto arames",Subclasse,C,24,242,24245,2424502,0,0,0,0,0,0,0,Alta remuneração e alto emprego,3.0,3.0,419.0,659.0,635.0,1231425032318606.0,11929.0,4084757136.0,3424224273618912.0,268056042560397.0,0,0,0
2431800,Produção de tubos de aço com costura,Subclasse,C,24,243,24318,2431800,0,0,0,0,0,0,0,Alta remuneração e alto emprego,4.0,3.0,324.0,572.0,494.0,1425478589274679.0,16405.0,6502661651.0,3963829107589149.0,360125715494938.0,0,0,0
2439300,Produção de outros tubos de ferro e aço,Subclasse,C,24,243,24393,2439300,0,0,0,0,0,0,0,Alta remuneração e baixo emprego,3.0,2.0,438.0,964.0,955.0,1195019330746549.0,3221.0,1070335375.0,3322990918969264.0,22926019375188.0,0,0,0
2441501,Produção de alumínio e suas ligas em formas primárias,Subclasse,C,24,244,24415,2441501,0,0,0,0,0,0,0,Alta remuneração e alto emprego,4.0,3.0,163.0,504.0,338.0,1992007094968964.0,21080.0,11676581404.0,5539175239089184.0,610053199841305.0,0,0,0
2441502,Produção de laminados de alumínio,Subclasse,C,24,244,24415,2441502,0,0,0,0,0,0,0,Alta remuneração e alto emprego,4.0,3.0,314.0,623.0,537.0,1461522640462402.0,13472.0,5475097349.0,4064056820813539.0,365713840601652.0,0,0,0
2442300,Metalurgia dos metais preciosos,Subclasse,C,24,244,24423,2442300,0,0,0,0,0,0,0,Alta remuneração e baixo emprego,4.0,1.0,162.0,991.0,888.0,1993577549172681.0,2743.0,1520593626.0,5543542201968648.0,540254509537131.0,0,0,0
2443100,Metalurgia do cobre,Subclasse,C,24,244,24431,2443100,0,0,0,0,0,0,0,Alta remuneração e baixo emprego,4.0,2.0,214.0,829.0,724.0,1735289632217064.0,6361.0,3069386591.0,4825320847351046.0,451881829801713.0,0,0,0
2449101,Produção de zinco em formas primárias,Subclasse,C,24,244,24491,2449101,0,0,0,0,0,0,0,Alta remuneração e baixo emprego,4.0,1.0,278.0,1055.0,1001.0,1547619038611378.0,1868.0,803887285.0,4303465123126338.0,363002087273692.0,0,0,0
2449102,Produção de laminados de zinco,Subclasse,C,24,244,24491,2449102,0,0,0,0,0,0,0,Baixa remuneração e baixo emprego,1.0,1.0,1186.0,1284.0,1290.0,6265890832224376.0,62.0,10802611.0,1742356612903226.0,44942864853753.0,0,0,0
2449103,Fabricação de ânodos para galvanoplastia,Subclasse,C,24,244,24491,2449103,0,0,0,0,0,0,0,Alta remuneração e baixo emprego,3.0,1.0,425.0,1262.0,1257.0,122055441801431.0,137.0,4649775.0,3393996350364963.0,230619564191422.0,0,0,0
2449199,Metalurgia de outros metais não ferrosos e suas ligas não especificados anteriormente,Subclasse,C,24,244,24491,2449199,0,0,0,0,0,0,0,Alta remuneração e baixo emprego,4.0,2.0,251.0,734.0,622.0,1614688042523656.0,9483.0,4257832804.0,4489963939681536.0,414532323520339.0,0,0,0
2451200,Fundição de ferro e aço,Subclasse,C,24,245,24512,2451200,0,0,0,0,0,0,0,Alta remuneração e alto emprego,3.0,4.0,392.0,231.0,209.0,1272944473551415.0,60775.0,21512389441.0,3539677406993007.0,425153421091097.0,0,0,0
2452100,Fundição de metais não ferrosos e suas ligas,Subclasse,C,24,245,24521,2452100,0,0,0,0,0,0,0,Alta remuneração e alto emprego,3.0,3.0,441.0,539.0,505.0,1186911170624551.0,19086.0,6299228475.0,3300444553599497.0,269832853377776.0,0,0,0
2511000,Fabricação de estruturas metálicas,Subclasse,C,25,251,25110,2511000,0,0,0,0,0,0,0,Baixa remuneração e alto emprego,2.0,4.0,688.0,154.0,172.0,9276206712904468.0,104895.0,27056986764.0,2579435317603317.0,378103308287576.0,0,0,0
2512800,Fabricação de esquadrias de metal,Subclasse,C,25,251,25128,2512800,0,0,0,0,0,0,0,Baixa remuneração e alto emprego,2.0,4.0,889.0,166.0,210.0,7970748085500526.0,96945.0,21487145389.0,221642636433029.0,306987364202219.0,0,0,0
2513600,Fabricação de obras de caldeiraria pesada,Subclasse,C,25,251,25136,2513600,0,0,0,0,0,0,0,Alta remuneração e alto emprego,3.0,3.0,464.0,366.0,351.0,1160919341471746.0,34588.0,11165591144.0,3228169059789522.0,301302626649728.0,0,0,0
2521700,"Fabricação de tanques, reservatórios metálicos e caldeiras para aquecimento central",Subclasse,C,25,252,25217,2521700,0,0,0,0,0,0,0,Alta remuneração e alto emprego,3.0,3.0,507.0,650.0,662.0,1116755594077421.0,12078.0,3750657314.0,3105362902798477.0,222189321942604.0,0,0,0
2522500,"Fabricação de caldeiras geradoras de vapor, exceto para aquecimento central e para veículos",Subclasse,C,25,252,25225,2522500,0,0,0,0,0,0,0,Alta remuneração e baixo emprego,4.0,2.0,210.0,871.0,776.0,1757658066523563.0,5019.0,2453046672.0,4887520765092648.0,456008576745045.0,0,0,0
2531401,Produção de forjados de aço,Subclasse,C,25,253,25314,2531401,0,0,0,0,0,0,0,Alta remuneração e baixo emprego,4.0,2.0,266.0,878.0,807.0,157654803291833.0,4775.0,2093316067.0,4383907993717278.0,383821271090632.0,0,0,0
2531402,Produção de forjados de metais não ferrosos e suas ligas,Subclasse,C,25,253,25314,2531402,0,0,0,0,0,0,0,Alta remuneração e baixo emprego,3.0,1.0,561.0,1135.0,1135.0,1047595104365201.0,1012.0,294800487.0,2913048290513834.0,165829800550879.0,0,0,0
2532201,Produção de artefatos estampados de metal,Subclasse,C,25,253,25322,2532201,0,0,0,0,0,0,0,Baixa remuneração e alto emprego,3.0,3.0,654.0,333.0,383.0,9507787322766788.0,38656.0,10219992923.0,2643830950693295.0,225937465444157.0,0,0,0
2532202,Metalurgia do pó,Subclasse,C,25,253,25322,2532202,0,0,0,0,0,0,0,Alta remuneração e baixo emprego,4.0,1.0,260.0,1071.0,1012.0,1595116248982527.0,1681.0,745614382.0,4435540642474718.0,380904174835961.0,0,0,0
2539000,,,,,,,,0,0,0,0,0,0,0,,,,,,,,,,,,0,0,0
2539001,"Serviços de usinagem, torneiria e solda",Subclasse,C,25,253,25390,2539001,0,0,0,0,0,0,0,Baixa remuneração e alto emprego,3.0,4.0,650.0,168.0,189.0,9514127357776408.0,95335.0,2522176968.0,2645593924581738.0,364492389580836.0,0,0,0
2539002,Serviços de tratamento e revestimento em metais,Subclasse,C,25,253,25390,2539002,0,0,0,0,0,0,0,Baixa remuneração e alto emprego,3.0,3.0,656.0,336.0,388.0,9487094586047472.0,38240.0,10088006143.0,2638076920240586.0,224261999015851.0,0,0,0
2541100,Fabricação de artigos de cutelaria,Subclasse,C,25,254,25411,2541100,0,0,0,0,0,0,0,Alta remuneração e baixo emprego,4.0,2.0,288.0,685.0,591.0,1531228802667143.0,10995.0,4681548719.0,4257888784902229.0,386004374974728.0,0,0,0
2542000,"Fabricação de artigos de serralheria, exceto esquadrias",Subclasse,C,25,254,25420,2542000,0,0,0,0,0,0,0,Baixa remuneração e alto emprego,2.0,4.0,823.0,250.0,304.0,837732724669496.0,55994.0,13043711894.0,2329483854341537.0,229469449302846.0,0,0,0
2543800,Fabricação de ferramentas,Subclasse,C,25,254,25438,2543800,0,0,0,0,0,0,0,Alta remuneração e alto emprego,3.0,3.0,332.0,384.0,314.0,1401963696294369.0,32292.0,12588846425.0,3898441231574384.0,398899888119191.0,0,0,0
2550101,"Fabricação de equipamento bélico pesado, exceto veículos militares de combate",Subclasse,C,25,255,25501,2550101,0,0,0,0,0,0,0,Alta remuneração e baixo emprego,4.0,1.0,107.0,1042.0,912.0,245319307280033.0,2002.0,1365683388.0,6821595344655345.0,71670620134687.0,0,0,0
2550102,"Fabricação de armas de fogo, outras armas e munições",Subclasse,C,25,255,25501,2550102,0,0,0,0,0,0,0,Alta remuneração e baixo emprego,3.0,2.0,341.0,785.0,742.0,1384331636869248.0,7491.0,2883594345.0,3849411754104926.0,316330410197242.0,0,0,0
2591800,Fabricação de embalagens metálicas,Subclasse,C,25,259,25918,2591800,0,0,0,0,0,0,0,Alta remuneração e alto emprego,4.0,3.0,257.0,440.0,339.0,1604258434007975.0,26018.0,11606531768.0,4460962321469752.0,465232708015094.0,0,0,0
2592601,Fabricação de produtos de trefilados de metal padronizados,Subclasse,C,25,259,25926,2592601,0,0,0,0,0,0,0,Alta remuneração e alto emprego,3.0,3.0,468.0,496.0,479.0,1156012595957933.0,21775.0,6999627904000001.0,3214524869804822.0,264372911166929.0,0,0,0
2592602,"Fabricação de produtos de trefilados de metal, exceto padronizados",Subclasse,C,25,259,25926,2592602,0,0,0,0,0,0,0,Alta remuneração e alto emprego,3.0,3.0,569.0,555.0,553.0,103809310251096.0,18205.0,5255102758.0,2886626068662455.0,206106937556861.0,0,0,0
2593400,Fabricação de artigos de metal para uso doméstico e pessoal,Subclasse,C,25,259,25934,2593400,0,0,0,0,0,0,0,Baixa remuneração e alto emprego,2.0,3.0,787.0,375.0,442.0,8652643273117978.0,33706.0,8109801784999999.0,2406040997151842.0,187089605356649.0,0,0,0
2599301,Serviços de confecção de armações metálicas para a construção,Subclasse,C,25,259,25993,2599301,0,0,0,0,0,0,0,Baixa remuneração e alto emprego,1.0,3.0,1075.0,636.0,774.0,6878087325178157.0,12876.0,2462651046.0,1912590125815471.0,88075553293315.0,0,0,0
2599302,Serviço de corte e dobra de metais,Subclasse,C,25,259,25993,2599302,0,0,0,0,0,0,0,Baixa remuneração e alto emprego,2.0,3.0,760.0,497.0,545.0,8845986755791457.0,21689.0,5335068961.0,2459804030153534.0,164888153968517.0,0,0,0
2599399,Fabricação de outros produtos de metal não especificados anteriormente,Subclasse,C,25,259,25993,2599399,0,0,0,0,0,0,0,Alta remuneração e alto emprego,3.0,4.0,477.0,124.0,117.0,1144554958328693.0,132568.0,42191948208.0,3182664610464064.0,55881019236599.0,0,0,0
2610800,Fabricação de componentes eletrônicos,Subclasse,C,26,261,26108,2610800,0,0,0,0,0,0,0,Alta remuneração e alto emprego,3.0,4.0,410.0,306.0,285.0,1246210956498107.0,42865.0,14854177772.0,3465339501224776.0,361796168056625.0,0,0,0
2621300,Fabricação de equipamentos de informática,Subclasse,C,26,262,26213,2621300,0,0,0,0,0,0,0,Alta remuneração e alto emprego,4.0,3.0,196.0,631.0,487.0,1815586159072642.0,13148.0,6637901179.0,5048601444326133.0,508128436445259.0,0,0,0
2622100,Fabricação de periféricos para equipamentos de informática,Subclasse,C,26,262,26221,2622100,0,0,0,0,0,0,0,Alta remuneração e alto emprego,3.0,3.0,398.0,468.0,430.0,1267839935917395.0,23536.0,8297577298.0,3525483216349422.0,316017735878263.0,0,0,0
2631100,"Fabricação de equipamentos transmissores de comunicação, peças e acessórios",Subclasse,C,26,263,26311,2631100,0,0,0,0,0,0,0,Alta remuneração e baixo emprego,4.0,2.0,325.0,732.0,658.0,1422339192140538.0,9549.0,3776724402.0,3955099384228715.0,337764309902336.0,0,0,0
2632900,"Fabricação de aparelhos telefônicos e de outros equipamentos de comunicação, peças e acessórios",Subclasse,C,26,263,26329,2632900,0,0,0,0,0,0,0,Alta remuneração e alto emprego,4.0,3.0,264.0,589.0,482.0,1579491665025432.0,15469.0,6794129208.0,4392093353157929.0,420114181015184.0,0,0,0
2640000,"Fabricação de aparelhos de recepção, reprodução, gravação e amplificação de áudio e vídeo",Subclasse,C,26,264,26400,2640000,0,0,0,0,0,0,0,Alta remuneração e alto emprego,3.0,3.0,349.0,508.0,448.0,1360403708885618.0,20929.0,7917179823.0,3782875351426251.0,347010043387506.0,0,0,0
2651500,"Fabricação de aparelhos e equipamentos de medida, teste e controle",Subclasse,C,26,265,26515,2651500,0,0,0,0,0,0,0,Alta remuneração e alto emprego,4.0,3.0,255.0,399.0,297.0,1608253219809537.0,30837.0,13790524185.0,4472070624574375.0,482938544907632.0,0,0,0
2652300,Fabricação de cronômetros e relógios,Subclasse,C,26,265,26523,2652300,0,0,0,0,0,0,0,Baixa remuneração e baixo emprego,2.0,2.0,946.0,987.0,1049.0,7638164873188468.0,2792.0,593005425.0,2123944931948424.0,87668730757566.0,0,0,0
2660400,Fabricação de aparelhos eletromédicos e eletroterapêuticos e equipamentos de irradiação,Subclasse,C,26,266,26604,2660400,0,0,0,0,0,0,0,Alta remuneração e baixo emprego,4.0,2.0,329.0,770.0,716.0,1408560355358409.0,8094.0,3170245427.0,3916784565109958.0,327803466099966.0,0,0,0
2670101,"Fabricação de equipamentos e instrumentos ópticos, peças e acessórios",Subclasse,C,26,267,26701,2670101,0,0,0,0,0,0,0,Alta remuneração e baixo emprego,4.0,1.0,276.0,1148.0,1104.0,1550331273356717.0,894.0,385404029.0,4311007035794183.0,360897902652197.0,0,0,0
2670102,"Fabricação de aparelhos fotográficos e cinematográficos, peças e acessórios",Subclasse,C,26,267,26701,2670102,0,0,0,0,0,0,0,Alta remuneração e baixo emprego,3.0,1.0,537.0,1254.0,1256.0,1074233376862916.0,163.0,48690078.0,2987121349693252.0,173973513222857.0,0,0,0
2680900,"Fabricação de mídias virgens, magnéticas e ópticas",Subclasse,C,26,268,26809,2680900,0,0,0,0,0,0,0,Baixa remuneração e baixo emprego,3.0,1.0,637.0,1307.0,1306.0,9605224761153096.0,13.0,3472203.0,2670925384615385.0,134252462361463.0,0,0,0
2710401,"Fabricação de geradores de corrente contínua e alternada, peças e acessórios",Subclasse,C,27,271,27104,2710401,0,0,0,0,0,0,0,Alta remuneração e alto emprego,3.0,3.0,427.0,484.0,459.0,1218798416609338.0,22277.0,7549928002.0,3389113436279571.0,291940846425032.0,0,0,0
2710402,"Fabricação de transformadores, indutores, conversores, sincronizadores e semelhantes, peças e acessórios",Subclasse,C,27,271,27104,2710402,0,0,0,0,0,0,0,Alta remuneração e alto emprego,4.0,3.0,286.0,404.0,309.0,1532034551252085.0,30199.0,12865164565.0,4260129330441406.0,448195215665449.0,0,0,0
2710403,"Fabricação de motores elétricos, peças e acessórios",Subclasse,C,27,271,27104,2710403,0,0,0,0,0,0,0,Alta remuneração e alto emprego,4.0,3.0,283.0,529.0,424.0,1538496089191893.0,20131.0,8612236934999999.0,4278096932591525.0,418438749856024.0,0,0,0
2721000,"Fabricação de pilhas, baterias e acumuladores elétricos, exceto para veículos automotores",Subclasse,C,27,272,27210,2721000,0,0,0,0,0,0,0,Alta remuneração e baixo emprego,3.0,2.0,382.0,933.0,921.0,1290903553134837.0,3615.0,1297646267.0,3589616229598893.0,267963882820117.0,0,0,0
2722801,Fabricação de baterias e acumuladores para veículos automotores,Subclasse,C,27,272,27228,2722801,0,0,0,0,0,0,0,Alta remuneração e alto emprego,3.0,3.0,386.0,653.0,619.0,1282545112290794.0,12020.0,4286781438.0,3566373908485857.0,288943150419098.0,0,0,0
2722802,Recondicionamento de baterias e acumuladores para veículos automotores,Subclasse,C,27,272,27228,2722802,0,0,0,0,0,0,0,Baixa remuneração e baixo emprego,2.0,1.0,670.0,1300.0,1298.0,9411160494156956.0,26.0,6804100999999999.0,2616961923076923.0,129088110482736.0,0,0,0
2731700,Fabricação de aparelhos e equipamentos para distribuição e controle de energia elétrica,Subclasse,C,27,273,27317,2731700,0,0,0,0,0,0,0,Alta remuneração e alto emprego,3.0,4.0,336.0,311.0,253.0,1395959105663793.0,42127.0,16352624057.0,3881744263061694.0,42619776697336.0,0,0,0
2732500,Fabricação de material elétrico para instalações em circuito de consumo,Subclasse,C,27,273,27325,2732500,0,0,0,0,0,0,0,Alta remuneração e baixo emprego,3.0,2.0,430.0,662.0,646.0,1214216582789048.0,11864.0,4005728605.0,3376372728422117.0,260931640599244.0,0,0,0
2733300,"Fabricação de fios, cabos e condutores elétricos isolados",Subclasse,C,27,273,27333,2733300,0,0,0,0,0,0,0,Alta remuneração e alto emprego,3.0,3.0,391.0,354.0,312.0,127352468768278.0,35697.0,126413458.0,3541290808751436.0,353350925906114.0,0,0,0
2740601,Fabricação de lâmpadas,Subclasse,C,27,274,27406,2740601,0,0,0,0,0,0,0,Baixa remuneração e baixo emprego,2.0,1.0,893.0,1147.0,1167.0,7961396621545483.0,898.0,198801575.0,2213826002227172.0,92215896580017.0,0,0,0
2740602,Fabricação de luminárias e outros equipamentos de iluminação,Subclasse,C,27,274,27406,2740602,0,0,0,0,0,0,0,Baixa remuneração e alto emprego,2.0,3.0,703.0,590.0,650.0,9168855390274576.0,15448.0,3938597563.0,2549584129337131.0,159529095844491.0,0,0,0
2751100,"Fabricação de fogões, refrigeradores e máquinas de lavar e secar para uso doméstico, peças e acessórios",Subclasse,C,27,275,27511,2751100,0,0,0,0,0,0,0,Alta remuneração e alto emprego,3.0,4.0,347.0,309.0,259.0,1366414017988515.0,42323.0,16080997229.0,3799588221298112.0,413666082476465.0,0,0,0
2759701,"Fabricação de aparelhos elétricos de uso pessoal, peças e acessórios",Subclasse,C,27,275,27597,2759701,0,0,0,0,0,0,0,Baixa remuneração e baixo emprego,2.0,2.0,846.0,984.0,1034.0,8257532257065028.0,2827.0,649127953.0,2296172454899187.0,10456268194328.0,0,0,0
2759799,"Fabricação de outros aparelhos eletrodomésticos não especificados anteriormente, peças e acessórios",Subclasse,C,27,275,27597,2759799,0,0,0,0,0,0,0,Alta remuneração e alto emprego,3.0,3.0,582.0,414.0,433.0,1020625309154764.0,29133.0,8268100870999999.0,2838053365942402.0,226603996670801.0,0,0,0
2790201,"Fabricação de eletrodos, contatos e outros artigos de carvão e grafita para uso elétrico, eletroímãs e isoladores",Subclasse,C,27,279,27902,2790201,0,0,0,0,0,0,0,Alta remuneração e baixo emprego,4.0,1.0,207.0,1038.0,968.0,1766597384840523.0,2045.0,1004581369.0,4912378332518337.0,44901337720071.0,0,0,0
2790202,Fabricação de equipamentos para sinalização e alarme,Subclasse,C,27,279,27902,2790202,0,0,0,0,0,0,0,Alta remuneração e baixo emprego,4.0,2.0,188.0,900.0,798.0,1856228660643047.0,4248.0,2192654507.0,5161616071092279.0,492041479233221.0,0,0,0
2790299,Fabricação de outros equipamentos e aparelhos elétricos não especificados anteriormente,Subclasse,C,27,279,27902,2790299,0,0,0,0,0,0,0,Alta remuneração e alto emprego,3.0,4.0,414.0,307.0,286.0,1242349334548888.0,42847.0,14801930991.0,3454601486918571.0,360026609132472.0,0,0,0
2811900,"Fabricação de motores e turbinas, peças e acessórios, exceto para aviões e veículos rodoviários",Subclasse,C,28,281,28119,2811900,0,0,0,0,0,0,0,Alta remuneração e baixo emprego,4.0,2.0,110.0,806.0,595.0,2411745492507285.0,6850.0,4593844294.0,6706342035036496.0,721888942968766.0,0,0,0
2812700,"Fabricação de equipamentos hidráulicos e pneumáticos, peças e acessórios, exceto válvulas",Subclasse,C,28,281,28127,2812700,0,0,0,0,0,0,0,Alta remuneração e alto emprego,4.0,3.0,228.0,545.0,420.0,1680228319625624.0,18704.0,8738904997.0,467221182474337.0,472302185306905.0,0,0,0
2813500,"Fabricação de válvulas, registros e dispositivos semelhantes, peças e acessórios",Subclasse,C,28,281,28135,2813500,0,0,0,0,0,0,0,Alta remuneração e alto emprego,3.0,3.0,383.0,476.0,438.0,1289340131090497.0,22766.0,8162222998.0,3585268821048933.0,3227981468372.0,0,0,0
2814301,"Fabricação de compressores para uso industrial, peças e acessórios",Subclasse,C,28,281,28143,2814301,0,0,0,0,0,0,0,Alta remuneração e alto emprego,4.0,3.0,169.0,656.0,490.0,1955738088826487.0,11994.0,6522723399.0,5438321993496748.0,56052759444276.0,0,0,0
2814302,"Fabricação de compressores para uso não industrial, peças e acessórios",Subclasse,C,28,281,28143,2814302,0,0,0,0,0,0,0,Alta remuneração e baixo emprego,4.0,1.0,254.0,995.0,937.0,1608813856675602.0,2693.0,1204748448.0,4473629587820275.0,389606453526287.0,0,0,0
2815101,Fabricação de rolamentos para fins industriais,Subclasse,C,28,281,28151,2815101,0,0,0,0,0,0,0,Alta remuneração e baixo emprego,4.0,1.0,143.0,1129.0,1038.0,2113322884511285.0,1076.0,63231335.0,587651812267658.0,580414087968718.0,0,0,0
2815102,"Fabricação de equipamentos de transmissão para fins industriais, exceto rolamentos",Subclasse,C,28,281,28151,2815102,0,0,0,0,0,0,0,Alta remuneração e alto emprego,4.0,3.0,209.0,618.0,484.0,1759800536562718.0,13687.0,6697703794.0,4893478332724483.0,487431689922607.0,0,0,0
2821601,"Fabricação de fornos industriais, aparelhos e equipamentos não elétricos para instalações térmicas, peças e acessórios",Subclasse,C,28,282,28216,2821601,0,0,0,0,0,0,0,Alta remuneração e baixo emprego,3.0,2.0,494.0,850.0,843.0,1132576780696103.0,5734.0,1805841238.0,3149356885245902.0,211544896641455.0,0,0,0
2821602,"Fabricação de estufas e fornos elétricos para fins industriais, peças e acessórios",Subclasse,C,28,282,28216,2821602,0,0,0,0,0,0,0,Alta remuneração e baixo emprego,3.0,1.0,415.0,1004.0,993.0,1236943639284236.0,2558.0,8798419720000001.0,343956986708366.0,243810942373679.0,0,0,0
2822401,"Fabricação de máquinas, equipamentos e aparelhos para transporte e elevação de pessoas, peças e acessórios",Subclasse,C,28,282,28224,2822401,0,0,0,0,0,0,0,Alta remuneração e baixo emprego,4.0,2.0,185.0,796.0,668.0,1861407461531043.0,7176.0,3714309631.0,5176016765607581.0,504806641599666.0,0,0,0
2822402,"Fabricação de máquinas, equipamentos e aparelhos para transporte e elevação de cargas, peças e acessórios",Subclasse,C,28,282,28224,2822402,0,0,0,0,0,0,0,Alta remuneração e alto emprego,4.0,3.0,291.0,435.0,349.0,1512710264212417.0,26851.0,11294589267.0,4206394274701129.0,429225371348899.0,0,0,0
2823200,"Fabricação de máquinas e aparelhos de refrigeração e ventilação para uso industrial e comercial, peças e acessórios",Subclasse,C,28,282,28232,2823200,0,0,0,0,0,0,0,Alta remuneração e alto emprego,3.0,3.0,445.0,380.0,359.0,1183767543179195.0,33368.0,10983754794.0,3291703067010309.0,307857685972543.0,0,0,0
2824101,Fabricação de aparelhos e equipamentos de ar condicionado para uso industrial,Subclasse,C,28,282,28241,2824101,0,0,0,0,0,0,0,Alta remuneração e baixo emprego,3.0,1.0,400.0,1151.0,1131.0,1264863996730852.0,874.0,307403981.0,3517208020594966.0,24990346041381.0,0,0,0
2824102,Fabricação de aparelhos e equipamentos de ar condicionado para uso não industrial,Subclasse,C,28,282,28241,2824102,0,0,0,0,0,0,0,Alta remuneração e baixo emprego,3.0,2.0,374.0,753.0,714.0,1303211206712185.0,8776.0,3180282097.0,3623840128760255.0,287830653188612.0,0,0,0
2825900,"Fabricação de máquinas e equipamentos para saneamento básico e ambiental, peças e acessórios",Subclasse,C,28,282,28259,2825900,0,0,0,0,0,0,0,Alta remuneração e baixo emprego,3.0,2.0,333.0,828.0,773.0,1401551673445558.0,6363.0,2479849139.0,3897295519409084.0,319739073885774.0,0,0,0
2829101,"Fabricação de máquinas de escrever, calcular e outros equipamentos não eletrônicos para escritório, peças e acessórios",Subclasse,C,28,282,28291,2829101,0,0,0,0,0,0,0,Alta remuneração e baixo emprego,3.0,1.0,481.0,1189.0,1176.0,1142569221054216.0,568.0,180461715.0,317714286971831.0,201555445779329.0,0,0,0
2829199,"Fabricação de outras máquinas e equipamentos de uso geral não especificados anteriormente, peças e acessórios",Subclasse,C,28,282,28291,2829199,0,0,0,0,0,0,0,Alta remuneração e alto emprego,4.0,4.0,279.0,191.0,140.0,1544539640274821.0,78849.0,3386487466.0,4294902238455783.0,611094171455401.0,0,0,0
2831300,"Fabricação de tratores agrícolas, peças e acessórios",Subclasse,C,28,283,28313,2831300,0,0,0,0,0,0,0,Alta remuneração e baixo emprego,4.0,2.0,155.0,742.0,554.0,2024770475793549.0,9298.0,5235034707.0,5630280390406539.0,577913625223182.0,0,0,0
2832100,"Fabricação de equipamentos para irrigação agrícola, peças e acessórios",Subclasse,C,28,283,28321,2832100,0,0,0,0,0,0,0,Alta remuneração e baixo emprego,4.0,2.0,312.0,842.0,775.0,1467183702661192.0,6019.0,2455630741.0,4079798539624522.0,344649071237088.0,0,0,0
2833000,"Fabricação de máquinas e equipamentos para a agricultura e pecuária, peças e acessórios, exceto para irrigação",Subclasse,C,28,283,28330,2833000,0,0,0,0,0,0,0,Alta remuneração e alto emprego,4.0,4.0,294.0,143.0,103.0,1501567040647467.0,111553.0,46577932284.0,4175408306724158.0,6939089697283.0,0,0,0
2840200,"Fabricação de máquinas-ferramenta, peças e acessórios",Subclasse,C,28,284,28402,2840200,0,0,0,0,0,0,0,Alta remuneração e alto emprego,4.0,3.0,259.0,456.0,361.0,1595882361547092.0,24740.0,10978797985.0,4437670972109943.0,457467871018553.0,0,0,0
2851800,"Fabricação de máquinas e equipamentos para a prospecção e extração de petróleo, peças e acessórios",Subclasse,C,28,285,28518,2851800,0,0,0,0,0,0,0,Alta remuneração e baixo emprego,4.0,2.0,58.0,735.0,427.0,322058342545353.0,9402.0,8419940534.0,8955478125930653.0,105670750180745.0,0,0,0
2852600,"Fabricação de outras máquinas e equipamentos para uso na extração mineral, peças e acessórios, exceto na extração de petróleo",Subclasse,C,28,285,28526,2852600,0,0,0,0,0,0,0,Alta remuneração e baixo emprego,4.0,2.0,263.0,745.0,642.0,1584354240422106.0,9137.0,4025410169.0,4405614719273284.0,401254861269113.0,0,0,0
2853400,"Fabricação de tratores, peças e acessórios, exceto agrícolas",Subclasse,C,28,285,28534,2853400,0,0,0,0,0,0,0,Alta remuneração e baixo emprego,4.0,2.0,231.0,756.0,643.0,1668438066492191.0,8671.0,4022846858.0,4639426661284742.0,433276289949059.0,0,0,0
2854200,"Fabricação de máquinas e equipamentos para terraplenagem, pavimentação e construção, peças e acessórios, exceto tratores",Subclasse,C,28,285,28542,2854200,0,0,0,0,0,0,0,Alta remuneração e baixo emprego,4.0,2.0,150.0,718.0,528.0,2063478452112001.0,9916.0,568971719.0,5737915681726502.0,595825960692931.0,0,0,0
2861500,"Fabricação de máquinas para a indústria metalúrgica, peças e acessórios, exceto máquinas-ferramenta",Subclasse,C,28,286,28615,2861500,0,0,0,0,0,0,0,Alta remuneração e baixo emprego,3.0,2.0,365.0,692.0,647.0,1329689552448517.0,10832.0,4005097857.0,369746847950517.0,304465370296392.0,0,0,0
2862300,"Fabricação de máquinas e equipamentos para as indústrias de alimentos, bebidas e fumo, peças e acessórios",Subclasse,C,28,286,28623,2862300,0,0,0,0,0,0,0,Alta remuneração e alto emprego,4.0,3.0,246.0,423.0,307.0,1635616101490645.0,28328.0,12884023696.0,4548158604913866.0,486241419481685.0,0,0,0
2863100,"Fabricação de máquinas e equipamentos para a indústria têxtil, peças e acessórios",Subclasse,C,28,286,28631,2863100,0,0,0,0,0,0,0,Alta remuneração e baixo emprego,4.0,1.0,261.0,1036.0,985.0,1588999006565593.0,2080.0,9190543280000000.0,4418530423076922.0,379836400691154.0,0,0,0
2864000,"Fabricação de máquinas e equipamentos para as indústrias do vestuário, do couro e de calçados, peças e acessórios",Subclasse,C,28,286,28640,2864000,0,0,0,0,0,0,0,Alta remuneração e baixo emprego,3.0,2.0,379.0,950.0,934.0,1293166814586497.0,3396.0,1221170928.0,3595909681978798.0,268216508426334.0,0,0,0
2865800,"Fabricação de máquinas e equipamentos para as indústrias de celulose, papel e papelão e artefatos, peças e acessórios",Subclasse,C,28,286,28658,2865800,0,0,0,0,0,0,0,Alta remuneração e baixo emprego,4.0,2.0,115.0,864.0,693.0,2367775828140824.0,5152.0,3392115731.0,6584075564829193.0,69707154899342.0,0,0,0
2866600,"Fabricação de máquinas e equipamentos para a indústria do plástico, peças e acessórios",Subclasse,C,28,286,28666,2866600,0,0,0,0,0,0,0,Alta remuneração e baixo emprego,3.0,2.0,378.0,918.0,909.0,1295054302435673.0,3855.0,1388246494.0,3601158220492866.0,27028882622697.0,0,0,0
2869100,"Fabricação de máquinas e equipamentos para uso industrial específico não especificados anteriormente, peças e acessórios",Subclasse,C,28,286,28691,2869100,0,0,0,0,0,0,0,Alta remuneração e alto emprego,4.0,4.0,281.0,217.0,165.0,1539133924359009.0,66679.0,28537748915.0,4279870561196179.0,569104399692193.0,0,0,0
2910701,"Fabricação de automóveis, camionetas e utilitários",Subclasse,C,29,291,29107,2910701,0,0,0,0,0,0,0,Alta remuneração e alto emprego,4.0,4.0,132.0,190.0,92.0,2249018686696932.0,80175.0,50140222455.0,6253847515434986.0,964246364664514.0,0,0,0
2910702,"Fabricação de chassis com motor para automóveis, camionetas e utilitários",Subclasse,C,29,291,29107,2910702,0,0,0,0,0,0,0,Alta remuneração e baixo emprego,4.0,1.0,310.0,1105.0,1056.0,1468407619002382.0,1385.0,565523461.0,4083201884476534.0,330600831955664.0,0,0,0
2910703,"Fabricação de motores para automóveis, camionetas e utilitários",Subclasse,C,29,291,29107,2910703,0,0,0,0,0,0,0,Alta remuneração e baixo emprego,4.0,2.0,172.0,818.0,680.0,1921319346359112.0,6587.0,3519179695.0,5342613777136785.0,526389599649727.0,0,0,0
2920401,Fabricação de caminhões e ônibus,Subclasse,C,29,292,29204,2920401,0,0,0,0,0,0,0,Alta remuneração e alto emprego,4.0,4.0,94.0,305.0,150.0,2569421996013705.0,43744.0,3125418327.0,7144793176207022.0,95473727225546.0,0,0,0
2920402,Fabricação de motores para caminhões e ônibus,Subclasse,C,29,292,29204,2920402,0,0,0,0,0,0,0,Alta remuneração e baixo emprego,4.0,2.0,42.0,961.0,701.0,3674600783391162.0,3232.0,3302446109.0,1021796444616337.0,1200689787013618.0,0,0,0
2930101,"Fabricação de cabines, carrocerias e reboques para caminhões",Subclasse,C,29,293,29301,2930101,0,0,0,0,0,0,0,Alta remuneração e alto emprego,3.0,4.0,502.0,220.0,219.0,112102764635241.0,63173.0,19692554156.0,3117242200940275.0,360286610354419.0,0,0,0
2930102,Fabricação de carrocerias para ônibus,Subclasse,C,29,293,29301,2930102,0,0,0,0,0,0,0,Alta remuneração e alto emprego,3.0,3.0,429.0,601.0,571.0,1214682996736568.0,14679.0,4958081332.0,3377669685945909.0,268987460122778.0,0,0,0
2930103,"Fabricação de cabines, carrocerias e reboques para outros veículos automotores, exceto caminhões e ônibus",Subclasse,C,29,293,29301,2930103,0,0,0,0,0,0,0,Alta remuneração e baixo emprego,3.0,2.0,575.0,738.0,757.0,1026386688587647.0,9366.0,2673125743.0,2854074036942131.0,178818470405051.0,0,0,0
2941700,Fabricação de peças e acessórios para o sistema motor de veículos automotores,Subclasse,C,29,294,29417,2941700,0,0,0,0,0,0,0,Alta remuneração e alto emprego,4.0,4.0,198.0,292.0,196.0,1802341550038582.0,47194.0,23652557497.0,5011772152604144.0,624816468425674.0,0,0,0
2942500,Fabricação de peças e acessórios para os sistemas de marcha e transmissão de veículos automotores,Subclasse,C,29,294,29425,2942500,0,0,0,0,0,0,0,Alta remuneração e alto emprego,4.0,3.0,184.0,632.0,483.0,186544122248208.0,13087.0,6788532412.0,518723344693207.0,528100378021899.0,0,0,0
2943300,Fabricação de peças e acessórios para o sistema de freios de veículos automotores,Subclasse,C,29,294,29433,2943300,0,0,0,0,0,0,0,Alta remuneração e alto emprego,4.0,3.0,296.0,467.0,392.0,1499998797355984.0,23578.0,9834495776000000.0,4171047491729579.0,413438716923122.0,0,0,0
2944100,Fabricação de peças e acessórios para o sistema de direção e suspensão de veículos automotores,Subclasse,C,29,294,29441,2944100,0,0,0,0,0,0,0,Alta remuneração e alto emprego,4.0,3.0,300.0,488.0,409.0,149051260033042.0,22031.0,9131120755.0,4144669218374109.0,404565544441271.0,0,0,0
2945000,"Fabricação de material elétrico e eletrônico para veículos automotores, exceto baterias",Subclasse,C,29,294,29450,2945000,0,0,0,0,0,0,0,Alta remuneração e alto emprego,3.0,4.0,584.0,268.0,281.0,1020067344373152.0,53138.0,1507260344.0,2836501832963228.0,287177290924859.0,0,0,0
2949201,Fabricação de bancos e estofados para veículos automotores,Subclasse,C,29,294,29492,2949201,0,0,0,0,0,0,0,Alta remuneração e baixo emprego,3.0,2.0,380.0,661.0,621.0,1292738173690346.0,11875.0,426872734.0,359471776.0,292636324086997.0,0,0,0
2949299,Fabricação de outras peças e acessórios para veículos automotores não especificadas anteriormente,Subclasse,C,29,294,29492,2949299,0,0,0,0,0,0,0,Alta remuneração e alto emprego,4.0,4.0,317.0,77.0,52.0,1455041620618279.0,203216.0,82221905777.0,4046035045321235.0,954716635796066.0,0,0,0
2950600,Recondicionamento e recuperação de motores para veículos automotores,Subclasse,C,29,295,29506,2950600,0,0,0,0,0,0,0,Baixa remuneração e alto emprego,2.0,3.0,768.0,549.0,601.0,8803959035478972.0,18463.0,4519959118.0,2448117379624113.0,156073826217147.0,0,0,0
3011301,Construção de embarcações de grande porte,Subclasse,C,30,301,30113,3011301,0,0,0,0,0,0,0,Alta remuneração e alto emprego,4.0,3.0,282.0,348.0,272.0,153855796248842.0,36200.0,15487333721.0,4278268983701658.0,47037251168833.0,0,0,0
3011302,"Construção de embarcações para uso comercial e para usos especiais, exceto de grande porte",Subclasse,C,30,301,30113,3011302,0,0,0,0,0,0,0,Alta remuneração e baixo emprego,3.0,2.0,483.0,901.0,917.0,1137467241410291.0,4242.0,1341725847.0,3162955792079208.0,209462098011373.0,0,0,0
3012100,Construção de embarcações para esporte e lazer,Subclasse,C,30,301,30121,3012100,0,0,0,0,0,0,0,Baixa remuneração e baixo emprego,2.0,2.0,682.0,805.0,847.0,9328224569063044.0,6870.0,1782009249.0,2593899925764192.0,143402437826352.0,0,0,0
3031800,"Fabricação de locomotivas, vagões e outros materiais rodantes",Subclasse,C,30,303,30318,3031800,0,0,0,0,0,0,0,Alta remuneração e baixo emprego,4.0,2.0,71.0,947.0,748.0,2869118272920561.0,3452.0,2754060411.0,797815878041715.0,886238711506543.0,0,0,0
3032600,Fabricação de peças e acessórios para veículos ferroviários,Subclasse,C,30,303,30326,3032600,0,0,0,0,0,0,0,Alta remuneração e baixo emprego,4.0,1.0,164.0,1088.0,997.0,1980324698797289.0,1549.0,8529862800000001.0,5506689993544222.0,53050516383335.0,0,0,0
3041500,Fabricação de aeronaves,Subclasse,C,30,304,30415,3041500,0,0,0,0,0,0,0,Alta remuneração e alto emprego,4.0,3.0,36.0,531.0,214.0,3823417264042652.0,19681.0,20924403299.0,1063177851684366.0,1362652468737593.0,0,0,0
3042300,"Fabricação de turbinas, motores e outros componentes e peças para aeronaves",Subclasse,C,30,304,30423,3042300,0,0,0,0,0,0,0,Alta remuneração e baixo emprego,4.0,2.0,156.0,907.0,791.0,2022984083129428.0,4071.0,2290064909.0,5625312967329894.0,556910200139383.0,0,0,0
3050400,Fabricação de veículos militares de combate,Subclasse,C,30,305,30504,3050400,0,0,0,0,0,0,0,Alta remuneração e baixo emprego,4.0,1.0,247.0,1318.0,1317.0,1628560827285556.0,1.0,452854.0,452854.0,3883064378824.0,0,0,0
3091101,Fabricação de motocicletas,Subclasse,C,30,309,30911,3091101,0,0,0,0,0,0,0,Alta remuneração e alto emprego,4.0,3.0,157.0,602.0,436.0,2019986304588612.0,14602.0,8201909878.0,561697704287084.0,596566893303421.0,0,0,0
3091102,Fabricação de peças e acessórios para motocicletas,Subclasse,C,30,309,30911,3091102,0,0,0,0,0,0,0,Alta remuneração e alto emprego,3.0,3.0,490.0,629.0,630.0,1135910679951302.0,13189.0,4165913758.0,3158627460762757.0,232908800616675.0,0,0,0
3092000,"Fabricação de bicicletas e triciclos não motorizados, peças e acessórios",Subclasse,C,30,309,30920,3092000,0,0,0,0,0,0,0,Baixa remuneração e alto emprego,2.0,3.0,734.0,603.0,674.0,8997523488166239.0,14582.0,3648331617.0,2501941857769853.0,152532565012027.0,0,0,0
3099700,Fabricação de equipamentos de transporte não especificados anteriormente,Subclasse,C,30,309,30997,3099700,0,0,0,0,0,0,0,Alta remuneração e baixo emprego,3.0,2.0,535.0,965.0,979.0,10746688265817.0,3220.0,9622429700000000.0,2988332204968944.0,182110935348135.0,0,0,0
3101200,Fabricação de móveis com predominância de madeira,Subclasse,C,31,310,31012,3101200,0,0,0,0,0,0,0,Baixa remuneração e alto emprego,2.0,4.0,861.0,45.0,64.0,81805764966983.0,304566.0,69281862387.0,2274773362325407.0,78491581277803.0,0,0,0
3102100,Fabricação de móveis com predominância de metal,Subclasse,C,31,310,31021,3102100,0,0,0,0,0,0,0,Baixa remuneração e alto emprego,2.0,4.0,752.0,283.0,329.0,8892703792967308.0,49083.0,12137217928.0,2472794639284477.0,230854694147027.0,0,0,0
3103900,"Fabricação de móveis de outros materiais, exceto madeira e metal",Subclasse,C,31,310,31039,3103900,0,0,0,0,0,0,0,Baixa remuneração e alto emprego,2.0,3.0,914.0,654.0,759.0,787698467677223.0,12015.0,2631709812.0,219035356803995.0,114635365872377.0,0,0,0
3104700,Fabricação de colchões,Subclasse,C,31,310,31047,3104700,0,0,0,0,0,0,0,Baixa remuneração e alto emprego,2.0,4.0,829.0,317.0,396.0,8349580466097867.0,41399.0,9611888608.0,2321768305514626.0,195176633183564.0,0,0,0
311601,Pesca de peixes em água salgada,Subclasse,A,03,031,03116,0311601,0,0,0,0,0,0,0,Baixa remuneração e baixo emprego,2.0,2.0,865.0,695.0,778.0,8147681228502546.0,10735.0,2432149697.0,2265626173265021.0,119430497213067.0,0,0,0
311602,Pesca de crustáceos e moluscos em água salgada,Subclasse,A,03,031,03116,0311602,0,0,0,0,0,0,0,Baixa remuneração e baixo emprego,1.0,1.0,1086.0,1122.0,1162.0,6843302653797666.0,1143.0,217503476.0,1902917550306212.0,62656929039997.0,0,0,0
311603,Coleta de outros produtos marinhos,Subclasse,A,03,031,03116,0311603,0,0,0,0,0,0,0,Baixa remuneração e baixo emprego,1.0,1.0,1212.0,1306.0,1307.0,6139015817859363.0,17.0,290203.0,1707076470588235.0,41455633586944.0,0,0,0
311604,Atividades de apoio à pesca em água salgada,Subclasse,A,03,031,03116,0311604,0,0,0,0,0,0,0,Baixa remuneração e baixo emprego,1.0,1.0,1003.0,1220.0,1235.0,72884611369367.0,365.0,73974652.0,2026702794520548.0,72977000237014.0,0,0,0
312401,Pesca de peixes em água doce,Subclasse,A,03,031,03124,0312401,0,0,0,0,0,0,0,Baixa remuneração e baixo emprego,1.0,1.0,1197.0,1181.0,1214.0,6232063439822972.0,614.0,106403144.0,1732950228013029.0,45140801181571.0,0,0,0
312402,,,"AGRICULTURA, PECUÁRIA, PRODUÇÃO FLORESTAL, PESCA E AQUICULTURA",PESCA E AQÜICULTURA,Pesca,Pesca em água doce,Pesca de crustáceos e moluscos em água doce,0,0,0,0,0,0,0,,,,,,,,,,,,0,0,0
312403,Coleta de outros produtos aquáticos de água doce,Subclasse,A,03,031,03124,0312403,0,0,0,0,0,0,0,Baixa remuneração e baixo emprego,2.0,1.0,934.0,1298.0,1300.0,7720711120104699.0,28.0,6011316.0,2146898571428571.0,83829220712081.0,0,0,0
312404,Atividades de apoio à pesca em água doce,Subclasse,A,03,031,03124,0312404,0,0,0,0,0,0,0,Baixa remuneração e baixo emprego,1.0,1.0,1012.0,1256.0,1269.0,7236188091297058.0,155.0,31188592.0,2012167225806452.0,71126665801674.0,0,0,0
3211601,Lapidação de gemas,Subclasse,C,32,321,32116,3211601,0,0,0,0,0,0,0,Baixa remuneração e baixo emprego,2.0,1.0,849.0,1077.0,1107.0,8248002632862563.0,1642.0,376596403.0,2293522551766139.0,101613074835738.0,0,0,0
3211602,Fabricação de artefatos de joalheria e ourivesaria,Subclasse,C,32,321,32116,3211602,0,0,0,0,0,0,0,Baixa remuneração e alto emprego,2.0,3.0,692.0,620.0,681.0,9268423813094140.0,13532.0,3487563288.0,2577271126219332.0,157787938837154.0,0,0,0
3211603,Cunhagem de moedas e medalhas,Subclasse,C,32,321,32116,3211603,0,0,0,0,0,0,0,Alta remuneração e baixo emprego,3.0,1.0,384.0,1257.0,1250.0,128822340794902.0,155.0,55523535.0,3582163548387096.0,256900048201663.0,0,0,0
3212400,Fabricação de bijuterias e artefatos semelhantes,Subclasse,C,32,321,32124,3212400,0,0,0,0,0,0,0,Baixa remuneração e alto emprego,1.0,3.0,1059.0,645.0,782.0,6975806821485494.0,12261.0,2378343404.0,193976299159938.0,89569558593657.0,0,0,0
321301,Criação de peixes em água salgada e salobra,Subclasse,A,03,032,03213,0321301,0,0,0,0,0,0,0,Baixa remuneração e baixo emprego,1.0,1.0,1105.0,1245.0,1262.0,6721907394517725.0,232.0,43364539.0,1869161163793103.0,57506473604926.0,0,0,0
321302,Criação de camarões em água salgada e salobra,Subclasse,A,03,032,03213,0321302,0,0,0,0,0,0,0,Baixa remuneração e baixo emprego,1.0,2.0,1099.0,751.0,860.0,6753515143507167.0,8847.0,1661422659.0,1877950332316039.0,76185406252476.0,0,0,0
321303,Criação de ostras e mexilhões em água salgada e salobra,Subclasse,A,03,032,03213,0321303,0,0,0,0,0,0,0,Baixa remuneração e baixo emprego,1.0,1.0,1027.0,1253.0,1268.0,7151183736895824.0,166.0,33009599.0,1988530060240964.0,68872480612671.0,0,0,0
321304,Criação de peixes ornamentais em água salgada e salobra,Subclasse,A,03,032,03213,0321304,0,0,0,0,0,0,0,Baixa remuneração e baixo emprego,1.0,1.0,1286.0,1287.0,1295.0,5543529057545101.0,53.0,8169894.0,1541489433962264.0,25580323462951.0,0,0,0
321305,Atividades de apoio à aquicultura em água salgada e salobra,Subclasse,A,03,032,03213,0321305,0,0,0,0,0,0,0,Baixa remuneração e baixo emprego,1.0,1.0,1073.0,1244.0,1258.0,688380710388775.0,240.0,45940335.0,1914180625.0,61862665305238.0,0,0,0
321399,Cultivos e semicultivos da aquicultura em água salgada e salobra não especificados anteriormente,Subclasse,A,03,032,03213,0321399,0,0,0,0,0,0,0,Baixa remuneração e baixo emprego,1.0,1.0,1031.0,1260.0,1271.0,712072793706843.0,140.0,27720857.0,1980061214285714.0,68001326618027.0,0,0,0
3220500,"Fabricação de instrumentos musicais, peças e acessórios",Subclasse,C,32,322,32205,3220500,0,0,0,0,0,0,0,Baixa remuneração e baixo emprego,2.0,1.0,801.0,1039.0,1078.0,8552406858359664.0,2042.0,485621957.0,2378168251714006.0,110754576645056.0,0,0,0
322101,Criação de peixes em água doce,Subclasse,A,03,032,03221,0322101,0,0,0,0,0,0,0,Baixa remuneração e baixo emprego,2.0,2.0,956.0,726.0,812.0,7591374038999662.0,9721.0,2052038749.0,2110933802077976.0,101520919082314.0,0,0,0
322102,Criação de camarões em água doce,Subclasse,A,03,032,03221,0322102,0,0,0,0,0,0,0,Baixa remuneração e baixo emprego,1.0,1.0,1283.0,1160.0,1201.0,5579358028895131.0,809.0,125512499.0,155145239802225.0,27985274663288.0,0,0,0
322103,Criação de ostras e mexilhões em água doce,Subclasse,A,03,032,03221,0322103,0,0,0,0,0,0,0,Baixa remuneração e baixo emprego,1.0,1.0,1214.0,1312.0,1313.0,6129303314672176.0,7.0,1193063.0,1704375714285714.0,41175725113863.0,0,0,0
322104,Criação de peixes ornamentais em água doce,Subclasse,A,03,032,03221,0322104,0,0,0,0,0,0,0,Baixa remuneração e baixo emprego,1.0,1.0,1227.0,1217.0,1241.0,6041607111483931.0,382.0,6417561899999999.0,167999002617801.0,39568107311117.0,0,0,0
322105,Ranicultura,Subclasse,A,03,032,03221,0322105,0,0,0,0,0,0,0,Baixa remuneração e baixo emprego,1.0,1.0,1189.0,1308.0,1309.0,625846483940702.0,12.0,208835.0,1740291666666667.0,44643826669631.0,0,0,0
322106,Criação de jacaré,Subclasse,A,03,032,03221,0322106,0,0,0,0,0,0,0,Baixa remuneração e baixo emprego,2.0,1.0,885.0,1294.0,1296.0,8002133150526558.0,36.0,8010553.0,2225153611111111.0,91382523886317.0,0,0,0
322107,Atividades de apoio à aquicultura em água doce,Subclasse,A,03,032,03221,0322107,0,0,0,0,0,0,0,Alta remuneração e baixo emprego,3.0,1.0,567.0,1228.0,1225.0,1040957737583936.0,318.0,9204801800000000.0,2894591761006289.0,16147177477245.0,0,0,0
322199,Cultivos e semicultivos da aquicultura em água doce não especificados anteriormente,Subclasse,A,03,032,03221,0322199,0,0,0,0,0,0,0,Baixa remuneração e baixo emprego,2.0,1.0,694.0,1206.0,1206.0,9239066977099544.0,474.0,121775713.0,2569107869198312.0,125557145171489.0,0,0,0
3230200,Fabricação de artefatos para pesca e esporte,Subclasse,C,32,323,32302,3230200,0,0,0,0,0,0,0,Baixa remuneração e baixo emprego,2.0,2.0,870.0,746.0,813.0,8115205102245695.0,9093.0,205192232.0,2256595535026944.0,114814885626436.0,0,0,0
3240001,Fabricação de jogos eletrônicos,Subclasse,C,32,324,32400,3240001,0,0,0,0,0,0,0,Baixa remuneração e baixo emprego,2.0,1.0,744.0,1251.0,1259.0,8948190795041649.0,184.0,4578332.0,2488223913043478.0,117065337372711.0,0,0,0
3240002,"Fabricação de mesas de bilhar, de sinuca e acessórios não associada à locação",Subclasse,C,32,324,32400,3240002,0,0,0,0,0,0,0,Baixa remuneração e baixo emprego,1.0,1.0,1032.0,1264.0,1274.0,712024343421269.0,131.0,25937037.0,1979926488549618.0,67969273853059.0,0,0,0
3240003,"Fabricação de mesas de bilhar, de sinuca e acessórios associada à locação",Subclasse,C,32,324,32400,3240003,0,0,0,0,0,0,0,Baixa remuneração e baixo emprego,1.0,1.0,1076.0,1162.0,1188.0,6870456376531371.0,800.0,152837455.0,19104681875.0,62672721847681.0,0,0,0
3240099,Fabricação de outros brinquedos e jogos recreativos não especificados anteriormente,Subclasse,C,32,324,32400,3240099,0,0,0,0,0,0,0,Baixa remuneração e alto emprego,2.0,3.0,909.0,501.0,590.0,7888655081665885.0,21396.0,4693423903.0,2193598758179099.0,135815494792128.0,0,0,0
3250701,"Fabricação de instrumentos não eletrônicos e utensílios para uso médico, cirúrgico, odontológico e de laboratório",Subclasse,C,32,325,32507,3250701,0,0,0,0,0,0,0,Alta remuneração e alto emprego,4.0,3.0,269.0,478.0,393.0,1562929383461675.0,22601.0,9822481857000000.0,4346038607583735.0,436625648507986.0,0,0,0
3250702,"Fabricação de mobiliário para uso médico, cirúrgico, odontológico e de laboratório",Subclasse,C,32,325,32507,3250702,0,0,0,0,0,0,0,Alta remuneração e baixo emprego,3.0,1.0,524.0,1002.0,1005.0,1092870043936341.0,2569.0,780704801.0,3038944340210198.0,187528258579294.0,0,0,0
3250703,Fabricação de aparelhos e utensílios para correção de defeitos físicos e aparelhos ortopédicos em geral sob encomenda,Subclasse,C,32,325,32507,3250703,0,0,0,0,0,0,0,Alta remuneração e baixo emprego,3.0,2.0,446.0,930.0,936.0,1182256657755282.0,3669.0,1206184391.0,3287501747070046.0,225493078364363.0,0,0,0
3250704,"Fabricação de aparelhos e utensílios para correção de defeitos físicos e aparelhos ortopédicos em geral, exceto sob encomenda",Subclasse,C,32,325,32507,3250704,0,0,0,0,0,0,0,Alta remuneração e baixo emprego,3.0,2.0,370.0,843.0,799.0,1311311098098119.0,5995.0,2185994919.0,3646363501251043.0,28293030773479.0,0,0,0
3250705,Fabricação de materiais para medicina e odontologia,Subclasse,C,32,325,32507,3250705,0,0,0,0,0,0,0,Alta remuneração e alto emprego,3.0,3.0,476.0,344.0,333.0,1144769007035595.0,37301.0,11873877439.0,3183259815822632.0,301622379768817.0,0,0,0
3250706,Serviços de prótese dentária,Subclasse,C,32,325,32507,3250706,0,0,0,0,0,0,0,Baixa remuneração e alto emprego,1.0,3.0,1062.0,540.0,672.0,6955912551428854.0,19055.0,3685677153.0,1934230990816059.0,103251553350333.0,0,0,0
3250707,Fabricação de artigos ópticos,Subclasse,C,32,325,32507,3250707,0,0,0,0,0,0,0,Alta remuneração e alto emprego,3.0,3.0,500.0,564.0,543.0,1127242873253371.0,17170.0,5381979229.0,3134524885847408.0,240055656307177.0,0,0,0
3250709,Serviço de laboratório óptico,Subclasse,C,32,325,32507,3250709,0,0,0,0,0,0,0,Baixa remuneração e baixo emprego,2.0,1.0,929.0,1000.0,1052.0,7732537941222294.0,2646.0,568939548.0,2150187256235828.0,89909333122864.0,0,0,0
3291400,"Fabricação de escovas, pincéis e vassouras",Subclasse,C,32,329,32914,3291400,0,0,0,0,0,0,0,Alta remuneração e baixo emprego,3.0,2.0,551.0,666.0,686.0,105598516290909.0,11797.0,3464045753.0,2936378530982453.0,196933813045955.0,0,0,0
3292201,Fabricação de roupas de proteção e segurança e resistentes a fogo,Subclasse,C,32,329,32922,3292201,0,0,0,0,0,0,0,Baixa remuneração e baixo emprego,1.0,1.0,1130.0,1146.0,1181.0,6591001383273318.0,902.0,165314963.0,1832760121951219.0,55369882331195.0,0,0,0
3292202,Fabricação de equipamentos e acessórios para segurança pessoal e profissional,Subclasse,C,32,329,32922,3292202,0,0,0,0,0,0,0,Baixa remuneração e alto emprego,2.0,3.0,973.0,462.0,567.0,7475226356922317.0,24145.0,5018868094.0,2078636609650031.0,129514546587272.0,0,0,0
3299001,Fabricação de guarda-chuvas e similares,Subclasse,C,32,329,32990,3299001,0,0,0,0,0,0,0,Baixa remuneração e baixo emprego,1.0,1.0,1267.0,1141.0,1190.0,5722226079687021.0,945.0,150366484.0,1591179724867725.0,3208837666785.0,0,0,0
3299002,"Fabricação de canetas, lápis e outros artigos para escritório",Subclasse,C,32,329,32990,3299002,0,0,0,0,0,0,0,Alta remuneração e baixo emprego,3.0,2.0,357.0,884.0,854.0,1337690351031643.0,4603.0,1712185415.0,3719716304583967.0,289241897556778.0,0,0,0
3299003,"Fabricação de letras, letreiros e placas de qualquer material, exceto luminosos",Subclasse,C,32,329,32990,3299003,0,0,0,0,0,0,0,Baixa remuneração e alto emprego,1.0,3.0,1021.0,574.0,704.0,718926598316597.0,16396.0,3277756484.0,1999119592583557.0,104437278731083.0,0,0,0
3299004,Fabricação de painéis e letreiros luminosos,Subclasse,C,32,329,32990,3299004,0,0,0,0,0,0,0,Baixa remuneração e baixo emprego,2.0,2.0,911.0,706.0,793.0,7882277028948447.0,10390.0,2277306396.0,2191825212704524.0,111175510372313.0,0,0,0
3299005,Fabricação de aviamentos para costura,Subclasse,C,32,329,32990,3299005,0,0,0,0,0,0,0,Alta remuneração e baixo emprego,3.0,2.0,585.0,881.0,915.0,1017539771035143.0,4753.0,1344848711.0,2829473408373658.0,163609321371736.0,0,0,0
3299006,"Fabricação de velas, inclusive decorativas",Subclasse,C,32,329,32990,3299006,0,0,0,0,0,0,0,Baixa remuneração e baixo emprego,1.0,2.0,1110.0,960.0,1042.0,6700719510492067.0,3241.0,603885628.0,1863269447701327.0,63145374722241.0,0,0,0
3299099,Fabricação de produtos diversos não especificados anteriormente,Subclasse,C,32,329,32990,3299099,0,0,0,0,0,0,0,Baixa remuneração e alto emprego,2.0,3.0,775.0,495.0,548.0,8730983856168777.0,21798.0,52921733.0,2427825167446555.0,161728512425419.0,0,0,0
3311200,"Manutenção e reparação de tanques, reservatórios metálicos e caldeiras, exceto para veículos",Subclasse,C,33,331,33112,3311200,0,0,0,0,0,0,0,Baixa remuneração e alto emprego,2.0,3.0,756.0,406.0,469.0,8866157240487392.0,29486.0,7269516294.0,2465412837956997.0,183840079732263.0,0,0,0
3312102,"Manutenção e reparação de aparelhos e instrumentos de medida, teste e controle",Subclasse,C,33,331,33121,3312102,0,0,0,0,0,0,0,Alta remuneração e alto emprego,3.0,3.0,417.0,557.0,510.0,1233768676507881.0,18013.0,6179794207.0,3430741246322101.0,286161956248091.0,0,0,0
3312103,Manutenção e reparação de aparelhos eletromédicos e eletroterapêuticos e equipamentos de irradiação,Subclasse,C,33,331,33121,3312103,0,0,0,0,0,0,0,Alta remuneração e baixo emprego,3.0,2.0,359.0,824.0,781.0,1336154179196243.0,6438.0,2392003279.0,3715444670705188.0,294065587352758.0,0,0,0
3312104,Manutenção e reparação de equipamentos e instrumentos ópticos,Subclasse,C,33,331,33121,3312104,0,0,0,0,0,0,0,Alta remuneração e baixo emprego,3.0,1.0,452.0,1216.0,1197.0,1175484685518329.0,413.0,134996109.0,3268670920096853.0,213907457454375.0,0,0,0
3313901,"Manutenção e reparação de geradores, transformadores e motores elétricos",Subclasse,C,33,331,33139,3313901,0,0,0,0,0,0,0,Alta remuneração e alto emprego,3.0,3.0,564.0,477.0,488.0,1044223151108448.0,22616.0,6566944365.0,2903671898213654.0,219949365507517.0,0,0,0
3313902,"Manutenção e reparação de baterias e acumuladores elétricos, exceto para veículos",Subclasse,C,33,331,33139,3313902,0,0,0,0,0,0,0,Baixa remuneração e baixo emprego,3.0,1.0,627.0,1191.0,1189.0,9733544972217604.0,560.0,151570014.0,2706607392857143.0,139039477062841.0,0,0,0
3313999,"Manutenção e reparação de máquinas, aparelhos e materiais elétricos não especificados anteriormente",Subclasse,C,33,331,33139,3313999,0,0,0,0,0,0,0,Alta remuneração e alto emprego,3.0,3.0,546.0,609.0,625.0,1062791736995834.0,14322.0,4232588645.0,295530557533864.0,206220281903676.0,0,0,0
3314701,Manutenção e reparação de máquinas motrizes não elétricas,Subclasse,C,33,331,33147,3314701,0,0,0,0,0,0,0,Alta remuneração e baixo emprego,4.0,2.0,109.0,927.0,770.0,2416038036950181.0,3699.0,2485091149.0,6718278315761016.0,70969557099993.0,0,0,0
3314702,"Manutenção e reparação de equipamentos hidráulicos e pneumáticos, exceto válvulas",Subclasse,C,33,331,33147,3314702,0,0,0,0,0,0,0,Baixa remuneração e baixo emprego,2.0,2.0,776.0,697.0,764.0,8725921887108415.0,10623.0,2577583401.0,2426417585427846.0,135484377519792.0,0,0,0
3314703,Manutenção e reparação de válvulas industriais,Subclasse,C,33,331,33147,3314703,0,0,0,0,0,0,0,Alta remuneração e baixo emprego,3.0,2.0,556.0,888.0,920.0,1050717058836353.0,4479.0,1308642648.0,2921729511051574.0,175969266122242.0,0,0,0
3314704,Manutenção e reparação de compressores,Subclasse,C,33,331,33147,3314704,0,0,0,0,0,0,0,Alta remuneração e baixo emprego,4.0,1.0,244.0,1017.0,961.0,1641257672539392.0,2294.0,1046946301.0,456384612467306.0,400949121928857.0,0,0,0
3314705,Manutenção e reparação de equipamentos de transmissão para fins industriais,Subclasse,C,33,331,33147,3314705,0,0,0,0,0,0,0,Baixa remuneração e baixo emprego,3.0,2.0,598.0,855.0,886.0,9999769845196516.0,5497.0,1528515916.0,2780636558122612.0,158560441533842.0,0,0,0
3314706,"Manutenção e reparação de máquinas, aparelhos e equipamentos para instalações térmicas",Subclasse,C,33,331,33147,3314706,0,0,0,0,0,0,0,Baixa remuneração e baixo emprego,1.0,2.0,1090.0,971.0,1050.0,6822656285912595.0,3109.0,589832147.0,1897176413637826.0,66188597241984.0,0,0,0
3314707,Manutenção e reparação de máquinas e aparelhos de refrigeração e ventilação para uso industrial e comercial,Subclasse,C,33,331,33147,3314707,0,0,0,0,0,0,0,Baixa remuneração e alto emprego,2.0,3.0,860.0,514.0,587.0,8189841006099837.0,20680.0,4709558859.0,2277349544970987.0,143125039191189.0,0,0,0
3314708,"Manutenção e reparação de máquinas, equipamentos e aparelhos para transporte e elevação de cargas",Subclasse,C,33,331,33147,3314708,0,0,0,0,0,0,0,Alta remuneração e baixo emprego,3.0,2.0,489.0,730.0,725.0,1135952406490159.0,9631.0,3042185855.0,3158743489772609.0,223357992401105.0,0,0,0
3314709,"Manutenção e reparação de máquinas de escrever, calcular e de outros equipamentos não eletrônicos para escritório",Subclasse,C,33,331,33147,3314709,0,0,0,0,0,0,0,Baixa remuneração e baixo emprego,1.0,1.0,1124.0,1231.0,1246.0,6636004888657199.0,313.0,57757084.0,1845274249201278.0,55370356372251.0,0,0,0
3314710,Manutenção e reparação de máquinas e equipamentos para uso geral não especificados anteriormente,Subclasse,C,33,331,33147,3314710,0,0,0,0,0,0,0,Baixa remuneração e alto emprego,3.0,4.0,617.0,271.0,294.0,9820971536071372.0,51964.0,14190942827.0,2730918102340082.0,26898324920765.0,0,0,0
3314711,Manutenção e reparação de máquinas e equipamentos para agricultura e pecuária,Subclasse,C,33,331,33147,3314711,0,0,0,0,0,0,0,Baixa remuneração e alto emprego,2.0,3.0,872.0,625.0,729.0,8100824614952405.0,13301.0,299617894.0,22525967521239.0,123884416848258.0,0,0,0
3314712,Manutenção e reparação de tratores agrícolas,Subclasse,C,33,331,33147,3314712,0,0,0,0,0,0,0,Baixa remuneração e baixo emprego,2.0,2.0,753.0,936.0,992.0,8890554959660019.0,3599.0,889743741.0,2472197113086969.0,123570518670184.0,0,0,0
3314713,Manutenção e reparação de máquinas-ferramenta,Subclasse,C,33,331,33147,3314713,0,0,0,0,0,0,0,Baixa remuneração e baixo emprego,2.0,2.0,764.0,724.0,779.0,8824195814552507.0,9786.0,2401234487.0,245374462190885.0,136290289880927.0,0,0,0
3314714,Manutenção e reparação de máquinas e equipamentos para a prospecção e extração de petróleo,Subclasse,C,33,331,33147,3314714,0,0,0,0,0,0,0,Alta remuneração e baixo emprego,4.0,2.0,208.0,784.0,664.0,1764524633477497.0,7615.0,3736387042.0,4906614631648064.0,467889669725656.0,0,0,0
3314715,"Manutenção e reparação de máquinas e equipamentos para uso na extração mineral, exceto na extração de petróleo",Subclasse,C,33,331,33147,3314715,0,0,0,0,0,0,0,Alta remuneração e baixo emprego,4.0,1.0,270.0,1031.0,984.0,1558495667073768.0,2130.0,9230801810000000.0,4333709769953052.0,368096531112592.0,0,0,0
3314716,"Manutenção e reparação de tratores, exceto agrícolas",Subclasse,C,33,331,33147,3314716,0,0,0,0,0,0,0,Baixa remuneração e baixo emprego,2.0,1.0,797.0,1166.0,1171.0,8573664200585158.0,780.0,185958184.0,2384079282051282.0,108408566978177.0,0,0,0
3314717,"Manutenção e reparação de máquinas e equipamentos de terraplenagem, pavimentação e construção, exceto tratores",Subclasse,C,33,331,33147,3314717,0,0,0,0,0,0,0,Baixa remuneração e baixo emprego,3.0,1.0,611.0,1027.0,1045.0,9844034257401.0,2200.0,602212854.0,2737331154545454.0,146081800933202.0,0,0,0
3314718,"Manutenção e reparação de máquinas para a indústria metalúrgica, exceto máquinas-ferramenta",Subclasse,C,33,331,33147,3314718,0,0,0,0,0,0,0,Baixa remuneração e baixo emprego,3.0,2.0,630.0,744.0,769.0,9711264537103808.0,9273.0,2504091928.0,2700411871023402.0,159940466090427.0,0,0,0
3314719,"Manutenção e reparação de máquinas e equipamentos para as indústrias de alimentos, bebidas e fumo",Subclasse,C,33,331,33147,3314719,0,0,0,0,0,0,0,Baixa remuneração e baixo emprego,3.0,2.0,612.0,759.0,788.0,9842727809764952.0,8453.0,2313558941.0,2736967870578493.0,161586113745696.0,0,0,0
3314720,"Manutenção e reparação de máquinas e equipamentos para a indústria têxtil, do vestuário, do couro e calçados",Subclasse,C,33,331,33147,3314720,0,0,0,0,0,0,0,Baixa remuneração e baixo emprego,2.0,1.0,850.0,1110.0,1132.0,8247822622458608.0,1338.0,30686662.0,2293472496263079.0,100917911122955.0,0,0,0
3314721,"Manutenção e reparação de máquinas e aparelhos para a indústria de celulose, papel e papelão e artefatos",Subclasse,C,33,331,33147,3314721,0,0,0,0,0,0,0,Baixa remuneração e baixo emprego,2.0,2.0,743.0,703.0,762.0,895577544045027.0,10461.0,2605137326.0,2490332975814932.0,141583092197325.0,0,0,0
3314722,Manutenção e reparação de máquinas e aparelhos para a indústria do plástico,Subclasse,C,33,331,33147,3314722,0,0,0,0,0,0,0,Alta remuneração e baixo emprego,3.0,1.0,463.0,1145.0,1136.0,1165405177166955.0,906.0,29360224.0,3240642825607064.0,211342148167899.0,0,0,0
3314799,Manutenção e reparação de outras máquinas e equipamentos para usos industriais não especificados anteriormente,Subclasse,C,33,331,33147,3314799,0,0,0,0,0,0,0,Alta remuneração e alto emprego,3.0,4.0,565.0,267.0,274.0,1044205421679668.0,53199.0,15446981859.0,2903622597981165.0,298409606948467.0,0,0,0
3315500,Manutenção e reparação de veículos ferroviários,Subclasse,C,33,331,33155,3315500,0,0,0,0,0,0,0,Alta remuneração e baixo emprego,3.0,2.0,555.0,953.0,975.0,1051132951424512.0,3334.0,9744901870000000.0,2922885983803239.0,173184471295454.0,0,0,0
3316301,"Manutenção e reparação de aeronaves, exceto a manutenção na pista",Subclasse,C,33,331,33163,3316301,0,0,0,0,0,0,0,Alta remuneração e alto emprego,4.0,3.0,153.0,634.0,467.0,2039205639122116.0,13029.0,7387990553.0,5670420257118735.0,598249996295849.0,0,0,0
3316302,Manutenção de aeronaves na pista,Subclasse,C,33,331,33163,3316302,0,0,0,0,0,0,0,Alta remuneração e baixo emprego,4.0,2.0,138.0,969.0,828.0,2179069408582877.0,3138.0,1901420741.0,6059339518801785.0,614416841492596.0,0,0,0
3317101,Manutenção e reparação de embarcações e estruturas flutuantes,Subclasse,C,33,331,33171,3317101,0,0,0,0,0,0,0,Alta remuneração e alto emprego,4.0,3.0,307.0,437.0,360.0,1478017788471064.0,26714.0,10979253346.0,4109924888073669.0,414101277220346.0,0,0,0
3317102,Manutenção e reparação de embarcações para esporte e lazer,Subclasse,C,33,331,33171,3317102,0,0,0,0,0,0,0,Alta remuneração e baixo emprego,3.0,1.0,591.0,1051.0,1063.0,1008590154177974.0,1899.0,53259111.0,2804587203791469.0,152898989649272.0,0,0,0
3319800,Manutenção e reparação de equipamentos e produtos não especificados anteriormente,Subclasse,C,33,331,33198,3319800,0,0,0,0,0,0,0,Baixa remuneração e alto emprego,3.0,3.0,605.0,446.0,478.0,9899529588010642.0,25479.0,7013764195999999.0,275276274422073.0,205613653292372.0,0,0,0
3321000,Instalação de máquinas e equipamentos industriais,Subclasse,C,33,332,33210,3321000,0,0,0,0,0,0,0,Baixa remuneração e alto emprego,2.0,4.0,704.0,153.0,171.0,9161979337740504.0,106431.0,27115128981.0,2547672105025792.0,377110970706028.0,0,0,0
3329501,Serviços de montagem de móveis de qualquer material,Subclasse,C,33,332,33295,3329501,0,0,0,0,0,0,0,Baixa remuneração e alto emprego,2.0,3.0,983.0,457.0,564.0,740278799916674.0,24625.0,5069040666.0,2058493671472081.0,128375486785457.0,0,0,0
3329599,Instalação de outros equipamentos não especificados anteriormente,Subclasse,C,33,332,33295,3329599,0,0,0,0,0,0,0,Baixa remuneração e baixo emprego,2.0,2.0,920.0,779.0,856.0,7825228886283577.0,7749.0,1686152824.0,2175961832494515.0,103721529985193.0,0,0,0
3511500,,,,,,,,0,0,0,0,0,0,0,,,,,,,,,,,,0,0,0
3511501,Geração de energia elétrica,Subclasse,D,35,351,35115,3511501,0,0,0,0,0,0,0,Alta remuneração e alto emprego,4.0,4.0,33.0,310.0,106.0,3909406898359701.0,42308.0,45992561162.0,1087088994090952.0,1543453520570376.0,0,0,0
3511502,Atividades de coordenação e controle da operação da geração e transmissão de energia elétrica,Subclasse,D,35,351,35115,3511502,0,0,0,0,0,0,0,Alta remuneração e baixo emprego,4.0,1.0,123.0,1059.0,943.0,2315497242151632.0,1798.0,1157679064.0,643870447163515.0,662118203751089.0,0,0,0
3512300,Transmissão de energia elétrica,Subclasse,D,35,351,35123,3512300,0,0,0,0,0,0,0,Alta remuneração e alto emprego,4.0,3.0,50.0,500.0,216.0,3396679341426033.0,21510.0,20316513644.0,9445148137610412.0,1196514293145029.0,0,0,0
3513100,Comércio atacadista de energia elétrica,Subclasse,D,35,351,35131,3513100,0,0,0,0,0,0,0,Alta remuneração e baixo emprego,4.0,2.0,9.0,819.0,337.0,6495103567509228.0,6486.0,11714324458.0,180609381097749.0,233784252287052.0,0,0,0
3514000,Distribuição de energia elétrica,Subclasse,D,35,351,35140,3514000,0,0,0,0,0,0,0,Alta remuneração e alto emprego,4.0,4.0,135.0,178.0,88.0,2214333290609433.0,87340.0,5377871251799999.0,6157397815204946.0,97672484709101.0,0,0,0
3520401,Produção de gás; processamento de gás natural,Subclasse,D,35,352,35204,3520401,0,0,0,0,0,0,0,Alta remuneração e baixo emprego,4.0,2.0,15.0,922.0,532.0,5306306300577309.0,3774.0,556863093.0,1475524888712242.0,1844421854964205.0,0,0,0
3520402,Distribuição de combustíveis gasosos por redes urbanas,Subclasse,D,35,352,35204,3520402,0,0,0,0,0,0,0,Alta remuneração e baixo emprego,4.0,2.0,43.0,982.0,738.0,367425037913122.0,2863.0,2925124259.0,1021699007684247.0,1198301054296158.0,0,0,0
3530100,"Produção e distribuição de vapor, água quente e ar condicionado",Subclasse,D,35,353,35301,3530100,0,0,0,0,0,0,0,Alta remuneração e baixo emprego,4.0,1.0,165.0,1068.0,983.0,1977416003446993.0,1694.0,931463142.0,5498601782762692.0,529926182858444.0,0,0,0
3600601,"Captação, tratamento e distribuição de água",Subclasse,E,36,360,36006,3600601,0,0,0,0,0,0,0,Alta remuneração e alto emprego,4.0,4.0,93.0,132.0,48.0,2580229838168341.0,120304.0,86316273922.0,717484654890943.0,1314088808386944.0,0,0,0
3600602,Distribuição de água por caminhões,Subclasse,E,36,360,36006,3600602,0,0,0,0,0,0,0,Baixa remuneração e baixo emprego,2.0,2.0,897.0,858.0,941.0,7954141229168638.0,5355.0,1184423449.0,2211808494864612.0,101965488983187.0,0,0,0
3701100,Gestão de redes de esgoto,Subclasse,E,37,370,37011,3701100,0,0,0,0,0,0,0,Alta remuneração e alto emprego,3.0,3.0,363.0,657.0,609.0,1333611658116609.0,11972.0,4439666168.0,3708374680922152.0,309410437447358.0,0,0,0
3702900,"Atividades relacionadas a esgoto, exceto a gestão de redes",Subclasse,E,37,370,37029,3702900,0,0,0,0,0,0,0,Baixa remuneração e alto emprego,2.0,3.0,789.0,619.0,706.0,8637963007798011.0,13589.0,3264021888.0,2401958854956215.0,139894468207889.0,0,0,0
3811400,Coleta de resíduos não perigosos,Subclasse,E,38,381,38114,3811400,0,0,0,0,0,0,0,Baixa remuneração e alto emprego,2.0,4.0,765.0,56.0,69.0,8822914837773247.0,269195.0,66043989589.0,2453388420624454.0,745360498747393.0,0,0,0
3812200,Coleta de resíduos perigosos,Subclasse,E,38,381,38122,3812200,0,0,0,0,0,0,0,Baixa remuneração e alto emprego,2.0,3.0,817.0,581.0,663.0,8420145246724798.0,16008.0,3748097525.0,2341390257996002.0,139213995677232.0,0,0,0
3821100,Tratamento e disposição de resíduos não perigosos,Subclasse,E,38,382,38211,3821100,0,0,0,0,0,0,0,Baixa remuneração e alto emprego,3.0,3.0,628.0,472.0,504.0,9727963010860454.0,23297.0,6301967138.0,2705055216551487.0,195043785760735.0,0,0,0
3822000,Tratamento e disposição de resíduos perigosos,Subclasse,E,38,382,38220,3822000,0,0,0,0,0,0,0,Alta remuneração e baixo emprego,3.0,2.0,548.0,690.0,712.0,105802877345387.0,10867.0,3197137906.0,2942061199963191.0,195354538223317.0,0,0,0
3831901,Recuperação de sucatas de alumínio,Subclasse,E,38,383,38319,3831901,0,0,0,0,0,0,0,Baixa remuneração e baixo emprego,1.0,2.0,1018.0,857.0,954.0,7204739536330823.0,5395.0,1080846344.0,2003422324374421.0,81447923307916.0,0,0,0
3831999,"Recuperação de materiais metálicos, exceto alumínio",Subclasse,E,38,383,38319,3831999,0,0,0,0,0,0,0,Alta remuneração e alto emprego,3.0,3.0,554.0,626.0,653.0,1051187123563658.0,13300.0,3887638705.0,2923036620300752.0,198869284701465.0,0,0,0
3832700,Recuperação de materiais plásticos,Subclasse,E,38,383,38327,3832700,0,0,0,0,0,0,0,Baixa remuneração e alto emprego,2.0,3.0,932.0,438.0,526.0,7725352040327657.0,26681.0,5731583264.0,2148189072373599.0,142603386804751.0,0,0,0
3839401,Usinas de compostagem,Subclasse,E,38,383,38394,3839401,0,0,0,0,0,0,0,Baixa remuneração e baixo emprego,2.0,1.0,749.0,1011.0,1047.0,8902049655172163.0,2416.0,598055056.0,2475393443708609.0,121093488016755.0,0,0,0
3839499,Recuperação de materiais não especificados anteriormente,Subclasse,E,38,383,38394,3839499,0,0,0,0,0,0,0,Baixa remuneração e alto emprego,2.0,3.0,853.0,530.0,599.0,8234405074070272.0,19806.0,4535061971.0,2289741477834999.0,142458972972021.0,0,0,0
3900500,Descontaminação e outros serviços de gestão de resíduos,Subclasse,E,39,390,39005,3900500,0,0,0,0,0,0,0,Baixa remuneração e baixo emprego,3.0,1.0,619.0,990.0,1010.0,9799593109061848.0,2769.0,754545135.0,2724973401950162.0,146289614544347.0,0,0,0
4110700,Incorporação de empreendimentos imobiliários,Subclasse,F,41,411,41107,4110700,0,0,0,0,0,0,0,Baixa remuneração e alto emprego,2.0,4.0,681.0,44.0,53.0,9333296649735800.0,313189.0,81282264366.0,2595310319519523.0,883814315522866.0,0,0,0
4120400,Construção de edifícios,Subclasse,F,41,412,41204,4120400,0,0,0,0,0,0,0,Baixa remuneração e alto emprego,2.0,4.0,949.0,2.0,4.0,7623999765814355.0,2053356.0,435312712176.0,2120006039751509.0,4571608019942827.0,0,0,0
4211101,Construção de rodovias e ferrovias,Subclasse,F,42,421,42111,4211101,0,0,0,0,0,0,0,Alta remuneração e alto emprego,3.0,4.0,553.0,32.0,26.0,1054219308211604.0,425916.0,124855921747.0,2931468217841077.0,1264313338082157.0,0,0,0
4211102,Pintura para sinalização em pistas rodoviárias e aeroportos,Subclasse,F,42,421,42111,4211102,0,0,0,0,0,0,0,Baixa remuneração e baixo emprego,2.0,2.0,869.0,707.0,787.0,8118350566797109.0,10384.0,234415705.0,2257470194530046.0,117811995365583.0,0,0,0
4212000,Construção de obras de arte especiais,Subclasse,F,42,421,42120,4212000,0,0,0,0,0,0,0,Alta remuneração e alto emprego,3.0,4.0,471.0,247.0,233.0,1151550023810966.0,57097.0,18283120543.0,3202115792948842.0,358237437788179.0,0,0,0
4213800,"Obras de urbanização - ruas, praças e calçadas",Subclasse,F,42,421,42138,4213800,0,0,0,0,0,0,0,Baixa remuneração e alto emprego,2.0,4.0,799.0,108.0,137.0,8559528181575941.0,145852.0,34714941588.0,2380148478457615.0,443528545923334.0,0,0,0
4221901,Construção de barragens e represas para geração de energia ,,,,,,,0,0,0,0,0,0,0,,,,,,,,,,,,0,0,0
4221902,Construção de estações e redes de distribuição de energia elétrica,Subclasse,F,42,422,42219,4221902,0,0,0,0,0,0,0,Alta remuneração e alto emprego,3.0,4.0,478.0,84.0,82.0,1144306745548219.0,185771.0,5911185672.0,3181974405047074.0,7023339678799.0,0,0,0
4221903,Manutenção de redes de distribuição de energia elétrica,Subclasse,F,42,422,42219,4221903,0,0,0,0,0,0,0,Alta remuneração e alto emprego,3.0,3.0,544.0,365.0,381.0,1063757287470247.0,34600.0,10234647068.0,2957990482080925.0,259173777404304.0,0,0,0
4221904,Construção de estações e redes de telecomunicações,Subclasse,F,42,422,42219,4221904,0,0,0,0,0,0,0,Baixa remuneração e alto emprego,3.0,4.0,634.0,297.0,318.0,9643118358535828.0,46496.0,12467727851.0,2681462459351342.0,249537125784309.0,0,0,0
4221905,Manutenção de estações e redes de telecomunicações,Subclasse,F,42,422,42219,4221905,0,0,0,0,0,0,0,Alta remuneração e alto emprego,3.0,4.0,480.0,276.0,266.0,1143736416609046.0,50101.0,15934064379.0,3180388491048083.0,335724611245511.0,0,0,0
4222701,"Construção de redes de abastecimento de água, coleta de esgoto e construções correlatas, exceto obras de irrigação",Subclasse,F,42,422,42227,4222701,0,0,0,0,0,0,0,Baixa remuneração e alto emprego,2.0,4.0,791.0,142.0,175.0,8636592495012516.0,111588.0,26798725868.0,2401577756389576.0,36750739737227.0,0,0,0
4222702,Obras de irrigação,Subclasse,F,42,422,42227,4222702,0,0,0,0,0,0,0,Baixa remuneração e baixo emprego,2.0,1.0,783.0,1029.0,1065.0,8697485271786648.0,2194.0,530621141.0,2418510214220601.0,115032841797421.0,0,0,0
4223500,"Construção de redes de transportes por dutos, exceto para água e esgoto",Subclasse,F,42,422,42235,4223500,0,0,0,0,0,0,0,Alta remuneração e baixo emprego,3.0,2.0,385.0,681.0,648.0,1285937933212518.0,11169.0,3993820321.0,3575808327513654.0,287852410871189.0,0,0,0
4291000,"Obras portuárias, marítimas e fluviais",Subclasse,F,42,429,42910,4291000,0,0,0,0,0,0,0,Alta remuneração e baixo emprego,3.0,2.0,362.0,749.0,698.0,1333965985672419.0,8945.0,3318022484.0,3709359959754052.0,300607789428763.0,0,0,0
4292801,Montagem de estruturas metálicas,Subclasse,F,42,429,42928,4292801,0,0,0,0,0,0,0,Baixa remuneração e alto emprego,2.0,4.0,660.0,160.0,173.0,9465956787186762.0,102571.0,2699872971.0,2632199131333418.0,380201424270739.0,0,0,0
4292802,Obras de montagem industrial,Subclasse,F,42,429,42928,4292802,0,0,0,0,0,0,0,Alta remuneração e alto emprego,3.0,4.0,465.0,75.0,66.0,1160762832178956.0,209516.0,67626188622.0,3227733854311843.0,777463144247302.0,0,0,0
4299501,Construção de instalações esportivas e recreativas,Subclasse,F,42,429,42995,4299501,0,0,0,0,0,0,0,Baixa remuneração e baixo emprego,1.0,2.0,1026.0,822.0,924.0,7155977304729342.0,6443.0,1282068736.0,1989863007915567.0,82332977574523.0,0,0,0
4299599,Outras obras de engenharia civil não especificadas anteriormente,Subclasse,F,42,429,42995,4299599,0,0,0,0,0,0,0,Alta remuneração e alto emprego,3.0,4.0,563.0,63.0,63.0,1044315253300333.0,239533.0,69558658726.0,2903928006829957.0,776569824131895.0,0,0,0
4311801,Demolição de edifícios e outras estruturas,Subclasse,F,43,431,43118,4311801,0,0,0,0,0,0,0,Baixa remuneração e baixo emprego,2.0,2.0,821.0,786.0,852.0,84021519533416.0,7444.0,173920638.0,2336386861902203.0,11906925603144.0,0,0,0
4311802,Preparação de canteiro e limpeza de terreno,Subclasse,F,43,431,43118,4311802,0,0,0,0,0,0,0,Baixa remuneração e baixo emprego,1.0,2.0,1269.0,914.0,1039.0,5708265240682717.0,3930.0,62380797.0,1587297633587786.0,37471874264069.0,0,0,0
4312600,Perfurações e sondagens,Subclasse,F,43,431,43126,4312600,0,0,0,0,0,0,0,Alta remuneração e alto emprego,3.0,3.0,493.0,517.0,492.0,1133228834735797.0,20659.0,6510002211.0,3151170052277458.0,251882270054625.0,0,0,0
4313400,Obras de terraplenagem,Subclasse,F,43,431,43134,4313400,0,0,0,0,0,0,0,Baixa remuneração e alto emprego,2.0,4.0,697.0,101.0,120.0,9228296668556048.0,156856.0,40251021585.0,2566112968901413.0,500984035749588.0,0,0,0
4319300,Serviços de preparação do terreno não especificados anteriormente,Subclasse,F,43,431,43193,4319300,0,0,0,0,0,0,0,Alta remuneração e alto emprego,3.0,3.0,549.0,507.0,511.0,1057910479460491.0,20940.0,6159987352.0,2941732259789876.0,22133714938641.0,0,0,0
4321500,Instalação e manutenção elétrica,Subclasse,F,43,432,43215,4321500,0,0,0,0,0,0,0,Baixa remuneração e alto emprego,2.0,4.0,710.0,33.0,33.0,9141600641420424.0,425358.0,108126233285.0,25420053998044.0,1138795397407876.0,0,0,0
4322301,"Instalações hidráulicas, sanitárias e de gás",Subclasse,F,43,432,43223,4322301,0,0,0,0,0,0,0,Baixa remuneração e alto emprego,2.0,4.0,857.0,272.0,336.0,8201831766084575.0,51401.0,11722942884.0,2280683816268166.0,213048825123633.0,0,0,0
4322302,"Instalação e manutenção de sistemas centrais de ar condicionado, de ventilação e refrigeração",Subclasse,F,43,432,43223,4322302,0,0,0,0,0,0,0,Baixa remuneração e alto emprego,2.0,4.0,852.0,115.0,145.0,8237143082331414.0,140983.0,32292196132.0,2290502835944759.0,417526931773713.0,0,0,0
4322303,Instalações de sistema de prevenção contra incêndio,Subclasse,F,43,432,43223,4322303,0,0,0,0,0,0,0,Baixa remuneração e alto emprego,2.0,3.0,964.0,559.0,665.0,7549681612480618.0,17791.0,3734936482.0,2099340386712382.0,117917665395683.0,0,0,0
4329101,Instalação de painéis publicitários,Subclasse,F,43,432,43291,4329101,0,0,0,0,0,0,0,Baixa remuneração e baixo emprego,1.0,2.0,1035.0,737.0,836.0,7108602886852206.0,9371.0,1852355825.0,1976689600896382.0,87223902785804.0,0,0,0
4329102,"Instalação de equipamentos para orientação à navegação marítima, fluvial e lacustre",Subclasse,F,43,432,43291,4329102,0,0,0,0,0,0,0,Alta remuneração e baixo emprego,4.0,1.0,222.0,1261.0,1238.0,1697200794197777.0,139.0,6559976.0,4719407194244604.0,415373850384329.0,0,0,0
4329103,"Instalação, manutenção e reparação de elevadores, escadas e esteiras rolantes",Subclasse,F,43,432,43291,4329103,0,0,0,0,0,0,0,Alta remuneração e alto emprego,4.0,3.0,308.0,439.0,367.0,1474035407161478.0,26527.0,10873022255.0,4098851078146794.0,411827573165545.0,0,0,0
4329104,"Montagem e instalação de sistemas e equipamentos de iluminação e sinalização em vias públicas, portos e aeroportos",Subclasse,F,43,432,43291,4329104,0,0,0,0,0,0,0,Alta remuneração e alto emprego,3.0,3.0,593.0,570.0,593.0,1005797813353137.0,16582.0,4637691136.0,2796822540103727.0,188724497898771.0,0,0,0
4329105,"Tratamentos térmicos, acústicos ou de vibração",Subclasse,F,43,432,43291,4329105,0,0,0,0,0,0,0,Baixa remuneração e baixo emprego,2.0,2.0,687.0,677.0,736.0,9292453203567864.0,11345.0,2931494656.0,2583952980167474.0,153201733092875.0,0,0,0
4329199,Outras obras de instalações em construções não especificadas anteriormente,Subclasse,F,43,432,43291,4329199,0,0,0,0,0,0,0,Baixa remuneração e alto emprego,2.0,4.0,748.0,296.0,342.0,8912113903037044.0,46520.0,11528549229.0,2478192009673259.0,225453633679536.0,0,0,0
4330401,Impermeabilização em obras de engenharia civil,Subclasse,F,43,433,43304,4330401,0,0,0,0,0,0,0,Baixa remuneração e alto emprego,2.0,3.0,879.0,528.0,598.0,8062160407754254.0,20273.0,4544893167.0,2241845393873625.0,138437716174712.0,0,0,0
4330402,"Instalação de portas, janelas, tetos, divisórias e armários embutidos de qualquer material",Subclasse,F,43,433,43304,4330402,0,0,0,0,0,0,0,Baixa remuneração e alto emprego,1.0,3.0,1051.0,397.0,515.0,7029385889787081.0,30983.0,6056128426.0,1954661726107865.0,130538344108371.0,0,0,0
4330403,Obras de acabamento em gesso e estuque,Subclasse,F,43,433,43304,4330403,0,0,0,0,0,0,0,Baixa remuneração e alto emprego,1.0,4.0,1251.0,329.0,501.0,5839155984363654.0,39016.0,6335006188.0,1623694429977445.0,109354998211442.0,0,0,0
4330404,Serviços de pintura de edifícios em geral,Subclasse,F,43,433,43304,4330404,0,0,0,0,0,0,0,Baixa remuneração e alto emprego,1.0,4.0,1196.0,175.0,264.0,6235197409522771.0,91997.0,15950639412.0,1733821691142103.0,228006064300927.0,0,0,0
4330405,Aplicação de revestimentos e de resinas em interiores e exteriores,Subclasse,F,43,433,43304,4330405,0,0,0,0,0,0,0,Baixa remuneração e alto emprego,1.0,3.0,1191.0,428.0,579.0,6253100850732977.0,27833.0,4839602324.0,173880010203715.0,100213771017257.0,0,0,0
4330499,Outras obras de acabamento da construção,Subclasse,F,43,433,43304,4330499,0,0,0,0,0,0,0,Baixa remuneração e alto emprego,1.0,4.0,1129.0,159.0,227.0,6592101862801939.0,103585.0,18987815532.0,1833066132355071.0,265709341313826.0,0,0,0
4391600,Obras de fundações,Subclasse,F,43,439,43916,4391600,0,0,0,0,0,0,0,Baixa remuneração e alto emprego,2.0,4.0,728.0,293.0,334.0,9031182022611756.0,47170.0,11845808177.0,2511301288318847.0,230930466674447.0,0,0,0
4399101,Administração de obras,Subclasse,F,43,439,43991,4399101,0,0,0,0,0,0,0,Alta remuneração e alto emprego,3.0,4.0,484.0,174.0,162.0,1137038111179449.0,92217.0,29156825333.0,3161762509407159.0,445992802344959.0,0,0,0
4399102,Montagem e desmontagem de andaimes e outras estruturas temporárias,Subclasse,F,43,439,43991,4399102,0,0,0,0,0,0,0,Baixa remuneração e alto emprego,2.0,3.0,679.0,390.0,437.0,935021490581445.0,31490.0,8187446542.0,2600014779930137.0,203565851422335.0,0,0,0
4399103,Obras de alvenaria,Subclasse,F,43,439,43991,4399103,0,0,0,0,0,0,0,Baixa remuneração e alto emprego,1.0,4.0,1223.0,65.0,121.0,6064092555501351.0,236832.0,39935619675.0,1686242554849007.0,507671255697245.0,0,0,0
4399104,Serviços de operação e fornecimento de equipamentos para transporte e elevação de cargas e pessoas para uso em obras,Subclasse,F,43,439,43991,4399104,0,0,0,0,0,0,0,Alta remuneração e alto emprego,3.0,3.0,550.0,394.0,407.0,1056023800929471.0,31289.0,9187970957000000.0,2936485971747259.0,24727025546825.0,0,0,0
4399105,Perfuração e construção de poços de água,Subclasse,F,43,439,43991,4399105,0,0,0,0,0,0,0,Baixa remuneração e baixo emprego,2.0,2.0,695.0,713.0,763.0,9236806319856772.0,10068.0,2585944907.0,2568479248112833.0,148557539812757.0,0,0,0
4399199,Serviços especializados para construção não especificados anteriormente,Subclasse,F,43,439,43991,4399199,0,0,0,0,0,0,0,Baixa remuneração e alto emprego,2.0,4.0,763.0,134.0,161.0,8826053138972474.0,119131.0,2923785777.0,2454261088213815.0,393136492847156.0,0,0,0
4511101,"Comércio a varejo de automóveis, camionetas e utilitários novos",Subclasse,G,45,451,45111,4511101,0,0,0,0,0,0,0,Alta remuneração e alto emprego,3.0,4.0,337.0,58.0,40.0,1395901866944508.0,257342.0,99889487263.0,388158509932308.0,108011220314226.0,0,0,0
4511102,"Comércio a varejo de automóveis, camionetas e utilitários usados",Subclasse,G,45,451,45111,4511102,0,0,0,0,0,0,0,Baixa remuneração e alto emprego,2.0,4.0,967.0,255.0,340.0,7513806216183359.0,55297.0,11553558949.0,2089364513264734.0,19833663949191.0,0,0,0
4511103,"Comércio por atacado de automóveis, camionetas e utilitários novos e usados",Subclasse,G,45,451,45111,4511103,0,0,0,0,0,0,0,Alta remuneração e baixo emprego,4.0,2.0,62.0,830.0,538.0,3111297989326564.0,6327.0,5473859761.0,8651588052789632.0,996552485412479.0,0,0,0
4511104,Comércio por atacado de caminhões novos e usados,Subclasse,G,45,451,45111,4511104,0,0,0,0,0,0,0,Alta remuneração e alto emprego,4.0,3.0,182.0,359.0,231.0,187451310538324.0,35267.0,18382781401.0,5212459636770919.0,613440852338932.0,0,0,0
4511105,Comércio por atacado de reboques e semireboques novos e usados,Subclasse,G,45,451,45111,4511105,0,0,0,0,0,0,0,Alta remuneração e baixo emprego,3.0,2.0,344.0,898.0,864.0,1374226988761974.0,4308.0,1646221965.0,3821313753481894.0,302735034454014.0,0,0,0
4511106,Comércio por atacado de ônibus e micro-ônibus novos e usados,Subclasse,G,45,451,45111,4511106,0,0,0,0,0,0,0,Alta remuneração e baixo emprego,3.0,1.0,399.0,1209.0,1183.0,1265886776625285.0,460.0,161922395.0,3520052065217391.0,249115308301803.0,0,0,0
4512901,Representantes comerciais e agentes do comércio de veículos automotores,Subclasse,G,45,451,45129,4512901,0,0,0,0,0,0,0,Alta remuneração e baixo emprego,3.0,1.0,574.0,1006.0,1023.0,1026778451310794.0,2465.0,703797781.0,2855163411764706.0,161430771306913.0,0,0,0
4512902,Comércio sob consignação de veículos automotores,Subclasse,G,45,451,45129,4512902,0,0,0,0,0,0,0,Baixa remuneração e baixo emprego,1.0,2.0,1098.0,862.0,976.0,6761640228802133.0,5173.0,972632465.0,1880209675236807.0,68803967079815.0,0,0,0
4520001,Serviços de manutenção e reparação mecânica de veículos automotores,Subclasse,G,45,452,45200,4520001,0,0,0,0,0,0,0,Baixa remuneração e alto emprego,2.0,4.0,936.0,71.0,102.0,7699119647325793.0,223820.0,47917503595.0,2140894629389688.0,574915924942233.0,0,0,0
4520002,Serviços de lanternagem ou funilaria e pintura de veículos automotores,Subclasse,G,45,452,45200,4520002,0,0,0,0,0,0,0,Baixa remuneração e alto emprego,1.0,4.0,1013.0,327.0,451.0,7214427041912537.0,39231.0,7870194188.0,2006116129591394.0,153846269460917.0,0,0,0
4520003,Serviços de manutenção e reparação elétrica de veículos automotores,Subclasse,G,45,452,45200,4520003,0,0,0,0,0,0,0,Baixa remuneração e alto emprego,1.0,3.0,1016.0,571.0,702.0,720510814018779.0,16439.0,3293594455.0,2003524822069469.0,104987945311526.0,0,0,0
4520004,Serviços de alinhamento e balanceamento de veículos automotores,Subclasse,G,45,452,45200,4520004,0,0,0,0,0,0,0,Baixa remuneração e alto emprego,1.0,3.0,1152.0,469.0,624.0,6474538794707928.0,23524.0,4235203005.0,1800375363458595.0,98213415090335.0,0,0,0
4520005,"Serviços de lavagem, lubrificação e polimento de veículos automotores",Subclasse,G,45,452,45200,4520005,0,0,0,0,0,0,0,Baixa remuneração e alto emprego,1.0,4.0,1282.0,262.0,428.0,5618242980314579.0,53740.0,8395612855.0,1562265138630443.0,130511076587424.0,0,0,0
4520006,Serviços de borracharia para veículos automotores,Subclasse,G,45,452,45200,4520006,0,0,0,0,0,0,0,Baixa remuneração e alto emprego,1.0,3.0,1095.0,563.0,707.0,6790311742347888.0,17246.0,3256359306.0,1888182364606286.0,94640497783598.0,0,0,0
4520007,"Serviços de instalação, manutenção e reparação de acessórios para veículos automotores",Subclasse,G,45,452,45200,4520007,0,0,0,0,0,0,0,Baixa remuneração e alto emprego,1.0,3.0,1089.0,370.0,493.0,6842292241089485.0,34197.0,6506446329.0,1902636584788139.0,131440944979393.0,0,0,0
4520008,Serviços de capotaria,Subclasse,G,45,452,45200,4520008,0,0,0,0,0,0,0,Baixa remuneração e baixo emprego,1.0,1.0,1205.0,1072.0,1138.0,620979406989127.0,1678.0,289749956.0,1726757783075089.0,46667300623802.0,0,0,0
4530701,Comércio por atacado de peças e acessórios novos para veículos automotores,Subclasse,G,45,453,45307,4530701,0,0,0,0,0,0,0,Alta remuneração e alto emprego,3.0,4.0,558.0,100.0,105.0,1048965570107692.0,158302.0,46174463643.0,2916859145367715.0,570932478275094.0,0,0,0
4530702,Comércio por atacado de pneumáticos e câmaras-de-ar,Subclasse,G,45,453,45307,4530702,0,0,0,0,0,0,0,Alta remuneração e alto emprego,3.0,3.0,388.0,553.0,497.0,1275534877256802.0,18253.0,6474121057.0,3546880544020161.0,30404461746144.0,0,0,0
4530703,Comércio a varejo de peças e acessórios novos para veículos automotores,Subclasse,G,45,453,45307,4530703,0,0,0,0,0,0,0,Baixa remuneração e alto emprego,2.0,4.0,913.0,28.0,35.0,7881215161445324.0,476079.0,10433413819.0,2191529939148755.0,114565181134669.0,0,0,0
4530704,Comércio a varejo de peças e acessórios usados para veículos automotores,Subclasse,G,45,453,45307,4530704,0,0,0,0,0,0,0,Baixa remuneração e alto emprego,1.0,3.0,1057.0,525.0,649.0,6983364384905377.0,20333.0,3948393136.0,1941864523680716.0,106741583944758.0,0,0,0
4530705,Comércio a varejo de pneumáticos e câmaras-de-ar,Subclasse,G,45,453,45307,4530705,0,0,0,0,0,0,0,Baixa remuneração e alto emprego,2.0,4.0,788.0,204.0,244.0,8638308832030086.0,70416.0,16914310617.0,24020550183197.0,271926851558857.0,0,0,0
4530706,Representantes comerciais e agentes do comércio de peças e acessórios novos e usados para veículos automotores,Subclasse,G,45,453,45307,4530706,0,0,0,0,0,0,0,Baixa remuneração e baixo emprego,2.0,1.0,810.0,1050.0,1086.0,8456537005499591.0,1904.0,44772745.0,2351509716386555.0,107844358317881.0,0,0,0
4541201,Comércio por atacado de motocicletas e motonetas,Subclasse,G,45,454,45412,4541201,0,0,0,0,0,0,0,Alta remuneração e baixo emprego,4.0,1.0,304.0,1008.0,967.0,1482548330727203.0,2455.0,1012079389.0,4122522969450102.0,339481355225729.0,0,0,0
4541202,Comércio por atacado de peças e acessórios para motocicletas e motonetas,Subclasse,G,45,454,45412,4541202,0,0,0,0,0,0,0,Baixa remuneração e alto emprego,2.0,3.0,803.0,621.0,711.0,8548858130173892.0,13524.0,3214900202.0,2377181456669624.0,137195904443707.0,0,0,0
4541203,Comércio a varejo de motocicletas e motonetas novas,Subclasse,G,45,454,45412,4541203,0,0,0,0,0,0,0,Alta remuneração e alto emprego,3.0,4.0,527.0,219.0,221.0,1087380115194625.0,64794.0,19591622423.0,3023678492298669.0,34864656918961.0,0,0,0
4541204,Comércio a varejo de motocicletas e motonetas usadas,Subclasse,G,45,454,45412,4541204,0,0,0,0,0,0,0,Baixa remuneração e baixo emprego,1.0,2.0,1162.0,958.0,1051.0,6383678215276377.0,3252.0,577265693.0,1775109757072571.0,54541501450324.0,0,0,0
4541205,,,,,,,,0,0,0,0,0,0,0,,,,,,,,,,,,0,0,0
4541206,Comércio a varejo de peças e acessórios novos para motocicletas e motonetas,Subclasse,G,45,454,45412,4541206,0,0,0,0,0,0,0,Baixa remuneração e alto emprego,1.0,4.0,1201.0,238.0,386.0,622285210318243.0,58586.0,10137656006.0,1730388831120063.0,160750795793863.0,0,0,0
4541207,Comércio a varejo de peças e acessórios usados para motocicletas e motonetas,Subclasse,G,45,454,45412,4541207,0,0,0,0,0,0,0,Baixa remuneração e baixo emprego,1.0,1.0,1275.0,1195.0,1229.0,5654376775476164.0,541.0,85062126.0,1572312865064695.0,29486747724326.0,0,0,0
4542101,"Representantes comerciais e agentes do comércio de motocicletas e motonetas, peças e acessórios",Subclasse,G,45,454,45421,4542101,0,0,0,0,0,0,0,Baixa remuneração e baixo emprego,1.0,1.0,1199.0,1192.0,1221.0,6227181127781584.0,557.0,96449708.0,1731592603231598.0,44895738987088.0,0,0,0
4542102,Comércio sob consignação de motocicletas e motonetas,Subclasse,G,45,454,45421,4542102,0,0,0,0,0,0,0,Baixa remuneração e baixo emprego,1.0,1.0,1241.0,1242.0,1263.0,5920430519328658.0,252.0,4148662.0,1646294444444444.0,36063176168498.0,0,0,0
4543900,Manutenção e reparação de motocicletas e motonetas,Subclasse,G,45,454,45439,4543900,0,0,0,0,0,0,0,Baixa remuneração e baixo emprego,1.0,2.0,1195.0,710.0,849.0,6237064469908818.0,10246.0,177700565.0,1734340864727699.0,64543112861263.0,0,0,0
4611700,Representantes comerciais e agentes do comércio de matérias-primas agrícolas e animais vivos,Subclasse,G,46,461,46117,4611700,0,0,0,0,0,0,0,Alta remuneração e baixo emprego,3.0,2.0,571.0,865.0,894.0,1036299560203561.0,5148.0,1483467636.0,2881638764568765.0,172006267882362.0,0,0,0
4612500,"Representantes comerciais e agentes do comércio de combustíveis, minerais, produtos siderúrgicos e químicos",Subclasse,G,46,461,46125,4612500,0,0,0,0,0,0,0,Alta remuneração e baixo emprego,3.0,2.0,368.0,890.0,866.0,1319481299827375.0,4464.0,1637878377.0,3669082385752688.0,281666693371067.0,0,0,0
4613300,"Representantes comerciais e agentes do comércio de madeira, material de construção e ferragens",Subclasse,G,46,461,46133,4613300,0,0,0,0,0,0,0,Baixa remuneração e baixo emprego,1.0,2.0,1049.0,791.0,903.0,7038754076245796.0,7312.0,1431153439.0,1957266738238512.0,8092511434043.0,0,0,0
4614100,"Representantes comerciais e agentes do comércio de máquinas, equipamentos, embarcações e aeronaves",Subclasse,G,46,461,46141,4614100,0,0,0,0,0,0,0,Alta remuneração e baixo emprego,4.0,2.0,330.0,839.0,780.0,1405726252775334.0,6128.0,2395376233.0,3908903774477807.0,32067491490729.0,0,0,0
4615000,"Representantes comerciais e agentes do comércio de eletrodomésticos, móveis e artigos de uso doméstico",Subclasse,G,46,461,46150,4615000,0,0,0,0,0,0,0,Baixa remuneração e baixo emprego,3.0,2.0,651.0,908.0,956.0,9512891989439240.0,4043.0,1069474739.0,2645250405639377.0,141616806729859.0,0,0,0
4616800,"Representantes comerciais e agentes do comércio de têxteis, vestuário, calçados e artigos de viagem",Subclasse,G,46,461,46168,4616800,0,0,0,0,0,0,0,Baixa remuneração e baixo emprego,2.0,2.0,735.0,887.0,949.0,8995068750295561.0,4485.0,1121814782.0,2501259268673356.0,128520052563964.0,0,0,0
4617600,"Representantes comerciais e agentes do comércio de produtos alimentícios, bebidas e fumo",Subclasse,G,46,461,46176,4617600,0,0,0,0,0,0,0,Baixa remuneração e alto emprego,2.0,3.0,928.0,513.0,606.0,7737657849269503.0,20751.0,4464807881.0,2151610949351838.0,129918213539152.0,0,0,0
4618401,"Representantes comerciais e agentes do comércio de medicamentos, cosméticos e produtos de perfumaria",Subclasse,G,46,461,46184,4618401,0,0,0,0,0,0,0,Alta remuneração e baixo emprego,3.0,2.0,469.0,924.0,939.0,1153526476060571.0,3738.0,1199005259.0,320761171482076.0,214408059213422.0,0,0,0
4618402,Representantes comerciais e agentes do comércio de instrumentos e materiais odonto-médico-hospitalares,Subclasse,G,46,461,46184,4618402,0,0,0,0,0,0,0,Alta remuneração e baixo emprego,3.0,2.0,596.0,789.0,811.0,1004451932109868.0,7387.0,2063248231.0,2793080047380533.0,165072631883845.0,0,0,0
4618403,"Representantes comerciais e agentes do comércio de jornais, revistas e outras publicações",Subclasse,G,46,461,46184,4618403,0,0,0,0,0,0,0,Baixa remuneração e baixo emprego,1.0,1.0,1175.0,1259.0,1275.0,6309222493396441.0,147.0,25789766.0,1754405850340136.0,46274178389008.0,0,0,0
4618499,Outros representantes comerciais e agentes do comércio especializado em produtos não especificados anteriormente,Subclasse,G,46,461,46184,4618499,0,0,0,0,0,0,0,Alta remuneração e baixo emprego,3.0,2.0,405.0,747.0,720.0,125977020568012.0,8982.0,3146433863.0,3503043712981519.0,271076698338677.0,0,0,0
4619200,Representantes comerciais e agentes do comércio de mercadorias em geral não especializado,Subclasse,G,46,461,46192,4619200,0,0,0,0,0,0,0,Baixa remuneração e alto emprego,2.0,3.0,713.0,353.0,411.0,9126979631517248.0,35742.0,90711042.0,2537939734765822.0,206801986646739.0,0,0,0
4621400,Comércio atacadista de café em grão,Subclasse,G,46,462,46214,4621400,0,0,0,0,0,0,0,Alta remuneração e alto emprego,3.0,3.0,423.0,611.0,580.0,1225405210321473.0,14150.0,4821591206.0,3407484951236749.0,271866857622379.0,0,0,0
4622200,Comércio atacadista de soja,Subclasse,G,46,462,46222,4622200,0,0,0,0,0,0,0,Alta remuneração e alto emprego,3.0,3.0,346.0,364.0,301.0,1367024275408324.0,34966.0,13291573706.0,3801285164445461.0,391868290098804.0,0,0,0
4623101,Comércio atacadista de animais vivos,Subclasse,G,46,462,46231,4623101,0,0,0,0,0,0,0,Alta remuneração e baixo emprego,3.0,2.0,416.0,863.0,850.0,1234996987444988.0,5165.0,1773741993.0,3434156811229429.0,250407626492643.0,0,0,0
4623102,"Comércio atacadista de couros, lãs, peles e outros subprodutos não comestíveis de origem animal",Subclasse,G,46,462,46231,4623102,0,0,0,0,0,0,0,Baixa remuneração e baixo emprego,1.0,2.0,1014.0,932.0,1016.0,7212650813495156.0,3632.0,728441988.0,2005622213656388.0,7790750309245.0,0,0,0
4623103,Comércio atacadista de algodão,Subclasse,G,46,462,46231,4623103,0,0,0,0,0,0,0,Alta remuneração e baixo emprego,4.0,1.0,226.0,1087.0,1017.0,1687364783403808.0,1550.0,72726871.0,4692056193548387.0,416401667220299.0,0,0,0
4623104,Comércio atacadista de fumo em folha não beneficiado,Subclasse,G,46,462,46231,4623104,0,0,0,0,0,0,0,Alta remuneração e baixo emprego,4.0,1.0,302.0,1053.0,1007.0,1485516429947318.0,1876.0,774933646.0,4130776364605544.0,338811963662144.0,0,0,0
4623105,Comércio atacadista de cacau,Subclasse,G,46,462,46231,4623105,0,0,0,0,0,0,0,Baixa remuneração e baixo emprego,2.0,1.0,961.0,1161.0,1180.0,7558603739511631.0,807.0,169616984.0,210182136307311.0,81185333057115.0,0,0,0
4623106,"Comércio atacadista de sementes, flores, plantas e gramas",Subclasse,G,46,462,46231,4623106,0,0,0,0,0,0,0,Alta remuneração e alto emprego,3.0,3.0,482.0,503.0,485.0,1138914085098306.0,21138.0,6694360276.0,3166979031128773.0,255532689107098.0,0,0,0
4623107,Comércio atacadista de sisal,Subclasse,G,46,462,46231,4623107,0,0,0,0,0,0,0,Baixa remuneração e baixo emprego,1.0,1.0,1296.0,1299.0,1305.0,5351772553900932.0,26.0,3869236.0,1488167692307692.0,20394378249426.0,0,0,0
4623108,Comércio atacadista de matérias-primas agrícolas com atividade de fracionamento e acondicionamento associada,Subclasse,G,46,462,46231,4623108,0,0,0,0,0,0,0,Alta remuneração e baixo emprego,3.0,2.0,495.0,854.0,853.0,1132358280962563.0,5523.0,173905424.0,3148749302915082.0,210892187989394.0,0,0,0
4623109,Comércio atacadista de alimentos para animais,Subclasse,G,46,462,46231,4623109,0,0,0,0,0,0,0,Alta remuneração e alto emprego,3.0,3.0,530.0,405.0,416.0,1085214303127737.0,29524.0,8909327626000001.0,3017656017477307.0,255181136461239.0,0,0,0
4623199,Comércio atacadista de matérias-primas agrícolas não especificadas anteriormente,Subclasse,G,46,462,46231,4623199,0,0,0,0,0,0,0,Alta remuneração e alto emprego,4.0,3.0,284.0,343.0,258.0,1537074243057228.0,37625.0,16081463806.0,4274143204252492.0,474325862808937.0,0,0,0
4631100,Comércio atacadista de leite e laticínios,Subclasse,G,46,463,46311,4631100,0,0,0,0,0,0,0,Alta remuneração e alto emprego,3.0,3.0,516.0,389.0,394.0,110098217359025.0,31583.0,9669140957000000.0,3061501743659564.0,26735568174654.0,0,0,0
4632001,Comércio atacadista de cereais e leguminosas beneficiados,Subclasse,G,46,463,46320,4632001,0,0,0,0,0,0,0,Alta remuneração e alto emprego,3.0,4.0,472.0,308.0,300.0,1150721726791413.0,42372.0,13558245724.0,3199812546964977.0,317964023572199.0,0,0,0
4632002,"Comércio atacadista de farinhas, amidos e féculas",Subclasse,G,46,463,46320,4632002,0,0,0,0,0,0,0,Baixa remuneração e baixo emprego,2.0,2.0,855.0,874.0,948.0,8211694136637846.0,4931.0,1125957482.0,2283426246197526.0,108085480211303.0,0,0,0
4632003,"Comércio atacadista de cereais e leguminosas beneficiados, farinhas, amidos e féculas, com atividade de fracionamento e acondicionamento associada",Subclasse,G,46,463,46320,4632003,0,0,0,0,0,0,0,Baixa remuneração e baixo emprego,2.0,2.0,866.0,704.0,784.0,8144889294395697.0,10444.0,2365409152.0,226484981999234.0,118694962992933.0,0,0,0
4633801,"Comércio atacadista de frutas, verduras, raízes, tubérculos, hortaliças e legumes frescos",Subclasse,G,46,463,46338,4633801,0,0,0,0,0,0,0,Baixa remuneração e alto emprego,2.0,4.0,969.0,112.0,159.0,7502561098258381.0,142539.0,2973702188.0,2086237582696665.0,387314879267775.0,0,0,0
4633802,Comércio atacadista de aves vivas e ovos,Subclasse,G,46,463,46338,4633802,0,0,0,0,0,0,0,Baixa remuneração e baixo emprego,2.0,2.0,940.0,794.0,883.0,7663866104460962.0,7207.0,153587777.0,2131091674760649.0,98045169768969.0,0,0,0
4633803,Comércio atacadista de coelhos e outros pequenos animais vivos para alimentação,Subclasse,G,46,463,46338,4633803,0,0,0,0,0,0,0,Baixa remuneração e baixo emprego,1.0,1.0,1306.0,1316.0,1319.0,52193681775603.0,1.0,145135.0,145135.0,16802543021835.0,0,0,0
4634601,Comércio atacadista de carnes bovinas e suínas e derivados,Subclasse,G,46,463,46346,4634601,0,0,0,0,0,0,0,Alta remuneração e alto emprego,3.0,4.0,570.0,257.0,268.0,1038079579131249.0,55059.0,15893267425.0,2886588464192957.0,300355184547282.0,0,0,0
4634602,Comércio atacadista de aves abatidas e derivados,Subclasse,G,46,463,46346,4634602,0,0,0,0,0,0,0,Baixa remuneração e baixo emprego,3.0,2.0,624.0,783.0,810.0,9743678479289956.0,7624.0,2065665786.0,2709425217733473.0,156772610765076.0,0,0,0
4634603,Comércio atacadista de pescados e frutos do mar,Subclasse,G,46,463,46346,4634603,0,0,0,0,0,0,0,Baixa remuneração e baixo emprego,2.0,2.0,926.0,709.0,796.0,7747421390607628.0,10258.0,2209907506.0,2154325897835835.0,107085876108696.0,0,0,0
4634699,Comércio atacadista de carnes e derivados de outros animais,Subclasse,G,46,463,46346,4634699,0,0,0,0,0,0,0,Baixa remuneração e baixo emprego,2.0,1.0,862.0,1126.0,1153.0,8160250813757971.0,1094.0,248241881.0,2269121398537477.0,98006463961352.0,0,0,0
4635401,Comércio atacadista de água mineral,Subclasse,G,46,463,46354,4635401,0,0,0,0,0,0,0,Baixa remuneração e baixo emprego,2.0,2.0,975.0,823.0,919.0,7466566989102357.0,6440.0,1337091282.0,2076228698757764.0,9091073889968.0,0,0,0
4635402,"Comércio atacadista de cerveja, chope e refrigerante",Subclasse,G,46,463,46354,4635402,0,0,0,0,0,0,0,Alta remuneração e alto emprego,3.0,4.0,503.0,119.0,115.0,1120544888437775.0,139184.0,43368339717.0,3115899795738016.0,562883074421534.0,0,0,0
4635403,Comércio atacadista de bebidas com atividade de fracionamento e acondicionamento associada,Subclasse,G,46,463,46354,4635403,0,0,0,0,0,0,0,Baixa remuneração e baixo emprego,2.0,2.0,811.0,808.0,870.0,8438811266672792.0,6827.0,1602010657.0,2346580719203164.0,118670512625299.0,0,0,0
4635499,Comércio atacadista de bebidas não especificadas anteriormente,Subclasse,G,46,463,46354,4635499,0,0,0,0,0,0,0,Alta remuneração e alto emprego,3.0,3.0,510.0,465.0,468.0,1111965152262015.0,23766.0,7348547298999999.0,3092042118572751.0,251308594992209.0,0,0,0
4636201,Comércio atacadista de fumo beneficiado,Subclasse,G,46,463,46362,4636201,0,0,0,0,0,0,0,Alta remuneração e baixo emprego,3.0,1.0,381.0,1085.0,1057.0,1291097787248837.0,1575.0,565449623.0,3590156336507937.0,262128879217282.0,0,0,0
4636202,"Comércio atacadista de cigarros, cigarrilhas e charutos",Subclasse,G,46,463,46362,4636202,0,0,0,0,0,0,0,Alta remuneração e baixo emprego,4.0,2.0,237.0,812.0,721.0,1657449434218349.0,6774.0,3122048921.0,4608870565397106.0,422459903400945.0,0,0,0
4637101,"Comércio atacadista de café torrado, moído e solúvel",Subclasse,G,46,463,46371,4637101,0,0,0,0,0,0,0,Alta remuneração e baixo emprego,3.0,1.0,514.0,1013.0,1021.0,1101971358293782.0,2329.0,713664377.0,3064252370115929.0,190451258134371.0,0,0,0
4637102,Comércio atacadista de açúcar,Subclasse,G,46,463,46371,4637102,0,0,0,0,0,0,0,Alta remuneração e baixo emprego,4.0,1.0,205.0,1022.0,950.0,1775667958905215.0,2254.0,1112935239.0,4937600882874889.0,453294144896515.0,0,0,0
4637103,Comércio atacadista de óleos e gorduras,Subclasse,G,46,463,46371,4637103,0,0,0,0,0,0,0,Alta remuneração e baixo emprego,4.0,1.0,320.0,1098.0,1055.0,1445860659696145.0,1411.0,567293332.0,4020505542168675.0,321904584671738.0,0,0,0
4637104,"Comércio atacadista de pães, bolos, biscoitos e similares",Subclasse,G,46,463,46371,4637104,0,0,0,0,0,0,0,Baixa remuneração e alto emprego,2.0,3.0,673.0,516.0,540.0,9391725135484754.0,20671.0,5398350574.0,2611557531807847.0,178621994369661.0,0,0,0
4637105,Comércio atacadista de massas alimentícias,Subclasse,G,46,463,46371,4637105,0,0,0,0,0,0,0,Baixa remuneração e baixo emprego,3.0,2.0,599.0,852.0,877.0,9952599118889076.0,5615.0,1553962363.0,2767519791629564.0,157557699943433.0,0,0,0
4637106,Comércio atacadista de sorvetes,Subclasse,G,46,463,46371,4637106,0,0,0,0,0,0,0,Baixa remuneração e baixo emprego,2.0,2.0,708.0,679.0,744.0,9154968218983048.0,11273.0,28697930.0,2545722522842189.0,149138964264161.0,0,0,0
4637107,"Comércio atacadista de chocolates, confeitos, balas, bombons e semelhantes",Subclasse,G,46,463,46371,4637107,0,0,0,0,0,0,0,Baixa remuneração e alto emprego,3.0,3.0,618.0,635.0,679.0,9807313956715836.0,12999.0,3544983728.0,2727120338487576.0,171873627995599.0,0,0,0
4637199,Comércio atacadista especializado em outros produtos alimentícios não especificados anteriormente,Subclasse,G,46,463,46371,4637199,0,0,0,0,0,0,0,Baixa remuneração e alto emprego,3.0,4.0,621.0,301.0,320.0,9787761223761860.0,45241.0,12313167458.0,2721683308945426.0,251204105454092.0,0,0,0
4639701,Comércio atacadista de produtos alimentícios em geral,Subclasse,G,46,463,46397,4639701,0,0,0,0,0,0,0,Baixa remuneração e alto emprego,2.0,4.0,839.0,40.0,54.0,8278133324038405.0,342240.0,7878025964400001.0,2301900994740533.0,877223478772298.0,0,0,0
4639702,"Comércio atacadista de produtos alimentícios em geral, com atividade de fracionamento e acondicionamento associada",Subclasse,G,46,463,46397,4639702,0,0,0,0,0,0,0,Baixa remuneração e alto emprego,2.0,3.0,832.0,561.0,645.0,8318129532617533.0,17337.0,4010087529.0,2313022742689046.0,139293617614617.0,0,0,0
4641901,Comércio atacadista de tecidos,Subclasse,G,46,464,46419,4641901,0,0,0,0,0,0,0,Baixa remuneração e alto emprego,2.0,3.0,834.0,523.0,588.0,8311591713174777.0,20338.0,4700528263.0,2311204770872259.0,145943561884408.0,0,0,0
4641902,"Comércio atacadista de artigos de cama, mesa e banho",Subclasse,G,46,464,46419,4641902,0,0,0,0,0,0,0,Baixa remuneração e baixo emprego,1.0,2.0,1063.0,868.0,973.0,6955743518393394.0,5078.0,9821786290000000.0,1934183987790469.0,73936347982729.0,0,0,0
4641903,Comércio atacadista de artigos de armarinho,Subclasse,G,46,464,46419,4641903,0,0,0,0,0,0,0,Baixa remuneração e alto emprego,1.0,3.0,1025.0,604.0,741.0,7159351831385701.0,14559.0,2898407704.0,1990801362730957.0,9966793140823.0,0,0,0
4642701,"Comércio atacadista de artigos do vestuário e acessórios, exceto profissionais e de segurança",Subclasse,G,46,464,46427,4642701,0,0,0,0,0,0,0,Baixa remuneração e alto emprego,2.0,4.0,758.0,286.0,331.0,8859926210750212.0,48467.0,11940718705.0,2463680175170735.0,228311406554746.0,0,0,0
4642702,Comércio atacadista de roupas e acessórios para uso profissional e de segurança do trabalho,Subclasse,G,46,464,46427,4642702,0,0,0,0,0,0,0,Baixa remuneração e alto emprego,2.0,3.0,721.0,565.0,616.0,9092964209159488.0,17165.0,4340137747.0,2528481064375182.0,161433639447826.0,0,0,0
4643501,Comércio atacadista de calçados,Subclasse,G,46,464,46435,4643501,0,0,0,0,0,0,0,Alta remuneração e baixo emprego,3.0,2.0,456.0,678.0,671.0,1173696638536133.0,11295.0,3686347904.0,3263698896857016.0,243028398892541.0,0,0,0
4643502,"Comércio atacadista de bolsas, malas e artigos de viagem",Subclasse,G,46,464,46435,4643502,0,0,0,0,0,0,0,Baixa remuneração e baixo emprego,2.0,2.0,840.0,911.0,988.0,8272454770899703.0,3966.0,9123076890000000.0,2300321959152799.0,107558008363371.0,0,0,0
4644301,Comércio atacadista de medicamentos e drogas de uso humano,Subclasse,G,46,464,46443,4644301,0,0,0,0,0,0,0,Alta remuneração e alto emprego,3.0,4.0,345.0,125.0,91.0,136827366046074.0,131807.0,50149391303.0,3804759330156972.0,683069559533621.0,0,0,0
4644302,Comércio atacadista de medicamentos e drogas de uso veterinário,Subclasse,G,46,464,46443,4644302,0,0,0,0,0,0,0,Alta remuneração e alto emprego,4.0,3.0,220.0,627.0,506.0,1705427867490429.0,13244.0,6280681223.0,474228422153428.0,463836038205104.0,0,0,0
4645101,"Comércio atacadista de instrumentos e materiais para uso médico, cirúrgico, hospitalar e de laboratórios",Subclasse,G,46,464,46451,4645101,0,0,0,0,0,0,0,Alta remuneração e alto emprego,4.0,4.0,173.0,216.0,134.0,1916672942297673.0,66742.0,35571440483.0,5329693518773785.0,749447320119759.0,0,0,0
4645102,Comércio atacadista de próteses e artigos de ortopedia,Subclasse,G,46,464,46451,4645102,0,0,0,0,0,0,0,Alta remuneração e baixo emprego,4.0,2.0,272.0,886.0,820.0,1552278282566847.0,4579.0,1976489215.0,4316421085389823.0,373626266213513.0,0,0,0
4645103,Comércio atacadista de produtos odontológicos,Subclasse,G,46,464,46451,4645103,0,0,0,0,0,0,0,Alta remuneração e baixo emprego,3.0,2.0,367.0,676.0,628.0,1325791149513457.0,11376.0,4193908227.0,3686628188291139.0,304499995329575.0,0,0,0
4646001,Comércio atacadista de cosméticos e produtos de perfumaria,Subclasse,G,46,464,46460,4646001,0,0,0,0,0,0,0,Alta remuneração e alto emprego,3.0,4.0,334.0,170.0,130.0,1401353855197284.0,94464.0,36810216182.0,3896745446095867.0,588005089032417.0,0,0,0
4646002,Comércio atacadista de produtos de higiene pessoal,Subclasse,G,46,464,46460,4646002,0,0,0,0,0,0,0,Alta remuneração e alto emprego,4.0,3.0,191.0,403.0,277.0,182282044903398.0,30307.0,15361763153.0,5068717838453163.0,573045589315734.0,0,0,0
4647801,Comércio atacadista de artigos de escritório e de papelaria,Subclasse,G,46,464,46478,4647801,0,0,0,0,0,0,0,Baixa remuneração e alto emprego,2.0,3.0,718.0,475.0,521.0,910656563288237.0,22997.0,5823445711.0,2532263213027786.0,175745411420411.0,0,0,0
4647802,"Comércio atacadista de livros, jornais e outras publicações",Subclasse,G,46,464,46478,4647802,0,0,0,0,0,0,0,Alta remuneração e baixo emprego,4.0,2.0,267.0,743.0,638.0,1575747980589166.0,9289.0,4070145606.0,4381683287759716.0,398313566583224.0,0,0,0
4649401,Comércio atacadista de equipamentos elétricos de uso pessoal e doméstico,Subclasse,G,46,464,46494,4649401,0,0,0,0,0,0,0,Alta remuneração e baixo emprego,3.0,2.0,475.0,663.0,660.0,1144940502321659.0,11835.0,3767952376.0,318373669286016.0,232909828321921.0,0,0,0
4649402,Comércio atacadista de aparelhos eletrônicos de uso pessoal e doméstico,Subclasse,G,46,464,46494,4649402,0,0,0,0,0,0,0,Alta remuneração e alto emprego,4.0,3.0,290.0,643.0,556.0,1514880939769072.0,12398.0,5222571053.0,4212430273431199.0,383916823090791.0,0,0,0
4649403,"Comércio atacadista de bicicletas, triciclos e outros veículos recreativos",Subclasse,G,46,464,46494,4649403,0,0,0,0,0,0,0,Alta remuneração e baixo emprego,3.0,1.0,487.0,1009.0,1008.0,1136388812019062.0,2439.0,770713513.0,3159957002870029.0,204188696654941.0,0,0,0
4649404,Comércio atacadista de móveis e artigos de colchoaria,Subclasse,G,46,464,46494,4649404,0,0,0,0,0,0,0,Baixa remuneração e alto emprego,2.0,3.0,856.0,637.0,739.0,8211508755973932.0,12739.0,2908791027.0,228337469738598.0,125772206165395.0,0,0,0
4649405,Comércio atacadista de artigos de tapeçaria; persianas e cortinas,Subclasse,G,46,464,46494,4649405,0,0,0,0,0,0,0,Baixa remuneração e baixo emprego,2.0,1.0,733.0,999.0,1031.0,9000846100520075.0,2652.0,663760004.0,2502865776772248.0,124330380882076.0,0,0,0
4649406,"Comércio atacadista de lustres, luminárias e abajures",Subclasse,G,46,464,46494,4649406,0,0,0,0,0,0,0,Alta remuneração e baixo emprego,3.0,2.0,538.0,949.0,965.0,1073532852970019.0,3421.0,1021227821.0,2985173402513885.0,182189561570445.0,0,0,0
4649407,"Comércio atacadista de filmes, CDs, DVDs, fitas e discos",Subclasse,G,46,464,46494,4649407,0,0,0,0,0,0,0,Alta remuneração e baixo emprego,4.0,1.0,271.0,1224.0,1192.0,1554685821895715.0,335.0,144824377.0,4323115731343283.0,360772277787663.0,0,0,0
4649408,"Comércio atacadista de produtos de higiene, limpeza e conservação domiciliar",Subclasse,G,46,464,46494,4649408,0,0,0,0,0,0,0,Baixa remuneração e alto emprego,3.0,3.0,600.0,421.0,450.0,9948593723979522.0,28460.0,7873191508.0,2766406011243851.0,214545954465388.0,0,0,0
4649409,"Comércio atacadista de produtos de higiene, limpeza e conservação domiciliar, com atividade de fracionamento e acondicionamento associada",Subclasse,G,46,464,46494,4649409,0,0,0,0,0,0,0,Baixa remuneração e baixo emprego,2.0,2.0,833.0,859.0,930.0,8317341286232529.0,5339.0,1234805818.0,2312803554972841.0,111914217333831.0,0,0,0
4649410,"Comércio atacadista de jóias, relógios e bijuterias, inclusive pedras preciosas e semipreciosas lapidadas",Subclasse,G,46,464,46494,4649410,0,0,0,0,0,0,0,Baixa remuneração e baixo emprego,2.0,2.0,716.0,716.0,768.0,9114060657411578.0,9977.0,2528518356.0,2534347354916307.0,144887970354889.0,0,0,0
4649499,Comércio atacadista de outros equipamentos e artigos de uso pessoal e doméstico não especificados anteriormente,Subclasse,G,46,464,46494,4649499,0,0,0,0,0,0,0,Baixa remuneração e alto emprego,2.0,4.0,669.0,266.0,296.0,9414632795576596.0,53286.0,13949888296.0,2617927466126187.0,258475216892424.0,0,0,0
4651601,Comércio atacadista de equipamentos de informática,Subclasse,G,46,465,46516,4651601,0,0,0,0,0,0,0,Alta remuneração e alto emprego,4.0,3.0,89.0,409.0,212.0,2595113174883711.0,29352.0,21181086079.0,7216232651608067.0,899267805009977.0,0,0,0
4651602,Comércio atacadista de suprimentos para informática,Subclasse,G,46,465,46516,4651602,0,0,0,0,0,0,0,Alta remuneração e baixo emprego,3.0,2.0,559.0,937.0,962.0,1048609127601127.0,3584.0,1045047086.0,2915867985491071.0,172838305692077.0,0,0,0
4652400,Comércio atacadista de componentes eletrônicos e equipamentos de telefonia e comunicação,Subclasse,G,46,465,46524,4652400,0,0,0,0,0,0,0,Alta remuneração e alto emprego,4.0,3.0,122.0,487.0,293.0,231939283703194.0,22039.0,14214134494.0,6449536954489768.0,750269668677361.0,0,0,0
4661300,"Comércio atacadista de máquinas, aparelhos e equipamentos para uso agropecuário; partes e peças",Subclasse,G,46,466,46613,4661300,0,0,0,0,0,0,0,Alta remuneração e alto emprego,4.0,4.0,275.0,193.0,141.0,1550697637526595.0,76875.0,33148698221.0,4312025784845529.0,607723754014793.0,0,0,0
4662100,"Comércio atacadista de máquinas, equipamentos para terraplenagem, mineração e construção; partes e peças",Subclasse,G,46,466,46621,4662100,0,0,0,0,0,0,0,Alta remuneração e alto emprego,4.0,3.0,187.0,519.0,374.0,1859956669973116.0,20528.0,10617045776.0,5171982548713952.0,553131076639232.0,0,0,0
4663000,Comércio atacadista de máquinas e equipamentos para uso industrial; partes e peças,Subclasse,G,46,466,46630,4663000,0,0,0,0,0,0,0,Alta remuneração e alto emprego,4.0,4.0,243.0,208.0,148.0,1642423759007494.0,69617.0,31794701138.0,456708866196475.0,628280418900369.0,0,0,0
4664800,"Comércio atacadista de máquinas, aparelhos e equipamentos para uso odonto-médico-hospitalar; partes e peças",Subclasse,G,46,466,46648,4664800,0,0,0,0,0,0,0,Alta remuneração e alto emprego,4.0,3.0,111.0,591.0,377.0,2407734918292333.0,15446.0,1034139021.0,6695189829081963.0,75811062170372.0,0,0,0
4665600,Comércio atacadista de máquinas e equipamentos para uso comercial; partes e peças,Subclasse,G,46,466,46656,4665600,0,0,0,0,0,0,0,Alta remuneração e alto emprego,3.0,3.0,479.0,566.0,541.0,1144204649620678.0,16948.0,5392329071.0,3181690506844465.0,246418983451267.0,0,0,0
4669901,Comércio atacadista de bombas e compressores; partes e peças,Subclasse,G,46,466,46699,4669901,0,0,0,0,0,0,0,Alta remuneração e baixo emprego,4.0,2.0,265.0,879.0,806.0,1579362387754554.0,4773.0,2096174577.0,4391733871778755.0,384923088503764.0,0,0,0
4669999,Comércio atacadista de outras máquinas e equipamentos não especificados anteriormente; partes e peças,Subclasse,G,46,466,46699,4669999,0,0,0,0,0,0,0,Alta remuneração e alto emprego,4.0,4.0,227.0,261.0,187.0,1687275779269068.0,53903.0,25290256434.0,4691808699701315.0,59595140858038.0,0,0,0
4671100,Comércio atacadista de madeira e produtos derivados,Subclasse,G,46,467,46711,4671100,0,0,0,0,0,0,0,Baixa remuneração e alto emprego,2.0,3.0,903.0,418.0,503.0,7923764147934986.0,28657.0,631417316.0,2203361538193112.0,153027942251558.0,0,0,0
4672900,Comércio atacadista de ferragens e ferramentas,Subclasse,G,46,467,46729,4672900,0,0,0,0,0,0,0,Baixa remuneração e alto emprego,3.0,4.0,639.0,234.0,263.0,9583547216890318.0,59948.0,15975527585.0,2664897508674184.0,280531484096428.0,0,0,0
4673700,Comércio atacadista de material elétrico,Subclasse,G,46,467,46737,4673700,0,0,0,0,0,0,0,Alta remuneração e alto emprego,3.0,3.0,435.0,373.0,346.0,1200671484358283.0,34020.0,11358284159.0,3338707865667255.0,316974816699262.0,0,0,0
4674500,Comércio atacadista de cimento,Subclasse,G,46,467,46745,4674500,0,0,0,0,0,0,0,Baixa remuneração e baixo emprego,3.0,2.0,601.0,800.0,827.0,9916126063711174.0,7044.0,1942296871.0,2757377727143668.0,160119084005272.0,0,0,0
4679601,"Comércio atacadista de tintas, vernizes e similares",Subclasse,G,46,467,46796,4679601,0,0,0,0,0,0,0,Alta remuneração e baixo emprego,3.0,2.0,488.0,765.0,761.0,1136186480182624.0,8288.0,2618506061.0,3159394378619691.0,219839862054815.0,0,0,0
4679602,Comércio atacadista de mármores e granitos,Subclasse,G,46,467,46796,4679602,0,0,0,0,0,0,0,Baixa remuneração e baixo emprego,2.0,2.0,742.0,701.0,760.0,8963240375045464.0,10525.0,262326021.0,2492408750593824.0,141944927545237.0,0,0,0
4679603,"Comércio atacadista de vidros, espelhos e vitrais",Subclasse,G,46,467,46796,4679603,0,0,0,0,0,0,0,Baixa remuneração e baixo emprego,2.0,2.0,882.0,782.0,855.0,8025011299502037.0,7634.0,170353881.0,223151533927168.0,109020619416573.0,0,0,0
4679604,Comércio atacadista especializado de materiais de construção não especificados anteriormente,Subclasse,G,46,467,46796,4679604,0,0,0,0,0,0,0,Baixa remuneração e alto emprego,3.0,3.0,620.0,546.0,563.0,9795632891319986.0,18654.0,5081111172.0,2723872183981988.0,18555823375112.0,0,0,0
4679699,Comércio atacadista de materiais de construção em geral,Subclasse,G,46,467,46796,4679699,0,0,0,0,0,0,0,Baixa remuneração e alto emprego,2.0,4.0,886.0,209.0,275.0,7989523164570909.0,69499.0,15440225539.0,2221647151613692.0,246365083573214.0,0,0,0
4681801,"Comércio atacadista de álcool carburante, biodiesel, gasolina e demais derivados de petróleo, exceto lubrificantes, não realizado por transportador retalhista (TRR)",Subclasse,G,46,468,46818,4681801,0,0,0,0,0,0,0,Alta remuneração e alto emprego,4.0,3.0,85.0,480.0,251.0,2644271308348535.0,22508.0,16549967418.0,735292670072863.0,887970191681669.0,0,0,0
4681802,Comércio atacadista de combustíveis realizado por transportador retalhista (TRR),Subclasse,G,46,468,46818,4681802,0,0,0,0,0,0,0,Alta remuneração e baixo emprego,4.0,2.0,316.0,673.0,589.0,1457866515241241.0,11583.0,4695621055.0,4053890231373564.0,358334019761016.0,0,0,0
4681803,"Comércio atacadista de combustíveis de origem vegetal, exceto álcool carburante",Subclasse,G,46,468,46818,4681803,0,0,0,0,0,0,0,Baixa remuneração e baixo emprego,2.0,2.0,962.0,959.0,1027.0,755319326910454.0,3243.0,681132762.0,2100316873265495.0,86343929849222.0,0,0,0
4681804,Comércio atacadista de combustíveis de origem mineral em bruto,Subclasse,G,46,468,46818,4681804,0,0,0,0,0,0,0,Alta remuneração e baixo emprego,4.0,1.0,77.0,1248.0,1187.0,275363151920441.0,200.0,153140494.0,76570247.0,825144302547383.0,0,0,0
4681805,Comércio atacadista de lubrificantes,Subclasse,G,46,468,46818,4681805,0,0,0,0,0,0,0,Alta remuneração e alto emprego,3.0,3.0,406.0,612.0,572.0,1257795015562621.0,14146.0,494763607.0,3497551300721052.0,285019870642755.0,0,0,0
4682600,Comércio atacadista de gás liquefeito de petróleo (GLP),Subclasse,G,46,468,46826,4682600,0,0,0,0,0,0,0,Alta remuneração e alto emprego,4.0,3.0,195.0,466.0,332.0,1816417464182282.0,23585.0,1191257844.0,5050913054907781.0,546078843100854.0,0,0,0
4683400,"Comércio atacadista de defensivos agrícolas, adubos, fertilizantes e corretivos do solo",Subclasse,G,46,468,46834,4683400,0,0,0,0,0,0,0,Alta remuneração e alto emprego,4.0,4.0,233.0,185.0,126.0,166474253303686.0,82927.0,38388156263.0,4629150489346051.0,684269444758506.0,0,0,0
4684201,Comércio atacadista de resinas e elastômeros,Subclasse,G,46,468,46842,4684201,0,0,0,0,0,0,0,Alta remuneração e baixo emprego,4.0,2.0,218.0,948.0,861.0,1723503021224011.0,3450.0,1653428305.0,4792545811594203.0,437087471448866.0,0,0,0
4684202,Comércio atacadista de solventes,Subclasse,G,46,468,46842,4684202,0,0,0,0,0,0,0,Alta remuneração e baixo emprego,4.0,1.0,183.0,1269.0,1244.0,1873097473949845.0,116.0,6041886899999999.0,5208523189655172.0,483466962902025.0,0,0,0
4684299,Comércio atacadista de outros produtos químicos e petroquímicos não especificados anteriormente,Subclasse,G,46,468,46842,4684299,0,0,0,0,0,0,0,Alta remuneração e alto emprego,4.0,3.0,147.0,499.0,313.0,2092046738897364.0,21644.0,12591084315.0,5817355532711144.0,653886644354657.0,0,0,0
4685100,"Comércio atacadista de produtos siderúrgicos e metalúrgicos, exceto para construção",Subclasse,G,46,468,46851,4685100,0,0,0,0,0,0,0,Alta remuneração e alto emprego,3.0,3.0,358.0,431.0,385.0,1336983899594832.0,27338.0,10163590075.0,3717751874679933.0,356244292559744.0,0,0,0
4686901,Comércio atacadista de papel e papelão em bruto,Subclasse,G,46,468,46869,4686901,0,0,0,0,0,0,0,Alta remuneração e baixo emprego,3.0,2.0,590.0,876.0,913.0,1011188525315253.0,4832.0,1358667798.0,2811812495860927.0,161307360500217.0,0,0,0
4686902,Comércio atacadista de embalagens,Subclasse,G,46,468,46869,4686902,0,0,0,0,0,0,0,Baixa remuneração e alto emprego,2.0,4.0,919.0,278.0,366.0,7825632526599162.0,50069.0,10895385275.0,2176074072779564.0,197428413361667.0,0,0,0
4687701,Comércio atacadista de resíduos de papel e papelão,Subclasse,G,46,468,46877,4687701,0,0,0,0,0,0,0,Baixa remuneração e alto emprego,1.0,3.0,998.0,481.0,597.0,7303424023294161.0,22433.0,4555836146.0,2030863525163821.0,120687170016151.0,0,0,0
4687702,"Comércio atacadista de resíduos e sucatas não metálicos, exceto de papel e papelão",Subclasse,G,46,468,46877,4687702,0,0,0,0,0,0,0,Baixa remuneração e alto emprego,1.0,3.0,990.0,607.0,733.0,7384279636864353.0,14421.0,2961131781.0,2053347050135219.0,105832694767719.0,0,0,0
4687703,Comércio atacadista de resíduos e sucatas metálicos,Subclasse,G,46,468,46877,4687703,0,0,0,0,0,0,0,Baixa remuneração e alto emprego,2.0,4.0,896.0,302.0,390.0,7955288417297035.0,44832.0,9917409979000000.0,2212127493531406.0,190086449744748.0,0,0,0
4689301,"Comércio atacadista de produtos da extração mineral, exceto combustíveis",Subclasse,G,46,468,46893,4689301,0,0,0,0,0,0,0,Alta remuneração e baixo emprego,4.0,2.0,245.0,733.0,617.0,1640126150003586.0,9512.0,4338137554.0,4560699699327166.0,424809353582847.0,0,0,0
4689302,Comércio atacadista de fios e fibras beneficiados,Subclasse,G,46,468,46893,4689302,0,0,0,0,0,0,0,Baixa remuneração e baixo emprego,2.0,2.0,662.0,976.0,1003.0,94551439833447.0,3007.0,790598159.0,2629192414366478.0,137518727265468.0,0,0,0
4689399,Comércio atacadista especializado em outros produtos intermediários não especificados anteriormente,Subclasse,G,46,468,46893,4689399,0,0,0,0,0,0,0,Alta remuneração e alto emprego,3.0,4.0,389.0,263.0,226.0,1274974780446637.0,53716.0,1904405747.0,3545323082508005.0,405804405167067.0,0,0,0
4691500,"Comércio atacadista de mercadorias em geral, com predominância de produtos alimentícios",Subclasse,G,46,469,46915,4691500,0,0,0,0,0,0,0,Baixa remuneração e alto emprego,2.0,4.0,971.0,51.0,79.0,7480621051040665.0,286197.0,59532888672.0,2080136712544157.0,69769982675006.0,0,0,0
4692300,"Comércio atacadista de mercadorias em geral, com predominância de insumos agropecuários",Subclasse,G,46,469,46923,4692300,0,0,0,0,0,0,0,Alta remuneração e alto emprego,3.0,3.0,354.0,447.0,401.0,1344952999933995.0,25295.0,9460106282000000.0,3739911556434078.0,353556715086728.0,0,0,0
4693100,"Comércio atacadista de mercadorias em geral, sem predominância de alimentos ou de insumos agropecuários",Subclasse,G,46,469,46931,4693100,0,0,0,0,0,0,0,Alta remuneração e alto emprego,3.0,4.0,518.0,165.0,158.0,1099910436842105.0,98320.0,30071384024.0,3058521564686737.0,443121793751579.0,0,0,0
4711301,"Comércio varejista de mercadorias em geral, com predominância de produtos alimentícios - hipermercados",Subclasse,G,47,471,47113,4711301,0,0,0,0,0,0,0,Baixa remuneração e alto emprego,1.0,4.0,1024.0,22.0,31.0,715975658803908.0,564739.0,112434673256.0,1990913913436118.0,1268515706552106.0,0,0,0
4711302,"Comércio varejista de mercadorias em geral, com predominância de produtos alimentícios - supermercados",Subclasse,G,47,471,47113,4711302,0,0,0,0,0,0,0,Baixa remuneração e alto emprego,1.0,4.0,1120.0,1.0,6.0,6653709191640007.0,2151619.0,39809196337.0,1850197285718336.0,447985363200074.0,0,0,0
4712100,"Comércio varejista de mercadorias em geral, com predominância de produtos alimentícios - minimercados, mercearias e armazéns",Subclasse,G,47,471,47121,4712100,0,0,0,0,0,0,0,Baixa remuneração e alto emprego,1.0,4.0,1247.0,14.0,29.0,5883966896424818.0,705708.0,115464767471.0,1636155002791523.0,1412803501180856.0,0,0,0
4713001,,,,,,,,0,0,0,0,0,0,0,,,,,,,,,,,,0,0,0
4713002,"Lojas de variedades, exceto lojas de departamentos ou magazines",Subclasse,G,47,471,47130,4713002,0,0,0,0,0,0,0,Baixa remuneração e alto emprego,1.0,4.0,1171.0,210.0,325.0,6329666061086467.0,69202.0,12180178931.0,1760090594346984.0,185820328916208.0,0,0,0
4713004,"Lojas de departamentos ou magazines, exceto lojas francas (Duty free)",Subclasse,G,47,471,47130,4713004,0,0,0,0,0,0,0,Baixa remuneração e alto emprego,2.0,4.0,730.0,85.0,104.0,9021546762979126.0,185527.0,46541711586.0,2508622011135846.0,55917568025838.0,0,0,0
4713005,"Lojas francas (Duty Free) de aeroportos, portos e em fronteiras terrestres",Subclasse,G,47,471,47130,4713005,0,0,0,0,0,0,0,Alta remuneração e baixo emprego,3.0,2.0,422.0,938.0,931.0,1229102877183292.0,3583.0,1224585936.0,341776705554005.0,24363101343814.0,0,0,0
4721101,,,,,,,,0,0,0,0,0,0,0,,,,,,,,,,,,0,0,0
4721102,Padaria e confeitaria com predominância de revenda,Subclasse,G,47,472,47211,4721102,0,0,0,0,0,0,0,Baixa remuneração e alto emprego,1.0,4.0,1242.0,38.0,84.0,5914029906025299.0,348134.0,57251145465.0,1644514625546485.0,716692516781239.0,0,0,0
4721103,Comércio varejista de laticínios e frios,Subclasse,G,47,472,47211,4721103,0,0,0,0,0,0,0,Baixa remuneração e alto emprego,1.0,3.0,1218.0,448.0,620.0,6089628048235964.0,25259.0,4277215616.0,1693343210736767.0,90127474697815.0,0,0,0
4721104,"Comércio varejista de doces, balas, bombons e semelhantes",Subclasse,G,47,472,47211,4721104,0,0,0,0,0,0,0,Baixa remuneração e alto emprego,1.0,4.0,1215.0,172.0,267.0,6126851151499061.0,93350.0,15903982007.0,1703693841135512.0,22645187400351.0,0,0,0
4722901,Comércio varejista de carnes - açougues,Subclasse,G,47,472,47229,4722901,0,0,0,0,0,0,0,Baixa remuneração e alto emprego,1.0,4.0,1132.0,114.0,183.0,6580922029164288.0,140985.0,25799653775.0,1829957355392418.0,341798822536713.0,0,0,0
4722902,Peixaria,Subclasse,G,47,472,47229,4722902,0,0,0,0,0,0,0,Baixa remuneração e alto emprego,1.0,3.0,1198.0,641.0,801.0,6228848446238758.0,12474.0,2160566947.0,1732056234567901.0,68766299492668.0,0,0,0
4723700,Comércio varejista de bebidas,Subclasse,G,47,472,47237,4723700,0,0,0,0,0,0,0,Baixa remuneração e alto emprego,1.0,4.0,1182.0,146.0,225.0,6284915295654873.0,109298.0,1910142941.0,1747646746509543.0,264672536349461.0,0,0,0
4724500,Comércio varejista de hortifrutigranjeiros,Subclasse,G,47,472,47245,4724500,0,0,0,0,0,0,0,Baixa remuneração e alto emprego,1.0,4.0,1150.0,117.0,188.0,6476686833248922.0,140123.0,25235769325.0,1800972668655396.0,335280418470076.0,0,0,0
4729601,Tabacaria,Subclasse,G,47,472,47296,4729601,0,0,0,0,0,0,0,Baixa remuneração e baixo emprego,1.0,2.0,1172.0,833.0,951.0,6324215961120642.0,6254.0,1099812858.0,1758575084745763.0,58963980412086.0,0,0,0
4729602,Comércio varejista de mercadorias em lojas de conveniência,Subclasse,G,47,472,47296,4729602,0,0,0,0,0,0,0,Baixa remuneração e alto emprego,1.0,4.0,1122.0,224.0,341.0,6639297732081525.0,62566.0,11550871668.0,1846189890355784.0,183356929030601.0,0,0,0
4729699,Comércio varejista de produtos alimentícios em geral ou especializado em produtos alimentícios não especificados anteriormente,Subclasse,G,47,472,47296,4729699,0,0,0,0,0,0,0,Baixa remuneração e alto emprego,1.0,4.0,1180.0,53.0,98.0,6289189082831436.0,277358.0,48505342196.0,17488351587479.0,60221739633357.0,0,0,0
4731800,Comércio varejista de combustíveis para veículos automotores,Subclasse,G,47,473,47318,4731800,0,0,0,0,0,0,0,Baixa remuneração e alto emprego,2.0,4.0,923.0,17.0,25.0,7797684690576453.0,613734.0,133076103801.0,2168302616459248.0,144231756711711.0,0,0,0
4732600,Comércio varejista de lubrificantes,Subclasse,G,47,473,47326,4732600,0,0,0,0,0,0,0,Baixa remuneração e alto emprego,2.0,3.0,978.0,533.0,640.0,7432863720598017.0,19568.0,4044425443.0,2066856829006541.0,118351178768937.0,0,0,0
4741500,Comércio varejista de tintas e materiais para pintura,Subclasse,G,47,474,47415,4741500,0,0,0,0,0,0,0,Baixa remuneração e alto emprego,2.0,4.0,864.0,199.0,250.0,8151044348162448.0,73090.0,16566296952.0,2266561356136271.0,260306039780203.0,0,0,0
4742300,Comércio varejista de material elétrico,Subclasse,G,47,474,47423,4742300,0,0,0,0,0,0,0,Baixa remuneração e alto emprego,2.0,4.0,837.0,155.0,194.0,8289752365127236.0,104030.0,23980287178.0,2305131902143612.0,335813616616947.0,0,0,0
4743100,Comércio varejista de vidros,Subclasse,G,47,474,47431,4743100,0,0,0,0,0,0,0,Baixa remuneração e alto emprego,1.0,4.0,1060.0,248.0,365.0,6967330469372257.0,56431.0,1093297564.0,1937405971894881.0,182023459624664.0,0,0,0
4744001,Comércio varejista de ferragens e ferramentas,Subclasse,G,47,474,47440,4744001,0,0,0,0,0,0,0,Baixa remuneração e alto emprego,2.0,4.0,890.0,87.0,123.0,7970385160197166.0,179370.0,39754229519.0,221632544567096.0,491064278127488.0,0,0,0
4744002,Comércio varejista de madeira e artefatos,Subclasse,G,47,474,47440,4744002,0,0,0,0,0,0,0,Baixa remuneração e alto emprego,1.0,4.0,1020.0,180.0,242.0,7194173834741825.0,86619.0,17327995124.0,2000484319144761.0,254090462726463.0,0,0,0
4744003,Comércio varejista de materiais hidráulicos,Subclasse,G,47,474,47440,4744003,0,0,0,0,0,0,0,Baixa remuneração e alto emprego,2.0,3.0,820.0,491.0,562.0,8403384898856169.0,21921.0,5122345191.0,2336729707130149.0,152279752804636.0,0,0,0
4744004,"Comércio varejista de cal, areia, pedra britada, tijolos e telhas",Subclasse,G,47,474,47440,4744004,0,0,0,0,0,0,0,Baixa remuneração e alto emprego,2.0,3.0,988.0,585.0,710.0,7387641701156149.0,15746.0,3234672342.0,2054281939540201.0,108784728051768.0,0,0,0
4744005,Comércio varejista de materiais de construção não especificados anteriormente,Subclasse,G,47,474,47440,4744005,0,0,0,0,0,0,0,Baixa remuneração e alto emprego,2.0,4.0,930.0,91.0,131.0,773107594694608.0,171169.0,36797581596.0,2149780719405967.0,460834046793388.0,0,0,0
4744006,Comércio varejista de pedras para revestimento,Subclasse,G,47,474,47440,4744006,0,0,0,0,0,0,0,Baixa remuneração e alto emprego,1.0,3.0,994.0,567.0,688.0,7346636048402267.0,16825.0,3437144751.0,2042879495393759.0,109919507371004.0,0,0,0
4744099,Comércio varejista de materiais de construção em geral,Subclasse,G,47,474,47440,4744099,0,0,0,0,0,0,0,Baixa remuneração e alto emprego,1.0,4.0,1017.0,23.0,38.0,7205011039917331.0,504781.0,101132763378.0,2003497821391851.0,1145419874597729.0,0,0,0
4751200,,,,,,,,0,0,0,0,0,0,0,,,,,,,,,,,,0,0,0
4751201,Comércio varejista especializado de equipamentos e suprimentos de informática,Subclasse,G,47,475,47512,4751201,0,0,0,0,0,0,0,Alta remuneração e alto emprego,3.0,4.0,418.0,98.0,85.0,1233685180710218.0,162334.0,55688825929.0,3430509069511008.0,693179326357208.0,0,0,0
4751202,Recarga de cartuchos para equipamentos de informática,Subclasse,G,47,475,47512,4751202,0,0,0,0,0,0,0,Baixa remuneração e baixo emprego,1.0,1.0,1220.0,1100.0,1158.0,6074514496135238.0,1403.0,236986424.0,1689140584461868.0,42470919975988.0,0,0,0
4752100,Comércio varejista especializado de equipamentos de telefonia e comunicação,Subclasse,G,47,475,47521,4752100,0,0,0,0,0,0,0,Baixa remuneração e alto emprego,1.0,4.0,1141.0,103.0,167.0,6535373321951254.0,152823.0,27772395783.0,1817291623839343.0,363871734627953.0,0,0,0
4753900,Comércio varejista especializado de eletrodomésticos e equipamentos de áudio e vídeo,Subclasse,G,47,475,47539,4753900,0,0,0,0,0,0,0,Baixa remuneração e alto emprego,2.0,4.0,714.0,66.0,83.0,9123465315975780.0,231425.0,58711654861.0,2536962508847359.0,67407181519757.0,0,0,0
4754701,Comércio varejista de móveis,Subclasse,G,47,475,47547,4754701,0,0,0,0,0,0,0,Baixa remuneração e alto emprego,2.0,4.0,942.0,49.0,75.0,7651373834331936.0,290579.0,61824109586.0,21276179485097.0,718440146872617.0,0,0,0
4754702,Comércio varejista de artigos de colchoaria,Subclasse,G,47,475,47547,4754702,0,0,0,0,0,0,0,Baixa remuneração e alto emprego,1.0,3.0,1000.0,408.0,518.0,7300652775172449.0,29425.0,5973548429.0,203009292404418.0,135591294470542.0,0,0,0
4754703,Comércio varejista de artigos de iluminação,Subclasse,G,47,475,47547,4754703,0,0,0,0,0,0,0,Baixa remuneração e baixo emprego,2.0,2.0,845.0,670.0,755.0,8257682271334774.0,11690.0,2684274364.0,2296214169375535.0,124704063277194.0,0,0,0
4755501,Comércio varejista de tecidos,Subclasse,G,47,475,47555,4755501,0,0,0,0,0,0,0,Baixa remuneração e alto emprego,1.0,4.0,1137.0,300.0,429.0,6556926863648924.0,45973.0,8382188215000001.0,1823285018380354.0,14655238582889.0,0,0,0
4755502,Comercio varejista de artigos de armarinho,Subclasse,G,47,475,47555,4755502,0,0,0,0,0,0,0,Baixa remuneração e alto emprego,1.0,4.0,1250.0,212.0,354.0,5839848476870347.0,68198.0,11074584504.0,1623886991407373.0,16619496864249.0,0,0,0
4755503,"Comercio varejista de artigos de cama, mesa e banho",Subclasse,G,47,475,47555,4755503,0,0,0,0,0,0,0,Baixa remuneração e alto emprego,1.0,4.0,1107.0,282.0,408.0,6711953336383277.0,49137.0,9170896455.0,1866393238292936.0,158192278609371.0,0,0,0
4756300,Comércio varejista especializado de instrumentos musicais e acessórios,Subclasse,G,47,475,47563,4756300,0,0,0,0,0,0,0,Baixa remuneração e baixo emprego,1.0,2.0,1097.0,816.0,929.0,67727551070263.0,6589.0,1240906627.0,1883300390044013.0,72043834749814.0,0,0,0
4757100,"Comércio varejista especializado de peças e acessórios para aparelhos eletroeletrônicos para uso doméstico, exceto informática e comunicação",Subclasse,G,47,475,47571,4757100,0,0,0,0,0,0,0,Baixa remuneração e alto emprego,1.0,4.0,1002.0,258.0,353.0,7293896729249807.0,54923.0,11139561235.0,2028214269977969.0,19001302843377.0,0,0,0
4759801,"Comércio varejista de artigos de tapeçaria, cortinas e persianas",Subclasse,G,47,475,47598,4759801,0,0,0,0,0,0,0,Baixa remuneração e alto emprego,2.0,3.0,977.0,482.0,594.0,7438159865045472.0,22403.0,4633678642.0,2068329528188189.0,124635858191822.0,0,0,0
4759899,Comércio varejista de outros artigos de uso doméstico não especificados anteriormente,Subclasse,G,47,475,47598,4759899,0,0,0,0,0,0,0,Baixa remuneração e alto emprego,1.0,4.0,1061.0,122.0,181.0,6965984021293302.0,134364.0,2602673092.0,193703156500253.0,345512654578247.0,0,0,0
4761001,Comércio varejista de livros,Subclasse,G,47,476,47610,4761001,0,0,0,0,0,0,0,Alta remuneração e alto emprego,3.0,4.0,372.0,298.0,246.0,1306657231055653.0,46407.0,16861623752.0,3633422490572543.0,3990348032068.0,0,0,0
4761002,Comércio varejista de jornais e revistas,Subclasse,G,47,476,47610,4761002,0,0,0,0,0,0,0,Baixa remuneração e baixo emprego,1.0,2.0,1116.0,893.0,1000.0,6675522537877849.0,4415.0,819540081.0,185626292412231.0,64877503430104.0,0,0,0
4761003,Comércio varejista de artigos de papelaria,Subclasse,G,47,476,47610,4761003,0,0,0,0,0,0,0,Baixa remuneração e alto emprego,1.0,4.0,1159.0,128.0,203.0,6418877378853927.0,122222.0,2181537533.0,1784897590450164.0,296396714356022.0,0,0,0
4762800,"Comércio varejista de discos, CDs, DVDs e fitas",Subclasse,G,47,476,47628,4762800,0,0,0,0,0,0,0,Baixa remuneração e baixo emprego,1.0,1.0,1233.0,1089.0,1149.0,6017611383673043.0,1524.0,255013592.0,1673317532808399.0,41175234923955.0,0,0,0
4763601,Comércio varejista de brinquedos e artigos recreativos,Subclasse,G,47,476,47636,4763601,0,0,0,0,0,0,0,Baixa remuneração e alto emprego,1.0,4.0,1154.0,277.0,413.0,6456836349216633.0,50094.0,8994141473999999.0,1795452843454306.0,151619583933889.0,0,0,0
4763602,Comércio varejista de artigos esportivos,Subclasse,G,47,476,47636,4763602,0,0,0,0,0,0,0,Baixa remuneração e alto emprego,2.0,4.0,696.0,228.0,265.0,922915855037227.0,62129.0,1594449227.0,2566352632426081.0,273427743549341.0,0,0,0
4763603,Comércio varejista de bicicletas e triciclos; peças e acessórios,Subclasse,G,47,476,47636,4763603,0,0,0,0,0,0,0,Baixa remuneração e alto emprego,1.0,3.0,1174.0,498.0,656.0,6316511327303291.0,21669.0,3806013924.0,1756432656790807.0,89752290423398.0,0,0,0
4763604,"Comércio varejista de artigos de caça, pesca e camping",Subclasse,G,47,476,47636,4763604,0,0,0,0,0,0,0,Baixa remuneração e baixo emprego,1.0,2.0,1108.0,752.0,863.0,6702875506370138.0,8836.0,1646914618.0,1863868965595292.0,74746738860572.0,0,0,0
4763605,Comércio varejista de embarcações e outros veículos recreativos; peças e acessórios,Subclasse,G,47,476,47636,4763605,0,0,0,0,0,0,0,Baixa remuneração e baixo emprego,2.0,2.0,804.0,889.0,959.0,8523833134612382.0,4465.0,105830446.0,2370222754759238.0,115573654849621.0,0,0,0
4771701,"Comércio varejista de produtos farmacêuticos, sem manipulação de fórmulas",Subclasse,G,47,477,47717,4771701,0,0,0,0,0,0,0,Baixa remuneração e alto emprego,2.0,4.0,762.0,13.0,10.0,8837087235484679.0,810920.0,199269750843.0,2457329340045874.0,2019284221092756.0,0,0,0
4771702,"Comércio varejista de produtos farmacêuticos, com manipulação de fórmulas",Subclasse,G,47,477,47717,4771702,0,0,0,0,0,0,0,Baixa remuneração e alto emprego,2.0,4.0,888.0,156.0,199.0,7976050479768066.0,104018.0,23070160556.0,2217900801399758.0,323000942751755.0,0,0,0
4771703,Comércio varejista de produtos farmacêuticos homeopáticos,Subclasse,G,47,477,47717,4771703,0,0,0,0,0,0,0,Baixa remuneração e baixo emprego,1.0,1.0,1001.0,1010.0,1076.0,7295697285005456.0,2430.0,492977733.0,2028714950617284.0,77595836202246.0,0,0,0
4771704,Comércio varejista de medicamentos veterinários,Subclasse,G,47,477,47717,4771704,0,0,0,0,0,0,0,Baixa remuneração e alto emprego,2.0,4.0,922.0,279.0,370.0,7817622980991296.0,49812.0,10828365969.0,2173846857986027.0,196591348609084.0,0,0,0
4772500,"Comércio varejista de cosméticos, produtos de perfumaria e de higiene pessoal",Subclasse,G,47,477,47725,4772500,0,0,0,0,0,0,0,Baixa remuneração e alto emprego,2.0,4.0,968.0,64.0,93.0,7509587571154145.0,237241.0,49540462409.0,2088191434406363.0,593282277545668.0,0,0,0
4773300,Comércio varejista de artigos médicos e ortopédicos,Subclasse,G,47,477,47733,4773300,0,0,0,0,0,0,0,Baixa remuneração e alto emprego,2.0,3.0,691.0,401.0,449.0,9272129431540498.0,30651.0,7902752073999999.0,2578301547747219.0,1991240590247.0,0,0,0
4774100,Comércio varejista de artigos de óptica,Subclasse,G,47,477,47741,4774100,0,0,0,0,0,0,0,Baixa remuneração e alto emprego,1.0,4.0,1022.0,104.0,155.0,718141354994968.0,152813.0,30515779106.0,1996936066041502.0,394419567147539.0,0,0,0
4781400,Comércio varejista de artigos do vestuário e acessórios,Subclasse,G,47,478,47814,4781400,0,0,0,0,0,0,0,Baixa remuneração e alto emprego,1.0,4.0,1054.0,9.0,9.0,7008184615137362.0,1107285.0,215783967753.0,194876628648451.0,2394512547367314.0,0,0,0
4782201,Comércio varejista de calçados,Subclasse,G,47,478,47822,4782201,0,0,0,0,0,0,0,Baixa remuneração e alto emprego,1.0,4.0,1096.0,48.0,86.0,6784430431640341.0,292779.0,55234132895.0,1886546948210083.0,66592571901022.0,0,0,0
4782202,Comércio varejista de artigos de viagem,Subclasse,G,47,478,47822,4782202,0,0,0,0,0,0,0,Baixa remuneração e alto emprego,2.0,3.0,916.0,520.0,605.0,7863509513778687.0,20442.0,4469861066.0,218660652871539.0,132952962636366.0,0,0,0
4783101,Comércio varejista de artigos de joalheria,Subclasse,G,47,478,47831,4783101,0,0,0,0,0,0,0,Baixa remuneração e alto emprego,3.0,4.0,644.0,240.0,276.0,9540164939182806.0,57913.0,15363358681.0,2652834196294442.0,274045890328232.0,0,0,0
4783102,Comércio varejista de artigos de relojoaria,Subclasse,G,47,478,47831,4783102,0,0,0,0,0,0,0,Baixa remuneração e baixo emprego,1.0,2.0,1033.0,797.0,906.0,7115336589709266.0,7091.0,1402998344.0,1978562042025102.0,82582507105589.0,0,0,0
4784900,Comércio varejista de gás liqüefeito de petróleo (GLP),Subclasse,G,47,478,47849,4784900,0,0,0,0,0,0,0,Baixa remuneração e alto emprego,1.0,4.0,1115.0,192.0,289.0,6683849038879769.0,78196.0,14533338677.0,1858578274719935.0,217129727860361.0,0,0,0
4785701,Comércio varejista de antiguidades,Subclasse,G,47,478,47857,4785701,0,0,0,0,0,0,0,Baixa remuneração e baixo emprego,2.0,1.0,958.0,1186.0,1205.0,7569076824709873.0,581.0,122285023.0,2104733614457831.0,80974294228499.0,0,0,0
4785799,Comércio varejista de outros artigos usados,Subclasse,G,47,478,47857,4785799,0,0,0,0,0,0,0,Baixa remuneração e alto emprego,1.0,3.0,1163.0,548.0,705.0,6372615277204075.0,18495.0,3277375931.0,1772033485266288.0,85010604745022.0,0,0,0
4789001,"Comércio varejista de suvenires, bijuterias e artesanatos",Subclasse,G,47,478,47890,4789001,0,0,0,0,0,0,0,Baixa remuneração e alto emprego,1.0,4.0,1200.0,141.0,220.0,6223305728256595.0,113705.0,19676820474.0,1730514970669715.0,270925502819548.0,0,0,0
4789002,Comércio varejista de plantas e flores naturais,Subclasse,G,47,478,47890,4789002,0,0,0,0,0,0,0,Baixa remuneração e alto emprego,1.0,4.0,1135.0,285.0,418.0,6563638843399078.0,48472.0,8846873958.0,1825151418963525.0,151882321708509.0,0,0,0
4789003,Comércio varejista de objetos de arte,Subclasse,G,47,478,47890,4789003,0,0,0,0,0,0,0,Baixa remuneração e baixo emprego,3.0,2.0,629.0,979.0,1004.0,9725244677548838.0,2923.0,790466694.0,2704299329456038.0,14465173355758.0,0,0,0
4789004,Comércio varejista de animais vivos e de artigos e alimentos para animais de estimação,Subclasse,G,47,478,47890,4789004,0,0,0,0,0,0,0,Baixa remuneração e alto emprego,1.0,4.0,1114.0,107.0,170.0,6687391162653344.0,146981.0,27332046359.0,1859563233275049.0,35902474881709.0,0,0,0
4789005,Comércio varejista de produtos saneantes domissanitários,Subclasse,G,47,478,47890,4789005,0,0,0,0,0,0,0,Baixa remuneração e alto emprego,1.0,3.0,1138.0,331.0,473.0,655346815660775.0,38854.0,7080454777.0,1822323255520667.0,131894628883544.0,0,0,0
4789006,Comércio varejista de fogos de artifício e artigos pirotécnicos,Subclasse,G,47,478,47890,4789006,0,0,0,0,0,0,0,Baixa remuneração e baixo emprego,1.0,1.0,1155.0,1171.0,1202.0,6447501980255226.0,698.0,125141435.0,179285723495702.0,51096801972936.0,0,0,0
4789007,Comércio varejista de equipamentos para escritório,Subclasse,G,47,478,47890,4789007,0,0,0,0,0,0,0,Baixa remuneração e baixo emprego,2.0,2.0,899.0,803.0,887.0,7939938671127069.0,6903.0,1524085198.0,2207859188758511.0,10502605798265.0,0,0,0
4789008,Comércio varejista de artigos fotográficos e para filmagem,Subclasse,G,47,478,47890,4789008,0,0,0,0,0,0,0,Baixa remuneração e baixo emprego,1.0,2.0,1142.0,764.0,889.0,6533655044752983.0,8356.0,151812963.0,1816813822403064.0,69035946332916.0,0,0,0
4789009,Comércio varejista de armas e munições,Subclasse,G,47,478,47890,4789009,0,0,0,0,0,0,0,Baixa remuneração e baixo emprego,1.0,1.0,1040.0,1033.0,1094.0,7090565277058389.0,2097.0,413460013.0,1971673881735813.0,71332599159734.0,0,0,0
4789099,Comércio varejista de outros produtos não especificados anteriormente,Subclasse,G,47,478,47890,4789099,0,0,0,0,0,0,0,Baixa remuneração e alto emprego,2.0,4.0,766.0,61.0,78.0,8817301480328802.0,250588.0,61439855308.0,2451827514007055.0,701330879573372.0,0,0,0
4911600,Transporte ferroviário de carga,Subclasse,H,49,491,49116,4911600,0,0,0,0,0,0,0,Alta remuneração e alto emprego,4.0,4.0,145.0,318.0,193.0,2103602143011132.0,41207.0,24103983765.0,5849487651369913.0,736755235550849.0,0,0,0
4912401,Transporte ferroviário de passageiros intermunicipal e interestadual,Subclasse,H,49,491,49124,4912401,0,0,0,0,0,0,0,Baixa remuneração e baixo emprego,2.0,1.0,917.0,1315.0,1315.0,7860621049647039.0,3.0,655741.0,2185803333333333.0,87520004356345.0,0,0,0
4912402,Transporte ferroviário de passageiros municipal e em região metropolitana,Subclasse,H,49,491,49124,4912402,0,0,0,0,0,0,0,Alta remuneração e alto emprego,4.0,3.0,105.0,538.0,302.0,2472864137245517.0,19193.0,13197672388.0,6876294684520398.0,801505548672157.0,0,0,0
4912403,Transporte metroviário,Subclasse,H,49,491,49124,4912403,0,0,0,0,0,0,0,Alta remuneração e alto emprego,4.0,3.0,59.0,547.0,248.0,3200696179250766.0,18633.0,16583701014.0,890017764933183.0,1099197795261727.0,0,0,0
4921301,"Transporte rodoviário coletivo de passageiros, com itinerário fixo, municipal",Subclasse,H,49,492,49213,4921301,0,0,0,0,0,0,0,Alta remuneração e alto emprego,3.0,4.0,597.0,36.0,34.0,1002182545151985.0,378345.0,105436032986.0,2786769561802059.0,1094990900797687.0,0,0,0
4921302,"Transporte rodoviário coletivo de passageiros, com itinerário fixo, intermunicipal em região metropolitana",Subclasse,H,49,492,49213,4921302,0,0,0,0,0,0,0,Baixa remuneração e alto emprego,3.0,4.0,622.0,137.0,147.0,9770777181051398.0,117102.0,31816151494.0,2716960555242438.0,428536740894821.0,0,0,0
4922101,"Transporte rodoviário coletivo de passageiros, com itinerário fixo, intermunicipal, exceto em região metropolitana",Subclasse,H,49,492,49221,4922101,0,0,0,0,0,0,0,Baixa remuneração e alto emprego,3.0,4.0,648.0,239.0,273.0,9518931243463348.0,58417.0,1546256947.0,2646929741342417.0,274542672580772.0,0,0,0
4922102,"Transporte rodoviário coletivo de passageiros, com itinerário fixo, interestadual",Subclasse,H,49,492,49221,4922102,0,0,0,0,0,0,0,Baixa remuneração e alto emprego,3.0,4.0,657.0,229.0,252.0,9486057341937316.0,62113.0,16384095671.0,2637788493713072.0,282412295127886.0,0,0,0
4922103,"Transporte rodoviário coletivo de passageiros, com itinerário fixo, internacional",Subclasse,H,49,492,49221,4922103,0,0,0,0,0,0,0,Baixa remuneração e baixo emprego,2.0,1.0,944.0,1237.0,1242.0,7646384357739279.0,286.0,6081019300000001.0,2126230524475525.0,82404025125842.0,0,0,0
4923001,Serviço de táxi,Subclasse,H,49,492,49230,4923001,0,0,0,0,0,0,0,Baixa remuneração e baixo emprego,1.0,1.0,1260.0,1007.0,1098.0,5800807137227223.0,2461.0,396966871.0,1613030763917107.0,37145881289895.0,0,0,0
4923002,Serviço de transporte de passageiros - locação de automóveis com motorista,Subclasse,H,49,492,49230,4923002,0,0,0,0,0,0,0,Baixa remuneração e alto emprego,1.0,3.0,1103.0,434.0,565.0,6728322161186623.0,26995.0,5050615807.0,1870944918318207.0,1129830831438.0,0,0,0
4924800,Transporte escolar,Subclasse,H,49,492,49248,4924800,0,0,0,0,0,0,0,Baixa remuneração e alto emprego,1.0,4.0,1255.0,284.0,446.0,5830007254286145.0,48994.0,7942664476000001.0,162115044209495.0,12847619418749.0,0,0,0
4929901,"Transporte rodoviário coletivo de passageiros, sob regime de fretamento, municipal",Subclasse,H,49,492,49299,4929901,0,0,0,0,0,0,0,Baixa remuneração e alto emprego,2.0,4.0,904.0,299.0,384.0,7921797906304748.0,46175.0,10171497271.0,2202814785273416.0,191978715252347.0,0,0,0
4929902,"Transporte rodoviário coletivo de passageiros, sob regime de fretamento, intermunicipal, interestadual e internacional",Subclasse,H,49,492,49299,4929902,0,0,0,0,0,0,0,Baixa remuneração e alto emprego,2.0,4.0,755.0,162.0,191.0,8882048689296267.0,99988.0,24695353942.0,2469831774012881.0,350431468748574.0,0,0,0
4929903,"Organização de excursões em veículos rodoviários próprios, municipal",Subclasse,H,49,492,49299,4929903,0,0,0,0,0,0,0,Baixa remuneração e baixo emprego,1.0,1.0,1079.0,1210.0,1230.0,6868154271416004.0,439.0,83841451.0,1909828041002278.0,6185806293931.0,0,0,0
4929904,"Organização de excursões em veículos rodoviários próprios, intermunicipal, interestadual e internacional",Subclasse,H,49,492,49299,4929904,0,0,0,0,0,0,0,Baixa remuneração e baixo emprego,1.0,1.0,1043.0,1047.0,1106.0,7069116033259585.0,1919.0,377219651.0,1965709489317353.0,70376319504549.0,0,0,0
4929999,Outros transportes rodoviários de passageiros não especificados anteriormente,Subclasse,H,49,492,49299,4929999,0,0,0,0,0,0,0,Baixa remuneração e baixo emprego,2.0,1.0,717.0,1167.0,1169.0,9107972957663964.0,741.0,187669702.0,2532654547908232.0,122676252744842.0,0,0,0
4930201,"Transporte rodoviário de carga, exceto produtos perigosos e mudanças, municipal",Subclasse,H,49,493,49302,4930201,0,0,0,0,0,0,0,Baixa remuneração e alto emprego,2.0,4.0,848.0,52.0,74.0,8251396649543651.0,281396.0,6456536463200001.0,2294466326173791.0,737087435306453.0,0,0,0
4930202,"Transporte rodoviário de carga, exceto produtos perigosos e mudanças, intermunicipal, interestadual e internacional",Subclasse,H,49,493,49302,4930202,0,0,0,0,0,0,0,Baixa remuneração e alto emprego,3.0,4.0,642.0,4.0,3.0,9560100455582152.0,1664443.0,442471809828.0,2658377666450578.0,4206169740129141.0,0,0,0
4930203,Transporte rodoviário de produtos perigosos,Subclasse,H,49,493,49302,4930203,0,0,0,0,0,0,0,Alta remuneração e alto emprego,3.0,4.0,433.0,109.0,96.0,1205951814593691.0,145827.0,48901493228.0,3353390882895485.0,630440625974819.0,0,0,0
4930204,Transporte rodoviário de mudanças,Subclasse,H,49,493,49302,4930204,0,0,0,0,0,0,0,Baixa remuneração e baixo emprego,1.0,2.0,1006.0,776.0,871.0,7277124545530487.0,7852.0,1588891796.0,2023550427916455.0,88696913811372.0,0,0,0
4940000,Transporte dutoviário,Subclasse,H,49,494,49400,4940000,0,0,0,0,0,0,0,Alta remuneração e baixo emprego,4.0,2.0,7.0,773.0,279.0,6872066179081782.0,7989.0,15266306529.0,1910915825384904.0,2502802310271783.0,0,0,0
4950700,"Trens turísticos, teleféricos e similares",Subclasse,H,49,495,49507,4950700,0,0,0,0,0,0,0,Baixa remuneração e baixo emprego,2.0,1.0,740.0,1243.0,1243.0,8985188001823384.0,243.0,60713835.0,2498511728395062.0,118196578723754.0,0,0,0
500301,Extração de carvão mineral,Subclasse,B,05,050,05003,0500301,0,0,0,0,0,0,0,Alta remuneração e baixo emprego,4.0,2.0,167.0,957.0,848.0,1969417609896528.0,3254.0,1782007754.0,5476360645359558.0,532752199556945.0,0,0,0
500302,Beneficiamento de carvão mineral,Subclasse,B,05,050,05003,0500302,0,0,0,0,0,0,0,Alta remuneração e baixo emprego,4.0,1.0,305.0,1169.0,1134.0,1480158483844432.0,718.0,295520006.0,4115877520891365.0,333072903695229.0,0,0,0
5011401,Transporte marítimo de cabotagem - Carga,Subclasse,H,50,501,50114,5011401,0,0,0,0,0,0,0,Alta remuneração e baixo emprego,4.0,2.0,37.0,883.0,577.0,3781921357209907.0,4627.0,4865934035.0,1051639082558893.0,1251447161186868.0,0,0,0
5011402,Transporte marítimo de cabotagem - Passageiros,Subclasse,H,50,501,50114,5011402,0,0,0,0,0,0,0,Baixa remuneração e baixo emprego,2.0,1.0,805.0,1271.0,1273.0,849867508165522.0,112.0,26468143.0,2363227053571428.0,10485368364991.0,0,0,0
5012201,Transporte marítimo de longo curso - Carga,Subclasse,H,50,501,50122,5012201,0,0,0,0,0,0,0,Alta remuneração e baixo emprego,4.0,1.0,18.0,1157.0,942.0,5128393266667162.0,823.0,1173641291.0,142605260145808.0,1750818580661724.0,0,0,0
5012202,Transporte marítimo de longo curso - Passageiros,Subclasse,H,50,501,50122,5012202,0,0,0,0,0,0,0,Baixa remuneração e baixo emprego,1.0,1.0,1156.0,1289.0,1293.0,6435537243713177.0,50.0,8947650999999999.0,17895302.0,49461794678597.0,0,0,0
5021101,"Transporte por navegação interior de carga, municipal, exceto travessia",Subclasse,H,50,502,50211,5021101,0,0,0,0,0,0,0,Alta remuneração e baixo emprego,3.0,1.0,449.0,1125.0,1113.0,1179985433475697.0,1102.0,361586714.0,3281186152450091.0,217547167005959.0,0,0,0
5021102,"Transporte por navegação interior de carga, intermunicipal, interestadual e internacional, exceto travessia",Subclasse,H,50,502,50211,5021102,0,0,0,0,0,0,0,Alta remuneração e alto emprego,4.0,3.0,311.0,628.0,542.0,1467536563612899.0,13206.0,5389077725.0,4080779740269575.0,367318772368981.0,0,0,0
5022001,"Transporte por navegação interior de passageiros em linhas regulares, municipal, exceto travessia",Subclasse,H,50,502,50220,5022001,0,0,0,0,0,0,0,Baixa remuneração e baixo emprego,2.0,1.0,959.0,1200.0,1212.0,7561810279334489.0,519.0,109130805.0,2102713005780347.0,80644116025451.0,0,0,0
5022002,"Transporte por navegação interior de passageiros em linhas regulares, intermunicipal, interestadual e internacional, exceto travessia",Subclasse,H,50,502,50220,5022002,0,0,0,0,0,0,0,Baixa remuneração e baixo emprego,2.0,2.0,675.0,989.0,1019.0,937647262155434.0,2776.0,723790995.0,2607316264409222.0,134821111823998.0,0,0,0
5030101,Navegação de apoio marítimo,Subclasse,H,50,503,50301,5030101,0,0,0,0,0,0,0,Alta remuneração e alto emprego,4.0,3.0,17.0,417.0,119.0,5151513183801401.0,28819.0,41282686023.0,1432481558104029.0,198621935332924.0,0,0,0
5030102,Navegação de apoio portuário,Subclasse,H,50,503,50301,5030102,0,0,0,0,0,0,0,Alta remuneração e baixo emprego,4.0,2.0,121.0,787.0,583.0,2324024784296335.0,7405.0,4785419798.0,6462417012829169.0,689475760051232.0,0,0,0
5030103,Serviço de rebocadores e empurradores,Subclasse,H,50,503,50301,5030103,0,0,0,0,0,0,0,Alta remuneração e baixo emprego,4.0,1.0,45.0,1263.0,1195.0,3575447543989251.0,137.0,136208811.0,994224897810219.0,1143372501492468.0,0,0,0
5091201,"Transporte por navegação de travessia, municipal",Subclasse,H,50,509,50912,5091201,0,0,0,0,0,0,0,Baixa remuneração e baixo emprego,3.0,1.0,653.0,1075.0,1089.0,9510489762928580.0,1654.0,437413932.0,2644582418379686.0,135720857595723.0,0,0,0
5091202,"Transporte por navegação de travessia, intermunicipal, interestadual e internacional",Subclasse,H,50,509,50912,5091202,0,0,0,0,0,0,0,Baixa remuneração e baixo emprego,3.0,2.0,610.0,945.0,981.0,9874446815582164.0,3459.0,9497680610000000.0,2745787976293726.0,150039192120977.0,0,0,0
5099801,Transporte aquaviário para passeios turísticos,Subclasse,H,50,509,50998,5099801,0,0,0,0,0,0,0,Baixa remuneração e baixo emprego,2.0,1.0,786.0,1057.0,1088.0,8676785302412956.0,1831.0,441775289.0,2412754172583288.0,113627336289505.0,0,0,0
5099899,Outros transportes aquaviários não especificados anteriormente,Subclasse,H,50,509,50998,5099899,0,0,0,0,0,0,0,Alta remuneração e baixo emprego,3.0,1.0,369.0,1221.0,1198.0,1312780910500802.0,361.0,131781267.0,3650450609418283.0,267022012452191.0,0,0,0
5111100,Transporte aéreo de passageiros regular,Subclasse,H,51,511,51111,5111100,0,0,0,0,0,0,0,Alta remuneração e alto emprego,4.0,4.0,63.0,253.0,101.0,3108752037664021.0,55655.0,48111012188.0,8644508523582786.0,125901854818183.0,0,0,0
5112901,Serviço de táxi aéreo e locação de aeronaves com tripulação,Subclasse,H,51,511,51129,5112901,0,0,0,0,0,0,0,Alta remuneração e baixo emprego,4.0,2.0,82.0,722.0,470.0,266047369120687.0,9811.0,7258158841.0,7397980675772093.0,834571365397273.0,0,0,0
5112999,Outros serviços de transporte aéreo de passageiros não regular,Subclasse,H,51,511,51129,5112999,0,0,0,0,0,0,0,Alta remuneração e baixo emprego,4.0,1.0,68.0,1174.0,1054.0,3005901709529862.0,680.0,568378854.0,835851255882353.0,925442643703946.0,0,0,0
5120000,Transporte aéreo de carga,Subclasse,H,51,512,51200,5120000,0,0,0,0,0,0,0,Alta remuneração e baixo emprego,4.0,1.0,102.0,1018.0,873.0,2495293054685927.0,2285.0,1585484447.0,6938662787746171.0,734407827476616.0,0,0,0
5130700,Transporte espacial,Subclasse,H,51,513,51307,5130700,0,0,0,0,0,0,0,Alta remuneração e baixo emprego,4.0,1.0,12.0,1311.0,1288.0,5674115092573747.0,8.0,12622412.0,15778015.0,1955678878396987.0,0,0,0
5211701,Armazéns gerais - emissão de warrant,Subclasse,H,52,521,52117,5211701,0,0,0,0,0,0,0,Alta remuneração e alto emprego,3.0,4.0,560.0,147.0,146.0,1047610838887837.0,109263.0,31829317595.0,2913092043509697.0,444074095906469.0,0,0,0
5211702,Guarda-móveis,Subclasse,H,52,521,52117,5211702,0,0,0,0,0,0,0,Baixa remuneração e baixo emprego,2.0,2.0,818.0,923.0,995.0,84163575149314.0,3744.0,876222174.0,2340337003205128.0,110978221992173.0,0,0,0
5211799,"Depósitos de mercadorias para terceiros, exceto armazéns gerais e guarda-móveis",Subclasse,H,52,521,52117,5211799,0,0,0,0,0,0,0,Baixa remuneração e alto emprego,3.0,4.0,649.0,186.0,206.0,9518174149170008.0,82063.0,21719771903.0,2646719216090077.0,332248706946578.0,0,0,0
5212500,Carga e descarga,Subclasse,H,52,521,52125,5212500,0,0,0,0,0,0,0,Baixa remuneração e alto emprego,1.0,4.0,1158.0,102.0,169.0,6420080372797248.0,153471.0,2739813567.0,1785232107043024.0,359728556398769.0,0,0,0
5221400,"Concessionárias de rodovias, pontes, túneis e serviços relacionados",Subclasse,H,52,522,52214,5221400,0,0,0,0,0,0,0,Alta remuneração e alto emprego,3.0,4.0,579.0,275.0,291.0,1023518944560975.0,50321.0,14321858298.0,2846099699529023.0,281611752251829.0,0,0,0
5222200,Terminais rodoviários e ferroviários,Subclasse,H,52,522,52222,5222200,0,0,0,0,0,0,0,Baixa remuneração e baixo emprego,2.0,2.0,847.0,682.0,766.0,825598881223805.0,11159.0,2561819914.0,2295743269110135.0,123449718523534.0,0,0,0
5223100,Estacionamento de veículos,Subclasse,H,52,522,52231,5223100,0,0,0,0,0,0,0,Baixa remuneração e alto emprego,1.0,4.0,1134.0,133.0,204.0,656395718298962.0,119346.0,21783508584.0,1825239939671208.0,296785111314142.0,0,0,0
5229001,"Serviços de apoio ao transporte por táxi, inclusive centrais de chamada",Subclasse,H,52,522,52290,5229001,0,0,0,0,0,0,0,Baixa remuneração e baixo emprego,1.0,1.0,1042.0,1113.0,1150.0,7077345452405892.0,1285.0,252887723.0,1967997844357977.0,69258879579734.0,0,0,0
5229002,Serviços de reboque de veículos,Subclasse,H,52,522,52290,5229002,0,0,0,0,0,0,0,Baixa remuneração e alto emprego,1.0,3.0,997.0,459.0,570.0,7320739830640983.0,24405.0,4968073459.0,203567853267773.0,12543509401268.0,0,0,0
5229099,Outras atividades auxiliares dos transportes terrestres não especificadas anteriormente,Subclasse,H,52,522,52290,5229099,0,0,0,0,0,0,0,Alta remuneração e alto emprego,3.0,3.0,557.0,582.0,592.0,1050149834449222.0,15956.0,4659394898.0,2920152229882176.0,205284675333412.0,0,0,0
5231101,Administração da infraestrutura portuária,Subclasse,H,52,523,52311,5231101,0,0,0,0,0,0,0,Alta remuneração e baixo emprego,4.0,2.0,55.0,896.0,637.0,3355997260513193.0,4362.0,407062863.0,9332023452544704.0,1082285123702454.0,0,0,0
5231102,Atividades do Operador Portuário,Subclasse,H,52,523,52311,5231102,0,0,0,0,0,0,0,Alta remuneração e alto emprego,4.0,4.0,186.0,235.0,152.0,1860869342074304.0,59827.0,30957603296.0,517452041653434.0,697487087378079.0,0,0,0
5231103,Gestão de terminais aquaviários,Subclasse,H,52,523,52311,5231103,0,0,0,0,0,0,0,Alta remuneração e baixo emprego,4.0,1.0,287.0,1091.0,1037.0,153142218862152.0,1500.0,63876398.0,4258426533333333.0,35550129127727.0,0,0,0
5232000,Atividades de agenciamento marítimo,Subclasse,H,52,523,52320,5232000,0,0,0,0,0,0,0,Alta remuneração e alto emprego,4.0,3.0,116.0,562.0,348.0,2358013484368195.0,17256.0,1131463739.0,6556929410060269.0,745656244873468.0,0,0,0
5239700,,,,,,,,0,0,0,0,0,0,0,,,,,,,,,,,,0,0,0
5239701,Serviços de praticagem,Subclasse,H,52,523,52397,5239701,0,0,0,0,0,0,0,Alta remuneração e baixo emprego,4.0,1.0,139.0,1183.0,1115.0,2177507239089268.0,590.0,35724474.0,6054995593220338.0,60338546049573.0,0,0,0
5239799,Atividades auxiliares dos transportes aquaviários não especificadas anteriormente,Subclasse,H,52,523,52397,5239799,0,0,0,0,0,0,0,Alta remuneração e baixo emprego,4.0,2.0,134.0,974.0,830.0,2240007725806827.0,3035.0,1890437987.0,6228790731466228.0,637852439872253.0,0,0,0
5240101,Operação dos aeroportos e campos de aterrissagem,Subclasse,H,52,524,52401,5240101,0,0,0,0,0,0,0,Alta remuneração e alto emprego,4.0,3.0,127.0,575.0,376.0,2288864809775011.0,16389.0,10431021037.0,6364647652083715.0,713587669120059.0,0,0,0
5240199,"Atividades auxiliares dos transportes aéreos, exceto operação dos aeroportos e campos de aterrissagem",Subclasse,H,52,524,52401,5240199,0,0,0,0,0,0,0,Baixa remuneração e alto emprego,2.0,4.0,689.0,254.0,290.0,9275609574792808.0,55543.0,14326035314.0,257926927137533.0,259194231226265.0,0,0,0
5250801,Comissaria de despachos,Subclasse,H,52,525,52508,5250801,0,0,0,0,0,0,0,Alta remuneração e baixo emprego,3.0,2.0,387.0,672.0,633.0,1281699321422838.0,11644.0,4149947237.0,356402201734799.0,287517047561238.0,0,0,0
5250802,Atividades de despachantes aduaneiros,Subclasse,H,52,525,52508,5250802,0,0,0,0,0,0,0,Alta remuneração e baixo emprego,3.0,2.0,454.0,820.0,803.0,1174134082482001.0,6471.0,2112726689.0,326491529748107.0,229984816746448.0,0,0,0
5250803,"Agenciamento de cargas, exceto para o transporte marítimo",Subclasse,H,52,525,52508,5250803,0,0,0,0,0,0,0,Alta remuneração e alto emprego,4.0,3.0,239.0,541.0,422.0,1651066430285114.0,18938.0,8694665598999999.0,459112134280283.0,461062457759318.0,0,0,0
5250804,Organização logística do transporte de carga,Subclasse,H,52,525,52508,5250804,0,0,0,0,0,0,0,Baixa remuneração e alto emprego,2.0,4.0,794.0,200.0,238.0,861646879578208.0,72959.0,17480844769.0,2395981958223112.0,277035911300789.0,0,0,0
5250805,Operador de transporte multimodal - OTM,Subclasse,H,52,525,52508,5250805,0,0,0,0,0,0,0,Alta remuneração e baixo emprego,4.0,2.0,238.0,711.0,585.0,1656278697343746.0,10236.0,4714307613.0,4605615096717468.0,433726973829352.0,0,0,0
5310501,Atividades do Correio Nacional,Subclasse,H,53,531,53105,5310501,0,0,0,0,0,0,0,Alta remuneração e alto emprego,4.0,4.0,152.0,158.0,80.0,2054491693508326.0,103791.0,59295032292.0,571292619706911.0,960584308970393.0,0,0,0
5310502,Atividades de franqueadas e permissionárias do Correio Nacional,Subclasse,H,53,531,53105,5310502,0,0,0,0,0,0,0,Baixa remuneração e alto emprego,2.0,3.0,976.0,633.0,753.0,746519944471405.0,13040.0,2706906347.0,2075848425613497.0,105165404503866.0,0,0,0
5320201,Serviços de malote não realizados pelo Correio Nacional,Subclasse,H,53,532,53202,5320201,0,0,0,0,0,0,0,Baixa remuneração e alto emprego,2.0,3.0,955.0,483.0,586.0,7592811903984411.0,22313.0,4711018727.0,2111333629274414.0,129045606714868.0,0,0,0
5320202,Serviços de entrega rápida,Subclasse,H,53,532,53202,5320202,0,0,0,0,0,0,0,Baixa remuneração e alto emprego,1.0,4.0,1245.0,214.0,358.0,590315433272911.0,66964.0,10992076678.0,1641490454273938.0,16605711368844.0,0,0,0
5510801,Hotéis,Subclasse,I,55,551,55108,5510801,0,0,0,0,0,0,0,Baixa remuneração e alto emprego,2.0,4.0,943.0,26.0,36.0,7649277614663612.0,487738.0,103743582248.0,212703505258971.0,1150133914782173.0,0,0,0
5510802,Apart-hotéis,Subclasse,I,55,551,55108,5510802,0,0,0,0,0,0,0,Baixa remuneração e baixo emprego,2.0,2.0,915.0,790.0,868.0,7869074762844596.0,7366.0,1611794279.0,2188154057833288.0,10409087475613.0,0,0,0
5510803,Motéis,Subclasse,I,55,551,55108,5510803,0,0,0,0,0,0,0,Baixa remuneração e alto emprego,1.0,4.0,1192.0,241.0,389.0,6250014996147011.0,57876.0,10058513225.0,1737942018280462.0,160270420192967.0,0,0,0
5590601,"Albergues, exceto assistenciais",Subclasse,I,55,559,55906,5590601,0,0,0,0,0,0,0,Baixa remuneração e baixo emprego,1.0,1.0,1238.0,1034.0,1119.0,5955869583882396.0,2093.0,346631983.0,1656148987099857.0,40626335828608.0,0,0,0
5590602,Campings,Subclasse,I,55,559,55906,5590602,0,0,0,0,0,0,0,Baixa remuneração e baixo emprego,1.0,1.0,995.0,1119.0,1154.0,7339739215973179.0,1211.0,247160461.0,2040961692815855.0,76170118091572.0,0,0,0
5590603,Pensões (alojamento),Subclasse,I,55,559,55906,5590603,0,0,0,0,0,0,0,Baixa remuneração e baixo emprego,1.0,2.0,1266.0,793.0,945.0,5722769815992959.0,7237.0,1151646188.0,1591330921652619.0,44254587571021.0,0,0,0
5590699,Outros alojamentos não especificados anteriormente,Subclasse,I,55,559,55906,5590699,0,0,0,0,0,0,0,Baixa remuneração e alto emprego,1.0,3.0,1217.0,526.0,687.0,609566787346047.0,20290.0,3439201069.0,1695022705273534.0,80464073106832.0,0,0,0
5611201,Restaurantes e similares,Subclasse,I,56,561,56112,5611201,0,0,0,0,0,0,0,Baixa remuneração e alto emprego,1.0,4.0,1145.0,5.0,7.0,6489208808506874.0,1568060.0,282949316634.0,1804454655013201.0,3240723907544747.0,0,0,0
5611202,,,,,,,,0,0,0,0,0,0,0,,,,,,,,,,,,0,0,0
5611203,"Lanchonetes, casas de chá, de sucos e similares",Subclasse,I,56,561,56112,5611203,0,0,0,0,0,0,0,Baixa remuneração e alto emprego,1.0,4.0,1249.0,11.0,23.0,5859412512321481.0,900995.0,146801562798.0,1629327163835537.0,1790556943682501.0,0,0,0
5611204,"Bares e outros estabelecimentos especializados em servir bebidas, sem entretenimento",Subclasse,I,56,561,56112,5611204,0,0,0,0,0,0,0,Baixa remuneração e alto emprego,1.0,4.0,1256.0,194.0,319.0,5824556363042255.0,76338.0,12363967468.0,1619634712462994.0,181477327001639.0,0,0,0
5611205,"Bares e outros estabelecimentos especializados em servir bebidas, com entretenimento",Subclasse,I,56,561,56112,5611205,0,0,0,0,0,0,0,Baixa remuneração e alto emprego,1.0,4.0,1168.0,324.0,472.0,6360724575515238.0,40043.0,7082513675.0,1768727037185026.0,128125893926406.0,0,0,0
5612100,Serviços ambulantes de alimentação,Subclasse,I,56,561,56121,5612100,0,0,0,0,0,0,0,Baixa remuneração e alto emprego,1.0,3.0,1287.0,639.0,823.0,5541856259641842.0,12683.0,1954481093.0,1541024278956083.0,49620351735413.0,0,0,0
5620101,Fornecimento de alimentos preparados preponderantemente para empresas,Subclasse,I,56,562,56201,5620101,0,0,0,0,0,0,0,Baixa remuneração e alto emprego,1.0,4.0,1148.0,27.0,46.0,6483143138511865.0,481048.0,86721792827.0,180276797381966.0,1028845413390091.0,0,0,0
5620102,Serviços de alimentação para eventos e recepções - bufê,Subclasse,I,56,562,56201,5620102,0,0,0,0,0,0,0,Baixa remuneração e alto emprego,1.0,4.0,1265.0,164.0,269.0,5764098517873606.0,98971.0,15863301454.0,1602823196087743.0,223074570313567.0,0,0,0
5620103,Cantinas - serviços de alimentação privativos,Subclasse,I,56,562,56201,5620103,0,0,0,0,0,0,0,Baixa remuneração e alto emprego,1.0,3.0,1232.0,461.0,636.0,6019387312538567.0,24351.0,4075898056.0,1673811365447004.0,86218633990676.0,0,0,0
5620104,Fornecimento de alimentos preparados preponderantemente para consumo domiciliar,Subclasse,I,56,562,56201,5620104,0,0,0,0,0,0,0,Baixa remuneração e alto emprego,1.0,4.0,1237.0,135.0,222.0,5975586884745062.0,117747.0,19565215697.0,1661631778049547.0,268450366936142.0,0,0,0
5811500,Edição de livros,Subclasse,J,58,581,58115,5811500,0,0,0,0,0,0,0,Alta remuneração e alto emprego,4.0,3.0,160.0,474.0,306.0,2007392011566068.0,23110.0,12899900513.0,5581956085244483.0,624286594288983.0,0,0,0
5812300,,,,,,,,0,0,0,0,0,0,0,,,,,,,,,,,,0,0,0
5812301,Edição de jornais diários,Subclasse,J,58,581,58123,5812301,0,0,0,0,0,0,0,Alta remuneração e baixo emprego,4.0,2.0,321.0,861.0,808.0,1444920826715961.0,5200.0,2089303917.0,4017892148076924.0,333301429404201.0,0,0,0
5812302,Edição de jornais não diários,Subclasse,J,58,581,58123,5812302,0,0,0,0,0,0,0,Baixa remuneração e baixo emprego,2.0,1.0,924.0,1193.0,1208.0,777481120163832.0,554.0,119771597.0,2161942184115524.0,86438773146319.0,0,0,0
5813100,Edição de revistas,Subclasse,J,58,581,58131,5813100,0,0,0,0,0,0,0,Alta remuneração e baixo emprego,4.0,2.0,148.0,952.0,826.0,2081641040818593.0,3356.0,1942593887.0,5788420402264601.0,577124058197546.0,0,0,0
5819100,"Edição de cadastros, listas e outros produtos gráficos",Subclasse,J,58,581,58191,5819100,0,0,0,0,0,0,0,Baixa remuneração e baixo emprego,1.0,2.0,1094.0,967.0,1048.0,679714936812136.0,3151.0,595565375.0,1890083703586163.0,65582234789416.0,0,0,0
5821200,Edição integrada à impressão de livros,Subclasse,J,58,582,58212,5821200,0,0,0,0,0,0,0,Alta remuneração e baixo emprego,4.0,2.0,248.0,689.0,574.0,1622069057377808.0,10868.0,4901998719.0,4510488331799779.0,422115430295225.0,0,0,0
5822100,,,,,,,,0,0,0,0,0,0,0,,,,,,,,,,,,0,0,0
5822101,Edição integrada à impressão de jornais diários,Subclasse,J,58,582,58221,5822101,0,0,0,0,0,0,0,Alta remuneração e alto emprego,4.0,3.0,211.0,638.0,508.0,1755313623568255.0,12735.0,6215955501.0,4881001571260306.0,482258148048503.0,0,0,0
5822102,Edição integrada à impressão de jornais não diários,Subclasse,J,58,582,58221,5822102,0,0,0,0,0,0,0,Baixa remuneração e baixo emprego,2.0,1.0,986.0,1241.0,1252.0,7394019035192559.0,263.0,54074254.0,2056055285171103.0,75588310425023.0,0,0,0
5823900,Edição integrada à impressão de revistas,Subclasse,J,58,582,58239,5823900,0,0,0,0,0,0,0,Alta remuneração e baixo emprego,3.0,1.0,366.0,1136.0,1111.0,1327938807218672.0,993.0,366675198.0,3692600181268882.0,274764368334989.0,0,0,0
5829800,"Edição integrada à impressão de cadastros, listas e outros produtos gráficos",Subclasse,J,58,582,58298,5829800,0,0,0,0,0,0,0,Alta remuneração e alto emprego,3.0,3.0,589.0,644.0,683.0,1012780821304716.0,12358.0,3480309632.0,2816240194206182.0,1809263002265.0,0,0,0
5911101,Estúdios cinematográficos,Subclasse,J,59,591,59111,5911101,0,0,0,0,0,0,0,Alta remuneração e baixo emprego,3.0,1.0,440.0,1131.0,1118.0,1191604293316193.0,1063.0,352224489.0,3313494722483537.0,221957900976459.0,0,0,0
5911102,Produção de filmes para publicidade,Subclasse,J,59,591,59111,5911102,0,0,0,0,0,0,0,Baixa remuneração e baixo emprego,3.0,2.0,635.0,951.0,991.0,9636990250111662.0,3371.0,9033465620000000.0,2679758415900326.0,143355228654543.0,0,0,0
5911199,"Atividades de produção cinematográfica, de vídeos e de programas de televisão não especificadas anteriormente",Subclasse,J,59,591,59111,5911199,0,0,0,0,0,0,0,Alta remuneração e baixo emprego,4.0,2.0,213.0,727.0,584.0,1751762434205921.0,9696.0,4723044523.0,4871126777021452.0,470133541934143.0,0,0,0
5912001,Serviços de dublagem,Subclasse,J,59,591,59120,5912001,0,0,0,0,0,0,0,Alta remuneração e baixo emprego,3.0,1.0,421.0,1235.0,1217.0,1231069098059775.0,296.0,101327742.0,3423234527027027.0,235142932011625.0,0,0,0
5912002,Serviços de mixagem sonora em produção audiovisual,Subclasse,J,59,591,59120,5912002,0,0,0,0,0,0,0,Alta remuneração e baixo emprego,3.0,1.0,434.0,1252.0,1249.0,1204864513863712.0,167.0,55951136.0,33503674251497.0,224621633031174.0,0,0,0
5912099,"Atividades de pós-produção cinematográfica, de vídeos e de programas de televisão não especificadas anteriormente",Subclasse,J,59,591,59120,5912099,0,0,0,0,0,0,0,Baixa remuneração e baixo emprego,2.0,1.0,887.0,1063.0,1102.0,7982176425455592.0,1758.0,390206426.0,2219604243458476.0,94696852762927.0,0,0,0
5913800,"Distribuição cinematográfica, de vídeo e de programas de televisão",Subclasse,J,59,591,59138,5913800,0,0,0,0,0,0,0,Alta remuneração e baixo emprego,4.0,1.0,53.0,1062.0,862.0,3373498506352866.0,1761.0,1651939364.0,9380689176604204.0,1074349600245229.0,0,0,0
5914600,Atividades de exibição cinematográfica,Subclasse,J,59,591,59146,5914600,0,0,0,0,0,0,0,Baixa remuneração e alto emprego,1.0,3.0,1297.0,433.0,639.0,5334057528198944.0,27268.0,4044503397.0,1483241674123515.0,71108239724054.0,0,0,0
5920100,Atividades de gravação de som e de edição de música,Subclasse,J,59,592,59201,5920100,0,0,0,0,0,0,0,Alta remuneração e baixo emprego,4.0,1.0,201.0,1030.0,958.0,1782579764462292.0,2149.0,1065220735.0,4956820544439274.0,455619191009796.0,0,0,0
600001,Extração de petróleo e gás natural,Subclasse,B,06,060,06000,0600001,0,0,0,0,0,0,0,Alta remuneração e alto emprego,4.0,3.0,3.0,411.0,62.0,8669504610616693.0,29176.0,70335447691.0,2410729630209761.0,3490015336582067.0,0,0,0
600002,Extração e beneficiamento de xisto,Subclasse,B,06,060,06000,0600002,0,0,0,0,0,0,0,Alta remuneração e baixo emprego,4.0,1.0,22.0,1238.0,1120.0,456628234154944.0,270.0,342831524.0,1269746385185185.0,1528389537375731.0,0,0,0
600003,Extração e beneficiamento de areias betuminosas,Subclasse,B,06,060,06000,0600003,0,0,0,0,0,0,0,Baixa remuneração e baixo emprego,1.0,1.0,1011.0,1297.0,1301.0,7247086896378638.0,28.0,5642554.0,2015197857142857.0,71147382400729.0,0,0,0
6010100,Atividades de rádio,Subclasse,J,60,601,60101,6010100,0,0,0,0,0,0,0,Baixa remuneração e alto emprego,2.0,3.0,668.0,372.0,415.0,9420130716116428.0,34056.0,8920820284.0,2619456273197087.0,211964776752399.0,0,0,0
6021700,Atividades de televisão aberta,Subclasse,J,60,602,60217,6021700,0,0,0,0,0,0,0,Alta remuneração e alto emprego,4.0,4.0,80.0,270.0,125.0,2669540850514214.0,52167.0,38724574735.0,7423193730710987.0,1039428589888864.0,0,0,0
6022501,Programadoras,Subclasse,J,60,602,60225,6022501,0,0,0,0,0,0,0,Alta remuneração e baixo emprego,4.0,2.0,61.0,972.0,756.0,3113508920955407.0,3096.0,2680435063.0,8657735991602067.0,980149539238298.0,0,0,0
6022502,"Atividades relacionadas à televisão por assinatura, exceto programadoras",Subclasse,J,60,602,60225,6022502,0,0,0,0,0,0,0,Alta remuneração e baixo emprego,4.0,1.0,96.0,1107.0,978.0,2551302476129743.0,1363.0,96696784.0,7094408217168012.0,752045054279122.0,0,0,0
6110801,Serviços de telefonia fixa comutada - STFC,Subclasse,J,61,611,61108,6110801,0,0,0,0,0,0,0,Alta remuneração e alto emprego,4.0,4.0,131.0,222.0,124.0,2249043609248274.0,62704.0,39214560013.0,6253916817587395.0,891133994807768.0,0,0,0
6110802,Serviços de redes de transporte de telecomunicações - SRTT,Subclasse,J,61,611,61108,6110802,0,0,0,0,0,0,0,Baixa remuneração e baixo emprego,2.0,1.0,966.0,1149.0,1170.0,7522779758786446.0,891.0,186384707.0,2091859786756454.0,80404906947477.0,0,0,0
6110803,Serviços de comunicação multimídia - SCM,Subclasse,J,61,611,61108,6110803,0,0,0,0,0,0,0,Baixa remuneração e alto emprego,2.0,4.0,663.0,78.0,90.0,9440681510215996.0,197875.0,51945567871.0,2625170833657612.0,610870231545901.0,0,0,0
6110899,Serviços de telecomunicações por fio não especificados anteriormente,Subclasse,J,61,611,61108,6110899,0,0,0,0,0,0,0,Alta remuneração e baixo emprego,4.0,1.0,318.0,1123.0,1084.0,1454190889733463.0,1133.0,458147745.0,4043669417475728.0,32428113694491.0,0,0,0
6120501,Telefonia móvel celular,Subclasse,J,61,612,61205,6120501,0,0,0,0,0,0,0,Alta remuneração e alto emprego,4.0,3.0,118.0,355.0,198.0,2341232862048857.0,35500.0,23111449711.0,6510267524225353.0,817387117942682.0,0,0,0
6120502,Serviço móvel especializado - SME,Subclasse,J,61,612,61205,6120502,0,0,0,0,0,0,0,Alta remuneração e baixo emprego,4.0,2.0,161.0,767.0,596.0,1995527862085562.0,8273.0,4590659107.0,5548965438172368.0,562278299088458.0,0,0,0
6120599,Serviços de telecomunicações sem fio não especificados anteriormente,Subclasse,J,61,612,61205,6120599,0,0,0,0,0,0,0,Alta remuneração e baixo emprego,4.0,1.0,88.0,1092.0,953.0,2620200066804682.0,1495.0,1089255772.0,7285991785953178.0,779481561526208.0,0,0,0
6130200,Telecomunicações por satélite,Subclasse,J,61,613,61302,6130200,0,0,0,0,0,0,0,Alta remuneração e baixo emprego,4.0,1.0,48.0,1084.0,891.0,3413361244521764.0,1583.0,1502510072.0,9491535514845232.0,108886372870501.0,0,0,0
6141800,Operadoras de televisão por assinatura por cabo,Subclasse,J,61,614,61418,6141800,0,0,0,0,0,0,0,Baixa remuneração e baixo emprego,2.0,2.0,723.0,986.0,1024.0,9049060635768162.0,2794.0,703046619.0,2516272795275591.0,125976130230756.0,0,0,0
6142600,,,INFORMAÇÃO E COMUNICAÇÃO,TELECOMUNICAÇÕES,Operadoras de televisão por assinatura,Operadoras de televisão por assinatura por micro-ondas,Operadoras de televisão por assinatura por micro-ondas,0,0,0,0,0,0,0,,,,,,,,,,,,0,0,0
6143400,Operadoras de televisão por assinatura por satélite,Subclasse,J,61,614,61434,6143400,0,0,0,0,0,0,0,Alta remuneração e baixo emprego,3.0,1.0,442.0,1234.0,1220.0,1185802821534334.0,300.0,98920877.0,3297362566666667.0,217599141547558.0,0,0,0
6190601,Provedores de acesso às redes de comunicações,Subclasse,J,61,619,61906,6190601,0,0,0,0,0,0,0,Baixa remuneração e alto emprego,2.0,4.0,843.0,207.0,261.0,8265521222843748.0,69624.0,16002338017.0,2298393947058486.0,25661709183864.0,0,0,0
6190602,Provedores de voz sobre protocolo Internet - VOIP,Subclasse,J,61,619,61906,6190602,0,0,0,0,0,0,0,Alta remuneração e baixo emprego,4.0,1.0,301.0,1144.0,1109.0,1488080841295166.0,908.0,375721976.0,4137907224669603.0,336750653778993.0,0,0,0
6190699,Outras atividades de telecomunicações não especificadas anteriormente,Subclasse,J,61,619,61906,6190699,0,0,0,0,0,0,0,Alta remuneração e alto emprego,3.0,3.0,411.0,361.0,326.0,124398104387962.0,35196.0,12174784857.0,3459138781963859.0,339067499209625.0,0,0,0
6201500,,,,,,,,0,0,0,0,0,0,0,,,,,,,,,,,,0,0,0
6201501,Desenvolvimento de programas de computador sob encomenda,Subclasse,J,62,620,62015,6201501,0,0,0,0,0,0,0,Alta remuneração e alto emprego,4.0,4.0,78.0,59.0,11.0,2733491039270332.0,255054.0,193867056942.0,7601020056223389.0,2050007249108697.0,0,0,0
6201502,Web desing,Subclasse,J,62,620,62015,6201502,0,0,0,0,0,0,0,Alta remuneração e baixo emprego,3.0,1.0,541.0,1041.0,1044.0,1071325056144763.0,2026.0,603552325.0,297903418065153.0,177694024998502.0,0,0,0
6202300,Desenvolvimento e licenciamento de programas de computador customizáveis,Subclasse,J,62,620,62023,6202300,0,0,0,0,0,0,0,Alta remuneração e alto emprego,4.0,4.0,126.0,116.0,45.0,2300144387550901.0,140809.0,90061616358.0,6396012780291033.0,1247512368031127.0,0,0,0
6203100,Desenvolvimento e licenciamento de programas de computador não customizáveis,Subclasse,J,62,620,62031,6203100,0,0,0,0,0,0,0,Alta remuneração e alto emprego,4.0,4.0,95.0,136.0,51.0,2554505506704519.0,117399.0,8339220643099999.0,7103314886072283.0,1286610509893154.0,0,0,0
6204000,Consultoria em tecnologia da informação,Subclasse,J,62,620,62040,6204000,0,0,0,0,0,0,0,Alta remuneração e alto emprego,4.0,4.0,108.0,88.0,28.0,2426406914854072.0,173588.0,117121751474.0,6747111060326751.0,1465342079198318.0,0,0,0
6209100,"Suporte técnico, manutenção e outros serviços em tecnologia da informação",Subclasse,J,62,620,62091,6209100,0,0,0,0,0,0,0,Alta remuneração e alto emprego,4.0,4.0,249.0,68.0,37.0,1620972157159159.0,226489.0,102088516612.0,45074381807505.0,1142090667278144.0,0,0,0
6311900,"Tratamento de dados, provedores de serviços de aplicação e serviços de hospedagem na Internet",Subclasse,J,63,631,63119,6311900,0,0,0,0,0,0,0,Alta remuneração e alto emprego,4.0,4.0,69.0,189.0,67.0,2974095682266624.0,80829.0,6684614493200001.0,8270069521087729.0,1326679384559295.0,0,0,0
6319400,"Portais, provedores de conteúdo e outros serviços de informação na Internet",Subclasse,J,63,631,63194,6319400,0,0,0,0,0,0,0,Alta remuneração e alto emprego,4.0,4.0,224.0,169.0,111.0,1694321518902978.0,94907.0,44714491495.0,4711400791827789.0,740234389907622.0,0,0,0
6391700,Agências de notícias,Subclasse,J,63,639,63917,6391700,0,0,0,0,0,0,0,Alta remuneração e baixo emprego,4.0,1.0,216.0,1090.0,1015.0,1728174093514183.0,1522.0,731402376.0,4805534664914586.0,432199227829518.0,0,0,0
6399200,Outras atividades de prestação de serviços de informação não especificadas anteriormente,Subclasse,J,63,639,63992,6399200,0,0,0,0,0,0,0,Baixa remuneração e alto emprego,2.0,3.0,771.0,443.0,502.0,8779117864287885.0,25893.0,6321024519.0,2441209793766655.0,172749398580004.0,0,0,0
6410700,,,"ATIVIDADES FINANCEIRAS, DE SEGUROS E SERVIÇOS RELACIONADOS",ATIVIDADES DE SERVIÇOS FINANCEIROS,Banco Central,Banco Central,Banco Central,0,0,0,0,0,0,0,,,,,,,,,,,,0,0,0
6421200,Bancos comerciais,Subclasse,K,64,642,64212,6421200,0,0,0,0,0,0,0,Alta remuneração e alto emprego,4.0,3.0,30.0,340.0,114.0,4133810268690389.0,37884.0,43547235661.0,1149488851784395.0,161342788226777.0,0,0,0
6422100,"Bancos múltiplos, com carteira comercial",Subclasse,K,64,642,64221,6422100,0,0,0,0,0,0,0,Alta remuneração e alto emprego,4.0,4.0,44.0,34.0,5.0,3638547181311439.0,415350.0,420239092109.0,1011771017476827.0,3681327957877856.0,0,0,0
6423900,Caixas econômicas,Subclasse,K,64,642,64239,6423900,0,0,0,0,0,0,0,Alta remuneração e alto emprego,4.0,4.0,16.0,151.0,17.0,5209853040087838.0,108289.0,156878721013.0,1448704125192771.0,266002947310626.0,0,0,0
6424701,Bancos cooperativos,Subclasse,K,64,642,64247,6424701,0,0,0,0,0,0,0,Alta remuneração e baixo emprego,4.0,1.0,41.0,1096.0,901.0,3692161625271721.0,1423.0,1460965055.0,1026679588896697.0,1196488212108626.0,0,0,0
6424702,Cooperativas centrais de crédito,Subclasse,K,64,642,64247,6424702,0,0,0,0,0,0,0,Alta remuneração e baixo emprego,4.0,2.0,113.0,763.0,531.0,2395630712076392.0,8369.0,5575035843.0,6661531656111842.0,722154554341266.0,0,0,0
6424703,Cooperativas de crédito mútuo,Subclasse,K,64,642,64247,6424703,0,0,0,0,0,0,0,Alta remuneração e alto emprego,4.0,4.0,206.0,123.0,71.0,177440824850848.0,133390.0,65815933295.0,4934098005472674.0,917994076267686.0,0,0,0
6424704,Cooperativas de crédito rural,Subclasse,K,64,642,64247,6424704,0,0,0,0,0,0,0,Alta remuneração e alto emprego,4.0,3.0,280.0,598.0,500.0,1540987185125394.0,14876.0,637440159.0,4285023924442055.0,402478726789553.0,0,0,0
6431000,"Bancos múltiplos, sem carteira comercial",Subclasse,K,64,643,64310,6431000,0,0,0,0,0,0,0,Alta remuneração e baixo emprego,4.0,2.0,14.0,860.0,439.0,5595433615242553.0,5240.0,8153034095.0,1555922537213741.0,1970632060027225.0,0,0,0
6432800,Bancos de investimento,Subclasse,K,64,643,64328,6432800,0,0,0,0,0,0,0,Alta remuneração e baixo emprego,4.0,1.0,6.0,1153.0,844.0,76027600381425.0,854.0,1805441321.0,2114099907494145.0,2712514164932689.0,0,0,0
6433600,Bancos de desenvolvimento,Subclasse,K,64,643,64336,6433600,0,0,0,0,0,0,0,Alta remuneração e baixo emprego,4.0,2.0,1.0,946.0,305.0,1353234277887472.0,3454.0,12997192379.0,3762939310654314.0,5066848785082265.0,0,0,0
6434400,Agências de fomento,Subclasse,K,64,643,64344,6434400,0,0,0,0,0,0,0,Alta remuneração e baixo emprego,4.0,1.0,24.0,1079.0,815.0,4482622764546607.0,1624.0,2024288655.0,1246483161945813.0,1505681180865915.0,0,0,0
6435201,Sociedades de crédito imobiliário,Subclasse,K,64,643,64352,6435201,0,0,0,0,0,0,0,Alta remuneração e baixo emprego,4.0,1.0,175.0,1184.0,1130.0,1900065849532437.0,588.0,310670633.0,5283514166666667.0,49567321063515.0,0,0,0
6435202,Associações de poupança e empréstimo,Subclasse,K,64,643,64352,6435202,0,0,0,0,0,0,0,Alta remuneração e baixo emprego,4.0,1.0,13.0,1109.0,805.0,566383171812388.0,1339.0,210884734.0,1574942001493652.0,1963376059620546.0,0,0,0
6435203,Companhias hipotecárias,Subclasse,K,64,643,64352,6435203,0,0,0,0,0,0,0,Alta remuneração e baixo emprego,4.0,1.0,203.0,1276.0,1264.0,1782018039030074.0,83.0,41128646.0,4955258554216868.0,448049884214513.0,0,0,0
6436100,"Sociedades de crédito, financiamento e investimento - financeiras",Subclasse,K,64,643,64361,6436100,0,0,0,0,0,0,0,Alta remuneração e baixo emprego,4.0,2.0,40.0,687.0,347.0,3710867043692708.0,10994.0,11344499776.0,103188100563944.0,1262639480775929.0,0,0,0
6437900,Sociedades de crédito ao microempreendedor,Subclasse,K,64,643,64379,6437900,0,0,0,0,0,0,0,Alta remuneração e baixo emprego,3.0,1.0,437.0,1179.0,1164.0,1195769885724995.0,646.0,214800038.0,3325077987616099.0,222422787292234.0,0,0,0
6438701,Bancos de câmbio,Subclasse,K,64,643,64387,6438701,0,0,0,0,0,0,0,Alta remuneração e baixo emprego,4.0,1.0,46.0,1190.0,1061.0,353476165092305.0,566.0,556327835.0,9829113692579504.0,1130139812874838.0,0,0,0
6438799,Outras instituições de intermediação não monetária não especificadas anteriormente,Subclasse,K,64,643,64387,6438799,0,0,0,0,0,0,0,Alta remuneração e baixo emprego,4.0,1.0,92.0,1258.0,1211.0,2582430165375293.0,154.0,110586861.0,7180965000000001.0,758559272489223.0,0,0,0
6440900,Arrendamento mercantil,Subclasse,K,64,644,64409,6440900,0,0,0,0,0,0,0,Alta remuneração e baixo emprego,4.0,1.0,32.0,1223.0,1105.0,3945080337505809.0,344.0,377370996.0,1097008709302326.0,1287979983024073.0,0,0,0
6450600,Sociedades de capitalização,Subclasse,K,64,645,64506,6450600,0,0,0,0,0,0,0,Alta remuneração e baixo emprego,4.0,1.0,65.0,1016.0,821.0,3081752201835427.0,2306.0,1976110573.0,8569430065047702.0,963523428836417.0,0,0,0
6461100,Holdings de instituições financeiras,Subclasse,K,64,646,64611,6461100,0,0,0,0,0,0,0,Alta remuneração e baixo emprego,4.0,1.0,56.0,1083.0,896.0,3317630752631927.0,1601.0,1476976563.0,9225337682698316.0,105167383753657.0,0,0,0
6462000,Holdings de instituições não financeiras,Subclasse,K,64,646,64620,6462000,0,0,0,0,0,0,0,Alta remuneração e alto emprego,4.0,4.0,100.0,148.0,58.0,2520257087102973.0,109002.0,7638947674.0,7008080286600246.0,1229729548316634.0,0,0,0
6463800,"Outras sociedades de participação, exceto holdings",Subclasse,K,64,646,64638,6463800,0,0,0,0,0,0,0,Alta remuneração e alto emprego,4.0,3.0,130.0,441.0,254.0,2257399958526158.0,25973.0,16303650325.0,6277153322681246.0,740925881593846.0,0,0,0
6470103,,,"ATIVIDADES FINANCEIRAS, DE SEGUROS E SERVIÇOS RELACIONADOS",ATIVIDADES DE SERVIÇOS FINANCEIROS,Fundos de investimento,Fundos de investimento,Fundos de investimento imobiliários,0,0,0,0,0,0,0,,,,,,,,,,,,0,0,0
6491300,Sociedades de fomento mercantil - factoring,Subclasse,K,64,649,64913,6491300,0,0,0,0,0,0,0,Alta remuneração e baixo emprego,3.0,2.0,420.0,925.0,926.0,123124007683498.0,3727.0,1276016705.0,3423709967802522.0,244874962836415.0,0,0,0
6492100,Securitização de créditos,Subclasse,K,64,649,64921,6492100,0,0,0,0,0,0,0,Alta remuneração e baixo emprego,4.0,2.0,232.0,870.0,786.0,1668207790915213.0,5068.0,2350936914.0,4638786333859511.0,420917528027853.0,0,0,0
6493000,Administração de consórcios para aquisição de bens e direitos,Subclasse,K,64,649,64930,6493000,0,0,0,0,0,0,0,Alta remuneração e alto emprego,4.0,3.0,241.0,470.0,373.0,1642840340918404.0,23507.0,10738578344.0,456824705151657.0,473066032368869.0,0,0,0
6499902,Sociedades de investimento,Subclasse,K,64,649,64999,6499902,0,0,0,0,0,0,0,Alta remuneração e baixo emprego,4.0,1.0,268.0,1302.0,1291.0,1570791811879464.0,24.0,10482964.0,4367901666666667.0,366001113226501.0,0,0,0
6499903,Fundo garantidor de crédito,Subclasse,K,64,649,64999,6499903,0,0,0,0,0,0,0,Alta remuneração e baixo emprego,4.0,1.0,54.0,1281.0,1239.0,3365477937674874.0,69.0,64572866.0,9358386376811596.0,106160193091252.0,0,0,0
6499905,Concessão de crédito pelas OSCIP,Subclasse,K,64,649,64999,6499905,0,0,0,0,0,0,0,Alta remuneração e baixo emprego,4.0,1.0,315.0,1056.0,1013.0,1459991360414534.0,1834.0,744567098.0,405979878953108.0,328727574049268.0,0,0,0
6499999,Outras atividades de serviços financeiros não especificadas anteriormente,Subclasse,K,64,649,64999,6499999,0,0,0,0,0,0,0,Alta remuneração e alto emprego,4.0,3.0,19.0,396.0,116.0,4942342626154023.0,31043.0,42662937826.0,1374317489482331.0,1914440884225056.0,0,0,0
6511101,Sociedade seguradora de seguros vida,Subclasse,K,65,651,65111,6511101,0,0,0,0,0,0,0,Alta remuneração e alto emprego,4.0,3.0,60.0,588.0,298.0,3163963924293204.0,15507.0,13643114809.0,8798036247501128.0,106711822371951.0,0,0,0
6511102,Planos de auxílio-funeral,Subclasse,K,65,651,65111,6511102,0,0,0,0,0,0,0,Baixa remuneração e baixo emprego,2.0,2.0,807.0,926.0,994.0,8483575470167056.0,3720.0,8775585289999999.0,2359028303763441.0,112756382605449.0,0,0,0
6512000,Sociedade seguradora de seguros não vida,Subclasse,K,65,651,65120,6512000,0,0,0,0,0,0,0,Alta remuneração e alto emprego,4.0,3.0,57.0,342.0,138.0,32646882050314.0,37675.0,34201818272.0,907812031108162.0,1231292556389127.0,0,0,0
6520100,Sociedade seguradora de seguros-saúde,Subclasse,K,65,652,65201,6520100,0,0,0,0,0,0,0,Alta remuneração e baixo emprego,4.0,2.0,81.0,708.0,458.0,2666124813221885.0,10362.0,7682070504000001.0,7413694753908512.0,839450387883929.0,0,0,0
6530800,Resseguros,Subclasse,K,65,653,65308,6530800,0,0,0,0,0,0,0,Alta remuneração e baixo emprego,4.0,1.0,8.0,1164.0,902.0,6555521637268789.0,794.0,1447378048.0,1822894267002519.0,2304998219786807.0,0,0,0
6541300,Previdência complementar fechada,Subclasse,K,65,654,65413,6541300,0,0,0,0,0,0,0,Alta remuneração e baixo emprego,4.0,2.0,39.0,766.0,426.0,3717322432476962.0,8274.0,8552635687.0,1033676055958424.0,1248482182174917.0,0,0,0
6542100,Previdência complementar aberta,Subclasse,K,65,654,65421,6542100,0,0,0,0,0,0,0,Alta remuneração e baixo emprego,4.0,2.0,67.0,903.0,677.0,3059905817328053.0,4201.0,3574497229.0,8508681811473458.0,964989362215037.0,0,0,0
6550200,Planos de saúde,Subclasse,K,65,655,65502,6550200,0,0,0,0,0,0,0,Alta remuneração e alto emprego,4.0,4.0,303.0,92.0,61.0,1483537873336136.0,170814.0,70465465401.0,4125274591134216.0,871269340191634.0,0,0,0
6611801,Bolsa de valores,Subclasse,K,66,661,66118,6611801,0,0,0,0,0,0,0,Alta remuneração e baixo emprego,4.0,1.0,10.0,1319.0,1311.0,615492018915236.0,1.0,1711499.0,1711499.0,2141888751824096.0,0,0,0
6611802,Bolsa de mercadorias,Subclasse,K,66,661,66118,6611802,0,0,0,0,0,0,0,Baixa remuneração e baixo emprego,1.0,1.0,1139.0,1314.0,1316.0,6552713231066473.0,3.0,546634.0,1822113333333333.0,52503650286004.0,0,0,0
6611803,Bolsa de mercadorias e futuros,Subclasse,K,66,661,66118,6611803,0,0,0,0,0,0,0,Alta remuneração e baixo emprego,4.0,2.0,25.0,966.0,654.0,4404585490126777.0,3153.0,3861741848.0,1224783332699017.0,1486108512509896.0,0,0,0
6611804,Administração de mercados de balcão organizados,Subclasse,K,66,661,66118,6611804,0,0,0,0,0,0,0,Alta remuneração e baixo emprego,4.0,1.0,35.0,1288.0,1247.0,3838043675983731.0,53.0,56563986.0,1067245018867925.0,1244623332514279.0,0,0,0
6612601,Corretoras de títulos e valores mobiliários,Subclasse,K,66,661,66126,6612601,0,0,0,0,0,0,0,Alta remuneração e alto emprego,4.0,3.0,38.0,537.0,217.0,3763772797550213.0,19329.0,20229586656.0,1046592511562936.0,1335777133739484.0,0,0,0
6612602,Distribuidoras de títulos e valores mobiliários,Subclasse,K,66,661,66126,6612602,0,0,0,0,0,0,0,Alta remuneração e baixo emprego,4.0,2.0,31.0,781.0,423.0,4062824325744883.0,7669.0,8664051114.0,1129749786673621.0,1382170247173622.0,0,0,0
6612603,Corretoras de câmbio,Subclasse,K,66,661,66126,6612603,0,0,0,0,0,0,0,Alta remuneração e baixo emprego,4.0,2.0,136.0,955.0,818.0,2206903421553905.0,3269.0,2006099513.0,6136737574181707.0,625858435833145.0,0,0,0
6612604,Corretoras de contratos de mercadorias,Subclasse,K,66,661,66126,6612604,0,0,0,0,0,0,0,Baixa remuneração e baixo emprego,3.0,1.0,602.0,1222.0,1224.0,9906936476887520.0,349.0,96143301.0,2754822378223496.0,143168447872592.0,0,0,0
6612605,Agentes de investimentos em aplicações financeiras,Subclasse,K,66,661,66126,6612605,0,0,0,0,0,0,0,Alta remuneração e baixo emprego,4.0,1.0,106.0,1102.0,980.0,246174363974359.0,1392.0,9528757700000000.0,684537191091954.0,717314247435189.0,0,0,0
6613400,Administração de cartões de crédito,Subclasse,K,66,661,66134,6613400,0,0,0,0,0,0,0,Alta remuneração e alto emprego,4.0,3.0,73.0,429.0,208.0,2816123434112081.0,27593.0,2160751541.0,7830796002609357.0,984908176937487.0,0,0,0
6619301,Serviços de liquidação e custódia,Subclasse,K,66,661,66193,6619301,0,0,0,0,0,0,0,Alta remuneração e baixo emprego,4.0,1.0,26.0,1304.0,1277.0,4376884239683247.0,18.0,21907448.0,1217080444444445.0,1453169637956985.0,0,0,0
6619302,Correspondentes de instituições financeiras,Subclasse,K,66,661,66193,6619302,0,0,0,0,0,0,0,Baixa remuneração e alto emprego,2.0,3.0,954.0,419.0,516.0,7593422064040027.0,28609.0,6040799781.0,2111503296515083.0,142806445641257.0,0,0,0
6619303,Representações de bancos estrangeiros,Subclasse,K,66,661,66193,6619303,0,0,0,0,0,0,0,Alta remuneração e baixo emprego,4.0,1.0,2.0,1273.0,1117.0,1290317058498347.0,99.0,355210551.0,3587985363636364.0,475808020974425.0,0,0,0
6619305,Operadoras de cartões de débito,Subclasse,K,66,661,66193,6619305,0,0,0,0,0,0,0,Alta remuneração e baixo emprego,4.0,1.0,52.0,1045.0,837.0,3388544454386234.0,1955.0,1842104117.0,9422527452685424.0,1081323414587188.0,0,0,0
6619399,Outras atividades auxiliares dos serviços financeiros não especificadas anteriormente,Subclasse,K,66,661,66193,6619399,0,0,0,0,0,0,0,Alta remuneração e alto emprego,4.0,4.0,87.0,233.0,113.0,2623979124636114.0,60419.0,44084724644.0,7296500214171039.0,1057280120723819.0,0,0,0
6621501,Peritos e avaliadores de seguros,Subclasse,K,66,662,66215,6621501,0,0,0,0,0,0,0,Alta remuneração e baixo emprego,3.0,2.0,436.0,977.0,974.0,1197382761277805.0,2940.0,9788914960000000.0,3329562911564626.0,229407219236032.0,0,0,0
6621502,Auditoria e consultoria atuarial,Subclasse,K,66,662,66215,6621502,0,0,0,0,0,0,0,Baixa remuneração e baixo emprego,2.0,2.0,877.0,909.0,990.0,8076008060351602.0,4034.0,9059137710000000.0,2245696011403074.0,102346756856602.0,0,0,0
6622300,"Corretores e agentes de seguros, de planos de previdência complementar e de saúde",Subclasse,K,66,662,66223,6622300,0,0,0,0,0,0,0,Alta remuneração e alto emprego,3.0,4.0,413.0,157.0,133.0,1242838078184734.0,104003.0,35943026369.0,3455960536619136.0,533484740236519.0,0,0,0
6629100,"Atividades auxiliares dos seguros, da previdência complementar e dos planos de saúde não especificadas anteriormente",Subclasse,K,66,662,66291,6629100,0,0,0,0,0,0,0,Alta remuneração e baixo emprego,4.0,2.0,192.0,798.0,678.0,1821799294421444.0,7055.0,357397715.0,5065878313253012.0,488642816423948.0,0,0,0
6630400,Atividades de administração de fundos por contrato ou comissão,Subclasse,K,66,663,66304,6630400,0,0,0,0,0,0,0,Alta remuneração e baixo emprego,4.0,2.0,27.0,668.0,295.0,4325022713558066.0,11740.0,14119220264.0,1202659306984668.0,1514853855735292.0,0,0,0
6810201,Compra e venda de imóveis próprios,Subclasse,L,68,681,68102,6810201,0,0,0,0,0,0,0,Baixa remuneração e alto emprego,2.0,3.0,693.0,363.0,412.0,9258529594911644.0,35029.0,9018285549000000.0,2574519840417939.0,209240086320925.0,0,0,0
6810202,Aluguel de imóveis próprios,Subclasse,L,68,681,68102,6810202,0,0,0,0,0,0,0,Alta remuneração e alto emprego,3.0,4.0,534.0,313.0,315.0,1080018321295568.0,41805.0,12554909154.0,3003207547900969.0,285062887681551.0,0,0,0
6810203,Loteamento de imóveis próprios,Subclasse,L,68,681,68102,6810203,0,0,0,0,0,0,0,Baixa remuneração e baixo emprego,2.0,2.0,683.0,680.0,740.0,9322954479483100.0,11186.0,28998972.0,2592434471661005.0,153680816763057.0,0,0,0
6821801,Corretagem na compra e venda e avaliação de imóveis,Subclasse,L,68,682,68218,6821801,0,0,0,0,0,0,0,Baixa remuneração e alto emprego,2.0,4.0,974.0,245.0,330.0,7475029729478896.0,57457.0,11942908215.0,2078581933445882.0,201690622018325.0,0,0,0
6821802,Corretagem no aluguel de imóveis,Subclasse,L,68,682,68218,6821802,0,0,0,0,0,0,0,Alta remuneração e alto emprego,3.0,4.0,497.0,289.0,282.0,1129171105587936.0,47757.0,14995157021.0,3139886722574701.0,322818944495805.0,0,0,0
6822600,Gestão e administração da propriedade imobiliária,Subclasse,L,68,682,68226,6822600,0,0,0,0,0,0,0,Baixa remuneração e alto emprego,2.0,4.0,774.0,145.0,174.0,8760819203811384.0,110165.0,26837532331.0,2436121484228203.0,369367454385628.0,0,0,0
6911701,Serviços advocatícios,Subclasse,M,69,691,69117,6911701,0,0,0,0,0,0,0,Alta remuneração e alto emprego,3.0,4.0,533.0,105.0,107.0,1082913657762006.0,151926.0,45748847583.0,3011258611626713.0,574618352268869.0,0,0,0
6911702,Atividades auxiliares da justiça,Subclasse,M,69,691,69117,6911702,0,0,0,0,0,0,0,Alta remuneração e baixo emprego,3.0,1.0,523.0,1118.0,1110.0,1092984104115342.0,1214.0,368966347.0,3039261507413509.0,184007422960673.0,0,0,0
6911703,Agente de propriedade industrial,Subclasse,M,69,691,69117,6911703,0,0,0,0,0,0,0,Alta remuneração e baixo emprego,4.0,1.0,306.0,998.0,952.0,1479413261312139.0,2659.0,1093860824.0,4113805280180519.0,338899203352191.0,0,0,0
6912500,Cartórios,Subclasse,M,69,691,69125,6912500,0,0,0,0,0,0,0,Alta remuneração e alto emprego,3.0,4.0,462.0,118.0,108.0,1166870164577741.0,139744.0,45342966494.0,3244716516916647.0,591027528184998.0,0,0,0
6920601,Atividades de contabilidade,Subclasse,M,69,692,69206,6920601,0,0,0,0,0,0,0,Baixa remuneração e alto emprego,2.0,4.0,705.0,30.0,30.0,9159717348025166.0,445796.0,113546163179.0,2547043113419591.0,1189231348428475.0,0,0,0
6920602,Atividades de consultoria e auditoria contábil e tributária,Subclasse,M,69,692,69206,6920602,0,0,0,0,0,0,0,Alta remuneração e alto emprego,4.0,3.0,229.0,432.0,311.0,1671035300404497.0,27330.0,12699291146.0,4646648791072082.0,497910605756457.0,0,0,0
7020400,"Atividades de consultoria em gestão empresarial, exceto consultoria técnica específica",Subclasse,M,70,702,70204,7020400,0,0,0,0,0,0,0,Alta remuneração e alto emprego,4.0,4.0,166.0,47.0,16.0,1971448209212552.0,293532.0,160914451806.0,5482007134009239.0,1640173579013394.0,0,0,0
710301,Extração de minério de ferro,Subclasse,B,07,071,07103,0710301,0,0,0,0,0,0,0,Alta remuneração e alto emprego,4.0,4.0,124.0,195.0,97.0,2314142001773029.0,75585.0,48638463408.0,6434935953959119.0,976882332041742.0,0,0,0
710302,"Pelotização, sinterização e outros beneficiamentos de minério de ferro",Subclasse,B,07,071,07103,0710302,0,0,0,0,0,0,0,Alta remuneração e baixo emprego,4.0,2.0,101.0,847.0,641.0,2500234829110176.0,5807.0,4037261225.0,6952404382641639.0,752268190098316.0,0,0,0
7111100,Serviços de arquitetura,Subclasse,M,71,711,71111,7111100,0,0,0,0,0,0,0,Baixa remuneração e alto emprego,2.0,3.0,767.0,532.0,582.0,8810332059402343.0,19651.0,4814277909.0,2449889526741642.0,159047743865406.0,0,0,0
7112000,Serviços de engenharia,Subclasse,M,71,711,71120,7112000,0,0,0,0,0,0,0,Alta remuneração e alto emprego,3.0,4.0,466.0,20.0,12.0,1158065253418679.0,592202.0,190702824277.0,3220232695549829.0,1816104481278954.0,0,0,0
7119701,"Serviços de cartografia, topografia e geodésia",Subclasse,M,71,711,71197,7119701,0,0,0,0,0,0,0,Baixa remuneração e alto emprego,2.0,3.0,826.0,489.0,561.0,8363738002268677.0,22027.0,5122830607.0,2325705092386616.0,151343820335411.0,0,0,0
7119702,Atividades de estudos geológicos,Subclasse,M,71,711,71197,7119702,0,0,0,0,0,0,0,Alta remuneração e baixo emprego,4.0,2.0,176.0,758.0,602.0,1897412044536243.0,8544.0,4507929513.0,5276134729634832.0,524181738217942.0,0,0,0
7119703,Serviços de desenho técnico relacionados à arquitetura e engenharia,Subclasse,M,71,711,71197,7119703,0,0,0,0,0,0,0,Alta remuneração e baixo emprego,3.0,2.0,521.0,720.0,728.0,109539402540244.0,9896.0,3014284764.0,3045962776879547.0,207818111316826.0,0,0,0
7119704,Serviços de perícia técnica relacionados à segurança do trabalho,Subclasse,M,71,711,71197,7119704,0,0,0,0,0,0,0,Baixa remuneração e alto emprego,2.0,3.0,951.0,583.0,695.0,761012706806258.0,15920.0,3368908345.0,2116148457914573.0,115592357318909.0,0,0,0
7119799,Atividades técnicas relacionadas à engenharia e arquitetura não especificadas anteriormente,Subclasse,M,71,711,71197,7119799,0,0,0,0,0,0,0,Alta remuneração e alto emprego,3.0,3.0,403.0,595.0,550.0,1262793816599754.0,15025.0,5275955833.0,3511451469550749.0,289565126056051.0,0,0,0
7120100,Testes e análises técnicas,Subclasse,M,71,712,71201,7120100,0,0,0,0,0,0,0,Alta remuneração e alto emprego,3.0,4.0,404.0,197.0,179.0,1260648798280515.0,74596.0,26149529452.0,3505486815915063.0,458867878220733.0,0,0,0
7210000,Pesquisa e desenvolvimento experimental em ciências físicas e naturais,Subclasse,M,72,721,72100,7210000,0,0,0,0,0,0,0,Alta remuneração e alto emprego,4.0,4.0,29.0,221.0,59.0,4158592451889945.0,62730.0,72539719586.0,115638003484776.0,1792067484165166.0,0,0,0
721901,Extração de minério de alumínio,Subclasse,B,07,072,07219,0721901,0,0,0,0,0,0,0,Alta remuneração e baixo emprego,4.0,2.0,97.0,856.0,657.0,2527157647142242.0,5415.0,3805265989.0,7027268677746999.0,761121377994763.0,0,0,0
721902,Beneficiamento de minério de alumínio,Subclasse,B,07,072,07219,0721902,0,0,0,0,0,0,0,Alta remuneração e baixo emprego,3.0,1.0,408.0,1132.0,1114.0,1251525938240298.0,1039.0,361584351.0,3480118873917228.0,245189767613765.0,0,0,0
7220700,Pesquisa e desenvolvimento experimental em ciências sociais e humanas,Subclasse,M,72,722,72207,7220700,0,0,0,0,0,0,0,Alta remuneração e baixo emprego,4.0,2.0,221.0,834.0,734.0,1703925640104819.0,6219.0,2946628729.0,4738106977005949.0,438972483286619.0,0,0,0
722701,Extração de minério de estanho,Subclasse,B,07,072,07227,0722701,0,0,0,0,0,0,0,Alta remuneração e baixo emprego,3.0,1.0,470.0,1156.0,1144.0,1153182596430006.0,829.0,26583174.0,320665548854041.0,206383216618299.0,0,0,0
722702,Beneficiamento de minério de estanho,Subclasse,B,07,072,07227,0722702,0,0,0,0,0,0,0,Alta remuneração e baixo emprego,3.0,1.0,525.0,1247.0,1240.0,109265915618708.0,212.0,64413188.0,3038357924528302.0,181244873407081.0,0,0,0
723501,Extração de minério de manganês,Subclasse,B,07,072,07235,0723501,0,0,0,0,0,0,0,Alta remuneração e baixo emprego,3.0,1.0,432.0,1032.0,1022.0,1211377547374456.0,2108.0,710075209.0,3368478221062619.0,232562641501873.0,0,0,0
723502,Beneficiamento de minério de manganês,Subclasse,B,07,072,07235,0723502,0,0,0,0,0,0,0,Baixa remuneração e baixo emprego,3.0,1.0,608.0,1292.0,1289.0,9888139888187196.0,41.0,11273342.0,2749595609756097.0,141897028030638.0,0,0,0
724301,Extração de minério de metais preciosos,Subclasse,B,07,072,07243,0724301,0,0,0,0,0,0,0,Alta remuneração e alto emprego,4.0,3.0,171.0,522.0,364.0,1931734395410926.0,20408.0,10962310076.0,5371574909839279.0,582468607811866.0,0,0,0
724302,Beneficiamento de minério de metais preciosos,Subclasse,B,07,072,07243,0724302,0,0,0,0,0,0,0,Alta remuneração e baixo emprego,4.0,2.0,133.0,892.0,749.0,2240139134708194.0,4420.0,2753287014.0,6229156140271493.0,643684210766187.0,0,0,0
725100,Extração de minerais radioativos,Subclasse,B,07,072,07251,0725100,0,0,0,0,0,0,0,Alta remuneração e baixo emprego,4.0,1.0,28.0,1214.0,1074.0,418215960162655.0,430.0,500061342.0,1162933353488372.0,1380520968688692.0,0,0,0
729401,Extração de minérios de nióbio e titânio,Subclasse,B,07,072,07294,0729401,0,0,0,0,0,0,0,Alta remuneração e baixo emprego,4.0,1.0,146.0,1204.0,1139.0,2101055363199247.0,476.0,278098517.0,5842405819327731.0,573251806583565.0,0,0,0
729402,Extração de minério de tungstênio,Subclasse,B,07,072,07294,0729402,0,0,0,0,0,0,0,Baixa remuneração e baixo emprego,2.0,1.0,972.0,1213.0,1227.0,7477490481493054.0,431.0,89616373.0,2079266194895592.0,78190078120099.0,0,0,0
729403,Extração de minério de níquel,Subclasse,B,07,072,07294,0729403,0,0,0,0,0,0,0,Alta remuneração e baixo emprego,4.0,1.0,120.0,1014.0,892.0,232732504576136.0,2320.0,150140982.0,6471594051724138.0,668968815493867.0,0,0,0
729404,"Extração de minérios de cobre, chumbo, zinco e outros minerais metálicos não ferrosos não especificados anteriormente",Subclasse,B,07,072,07294,0729404,0,0,0,0,0,0,0,Alta remuneração e alto emprego,4.0,3.0,114.0,596.0,391.0,2368068982718512.0,15015.0,9887213446000000.0,6584890739926739.0,740046882484178.0,0,0,0
729405,"Beneficiamento de minérios de cobre, chumbo, zinco e outros minerais metálicos não ferrosos não especificados anteriormente",Subclasse,B,07,072,07294,0729405,0,0,0,0,0,0,0,Alta remuneração e baixo emprego,4.0,2.0,149.0,968.0,839.0,2078647625473519.0,3148.0,1819574413.0,5780096610546379.0,57512792681305.0,0,0,0
7311400,Agências de publicidade,Subclasse,M,73,731,73114,7311400,0,0,0,0,0,0,0,Alta remuneração e alto emprego,4.0,4.0,234.0,259.0,186.0,166465160908573.0,54675.0,2530849794.0,4628897657064472.0,588171673492603.0,0,0,0
7312200,"Agenciamento de espaços para publicidade, exceto em veículos de comunicação",Subclasse,M,73,731,73122,7312200,0,0,0,0,0,0,0,Alta remuneração e baixo emprego,4.0,2.0,99.0,684.0,455.0,2521974373802849.0,11021.0,7728868098.0,7012855546683604.0,784596404633538.0,0,0,0
7319001,Criação de estandes para feiras e exposições,Subclasse,M,73,731,73190,7319001,0,0,0,0,0,0,0,Baixa remuneração e baixo emprego,2.0,1.0,950.0,1114.0,1142.0,7610976576184434.0,1284.0,271743793.0,2116384680685358.0,8363546488395.0,0,0,0
7319002,Promoção de vendas,Subclasse,M,73,731,73190,7319002,0,0,0,0,0,0,0,Baixa remuneração e alto emprego,1.0,4.0,1194.0,74.0,129.0,624231586045896.0,212609.0,36904694015.0,1735801119190627.0,469644037884908.0,0,0,0
7319003,Marketing direto,Subclasse,M,73,731,73190,7319003,0,0,0,0,0,0,0,Baixa remuneração e alto emprego,1.0,3.0,1128.0,335.0,475.0,6596631183307833.0,38393.0,7042526279000001.0,1834325600760556.0,132331190623401.0,0,0,0
7319004,Consultoria em publicidade,Subclasse,M,73,731,73190,7319004,0,0,0,0,0,0,0,Alta remuneração e baixo emprego,4.0,2.0,125.0,821.0,634.0,2300600372432324.0,6466.0,4136481725.0,6397280737704918.0,67617235502377.0,0,0,0
7319099,Outras atividades de publicidade não especificadas anteriormente,Subclasse,M,73,731,73190,7319099,0,0,0,0,0,0,0,Baixa remuneração e alto emprego,2.0,3.0,685.0,577.0,631.0,9318721341847948.0,16040.0,415637681.0,2591257362842893.0,16528211599301.0,0,0,0
7320300,Pesquisas de mercado e de opinião pública,Subclasse,M,73,732,73203,7320300,0,0,0,0,0,0,0,Alta remuneração e baixo emprego,4.0,2.0,91.0,721.0,474.0,258693594062848.0,9832.0,7072643509.0,7193494211757527.0,805209282310876.0,0,0,0
7410202,Design de interiores,Subclasse,M,74,741,74102,7410202,0,0,0,0,0,0,0,Baixa remuneração e baixo emprego,2.0,2.0,815.0,897.0,966.0,8429016198023352.0,4339.0,1016999554.0,2343857003917953.0,112689080389373.0,0,0,0
7410203,Desing de produto,Subclasse,M,74,741,74102,7410203,0,0,0,0,0,0,0,Alta remuneração e baixo emprego,3.0,1.0,529.0,1080.0,1077.0,1085410243421566.0,1623.0,489854001.0,3018200868761553.0,182132879250109.0,0,0,0
7410299,Atividades de desing não especificadas anteriormente,Subclasse,M,74,741,74102,7410299,0,0,0,0,0,0,0,Baixa remuneração e baixo emprego,3.0,1.0,609.0,1052.0,1067.0,988495892579014.0,1890.0,519506394.0,274871107936508.0,146417398272843.0,0,0,0
7420001,"Atividades de produção de fotografias, exceto aérea e submarina",Subclasse,M,74,742,74200,7420001,0,0,0,0,0,0,0,Baixa remuneração e baixo emprego,1.0,2.0,1231.0,683.0,834.0,6020472428589341.0,11106.0,1859270013.0,1674113103727715.0,60141395535959.0,0,0,0
7420002,Atividades de produção de fotografias aéreas e submarinas,Subclasse,M,74,742,74200,7420002,0,0,0,0,0,0,0,Baixa remuneração e baixo emprego,2.0,1.0,873.0,1170.0,1184.0,8089420150008715.0,713.0,160384039.0,2249425511921459.0,95242701860286.0,0,0,0
7420003,Laboratórios fotográficos,Subclasse,M,74,742,74200,7420003,0,0,0,0,0,0,0,Baixa remuneração e baixo emprego,1.0,2.0,1093.0,942.0,1033.0,6808982666965396.0,3480.0,658894218.0,1893374189655172.0,66587486309311.0,0,0,0
7420004,Filmagem de festas e eventos,Subclasse,M,74,742,74200,7420004,0,0,0,0,0,0,0,Baixa remuneração e baixo emprego,1.0,1.0,1030.0,1069.0,1122.0,7125012434925053.0,1693.0,335426066.0,1981252604843473.0,71408148038554.0,0,0,0
7420005,Serviços de microfilmagem,Subclasse,M,74,742,74200,7420005,0,0,0,0,0,0,0,Baixa remuneração e baixo emprego,1.0,1.0,1007.0,1076.0,1123.0,7265597264793809.0,1652.0,3337610.0,2020345036319613.0,75116252186473.0,0,0,0
7490101,"Serviços de tradução, interpretação e similares",Subclasse,M,74,749,74901,7490101,0,0,0,0,0,0,0,Alta remuneração e baixo emprego,3.0,1.0,377.0,1073.0,1043.0,1296736961810314.0,1674.0,603617146.0,3605837192353644.0,26461313377548.0,0,0,0
7490102,Escafandria e mergulho,Subclasse,M,74,749,74901,7490102,0,0,0,0,0,0,0,Alta remuneração e baixo emprego,4.0,2.0,235.0,917.0,845.0,1663326603659209.0,3902.0,1804758196.0,4625213213736545.0,415031087490357.0,0,0,0
7490103,Serviços de agronomia e de consultoria às atividades agrícolas e pecuárias,Subclasse,M,74,749,74901,7490103,0,0,0,0,0,0,0,Alta remuneração e alto emprego,4.0,3.0,297.0,455.0,378.0,149825030546374.0,24785.0,10325890661.0,4166185459350413.0,416539500866912.0,0,0,0
7490104,"Atividades de intermediação e agenciamento de serviços e negócios em geral, exceto imobiliários",Subclasse,M,74,749,74901,7490104,0,0,0,0,0,0,0,Alta remuneração e alto emprego,3.0,4.0,331.0,93.0,72.0,1404033875733075.0,168449.0,65765821196.0,3904197780693266.0,814999104011229.0,0,0,0
7490105,"Agenciamento de profissionais para atividades esportivas, culturais e artísticas",Subclasse,M,74,749,74901,7490105,0,0,0,0,0,0,0,Baixa remuneração e baixo emprego,1.0,2.0,1153.0,980.0,1066.0,6462870773637022.0,2918.0,524402778.0,1797130836189171.0,56018020193043.0,0,0,0
7490199,"Outras atividades profissionais, científicas e técnicas não especificadas anteriormente",Subclasse,M,74,749,74901,7490199,0,0,0,0,0,0,0,Alta remuneração e alto emprego,4.0,4.0,177.0,273.0,177.0,1897347135336751.0,50569.0,26679972979.0,5275954236587632.0,68018106972221.0,0,0,0
7500100,Atividades veterinárias,Subclasse,M,75,750,75001,7500100,0,0,0,0,0,0,0,Baixa remuneração e alto emprego,1.0,4.0,1074.0,244.0,357.0,6881191961127495.0,57539.0,11009819703.0,1913453432106919.0,181376245770265.0,0,0,0
7711000,Locação de automóveis sem condutor,Subclasse,N,77,771,77110,7711000,0,0,0,0,0,0,0,Baixa remuneração e alto emprego,3.0,4.0,607.0,106.0,118.0,9889182079705602.0,151744.0,41727861196.0,27498854120097.0,519877866880425.0,0,0,0
7719501,"Locação de embarcações sem tripulação, exceto para fins
recreativos",Subclasse,N,77,771,77195,7719501,0,0,0,0,0,0,0,Alta remuneração e baixo emprego,4.0,1.0,34.0,1058.0,822.0,3900230955296164.0,1806.0,1958674615.0,1084537439091916.0,1279948525801346.0,0,0,0
7719502,Locação de aeronaves sem tripulação,Subclasse,N,77,771,77195,7719502,0,0,0,0,0,0,0,Alta remuneração e baixo emprego,4.0,1.0,159.0,1278.0,1260.0,2010263865777934.0,81.0,45278529.0,5589941851851851.0,536493315179177.0,0,0,0
7719599,"Locação de outros meios de transporte não especificados anteriormente, sem condutor",Subclasse,N,77,771,77195,7719599,0,0,0,0,0,0,0,Baixa remuneração e alto emprego,2.0,3.0,902.0,494.0,581.0,7930250993538828.0,21864.0,482137349.0,2205165335711672.0,138091490383919.0,0,0,0
7721700,Aluguel de equipamentos recreativos e esportivos,Subclasse,N,77,772,77217,7721700,0,0,0,0,0,0,0,Baixa remuneração e baixo emprego,2.0,2.0,952.0,792.0,880.0,7607047393858327.0,7311.0,1546490049.0,2115292092736972.0,96696143093917.0,0,0,0
7722500,"Aluguel de fitas de vídeo, DVDs e similares",Subclasse,N,77,772,77225,7722500,0,0,0,0,0,0,0,Baixa remuneração e baixo emprego,1.0,1.0,1316.0,1233.0,1265.0,4856182030858812.0,302.0,40780836.0,135035880794702.0,7625377336465.0,0,0,0
7723300,"Aluguel de objetos do vestuário, jóias e acessórios",Subclasse,N,77,772,77233,7723300,0,0,0,0,0,0,0,Baixa remuneração e alto emprego,1.0,3.0,1207.0,552.0,718.0,6202718912041328.0,18321.0,315998848.0,1724790393537471.0,796923665966.0,0,0,0
7729201,Aluguel de aparelhos de jogos eletrônicos,Subclasse,N,77,772,77292,7729201,0,0,0,0,0,0,0,Baixa remuneração e baixo emprego,1.0,1.0,1056.0,1121.0,1160.0,6999215809426113.0,1163.0,226351472.0,1946272330180568.0,66897113485561.0,0,0,0
7729202,"Aluguel de móveis, utensílios e aparelhos de uso doméstico e pessoal; instrumentos musicais",Subclasse,N,77,772,77292,7729202,0,0,0,0,0,0,0,Baixa remuneração e alto emprego,1.0,3.0,1029.0,597.0,732.0,7130375601790072.0,14971.0,2968365954.0,1982743940952508.0,99709104232379.0,0,0,0
7729203,Aluguel de material médico,Subclasse,N,77,772,77292,7729203,0,0,0,0,0,0,0,Baixa remuneração e baixo emprego,1.0,1.0,1069.0,1158.0,1186.0,6927428272739949.0,820.0,15795745.0,1926310365853659.0,64245987948503.0,0,0,0
7729299,Aluguel de outros objetos pessoais e domésticos não especificados anteriormente,Subclasse,N,77,772,77292,7729299,0,0,0,0,0,0,0,Baixa remuneração e baixo emprego,1.0,1.0,1143.0,1066.0,1129.0,6532021869662666.0,1716.0,311687322.0,1816359685314686.0,55444324182441.0,0,0,0
7731400,Aluguel de máquinas e equipamentos agrícolas sem operador,Subclasse,N,77,773,77314,7731400,0,0,0,0,0,0,0,Baixa remuneração e alto emprego,1.0,3.0,1004.0,569.0,696.0,728778560736857.0,16592.0,3362393605.0,2026514949975892.0,107711814957895.0,0,0,0
7732201,"Aluguel de máquinas e equipamentos para construção sem operador, exceto andaimes",Subclasse,N,77,773,77322,7732201,0,0,0,0,0,0,0,Baixa remuneração e alto emprego,2.0,4.0,706.0,131.0,153.0,9158151599857962.0,120659.0,30727114158.0,254660772573948.0,411003064829585.0,0,0,0
7732202,Aluguel de andaimes,Subclasse,N,77,773,77322,7732202,0,0,0,0,0,0,0,Baixa remuneração e alto emprego,2.0,3.0,741.0,560.0,614.0,8972318949511907.0,17438.0,4350664567.0,249493323030164.0,158571773785948.0,0,0,0
7733100,Aluguel de máquinas e equipamentos para escritório,Subclasse,N,77,773,77331,7733100,0,0,0,0,0,0,0,Alta remuneração e alto emprego,3.0,3.0,592.0,400.0,425.0,1008295611335135.0,30699.0,86072879.0,2803768168344246.0,2252867206165.0,0,0,0
7739001,"Aluguel de máquinas e equipamentos para extração de minérios e petróleo, sem operador",Subclasse,N,77,773,77390,7739001,0,0,0,0,0,0,0,Baixa remuneração e baixo emprego,2.0,1.0,676.0,1046.0,1071.0,9374798115249082.0,1939.0,505468338.0,2606850634347602.0,132748235081857.0,0,0,0
7739002,"Aluguel de equipamentos científicos, médicos e hospitalares, sem operador",Subclasse,N,77,773,77390,7739002,0,0,0,0,0,0,0,Baixa remuneração e baixo emprego,2.0,2.0,667.0,867.0,918.0,9424362457439666.0,5114.0,1340191713.0,2620632993742667.0,141799903868628.0,0,0,0
7739003,"Aluguel de palcos, coberturas e outras estruturas de uso temporário, exceto andaimes",Subclasse,N,77,773,77390,7739003,0,0,0,0,0,0,0,Baixa remuneração e alto emprego,2.0,3.0,878.0,460.0,539.0,8069077880729975.0,24379.0,5470084289.0,2243768935969482.0,14786675360652.0,0,0,0
7739099,"Aluguel de outras máquinas e equipamentos comerciais e industriais não especificados anteriormente, sem operador",Subclasse,N,77,773,77390,7739099,0,0,0,0,0,0,0,Alta remuneração e alto emprego,3.0,4.0,486.0,167.0,156.0,1136715681750574.0,95411.0,30158137922.0,3160865929714603.0,454420084689099.0,0,0,0
7740300,Gestão de ativos intangíveis não financeiros,Subclasse,N,77,774,77403,7740300,0,0,0,0,0,0,0,Alta remuneração e alto emprego,4.0,3.0,193.0,341.0,224.0,1821770806339277.0,37728.0,19112246831.0,5065799096427057.0,59939394767056.0,0,0,0
7810800,Seleção e agenciamento de mão de obra,Subclasse,N,78,781,78108,7810800,0,0,0,0,0,0,0,Baixa remuneração e alto emprego,1.0,4.0,1087.0,60.0,99.0,68430074870225.0,254868.0,4849718714.0,1902835473264592.0,590873517699921.0,0,0,0
7820500,Locação de mão de obra temporária,Subclasse,N,78,782,78205,7820500,0,0,0,0,0,0,0,Baixa remuneração e alto emprego,1.0,4.0,1290.0,3.0,8.0,5429124401823872.0,1685226.0,254414680556.0,1509676924970301.0,3210523885319739.0,0,0,0
7830200,Fornecimento e gestão de recursos humanos para terceiros,Subclasse,N,78,783,78302,7830200,0,0,0,0,0,0,0,Baixa remuneração e alto emprego,1.0,4.0,1230.0,24.0,49.0,6023849625452625.0,504537.0,84512581236.0,1675052201047693.0,1033160424953769.0,0,0,0
7911200,Agências de viagens,Subclasse,N,79,791,79112,7911200,0,0,0,0,0,0,0,Alta remuneração e alto emprego,3.0,4.0,504.0,182.0,176.0,1120333421087012.0,86012.0,26795419582.0,3115311768357903.0,420894812738817.0,0,0,0
7912100,Operadores turísticos,Subclasse,N,79,791,79121,7912100,0,0,0,0,0,0,0,Alta remuneração e baixo emprego,3.0,2.0,393.0,837.0,800.0,1272930738136782.0,6162.0,2181125683.0,3539639212917883.0,268231707197091.0,0,0,0
7990200,Serviços de reservas e outros serviços de turismo não especificados anteriormente,Subclasse,N,79,799,79902,7990200,0,0,0,0,0,0,0,Baixa remuneração e baixo emprego,2.0,2.0,661.0,667.0,722.0,9465915685630828.0,11794.0,3104402176.0,2632187702221468.0,159203394011691.0,0,0,0
8011101,Atividades de vigilância e segurança privada,Subclasse,N,80,801,80111,8011101,0,0,0,0,0,0,0,Baixa remuneração e alto emprego,2.0,4.0,835.0,12.0,13.0,8298556675263118.0,815851.0,188264154616.0,2307580117153745.0,1957387235906318.0,0,0,0
8011102,Serviços de adestramento de cães de guarda,Subclasse,N,80,801,80111,8011102,0,0,0,0,0,0,0,Baixa remuneração e baixo emprego,1.0,1.0,1272.0,1212.0,1237.0,5698083592169634.0,436.0,69082736.0,1584466422018349.0,30457627346497.0,0,0,0
8012900,Atividades de transporte de valores,Subclasse,N,80,801,80129,8012900,0,0,0,0,0,0,0,Alta remuneração e alto emprego,3.0,4.0,431.0,246.0,223.0,1213303051961191.0,57135.0,19276391833.0,3373832472740002.0,387007753511849.0,0,0,0
8020000,,,,,,,,0,0,0,0,0,0,0,,,,,,,,,,,,0,0,0
8020001,Atividades de monitoramento de sistemas de segurança eletrônico,Subclasse,N,80,802,80200,8020001,0,0,0,0,0,0,0,Baixa remuneração e alto emprego,1.0,4.0,1081.0,90.0,144.0,686044080247906.0,171497.0,32716193825.0,1907683156265124.0,418173923434254.0,0,0,0
8020002,Outras atividades de serviços de segurança,Subclasse,N,80,802,80200,8020002,0,0,0,0,0,0,0,Baixa remuneração e baixo emprego,1.0,2.0,1216.0,768.0,908.0,6109768651474514.0,8190.0,1391434898.0,1698943709401709.0,56882083986855.0,0,0,0
8030700,Atividades de investigação particular,Subclasse,N,80,803,80307,8030700,0,0,0,0,0,0,0,Alta remuneração e baixo emprego,3.0,1.0,536.0,1203.0,1193.0,1074329127414638.0,484.0,14458956.0,2987387603305785.0,174847227702759.0,0,0,0
810001,Extração de ardósia e beneficiamento associado,Subclasse,B,08,081,08100,0810001,0,0,0,0,0,0,0,Baixa remuneração e baixo emprego,2.0,1.0,816.0,1134.0,1156.0,8426398676492924.0,1023.0,239702112.0,2343129149560117.0,105008096854965.0,0,0,0
810002,Extração de granito e beneficiamento associado,Subclasse,B,08,081,08100,0810002,0,0,0,0,0,0,0,Alta remuneração e alto emprego,3.0,3.0,505.0,647.0,659.0,1118603421358083.0,12116.0,3768683202.0,3110501157147574.0,223036498998942.0,0,0,0
810003,Extração de mármore e beneficiamento associado,Subclasse,B,08,081,08100,0810003,0,0,0,0,0,0,0,Alta remuneração e baixo emprego,3.0,1.0,532.0,1067.0,1069.0,1084315021684738.0,1701.0,512877931.0,3015155385067607.0,181910517739023.0,0,0,0
810004,Extração de calcário e dolomita e beneficiamento associado,Subclasse,B,08,081,08100,0810004,0,0,0,0,0,0,0,Alta remuneração e alto emprego,3.0,3.0,491.0,592.0,576.0,1135032800293733.0,15433.0,4870942379.0,3156186340309726.0,238584632143779.0,0,0,0
810005,Extração de gesso e caulim,Subclasse,B,08,081,08100,0810005,0,0,0,0,0,0,0,Alta remuneração e baixo emprego,3.0,1.0,515.0,1070.0,1068.0,1101740665183931.0,1690.0,517750239.0,3063610881656804.0,188672235792077.0,0,0,0
810006,"Extração de areia, cascalho ou pedregulho e beneficiamento associado",Subclasse,B,08,081,08100,0810006,0,0,0,0,0,0,0,Baixa remuneração e alto emprego,2.0,3.0,666.0,471.0,513.0,9429400864397760.0,23316.0,611353453.0,2622034023846286.0,186161624879819.0,0,0,0
810007,Extração de argila e beneficiamento associado,Subclasse,B,08,081,08100,0810007,0,0,0,0,0,0,0,Alta remuneração e baixo emprego,3.0,1.0,566.0,996.0,1006.0,1043466649862017.0,2680.0,777620303.0,2901568294776119.0,16850273861873.0,0,0,0
810008,Extração de saibro e beneficiamento associado,Subclasse,B,08,081,08100,0810008,0,0,0,0,0,0,0,Baixa remuneração e baixo emprego,2.0,1.0,686.0,1175.0,1178.0,9310174801739676.0,678.0,17552612.0,2588880825958702.0,127957769492148.0,0,0,0
810009,Extração de basalto e beneficiamento associado,Subclasse,B,08,081,08100,0810009,0,0,0,0,0,0,0,Alta remuneração e baixo emprego,3.0,2.0,453.0,931.0,940.0,117422244153188.0,3659.0,1194722409.0,3265160997540312.0,222313474026977.0,0,0,0
810010,Beneficiamento de gesso e caulim associado à extração,Subclasse,B,08,081,08100,0810010,0,0,0,0,0,0,0,Alta remuneração e baixo emprego,4.0,1.0,289.0,1150.0,1108.0,1520608179173924.0,890.0,376323685.0,4228356011235956.0,34933420337117.0,0,0,0
810099,Extração e britamento de pedras e outros materiais para construção e beneficiamento associado,Subclasse,B,08,081,08100,0810099,0,0,0,0,0,0,0,Alta remuneração e alto emprego,3.0,4.0,499.0,321.0,310.0,1127365689560593.0,40611.0,12731005942.0,3134866401221344.0,302869979260406.0,0,0,0
8111700,"Serviços combinados para apoio a edifícios, exceto condomínios prediais",Subclasse,N,81,811,81117,8111700,0,0,0,0,0,0,0,Baixa remuneração e alto emprego,1.0,4.0,1280.0,16.0,41.0,5628743512952464.0,636247.0,9958442749.0,1565185022326235.0,1248486178973152.0,0,0,0
8112500,Condomínios prediais,Subclasse,N,81,811,81125,8112500,0,0,0,0,0,0,0,Baixa remuneração e alto emprego,2.0,4.0,727.0,15.0,14.0,9031794056077768.0,681924.0,171263267514.0,2511471476498848.0,1739211784249161.0,0,0,0
8121400,Limpeza em prédios e em domicílios,Subclasse,N,81,812,81214,8121400,0,0,0,0,0,0,0,Baixa remuneração e alto emprego,1.0,4.0,1298.0,8.0,15.0,5330614966137731.0,1124544.0,16668940291.0,1482284400699305.0,2132296522676042.0,0,0,0
8122200,Imunização e controle de pragas urbanas,Subclasse,N,81,812,81222,8122200,0,0,0,0,0,0,0,Baixa remuneração e alto emprego,1.0,3.0,1005.0,332.0,452.0,7280347977422051.0,38661.0,7826713648999999.0,2024446767802178.0,154738623686765.0,0,0,0
8129000,Atividades de limpeza não especificadas anteriormente,Subclasse,N,81,812,81290,8129000,0,0,0,0,0,0,0,Baixa remuneração e alto emprego,1.0,4.0,1202.0,96.0,163.0,6222043140612669.0,166970.0,28888546352.0,1730163882853207.0,377317005999404.0,0,0,0
8130300,Atividades paisagísticas,Subclasse,N,81,813,81303,8130300,0,0,0,0,0,0,0,Baixa remuneração e alto emprego,1.0,4.0,1184.0,206.0,324.0,6275936074307922.0,69859.0,12191442644.0,17451498939292.0,185199683968202.0,0,0,0
8211300,Serviços combinados de escritório e apoio administrativo,Subclasse,N,82,821,82113,8211300,0,0,0,0,0,0,0,Alta remuneração e alto emprego,3.0,4.0,506.0,6.0,2.0,1118401838149402.0,1488301.0,462852772666.0,3109940614606857.0,4157690836025308.0,0,0,0
8219901,Fotocópias,Subclasse,N,82,821,82199,8219901,0,0,0,0,0,0,0,Baixa remuneração e alto emprego,1.0,3.0,1157.0,608.0,765.0,6427310345513229.0,14415.0,257631013.0,178724254595907.0,78344868856367.0,0,0,0
8219999,Preparação de documentos e serviços especializados de apoio administrativo não especificados anteriormente,Subclasse,N,82,821,82199,8219999,0,0,0,0,0,0,0,Baixa remuneração e alto emprego,2.0,4.0,854.0,50.0,70.0,8227284528361456.0,287843.0,65851612403.0,2287761467292934.0,750151378971952.0,0,0,0
8220200,Atividades de teleatendimento,Subclasse,N,82,822,82202,8220200,0,0,0,0,0,0,0,Baixa remuneração e alto emprego,1.0,4.0,1271.0,10.0,22.0,5699699873431029.0,926926.0,146909971978.0,1584915861438777.0,1816934829598086.0,0,0,0
8230001,"Serviços de organização de feiras, congressos, exposições e festas",Subclasse,N,82,823,82300,8230001,0,0,0,0,0,0,0,Baixa remuneração e alto emprego,1.0,4.0,1317.0,99.0,213.0,4762015123046796.0,159414.0,21109184385.0,1324173810643984.0,291838317890249.0,0,0,0
8230002,Casas de festas e eventos,Subclasse,N,82,823,82300,8230002,0,0,0,0,0,0,0,Baixa remuneração e alto emprego,1.0,3.0,1169.0,586.0,747.0,633967052472111.0,15717.0,2770706765.0,17628725361074.0,78451203215468.0,0,0,0
8291100,Atividades de cobrança e informações cadastrais,Subclasse,N,82,829,82911,8291100,0,0,0,0,0,0,0,Baixa remuneração e alto emprego,2.0,4.0,941.0,82.0,122.0,7661893912672664.0,187122.0,39867151726.0,213054326728017.0,492358347039812.0,0,0,0
8292000,Envasamento e empacotamento sob contrato,Subclasse,N,82,829,82920,8292000,0,0,0,0,0,0,0,Baixa remuneração e alto emprego,1.0,3.0,1160.0,383.0,523.0,6413690158528083.0,32424.0,5782675075.0,1783455179805083.0,114406953250265.0,0,0,0
8299701,"Medição de consumo de energia elétrica, gás e água",Subclasse,N,82,829,82997,8299701,0,0,0,0,0,0,0,Baixa remuneração e alto emprego,1.0,3.0,1044.0,337.0,462.0,7061916285337785.0,38232.0,7507646342.0,1963707455011509.0,146849630386408.0,0,0,0
8299702,"Emissão de vales-alimentação, vales-transporte e similares",Subclasse,N,82,829,82997,8299702,0,0,0,0,0,0,0,Alta remuneração e alto emprego,4.0,3.0,76.0,655.0,405.0,2778648653169006.0,12002.0,9273453148.0,7726589858356941.0,892643113421334.0,0,0,0
8299703,"Serviços de gravação de carimbos, exceto confecção",Subclasse,N,82,829,82997,8299703,0,0,0,0,0,0,0,Baixa remuneração e baixo emprego,1.0,1.0,1222.0,1196.0,1226.0,606902632998965.0,539.0,90962421.0,1687614489795918.0,40614112226108.0,0,0,0
8299704,Leiloeiros independentes,Subclasse,N,82,829,82997,8299704,0,0,0,0,0,0,0,Baixa remuneração e baixo emprego,3.0,2.0,631.0,988.0,1011.0,9703165534119000.0,2783.0,750897867.0,2698159780812073.0,143706650703868.0,0,0,0
8299705,Serviços de levantamento de fundos sob contrato,Subclasse,N,82,829,82997,8299705,0,0,0,0,0,0,0,Baixa remuneração e baixo emprego,1.0,1.0,1312.0,1255.0,1278.0,4977828095415593.0,156.0,21593285.0,1384184935897436.0,10619728367255.0,0,0,0
8299706,Casas lotéricas,Subclasse,N,82,829,82997,8299706,0,0,0,0,0,0,0,Baixa remuneração e alto emprego,1.0,4.0,1229.0,215.0,350.0,6031297360800303.0,66951.0,11228507491.0,167712319323087.0,170615774294439.0,0,0,0
8299707,Salas de acesso à Internet,Subclasse,N,82,829,82997,8299707,0,0,0,0,0,0,0,Baixa remuneração e baixo emprego,1.0,1.0,1315.0,1106.0,1172.0,4867628658844444.0,1371.0,185570577.0,1353541772428884.0,9873932954156.0,0,0,0
8299799,Outras atividades de serviços prestados principalmente às empresas não especificadas anteriormente,Subclasse,N,82,829,82997,8299799,0,0,0,0,0,0,0,Baixa remuneração e alto emprego,2.0,4.0,746.0,19.0,21.0,892574775613562.0,602384.0,149510695347.0,2481983175964169.0,1538786916361629.0,0,0,0
8411600,Administração pública em geral,Subclasse,O,84,841,84116,8411600,0,0,0,0,0,0,0,Alta remuneração e alto emprego,4.0,3.0,90.0,350.0,182.0,2588095335461224.0,35999.0,25907465638.0,7196718141615045.0,927122829143129.0,0,0,0
8412400,"Regulação das atividades de saúde, educação, serviços culturais e outros serviços sociais",Subclasse,O,84,841,84124,8412400,0,0,0,0,0,0,0,Alta remuneração e baixo emprego,3.0,2.0,519.0,769.0,771.0,1099343392035182.0,8129.0,2484990414.0,3056944782876123.0,204736072396421.0,0,0,0
8413200,Regulação das atividades econômicas,Subclasse,O,84,841,84132,8413200,0,0,0,0,0,0,0,Alta remuneração e baixo emprego,4.0,2.0,64.0,943.0,731.0,3084128666481991.0,3468.0,2974170083.0,8576038301614763.0,970619559746625.0,0,0,0
8421300,Relações exteriores,Subclasse,O,84,842,84213,8421300,0,0,0,0,0,0,0,Alta remuneração e baixo emprego,3.0,1.0,473.0,1283.0,1280.0,1147109125351216.0,63.0,20095532.0,3189766984126984.0,201952181079054.0,0,0,0
8422100,Defesa,Subclasse,O,84,842,84221,8422100,0,0,0,0,0,0,0,Alta remuneração e baixo emprego,4.0,1.0,137.0,1249.0,1207.0,2192257307529224.0,197.0,120091419.0,6096011116751269.0,607496651783193.0,0,0,0
8423000,Justiça,Subclasse,O,84,842,84230,8423000,0,0,0,0,0,0,0,Baixa remuneração e alto emprego,2.0,3.0,702.0,624.0,690.0,9190497534974278.0,13443.0,3435495986.0,2555602161719854.0,155346525840354.0,0,0,0
8424800,Segurança e ordem pública,Subclasse,O,84,842,84248,8424800,0,0,0,0,0,0,0,Baixa remuneração e baixo emprego,1.0,1.0,1319.0,1296.0,1304.0,4591761191182647.0,31.0,3958177.0,1276831290322581.0,532923.628513,0,0,0
8425600,Defesa Civil,Subclasse,O,84,842,84256,8425600,0,0,0,0,0,0,0,Baixa remuneração e baixo emprego,1.0,1.0,1204.0,1290.0,1297.0,6216190016653963.0,46.0,7951267.0,1728536304347826.0,43579878894395.0,0,0,0
8430200,Seguridade social obrigatória,Subclasse,O,84,843,84302,8430200,0,0,0,0,0,0,0,Alta remuneração e baixo emprego,4.0,1.0,72.0,1201.0,1103.0,2853086942441361.0,488.0,387158726.0,7933580450819672.0,865140790581762.0,0,0,0
8511200,Educação infantil - creche,Subclasse,P,85,851,85112,8511200,0,0,0,0,0,0,0,Baixa remuneração e alto emprego,2.0,4.0,822.0,42.0,56.0,8391789162823062.0,329270.0,7683532836.0,2333505280165214.0,855793124782867.0,0,0,0
8512100,Educação infantil - pré-escola,Subclasse,P,85,851,85121,8512100,0,0,0,0,0,0,0,Baixa remuneração e alto emprego,2.0,4.0,970.0,39.0,60.0,7497056580230119.0,345718.0,72072071425.0,208470694106179.0,827921320119248.0,0,0,0
8513900,Ensino fundamental,Subclasse,P,85,851,85139,8513900,0,0,0,0,0,0,0,Baixa remuneração e alto emprego,3.0,4.0,613.0,21.0,18.0,9833747172877480.0,571400.0,156247651477.0,2734470624378719.0,1559666513623461.0,0,0,0
8520100,Ensino médio,Subclasse,P,85,852,85201,8520100,0,0,0,0,0,0,0,Alta remuneração e alto emprego,3.0,4.0,498.0,79.0,76.0,1128296388746771.0,196374.0,61611446975.0,3137454396967012.0,72053586833379.0,0,0,0
8531700,Educação superior - graduação,Subclasse,P,85,853,85317,8531700,0,0,0,0,0,0,0,Alta remuneração e alto emprego,3.0,4.0,373.0,73.0,55.0,1305251613051767.0,213897.0,7763421320599999.0,3629513887805813.0,886916207337429.0,0,0,0
8532500,Educação superior - graduação e pós-graduação,Subclasse,P,85,853,85325,8532500,0,0,0,0,0,0,0,Alta remuneração e alto emprego,4.0,4.0,309.0,54.0,32.0,1468622390978773.0,270521.0,110475341661.0,4083799101030973.0,1174777386320146.0,0,0,0
8533300,Educação superior - pós-graduação e extensão,Subclasse,P,85,853,85333,8533300,0,0,0,0,0,0,0,Alta remuneração e alto emprego,4.0,3.0,180.0,450.0,303.0,1878966976893111.0,25050.0,13088235522.0,5224844519760479.0,577697561533656.0,0,0,0
8541400,Educação profissional de nível técnico,Subclasse,P,85,854,85414,8541400,0,0,0,0,0,0,0,Baixa remuneração e alto emprego,1.0,4.0,1113.0,294.0,421.0,66891401912874.0,46954.0,8733676825.0,1860049585764791.0,152931231624437.0,0,0,0
8542200,Educação profissional de nível tecnológico,Subclasse,P,85,854,85422,8542200,0,0,0,0,0,0,0,Alta remuneração e baixo emprego,3.0,2.0,343.0,920.0,900.0,1380625411226131.0,3810.0,1462699329.0,3839105850393701.0,303747965374621.0,0,0,0
8550301,Administração de caixas escolares,Subclasse,P,85,855,85503,8550301,0,0,0,0,0,0,0,Baixa remuneração e baixo emprego,1.0,2.0,1293.0,739.0,905.0,5399657379830979.0,9361.0,1405538263.0,1501483028522594.0,39299492899683.0,0,0,0
8550302,"Atividades de apoio à educação, exceto caixas escolares",Subclasse,P,85,855,85503,8550302,0,0,0,0,0,0,0,Alta remuneração e alto emprego,3.0,4.0,396.0,226.0,201.0,1271353123259686.0,62326.0,22033813724.0,3535252338349967.0,428859965953062.0,0,0,0
8591100,Ensino de esportes,Subclasse,P,85,859,85911,8591100,0,0,0,0,0,0,0,Baixa remuneração e alto emprego,1.0,3.0,1185.0,534.0,692.0,6274758254479423.0,19470.0,3397169169.0,1744822377503852.0,84102769235836.0,0,0,0
8592901,Ensino de dança,Subclasse,P,85,859,85929,8592901,0,0,0,0,0,0,0,Baixa remuneração e baixo emprego,1.0,2.0,1274.0,963.0,1070.0,5672961843658715.0,3223.0,508422067.0,1577480816009929.0,35147387892702.0,0,0,0
8592902,"Ensino de artes cênicas, exceto dança",Subclasse,P,85,859,85929,8592902,0,0,0,0,0,0,0,Baixa remuneração e baixo emprego,1.0,1.0,1305.0,1250.0,1272.0,5229482631899354.0,186.0,27047423.0,145416252688172.0,17418349925993.0,0,0,0
8592903,Ensino de música,Subclasse,P,85,859,85929,8592903,0,0,0,0,0,0,0,Alta remuneração e baixo emprego,3.0,2.0,492.0,849.0,838.0,1133352833162533.0,5784.0,1822836192.0,3151514854771784.0,211985811585245.0,0,0,0
8592999,Ensino de arte e cultura não especificado anteriormente,Subclasse,P,85,859,85929,8592999,0,0,0,0,0,0,0,Baixa remuneração e baixo emprego,1.0,2.0,1083.0,877.0,986.0,6857565445785215.0,4798.0,9149227540000000.0,1906883605669029.0,70657387870323.0,0,0,0
8593700,Ensino de idiomas,Subclasse,P,85,859,85937,8593700,0,0,0,0,0,0,0,Baixa remuneração e alto emprego,1.0,4.0,1178.0,179.0,280.0,6292127032145878.0,86707.0,15170708589.0,1749652114477493.0,219612946181934.0,0,0,0
8599601,Formação de condutores,Subclasse,P,85,859,85996,8599601,0,0,0,0,0,0,0,Baixa remuneração e alto emprego,1.0,4.0,1052.0,149.0,211.0,7017020421186863.0,108990.0,21266382306.0,1951223259565098.0,29438174984281.0,0,0,0
8599602,Cursos de pilotagem,Subclasse,P,85,859,85996,8599602,0,0,0,0,0,0,0,Baixa remuneração e baixo emprego,2.0,1.0,947.0,1117.0,1146.0,7630669469390352.0,1227.0,260352306.0,2121860684596577.0,84041387295822.0,0,0,0
8599603,Treinamento em informática,Subclasse,P,85,859,85996,8599603,0,0,0,0,0,0,0,Baixa remuneração e alto emprego,1.0,3.0,1147.0,544.0,694.0,6483791125547829.0,18708.0,3372955417.0,1802948159610862.0,8869663393577.0,0,0,0
8599604,Treinamento em desenvolvimento profissional e gerencial,Subclasse,P,85,859,85996,8599604,0,0,0,0,0,0,0,Baixa remuneração e alto emprego,1.0,4.0,1008.0,110.0,160.0,7257204836996752.0,145221.0,29305762676.0,201801135345439.0,381777359311882.0,0,0,0
8599605,Cursos preparatórios para concursos,Subclasse,P,85,859,85996,8599605,0,0,0,0,0,0,0,Baixa remuneração e alto emprego,2.0,3.0,984.0,502.0,612.0,7399001758573909.0,21315.0,4385435132.0,2057440831339432.0,12112315662475.0,0,0,0
8599699,Outras atividades de ensino não especificadas anteriormente,Subclasse,P,85,859,85996,8599699,0,0,0,0,0,0,0,Alta remuneração e alto emprego,4.0,4.0,292.0,76.0,47.0,1511562864050508.0,206182.0,86662494495.0,4203203698431483.0,1001528883781233.0,0,0,0
8610101,"Atividades de atendimento hospitalar, exceto pronto-socorro e unidades para atendimento a urgências",Subclasse,Q,86,861,86101,8610101,0,0,0,0,0,0,0,Alta remuneração e alto emprego,3.0,4.0,376.0,7.0,1.0,1300762227477138.0,1429616.0,517096431908.0,3617030250836588.0,4422404047627502.0,0,0,0
8610102,Atividades de atendimento em pronto-socorro e unidades hospitalares para atendimento a urgências,Subclasse,Q,86,861,86101,8610102,0,0,0,0,0,0,0,Alta remuneração e alto emprego,3.0,4.0,460.0,31.0,24.0,1169748440717846.0,433597.0,141036969497.0,3252720140983448.0,1396225994183657.0,0,0,0
8621601,UTI móvel,Subclasse,Q,86,862,86216,8621601,0,0,0,0,0,0,0,Baixa remuneração e alto emprego,2.0,3.0,757.0,511.0,559.0,8861138358502679.0,20859.0,5139693555.0,2464017237163814.0,163384828734817.0,0,0,0
8621602,"Serviços móveis de atendimento a urgências, exceto por UTI móvel",Subclasse,Q,86,862,86216,8621602,0,0,0,0,0,0,0,Baixa remuneração e baixo emprego,2.0,2.0,802.0,836.0,897.0,8550984584544132.0,6203.0,1474932443.0,2377772759954861.0,120334241683097.0,0,0,0
8622400,"Serviços de remoção de pacientes, exceto os serviços móveis de atendimento a urgências",Subclasse,Q,86,862,86224,8622400,0,0,0,0,0,0,0,Baixa remuneração e baixo emprego,2.0,2.0,918.0,845.0,923.0,782599367116336.0,5896.0,1283072483.0,2176174496268657.0,99640205925752.0,0,0,0
8630501,Atividade médica ambulatorial com recursos para realização de procedimentos cirúrgicos,Subclasse,Q,86,863,86305,8630501,0,0,0,0,0,0,0,Baixa remuneração e alto emprego,2.0,4.0,701.0,183.0,202.0,9196798437758794.0,85924.0,21973810693.0,2557354254108282.0,329359066472631.0,0,0,0
8630502,Atividade médica ambulatorial com recursos para realização de exames complementares,Subclasse,Q,86,863,86305,8630502,0,0,0,0,0,0,0,Baixa remuneração e alto emprego,3.0,4.0,623.0,97.0,112.0,9749754150662300.0,162771.0,44129084758.0,2711114680010567.0,540566668401458.0,0,0,0
8630503,Atividade médica ambulatorial restrita a consultas,Subclasse,Q,86,863,86305,8630503,0,0,0,0,0,0,0,Baixa remuneração e alto emprego,2.0,4.0,798.0,67.0,87.0,8565933548245243.0,230994.0,5502114504400001.0,2381929619124307.0,64080209864043.0,0,0,0
8630504,Atividade odontológica,Subclasse,Q,86,863,86305,8630504,0,0,0,0,0,0,0,Baixa remuneração e alto emprego,1.0,4.0,1234.0,55.0,110.0,5999243996679647.0,269995.0,45040838932.0,1668210112483564.0,569149884291334.0,0,0,0
8630505,,,,,,,,0,0,0,0,0,0,0,,,,,,,,,,,,0,0,0
8630506,Serviços de vacinação e imunização humana,Subclasse,Q,86,863,86305,8630506,0,0,0,0,0,0,0,Baixa remuneração e baixo emprego,3.0,2.0,640.0,885.0,932.0,9575876705666092.0,4596.0,1223806596.0,2662764569190601.0,144691744839156.0,0,0,0
8630507,Atividades de reprodução humana assistida,Subclasse,Q,86,863,86305,8630507,0,0,0,0,0,0,0,Alta remuneração e baixo emprego,4.0,1.0,322.0,1001.0,964.0,1433919294935582.0,2575.0,1026729797.0,3987300182524272.0,320852032728364.0,0,0,0
8630599,Atividades de atenção ambulatorial não especificadas anteriormente,Subclasse,Q,86,863,86305,8630599,0,0,0,0,0,0,0,Alta remuneração e alto emprego,4.0,4.0,219.0,264.0,185.0,1709004195301315.0,53396.0,25375001532.0,4752228918271031.0,604189931795197.0,0,0,0
8640201,Laboratórios de anatomia patológica e citológica,Subclasse,Q,86,864,86402,8640201,0,0,0,0,0,0,0,Baixa remuneração e alto emprego,2.0,3.0,726.0,568.0,629.0,9033940808025728.0,16630.0,4177569789.0,2512068423932652.0,158445850738434.0,0,0,0
8640202,Laboratórios clínicos,Subclasse,Q,86,864,86402,8640202,0,0,0,0,0,0,0,Baixa remuneração e alto emprego,2.0,4.0,773.0,72.0,89.0,8766147401323543.0,216664.0,52814083728.0,243760309640734.0,618841586649958.0,0,0,0
8640203,Serviços de diálise e nefrologia,Subclasse,Q,86,864,86402,8640203,0,0,0,0,0,0,0,Alta remuneração e alto emprego,3.0,3.0,577.0,339.0,369.0,1023693392947546.0,38041.0,10828693193.0,2846584788254778.0,250522635293967.0,0,0,0
8640204,Serviços de tomografia,Subclasse,Q,86,864,86402,8640204,0,0,0,0,0,0,0,Baixa remuneração e baixo emprego,2.0,2.0,754.0,740.0,789.0,8882258532101246.0,9359.0,2311570168.0,2469890125013356.0,136915130572449.0,0,0,0
8640205,"Serviços de diagnóstico por imagem com uso de radiação ionizante, exceto tomografia",Subclasse,Q,86,864,86402,8640205,0,0,0,0,0,0,0,Baixa remuneração e alto emprego,2.0,4.0,739.0,205.0,240.0,8986057933298747.0,69887.0,17463039496.0,2498753630288895.0,28327520839109.0,0,0,0
8640206,Serviços de ressonância magnética,Subclasse,Q,86,864,86402,8640206,0,0,0,0,0,0,0,Alta remuneração e baixo emprego,3.0,2.0,595.0,702.0,735.0,1004979440737731.0,10524.0,2940981148.0,2794546890916002.0,17316549378981.0,0,0,0
8640207,"Serviços de diagnóstico por imagem sem uso de radiação ionizante, exceto ressonância magnética",Subclasse,Q,86,864,86402,8640207,0,0,0,0,0,0,0,Baixa remuneração e alto emprego,2.0,3.0,963.0,594.0,717.0,7550602466323979.0,15056.0,3161152413.0,2099596448591923.0,111990409985.0,0,0,0
8640208,"Serviços de diagnóstico por registro gráfico - ECG, EEG e outros exames análogos",Subclasse,Q,86,864,86402,8640208,0,0,0,0,0,0,0,Baixa remuneração e baixo emprego,2.0,2.0,965.0,913.0,999.0,7526818819157731.0,3944.0,825472467.0,2092982928498986.0,87150163597923.0,0,0,0
8640209,Serviços de diagnóstico por métodos ópticos - endoscopia e outros exames análogos,Subclasse,Q,86,864,86402,8640209,0,0,0,0,0,0,0,Baixa remuneração e baixo emprego,2.0,2.0,751.0,835.0,884.0,8893550148816318.0,6208.0,1535257015.0,2473029985502577.0,129803002919967.0,0,0,0
8640210,Serviços de quimioterapia,Subclasse,Q,86,864,86402,8640210,0,0,0,0,0,0,0,Alta remuneração e baixo emprego,4.0,2.0,328.0,714.0,651.0,140975015664331.0,10042.0,3936557437.0,3920093046205935.0,334232705676959.0,0,0,0
8640211,Serviços de radioterapia,Subclasse,Q,86,864,86402,8640211,0,0,0,0,0,0,0,Alta remuneração e baixo emprego,4.0,1.0,273.0,1103.0,1046.0,1551437384826979.0,1389.0,599226101.0,4314082800575954.0,362935337918965.0,0,0,0
8640212,Serviços de hemoterapia,Subclasse,Q,86,864,86402,8640212,0,0,0,0,0,0,0,Alta remuneração e baixo emprego,3.0,2.0,459.0,717.0,708.0,1169759284998269.0,9977.0,324526897.0,3252750295680064.0,237839126559079.0,0,0,0
8640213,Serviços de litotripsia,Subclasse,Q,86,864,86402,8640213,0,0,0,0,0,0,0,Baixa remuneração e baixo emprego,3.0,1.0,658.0,1272.0,1270.0,9479884052562008.0,106.0,27942362.0,2636071886792453.0,131123155062317.0,0,0,0
8640214,Serviços de bancos de células e tecidos humanos,Subclasse,Q,86,864,86402,8640214,0,0,0,0,0,0,0,Alta remuneração e baixo emprego,4.0,1.0,252.0,1227.0,1194.0,1614661831941318.0,322.0,144574492.0,4489891055900621.0,383991527185108.0,0,0,0
8640299,Atividades de serviços de complementação diagnóstica e terapêutica não especificadas anteriormente,Subclasse,Q,86,864,86402,8640299,0,0,0,0,0,0,0,Baixa remuneração e alto emprego,3.0,3.0,625.0,368.0,404.0,9737688329442512.0,34256.0,9275701068000000.0,2707759536431574.0,222414676721671.0,0,0,0
8650001,Atividades de enfermagem,Subclasse,Q,86,865,86500,8650001,0,0,0,0,0,0,0,Baixa remuneração e baixo emprego,2.0,2.0,831.0,755.0,816.0,83254196012697.0,8743.0,2024048121.0,2315049892485417.0,119901397724336.0,0,0,0
8650002,Atividades de profissionais da nutrição,Subclasse,Q,86,865,86500,8650002,0,0,0,0,0,0,0,Baixa remuneração e baixo emprego,1.0,2.0,1144.0,929.0,1030.0,6528022225655585.0,3674.0,666921933.0,1815247504082744.0,59329725271736.0,0,0,0
8650003,Atividades de psicologia e psicanálise,Subclasse,Q,86,865,86500,8650003,0,0,0,0,0,0,0,Baixa remuneração e alto emprego,2.0,3.0,945.0,360.0,463.0,7644868603732344.0,35243.0,7491988795.0,2125809038674347.0,158907993772343.0,0,0,0
8650004,Atividades de fisioterapia,Subclasse,Q,86,865,86500,8650004,0,0,0,0,0,0,0,Baixa remuneração e alto emprego,2.0,4.0,925.0,249.0,328.0,7749084072034623.0,56333.0,12138568591.0,2154788239752898.0,208667676774042.0,0,0,0
8650005,Atividades de terapia ocupacional,Subclasse,Q,86,865,86500,8650005,0,0,0,0,0,0,0,Baixa remuneração e baixo emprego,2.0,2.0,795.0,809.0,867.0,8609561025695639.0,6812.0,1630834431.0,2394061114210218.0,123363818112672.0,0,0,0
8650006,Atividades de fonoaudiologia,Subclasse,Q,86,865,86500,8650006,0,0,0,0,0,0,0,Baixa remuneração e baixo emprego,1.0,2.0,1041.0,691.0,802.0,7078859577553203.0,10857.0,2137112375.0,1968418877222069.0,8953092023205.0,0,0,0
8650007,Atividades de terapia de nutrição enteral e parenteral,Subclasse,Q,86,865,86500,8650007,0,0,0,0,0,0,0,Baixa remuneração e baixo emprego,2.0,1.0,781.0,1207.0,1210.0,8703568624205543.0,469.0,113507465.0,2420201812366738.0,111174787003593.0,0,0,0
8650099,Atividades de profissionais da área de saúde não especificadas anteriormente,Subclasse,Q,86,865,86500,8650099,0,0,0,0,0,0,0,Baixa remuneração e alto emprego,2.0,3.0,892.0,464.0,549.0,7962613307253082.0,23883.0,528808866.0,2214164326089687.0,143560239003341.0,0,0,0
8660700,Atividades de apoio à gestão de saúde,Subclasse,Q,86,866,86607,8660700,0,0,0,0,0,0,0,Alta remuneração e alto emprego,4.0,4.0,242.0,41.0,20.0,1642427068114977.0,333758.0,152430544876.0,4567097863601772.0,151842828096285.0,0,0,0
8690901,Atividades de práticas integrativas e complementares em saúde humana,Subclasse,Q,86,869,86909,8690901,0,0,0,0,0,0,0,Baixa remuneração e baixo emprego,2.0,2.0,957.0,736.0,819.0,7587447874529301.0,9380.0,1979031846.0,2109842053304904.0,100666627087506.0,0,0,0
8690902,Atividades de bancos de leite humano,Subclasse,Q,86,869,86909,8690902,0,0,0,0,0,0,0,Alta remuneração e baixo emprego,3.0,1.0,451.0,1313.0,1310.0,1175590443005368.0,6.0,1961379.0,3268965.0,212832347869923.0,0,0,0
8690903,Atividades de acupuntura,Subclasse,Q,86,869,86909,8690903,0,0,0,0,0,0,0,Baixa remuneração e baixo emprego,1.0,1.0,1119.0,1188.0,1213.0,6657755939032682.0,577.0,106821312.0,1851322564991335.0,56496640324113.0,0,0,0
8690904,Atividades de podologia,Subclasse,Q,86,869,86909,8690904,0,0,0,0,0,0,0,Baixa remuneração e baixo emprego,1.0,1.0,1121.0,1097.0,1145.0,6647531067079933.0,1412.0,261005282.0,184847933427762.0,57938527724005.0,0,0,0
8690999,Outras atividades de atenção à saúde humana não especificadas anteriormente,Subclasse,Q,86,869,86909,8690999,0,0,0,0,0,0,0,Alta remuneração e alto emprego,4.0,4.0,319.0,325.0,260.0,144749609568702.0,39932.0,16072842438.0,4025053199939898.0,442260869064092.0,0,0,0
8711501,Clínicas e residências geriátricas,Subclasse,Q,87,871,87115,8711501,0,0,0,0,0,0,0,Baixa remuneração e baixo emprego,1.0,2.0,1077.0,719.0,829.0,6869176019057297.0,9910.0,1892921149.0,1910112158425832.0,81636265398953.0,0,0,0
8711502,Instituições de longa permanência para idosos,Subclasse,Q,87,871,87115,8711502,0,0,0,0,0,0,0,Baixa remuneração e alto emprego,1.0,4.0,1104.0,127.0,197.0,672702024939299.0,124187.0,23230207806.0,1870582895633198.0,31376987868804.0,0,0,0
8711503,"Atividades de assistência a deficientes físicos, imunodeprimidos e convalescentes",Subclasse,Q,87,871,87115,8711503,0,0,0,0,0,0,0,Baixa remuneração e baixo emprego,2.0,2.0,782.0,777.0,832.0,8698422890040237.0,7795.0,1885431946.0,2418770937780629.0,128115926819172.0,0,0,0
8711504,Centros de apoio a pacientes com câncer e com AIDS,Subclasse,Q,87,871,87115,8711504,0,0,0,0,0,0,0,Baixa remuneração e baixo emprego,2.0,1.0,737.0,1028.0,1062.0,8991413070127122.0,2195.0,54880328.0,2500242733485194.0,122991060240377.0,0,0,0
8711505,Condomínios residenciais para idosos,Subclasse,Q,87,871,87115,8711505,0,0,0,0,0,0,0,Baixa remuneração e baixo emprego,1.0,2.0,1165.0,919.0,1029.0,6368510226975873.0,3822.0,67683492.0,1770891993720565.0,5527909663778.0,0,0,0
8712300,Atividades de fornecimento de infraestrutura de apoio e assistência a paciente no domicílio,Subclasse,Q,87,871,87123,8712300,0,0,0,0,0,0,0,Baixa remuneração e alto emprego,2.0,3.0,851.0,378.0,457.0,8239748250279325.0,33601.0,76987527.0,2291227255141216.0,173926120219297.0,0,0,0
8720401,Atividades de centros de assistência psicossocial,Subclasse,Q,87,872,87204,8720401,0,0,0,0,0,0,0,Baixa remuneração e baixo emprego,3.0,2.0,632.0,880.0,925.0,9647226484331598.0,4771.0,1279870753.0,268260480612031.0,14707633753942.0,0,0,0
8720499,"Atividades de assistência psicossocial e à saúde a portadores de distúrbios psíquicos, deficiência mental e dependência química e grupos similares não especificadas anteriormente",Subclasse,Q,87,872,87204,8720499,0,0,0,0,0,0,0,Baixa remuneração e alto emprego,2.0,3.0,724.0,558.0,600.0,9048863290436268.0,17976.0,4523153332.0,2516217919448153.0,162080089811216.0,0,0,0
8730101,Orfanatos,Subclasse,Q,87,873,87301,8730101,0,0,0,0,0,0,0,Baixa remuneração e baixo emprego,2.0,2.0,836.0,810.0,876.0,8295938379103619.0,6794.0,1567275281.0,230685204739476.0,114639185048755.0,0,0,0
8730102,Albergues assistenciais,Subclasse,Q,87,873,87301,8730102,0,0,0,0,0,0,0,Baixa remuneração e baixo emprego,2.0,2.0,827.0,795.0,858.0,8363236342886581.0,7182.0,1670221211.0,232556559593428.0,117389447940957.0,0,0,0
8730199,Atividades de assistência social prestadas em residências coletivas e particulares não especificadas anteriormente,Subclasse,Q,87,873,87301,8730199,0,0,0,0,0,0,0,Baixa remuneração e alto emprego,2.0,3.0,779.0,369.0,432.0,8711006313728552.0,34213.0,8287312389.0,2422270011106889.0,190099424030342.0,0,0,0
8800600,Serviços de assistência social sem alojamento,Subclasse,Q,88,880,88006,8800600,0,0,0,0,0,0,0,Baixa remuneração e alto emprego,2.0,4.0,711.0,57.0,68.0,9136984853110368.0,261099.0,66337994405.0,2540721887291793.0,745783453429942.0,0,0,0
891600,"Extração de minerais para fabricação de adubos, fertilizantes e outros produtos químicos",Subclasse,B,08,089,08916,0891600,0,0,0,0,0,0,0,Alta remuneração e baixo emprego,4.0,2.0,189.0,762.0,618.0,1855657225686878.0,8371.0,431945867.0,5160027081591208.0,506893115834237.0,0,0,0
892401,Extração de sal marinho,Subclasse,B,08,089,08924,0892401,0,0,0,0,0,0,0,Baixa remuneração e baixo emprego,2.0,2.0,731.0,912.0,971.0,9019127379694612.0,3963.0,9939002890000000.0,2507949253091093.0,12793921256551.0,0,0,0
892402,Extração de sal-gema,Subclasse,B,08,089,08924,0892402,0,0,0,0,0,0,0,Alta remuneração e baixo emprego,4.0,1.0,5.0,1303.0,1253.0,814620897124977.0,23.0,52099986.0,2265216782608696.0,2913611625720028.0,0,0,0
892403,Refino e outros tratamentos do sal,Subclasse,B,08,089,08924,0892403,0,0,0,0,0,0,0,Baixa remuneração e baixo emprego,2.0,2.0,874.0,962.0,1018.0,8088975277045809.0,3228.0,726074623.0,2249301806071871.0,100887949349261.0,0,0,0
893200,Extração de gemas (pedras preciosas e semipreciosas),Subclasse,B,08,089,08932,0893200,0,0,0,0,0,0,0,Alta remuneração e baixo emprego,3.0,1.0,572.0,1101.0,1097.0,1033096700723827.0,1400.0,40218256.0,2872732571428572.0,161182894524281.0,0,0,0
899101,Extração de grafita,Subclasse,B,08,089,08991,0899101,0,0,0,0,0,0,0,Alta remuneração e baixo emprego,4.0,1.0,285.0,1124.0,1080.0,1536168244787834.0,1117.0,477140389.0,4271623894359892.0,35611356736377.0,0,0,0
899102,Extração de quartzo,Subclasse,B,08,089,08991,0899102,0,0,0,0,0,0,0,Baixa remuneração e baixo emprego,2.0,1.0,812.0,1108.0,1128.0,8438026744087981.0,1344.0,315351129.0,2346362566964286.0,106058122728363.0,0,0,0
899103,Extração de amianto,Subclasse,B,08,089,08991,0899103,0,0,0,0,0,0,0,Alta remuneração e baixo emprego,4.0,1.0,217.0,1187.0,1141.0,1727374192825155.0,578.0,27763134.0,4803310380622837.0,428598643834789.0,0,0,0
899199,Extração de outros minerais não metálicos não especificados anteriormente,Subclasse,B,08,089,08991,0899199,0,0,0,0,0,0,0,Alta remuneração e baixo emprego,3.0,2.0,461.0,694.0,682.0,116739962910336.0,10743.0,3487380627.0,3246188799218096.0,238985524750402.0,0,0,0
9001901,Produção teatral,Subclasse,R,90,900,90019,9001901,0,0,0,0,0,0,0,Baixa remuneração e baixo emprego,1.0,1.0,1078.0,1139.0,1174.0,6869133164478376.0,951.0,181650533.0,1910100241850683.0,62952047935914.0,0,0,0
9001902,Produção musical,Subclasse,R,90,900,90019,9001902,0,0,0,0,0,0,0,Baixa remuneração e baixo emprego,2.0,2.0,680.0,840.0,872.0,9342502267437292.0,6104.0,1585739925.0,2597870126146789.0,141945756905779.0,0,0,0
9001903,Produção de espetáculos de dança,Subclasse,R,90,900,90019,9001903,0,0,0,0,0,0,0,Baixa remuneração e baixo emprego,2.0,1.0,712.0,1229.0,1231.0,9127032770195376.0,317.0,80453158.0,2537954511041009.0,122175518393095.0,0,0,0
9001904,"Produção de espetáculos circenses, de marionetes e similares",Subclasse,R,90,900,90019,9001904,0,0,0,0,0,0,0,Baixa remuneração e baixo emprego,1.0,1.0,1302.0,1268.0,1283.0,5297201172391077.0,119.0,17528617.0,1472993025210084.0,1910746867263.0,0,0,0
9001905,"Produção de espetáculos de rodeios, vaquejadas e similares",Subclasse,R,90,900,90019,9001905,0,0,0,0,0,0,0,Baixa remuneração e baixo emprego,1.0,1.0,1211.0,1226.0,1251.0,615291213113442.0,323.0,5526338199999999.0,1710940619195046.0,42436368458506.0,0,0,0
9001906,Atividades de sonorização e de iluminação,Subclasse,R,90,900,90019,9001906,0,0,0,0,0,0,0,Baixa remuneração e baixo emprego,1.0,2.0,1187.0,844.0,963.0,6261599587573902.0,5929.0,1032335748.0,1741163346264125.0,56583736368059.0,0,0,0
9001999,"Artes cênicas, espetáculos e atividades complementares não especificados anteriormente",Subclasse,R,90,900,90019,9001999,0,0,0,0,0,0,0,Baixa remuneração e baixo emprego,2.0,2.0,796.0,757.0,809.0,8606300976524425.0,8643.0,2068403514.0,2393154592155502.0,12751951816865.0,0,0,0
9002701,"Atividades de artistas plásticos, jornalistas independentes e
escritores",Subclasse,R,90,900,90027,9002701,0,0,0,0,0,0,0,Alta remuneração e baixo emprego,3.0,1.0,539.0,1194.0,1182.0,1072750049541494.0,548.0,163468217.0,2982996660583941.0,174401105481632.0,0,0,0
9002702,Restauração de obras de arte,Subclasse,R,90,900,90027,9002702,0,0,0,0,0,0,0,Baixa remuneração e baixo emprego,1.0,1.0,1179.0,1225.0,1245.0,6291799245286978.0,331.0,5791046800000001.0,1749560966767372.0,46176802502511.0,0,0,0
9003500,"Gestão de espaços para artes cênicas, espetáculos e outras atividades artísticas",Subclasse,R,90,900,90035,9003500,0,0,0,0,0,0,0,Alta remuneração e baixo emprego,3.0,1.0,361.0,997.0,972.0,1334905999533564.0,2668.0,990354625.0,3711973856821589.0,28242506426567.0,0,0,0
9101500,Atividades de bibliotecas e arquivos,Subclasse,R,91,910,91015,9101500,0,0,0,0,0,0,0,Baixa remuneração e baixo emprego,2.0,1.0,725.0,1023.0,1058.0,9040257851085784.0,2248.0,565107861.0,2513825004448399.0,124439161228411.0,0,0,0
9102301,Atividades de museus e de exploração de lugares e prédios históricos e atrações similares,Subclasse,R,91,910,91023,9102301,0,0,0,0,0,0,0,Alta remuneração e baixo emprego,3.0,2.0,508.0,970.0,977.0,1115126530306534.0,3134.0,971801051.0,3100832964262923.0,197731112842209.0,0,0,0
9102302,Restauração e conservação de lugares e prédios históricos,Subclasse,R,91,910,91023,9102302,0,0,0,0,0,0,0,Baixa remuneração e baixo emprego,1.0,2.0,1048.0,915.0,1009.0,7047730971565602.0,3930.0,770186837.0,1959762944020356.0,74040278148271.0,0,0,0
9103100,"Atividades de jardins botânicos, zoológicos, parques nacionais, reservas ecológicas e áreas de proteção ambiental",Subclasse,R,91,910,91031,9103100,0,0,0,0,0,0,0,Baixa remuneração e baixo emprego,2.0,2.0,719.0,954.0,998.0,9104941770989828.0,3314.0,8390423859999999.0,2531811665660833.0,12873389591381.0,0,0,0
910600,Atividades de apoio à extração de petróleo e gás natural,Subclasse,B,09,091,09106,0910600,0,0,0,0,0,0,0,Alta remuneração e alto emprego,4.0,4.0,23.0,287.0,77.0,4563395756399632.0,48431.0,6145621293.0,1268943712291714.0,1878694508229239.0,0,0,0
9200301,Casas de bingo,Subclasse,R,92,920,92003,9200301,0,0,0,0,0,0,0,Baixa remuneração e baixo emprego,1.0,1.0,1294.0,1295.0,1303.0,5380042615816525.0,32.0,4787292.0,149602875.0,21162645566697.0,0,0,0
9200302,Exploração de apostas em corridas de cavalos,Subclasse,R,92,920,92003,9200302,0,0,0,0,0,0,0,Alta remuneração e baixo emprego,3.0,1.0,542.0,1178.0,1168.0,1066031590543616.0,649.0,19238402.0,2964314637904468.0,172055431037409.0,0,0,0
9200399,Exploração de jogos de azar e apostas não especificados anteriormente,Subclasse,R,92,920,92003,9200399,0,0,0,0,0,0,0,Alta remuneração e baixo emprego,4.0,1.0,83.0,1078.0,935.0,265140146548153.0,1639.0,1208394304.0,7372753532641855.0,792312742519217.0,0,0,0
9311500,Gestão de instalações de esportes,Subclasse,R,93,931,93115,9311500,0,0,0,0,0,0,0,Baixa remuneração e baixo emprego,1.0,2.0,1010.0,715.0,817.0,7251506693250988.0,9985.0,201340223.0,2016426870305458.0,92541806105441.0,0,0,0
9312300,"Clubes sociais, esportivos e similares",Subclasse,R,93,931,93123,9312300,0,0,0,0,0,0,0,Alta remuneração e alto emprego,3.0,4.0,360.0,126.0,100.0,1335667540488673.0,129550.0,48116055048.0,3714091474179853.0,657984488666039.0,0,0,0
9313100,Atividades de condicionamento físico,Subclasse,R,93,931,93131,9313100,0,0,0,0,0,0,0,Baixa remuneração e alto emprego,1.0,4.0,1284.0,70.0,136.0,556232576464008.0,224855.0,3477868791.0,1546716235351671.0,455389320915271.0,0,0,0
9319101,Produção e promoção de eventos esportivos,Subclasse,R,93,931,93191,9319101,0,0,0,0,0,0,0,Alta remuneração e baixo emprego,3.0,2.0,424.0,729.0,703.0,1224034263709394.0,9644.0,3282502009.0,3403672759228536.0,258659120125325.0,0,0,0
9319199,Outras atividades esportivas não especificadas anteriormente,Subclasse,R,93,931,93191,9319199,0,0,0,0,0,0,0,Baixa remuneração e baixo emprego,3.0,2.0,643.0,700.0,746.0,9550266308859154.0,10552.0,2802234583.0,2655643084723275.0,158557675807349.0,0,0,0
9321200,Parques de diversão e parques temáticos,Subclasse,R,93,932,93212,9321200,0,0,0,0,0,0,0,Baixa remuneração e alto emprego,2.0,3.0,908.0,395.0,481.0,7897794241018198.0,31276.0,6868647729000001.0,2196140084729505.0,158056436757186.0,0,0,0
9329801,"Discotecas, danceterias, salões de dança e similares",Subclasse,R,93,932,93298,9329801,0,0,0,0,0,0,0,Baixa remuneração e baixo emprego,1.0,2.0,1288.0,981.0,1087.0,5537041748769521.0,2876.0,442813552.0,1539685507649513.0,30788099481733.0,0,0,0
9329802,Exploração de boliches,Subclasse,R,93,932,93298,9329802,0,0,0,0,0,0,0,Baixa remuneração e baixo emprego,1.0,1.0,1084.0,1116.0,1157.0,6850044898023652.0,1255.0,239051442.0,1904792366533864.0,63071747424761.0,0,0,0
9329803,"Exploração de jogos de sinuca, bilhar e similares",Subclasse,R,93,932,93298,9329803,0,0,0,0,0,0,0,Baixa remuneração e baixo emprego,1.0,1.0,996.0,1202.0,1219.0,7339345092089054.0,486.0,99185412.0,2040852098765432.0,7460176372278.0,0,0,0
9329804,Exploração de jogos eletrônicos recreativos,Subclasse,R,93,932,93298,9329804,0,0,0,0,0,0,0,Baixa remuneração e baixo emprego,1.0,1.0,1181.0,992.0,1079.0,6288021835452968.0,2731.0,47751824.0,1748510582204321.0,50892944579572.0,0,0,0
9329899,Outras atividades de recreação e lazer não especificadas anteriormente,Subclasse,R,93,932,93298,9329899,0,0,0,0,0,0,0,Baixa remuneração e alto emprego,1.0,3.0,1053.0,379.0,491.0,7014391117830213.0,33433.0,6521080335.0,1950492129034188.0,135231491158617.0,0,0,0
9411100,Atividades de organizações associativas patronais e empresariais,Subclasse,S,94,941,94111,9411100,0,0,0,0,0,0,0,Alta remuneração e alto emprego,4.0,4.0,225.0,291.0,200.0,1691109953594009.0,47210.0,22200362713.0,4702470390383393.0,574721439929.0,0,0,0
9412000,,,,,,,,0,0,0,0,0,0,0,,,,,,,,,,,,0,0,0
9412001,Atividades de fiscalização profissional,Subclasse,S,94,941,94120,9412001,0,0,0,0,0,0,0,Alta remuneração e baixo emprego,4.0,1.0,256.0,1277.0,1267.0,1606162261736812.0,81.0,36176676.0,4466256296296297.0,379894580749108.0,0,0,0
9412099,Outras atividades associativas profissionais,Subclasse,S,94,941,94120,9412099,0,0,0,0,0,0,0,Baixa remuneração e alto emprego,2.0,3.0,772.0,349.0,419.0,8768298367850907.0,36100.0,8801906389.0,2438201215789474.0,196313707869823.0,0,0,0
9420100,Atividades de organizações sindicais,Subclasse,S,94,942,94201,9420100,0,0,0,0,0,0,0,Baixa remuneração e alto emprego,1.0,4.0,1307.0,81.0,168.0,5205829943175545.0,190360.0,27556236101.0,144758542241017.0,370846459019337.0,0,0,0
9430800,Atividades de associações de defesa de direitos sociais,Subclasse,S,94,943,94308,9430800,0,0,0,0,0,0,0,Baixa remuneração e alto emprego,2.0,4.0,720.0,18.0,19.0,9095145476883328.0,602827.0,152460229644.0,2529087609612708.0,1558096910769328.0,0,0,0
9491000,Atividades de organizações religiosas ou filosóficas,Subclasse,S,94,949,94910,9491000,0,0,0,0,0,0,0,Baixa remuneração e alto emprego,2.0,4.0,844.0,111.0,142.0,8260861301408705.0,144110.0,33103481619.0,2297098162445354.0,425717551013745.0,0,0,0
9492800,Atividades de organizações políticas,Subclasse,S,94,949,94928,9492800,0,0,0,0,0,0,0,Alta remuneração e baixo emprego,4.0,1.0,212.0,1037.0,969.0,1753312354276337.0,2048.0,998489424.0,4875436640625.0,443840599807765.0,0,0,0
9493600,Atividades de organizações associativas ligadas à cultura e à arte,Subclasse,S,94,949,94936,9493600,0,0,0,0,0,0,0,Alta remuneração e alto emprego,3.0,3.0,455.0,463.0,453.0,117393139367357.0,23926.0,7810287831.0,3264351680598512.0,277733480177194.0,0,0,0
9499500,Atividades associativas não especificadas anteriormente,Subclasse,S,94,949,94995,9499500,0,0,0,0,0,0,0,Alta remuneração e alto emprego,3.0,4.0,520.0,144.0,139.0,109746498096629.0,111308.0,33968101496.0,3051721484170051.0,476104777123039.0,0,0,0
9511800,Reparação e manutenção de computadores e de equipamentos periféricos,Subclasse,S,95,951,95118,9511800,0,0,0,0,0,0,0,Baixa remuneração e alto emprego,3.0,4.0,614.0,322.0,356.0,983268278052246.0,40269.0,11010247893.0,2734174648737242.0,240330503823917.0,0,0,0
9512600,Reparação e manutenção de equipamentos de comunicação,Subclasse,S,95,951,95126,9512600,0,0,0,0,0,0,0,Baixa remuneração e alto emprego,1.0,3.0,1068.0,479.0,615.0,6930969052044266.0,22549.0,4345857384.0,1927294950552131.0,109835258053964.0,0,0,0
9521500,Reparação e manutenção de equipamentos eletroeletrônicos de uso pessoal e doméstico,Subclasse,S,95,952,95215,9521500,0,0,0,0,0,0,0,Baixa remuneração e alto emprego,1.0,3.0,1088.0,430.0,558.0,6842354183023108.0,27401.0,5213461702.0,1902653808985074.0,117295040989921.0,0,0,0
9529101,"Reparação de calçados, bolsas e artigos de viagem",Subclasse,S,95,952,95291,9529101,0,0,0,0,0,0,0,Baixa remuneração e baixo emprego,1.0,1.0,1259.0,1020.0,1112.0,5801384546625596.0,2258.0,364258601.0,1613191324180691.0,36767336586424.0,0,0,0
9529102,Chaveiros,Subclasse,S,95,952,95291,9529102,0,0,0,0,0,0,0,Baixa remuneração e baixo emprego,1.0,2.0,1208.0,904.0,1020.0,6197173774134754.0,4160.0,716871358.0,1723248456730769.0,51278300657503.0,0,0,0
9529103,Reparação de relógios,Subclasse,S,95,952,95291,9529103,0,0,0,0,0,0,0,Baixa remuneração e baixo emprego,1.0,1.0,1225.0,1197.0,1228.0,6047008355083727.0,523.0,87942029.0,1681491950286807.0,39991444955864.0,0,0,0
9529104,"Reparação de bicicletas, triciclos e outros veículos não motorizados",Subclasse,S,95,952,95291,9529104,0,0,0,0,0,0,0,Baixa remuneração e baixo emprego,1.0,1.0,1224.0,1130.0,1177.0,6057123833395799.0,1071.0,18038904.0,1684304761904762.0,4134594327239.0,0,0,0
9529105,Reparação de artigos do mobiliário,Subclasse,S,95,952,95291,9529105,0,0,0,0,0,0,0,Baixa remuneração e baixo emprego,1.0,2.0,1100.0,693.0,814.0,6743184997716678.0,10797.0,2024521531.0,1875077828100398.0,79930050568582.0,0,0,0
9529106,Reparação de jóias,Subclasse,S,95,952,95291,9529106,0,0,0,0,0,0,0,Baixa remuneração e baixo emprego,1.0,1.0,1019.0,1082.0,1125.0,7204613354866992.0,1607.0,321944329.0,2003387237087741.0,73374150607531.0,0,0,0
9529199,Reparação e manutenção de outros objetos e equipamentos pessoais e domésticos não especificados anteriormente,Subclasse,S,95,952,95291,9529199,0,0,0,0,0,0,0,Baixa remuneração e alto emprego,1.0,2.0,1080.0,660.0,795.0,686394262219331.0,11877.0,2266911809.0,1908656907468216.0,8558977288789.0,0,0,0
9601701,Lavanderias,Subclasse,S,96,960,96017,9601701,0,0,0,0,0,0,0,Baixa remuneração e alto emprego,1.0,4.0,1261.0,202.0,344.0,5797142710174742.0,70844.0,11420136371.0,1612011796482412.0,169796699417368.0,0,0,0
9601702,Tinturarias,Subclasse,S,96,960,96017,9601702,0,0,0,0,0,0,0,Baixa remuneração e baixo emprego,2.0,1.0,745.0,1199.0,1199.0,8947760045934989.0,520.0,129381415.0,2488104134615384.0,117848379893718.0,0,0,0
9601703,Toalheiros,Subclasse,S,96,960,96017,9601703,0,0,0,0,0,0,0,Baixa remuneração e alto emprego,2.0,3.0,927.0,442.0,530.0,7737714398490648.0,25920.0,5577016339.0,2151626673996914.0,14130285536977.0,0,0,0
9602501,"Cabeleireiros, manicure e pedicure",Subclasse,S,96,960,96025,9602501,0,0,0,0,0,0,0,Baixa remuneração e alto emprego,1.0,4.0,1291.0,230.0,403.0,5405317012272511.0,61886.0,930181733.0,1503056802831012.0,138656725531327.0,0,0,0
9602502,Atividades de estética e outros serviços de cuidados com a beleza,Subclasse,S,96,960,96025,9602502,0,0,0,0,0,0,0,Baixa remuneração e alto emprego,1.0,4.0,1164.0,176.0,257.0,6370652269085603.0,91091.0,16136657984.0,177148763148939.0,231479161379345.0,0,0,0
9603301,Gestão e manutenção de cemitérios,Subclasse,S,96,960,96033,9603301,0,0,0,0,0,0,0,Baixa remuneração e alto emprego,2.0,3.0,732.0,606.0,675.0,9017588126220800.0,14528.0,3642926847.0,250752123279185.0,152980869591168.0,0,0,0
9603302,Serviços de cremação,Subclasse,S,96,960,96033,9603302,0,0,0,0,0,0,0,Baixa remuneração e baixo emprego,2.0,1.0,838.0,1165.0,1175.0,8281441797508931.0,784.0,180541165.0,2302820982142857.0,100563531026615.0,0,0,0
9603303,Serviços de sepultamento,Subclasse,S,96,960,96033,9603303,0,0,0,0,0,0,0,Baixa remuneração e baixo emprego,2.0,1.0,867.0,1048.0,1091.0,8137822465442526.0,1913.0,432889852.0,226288474647151.0,99250328380472.0,0,0,0
9603304,Serviços de funerárias,Subclasse,S,96,960,96033,9603304,0,0,0,0,0,0,0,Baixa remuneração e alto emprego,2.0,4.0,910.0,252.0,322.0,7883157956644129.0,55769.0,12224956144.0,2192070172317955.0,212019492170411.0,0,0,0
9603305,Serviços de somatoconservação,Subclasse,S,96,960,96033,9603305,0,0,0,0,0,0,0,Baixa remuneração e baixo emprego,2.0,1.0,806.0,1115.0,1133.0,8495335018817108.0,1269.0,299775652.0,2362298282111899.0,107429956259256.0,0,0,0
9603399,Atividades funerárias e serviços relacionados não especificados anteriormente,Subclasse,S,96,960,96033,9603399,0,0,0,0,0,0,0,Baixa remuneração e baixo emprego,2.0,2.0,859.0,811.0,879.0,8196443362982764.0,6786.0,1546655255.0,2279185462717359.0,111866478283513.0,0,0,0
9609202,Agências matrimoniais,Subclasse,S,96,960,96092,9609202,0,0,0,0,0,0,0,Baixa remuneração e baixo emprego,1.0,1.0,1203.0,1280.0,1286.0,6216286907365011.0,77.0,13309937.0,1728563246753247.0,43644399801556.0,0,0,0
9609203,,,,,,,,0,0,0,0,0,0,0,,,,,,,,,,,,0,0,0
9609204,Exploração de máquinas de serviços pessoais acionadas por moeda,Subclasse,S,96,960,96092,9609204,0,0,0,0,0,0,0,Baixa remuneração e baixo emprego,1.0,1.0,1176.0,1265.0,1276.0,6299491389994997.0,128.0,22421759.0,1751699921875.0,45975293753719.0,0,0,0
9609205,Atividades de sauna e banhos,Subclasse,S,96,960,96092,9609205,0,0,0,0,0,0,0,Baixa remuneração e baixo emprego,1.0,1.0,1102.0,1215.0,1232.0,6729735854499084.0,415.0,77660528.0,1871338024096386.0,58094501378158.0,0,0,0
9609206,Serviços de tatuagem e colocação de piercing,Subclasse,S,96,960,96092,9609206,0,0,0,0,0,0,0,Baixa remuneração e baixo emprego,1.0,1.0,1295.0,1094.0,1163.0,5371269270636809.0,1451.0,216719785.0,1493589145416954.0,2360114910811.0,0,0,0
9609207,Alojamento de animais domésticos,Subclasse,S,96,960,96092,9609207,0,0,0,0,0,0,0,Baixa remuneração e baixo emprego,1.0,2.0,1240.0,853.0,989.0,5920533861586444.0,5530.0,9104167190000000.0,1646323180831826.0,46399544302837.0,0,0,0
9609208,Higiene e embelezamento de animais domésticos,Subclasse,S,96,960,96092,9609208,0,0,0,0,0,0,0,Baixa remuneração e alto emprego,1.0,3.0,1243.0,444.0,623.0,5911135884826606.0,25806.0,4241757729.0,1643709884910486.0,85812952079791.0,0,0,0
9609299,Outras atividades de serviços pessoais não especificadas anteriormente,Subclasse,S,96,960,96092,9609299,0,0,0,0,0,0,0,Baixa remuneração e alto emprego,1.0,3.0,1268.0,382.0,555.0,572060911848446.0,32892.0,5232229433.0,1590730096376019.0,93734055954386.0,0,0,0
9700500,Serviços domésticos,Subclasse,T,97,970,97005,9700500,0,0,0,0,0,0,0,Baixa remuneração e baixo emprego,1.0,1.0,1313.0,1061.0,1155.0,4972641355104773.0,1764.0,243915805.0,1382742658730159.0,13424088649077.0,0,0,0
9900800,,,,,,,,0,0,0,0,0,0,0,,,,,,,,,,,,0,0,0
990401,Atividades de apoio à extração de minério de ferro,Subclasse,B,09,099,09904,0990401,0,0,0,0,0,0,0,Alta remuneração e baixo emprego,4.0,1.0,154.0,1026.0,928.0,203460815903078.0,2208.0,1249206038.0,5657636041666667.0,554216653549456.0,0,0,0
990402,Atividades de apoio à extração de minerais metálicos não ferrosos,Subclasse,B,09,099,09904,0990402,0,0,0,0,0,0,0,Alta remuneração e baixo emprego,3.0,1.0,340.0,1074.0,1035.0,1390783188664427.0,1669.0,64546098.0,3867351587777112.0,301244476896.0,0,0,0
990403,Atividades de apoio à extração de minerais não metálicos,Subclasse,B,09,099,09904,0990403,0,0,0,0,0,0,0,Alta remuneração e baixo emprego,3.0,2.0,509.0,985.0,996.0,1114409477839461.0,2818.0,8732528460000001.0,3098839056068134.0,196609700959564.0,0,0,0
9999997,,,,,,,,0,0,0,0,0,0,0,,,,,,,,,,,,0,0,0
9999999,,,,,,,,0,0,0,0,0,0,0,,,,,,,,,,,,0,0,0
